Time,VehicleID,EdgeID,LaneIndex,Speed_mps,Accel_mps2,Pos_m,RouteIndex,WaitTime_s,OriginID,DestID
0,0,566,0,30.0055,0.341286,0.480087,0,0,232,680
0,1,271,0,30.0054,0.339215,0.480087,0,0,113,488
0,2,1256,0,29.9961,-0.241396,0.479938,0,0,585,597
0,3,387,0,30.0055,0.341286,0.480087,0,0,161,155
0,4,1050,0,30.0052,0.326008,0.480083,0,0,466,408
0,5,1067,0,30.0053,0.33222,0.480085,0,0,477,106
0,6,33,0,30.0055,0.341286,0.480087,0,0,18,485
0,7,847,0,30.0054,0.338871,0.480087,0,0,363,676
0,8,531,0,30.0055,0.341286,0.480087,0,0,218,532
0,9,843,0,29.9815,-1.15833,0.479703,0,0,362,483
0,10,335,0,30.0054,0.336971,0.480086,0,0,137,680
0.016,0,566,0,30.0109,0.340442,0.960262,0,0,232,680
0.016,1,271,0,30.0108,0.338375,0.96026,0,0,113,488
0.016,2,1256,0,29.9923,-0.241526,0.959815,0,0,585,597
0.016,3,387,0,30.0109,0.340442,0.960262,0,0,161,155
0.016,4,1050,0,30.0104,0.325188,0.96025,0,0,466,408
0.016,5,1067,0,30.0106,0.331391,0.960255,0,0,477,106
0.016,6,33,0,30.0109,0.340442,0.960262,0,0,18,485
0.016,7,847,0,30.0108,0.338031,0.96026,0,0,363,676
0.016,8,531,0,30.0109,0.340442,0.960262,0,0,218,532
0.016,9,843,0,29.9633,-1.13844,0.959116,0,0,362,483
0.016,10,335,0,30.0108,0.336134,0.960259,0,0,137,680
0.016,11,1233,0,30.0055,0.341286,0.480087,0,0,574,478
0.016,12,1432,0,29.9907,-0.58336,0.479851,0,0,689,578
0.016,13,3,0,30.0054,0.335236,0.480086,0,0,2,35
0.016,14,751,0,30.0054,0.337563,0.480086,0,0,319,390
0.016,15,1299,0,30.0054,0.338977,0.480087,0,0,610,578
0.016,16,56,0,30.0049,0.30927,0.480079,0,0,30,542
0.016,17,257,0,30.0055,0.341286,0.480087,0,0,107,80
0.016,18,530,0,30.0055,0.341286,0.480087,0,0,217,532
0.016,19,1154,0,30.0054,0.334984,0.480086,0,0,533,297
0.016,20,1242,0,30.0055,0.341286,0.480087,0,0,577,102
0.016,21,1140,0,30.0054,0.337571,0.480086,0,0,522,680
0.032,0,566,0,30.0163,0.339599,1.44052,0,0,232,680
0.032,1,271,0,30.0162,0.337536,1.44052,0,0,113,488
0.032,2,1256,0,29.9884,-0.241657,1.43963,0,0,585,597
0.032,3,387,0,30.0163,0.339599,1.44052,0,0,161,155
0.032,4,1050,0,30.0156,0.324369,1.4405,0,0,466,408
0.032,5,1067,0,30.0159,0.330563,1.44051,0,0,477,106
0.032,6,33,0,30.0163,0.339599,1.44052,0,0,18,485
0.032,7,847,0,30.0162,0.337193,1.44052,0,0,363,676
0.032,8,531,0,30.0163,0.339599,1.44052,0,0,218,532
0.032,9,843,0,29.9453,-1.11894,1.43824,0,0,362,483
0.032,10,335,0,30.0161,0.335299,1.44052,0,0,137,680
0.032,11,1233,0,30.0109,0.340442,0.960262,0,0,574,478
0.032,12,1432,1,29.9961,0.342727,0.959789,0,0,689,578
0.032,13,3,0,30.0107,0.334403,0.960257,0,0,2,35
0.032,14,751,0,30.0108,0.336726,0.960259,0,0,319,390
0.032,15,1299,0,30.0108,0.338137,0.96026,0,0,610,578
0.032,16,56,0,30.0099,0.308473,0.960237,0,0,30,542
0.032,17,257,0,30.0109,0.340442,0.960262,0,0,107,80
0.032,18,530,0,30.0109,0.340442,0.960262,0,0,217,532
0.032,19,1154,0,30.0107,0.334151,0.960257,0,0,533,297
0.032,20,1242,0,30.0073,0.116369,0.960205,0,0,577,102
0.032,21,1140,0,30.0108,0.336734,0.960259,0,0,522,680
0.032,22,1187,0,30.0055,0.341286,0.480087,0,0,552,296
0.032,23,75,0,30.0055,0.341286,0.480087,0,0,37,679
0.032,24,140,0,30.0054,0.336821,0.480086,0,0,63,377
0.032,25,786,0,30.0054,0.338944,0.480087,0,0,336,101
0.032,26,571,0,30.0054,0.338374,0.480087,0,0,234,476
0.032,27,330,0,30.0043,0.268426,0.480069,0,0,135,339
0.032,28,449,0,30.0054,0.338559,0.480087,0,0,187,566
0.032,29,1,0,30.0025,0.155707,0.48004,0,0,1,6
0.032,30,544,0,29.84,-10,0.47744,0,0,223,565
0.032,31,49,0,30.0051,0.316382,0.480081,0,0,28,279
0.048,0,566,0,30.0218,0.338759,1.92087,0,0,232,680
0.048,1,271,0,30.0216,0.336699,1.92087,0,0,113,488
0.048,2,1256,0,29.9845,-0.24179,1.91938,0,0,585,597
0.048,3,387,0,30.0218,0.338759,1.92087,0,0,161,155
0.048,4,1050,0,30.0208,0.323552,1.92083,0,0,466,408
0.048,5,1067,0,30.0212,0.329737,1.92085,0,0,477,106
0.048,6,33,0,30.0218,0.338759,1.92087,0,0,18,485
0.048,7,847,0,30.0216,0.336356,1.92087,0,0,363,676
0.048,8,531,0,30.0218,0.338759,1.92087,0,0,218,532
0.048,9,843,0,29.9278,-1.09981,1.91709,0,0,362,483
0.048,10,335,0,30.0215,0.334465,1.92086,0,0,137,680
0.048,11,1233,0,30.0163,0.339599,1.44052,0,0,574,478
0.048,12,1432,1,30.0016,0.341881,1.43982,0,0,689,578
0.048,13,3,0,30.0161,0.33357,1.44051,0,0,2,35
0.048,14,751,0,30.0162,0.33589,1.44052,0,0,319,390
0.048,15,1299,0,30.0162,0.337299,1.44052,0,0,610,578
0.048,16,56,0,30.0148,0.307677,1.44047,0,0,30,542
0.048,17,257,0,30.0163,0.339599,1.44052,0,0,107,80
0.048,18,530,0,30.0163,0.339599,1.44052,0,0,217,532
0.048,19,1154,0,30.016,0.333319,1.44051,0,0,533,297
0.048,20,1242,0,30.0092,0.116398,1.44035,0,0,577,102
0.048,21,1140,0,30.0162,0.335897,1.44052,0,0,522,680
0.048,22,1187,0,30.0109,0.340442,0.960262,0,0,552,296
0.048,23,75,0,30.0109,0.340442,0.960262,0,0,37,679
0.048,24,140,0,30.0108,0.335985,0.960258,0,0,63,377
0.048,25,786,0,30.0108,0.338105,0.96026,0,0,336,101
0.048,26,571,0,30.0108,0.337535,0.96026,0,0,234,476
0.048,27,330,0,30.0086,0.267776,0.960206,0,0,135,339
0.048,28,449,0,30.0108,0.33772,0.96026,0,0,187,566
0.048,29,1,0,30.005,0.155084,0.960119,0,0,1,6
0.048,30,544,0,29.68,-10,0.95232,0,0,223,565
0.048,31,49,0,30.0101,0.315575,0.960243,0,0,28,279
0.048,32,749,0,30.0054,0.337643,0.480086,0,0,318,22
0.048,33,269,0,30.0054,0.339227,0.480087,0,0,112,675
0.048,34,810,0,30.003,0.186806,0.480048,0,0,345,46
0.048,35,683,0,29.9547,-2.83102,0.479275,0,0,283,122
0.048,36,1338,0,29.926,-4.62687,0.478816,0,0,638,391
0.048,37,1124,0,30.0051,0.320671,0.480082,0,0,511,518
0.048,38,563,0,30.0003,0.0168759,0.480004,0,0,231,297
0.048,39,561,0,29.9865,-0.843433,0.479784,0,0,229,571
0.064,0,566,0,30.0272,0.33792,2.40131,0,0,232,680
0.064,1,271,0,30.027,0.335864,2.4013,0,0,113,488
0.064,2,1256,0,29.9807,-0.241924,2.39907,0,0,585,597
0.064,3,387,0,30.0272,0.33792,2.40131,0,0,161,155
0.064,4,1050,0,30.0259,0.322737,2.40125,0,0,466,408
0.064,5,1067,0,30.0264,0.328913,2.40127,0,0,477,106
0.064,6,33,0,30.0272,0.33792,2.40131,0,0,18,485
0.064,7,847,0,30.027,0.335521,2.4013,0,0,363,676
0.064,8,531,0,30.0272,0.33792,2.40131,0,0,218,532
0.064,9,843,0,29.9105,-1.08105,2.39565,0,0,362,483
0.064,10,335,0,30.0268,0.333633,2.40129,0,0,137,680
0.064,11,1233,0,30.0218,0.338759,1.92087,0,0,574,478
0.064,12,1432,1,30.0071,0.341036,1.91993,0,0,689,578
0.064,13,3,0,30.0214,0.33274,1.92086,0,0,2,35
0.064,14,751,0,30.0215,0.335055,1.92086,0,0,319,390
0.064,15,1299,0,30.0216,0.336462,1.92087,0,0,610,578
0.064,16,56,0,30.0197,0.306883,1.92079,0,0,30,542
0.064,17,257,0,30.0218,0.338759,1.92087,0,0,107,80
0.064,18,530,0,30.0218,0.338759,1.92087,0,0,217,532
0.064,19,1154,0,30.0214,0.332489,1.92086,0,0,533,297
0.064,20,1242,0,30.011,0.116424,1.92053,0,0,577,102
0.064,21,1140,0,30.0215,0.335063,1.92086,0,0,522,680
0.064,22,1187,0,30.0163,0.339599,1.44052,0,0,552,296
0.064,23,75,0,30.0163,0.339599,1.44052,0,0,37,679
0.064,24,140,0,30.0161,0.33515,1.44052,0,0,63,377
0.064,25,786,0,30.0162,0.337266,1.44052,0,0,336,101
0.064,26,571,0,30.0162,0.336698,1.44052,0,0,234,476
0.064,27,330,0,30.0129,0.267127,1.44041,0,0,135,339
0.064,28,449,0,30.0162,0.336882,1.44052,0,0,187,566
0.064,29,1,0,30.0074,0.154462,1.44024,0,0,1,6
0.064,30,544,0,29.52,-10,1.42464,0,0,223,565
0.064,31,49,0,30.0151,0.31477,1.44049,0,0,28,279
0.064,32,749,0,30.0108,0.336805,0.960259,0,0,318,22
0.064,33,269,0,30.0108,0.338386,0.96026,0,0,112,675
0.064,34,810,0,30.006,0.18615,0.960143,0,0,345,46
0.064,35,683,1,29.9578,0.192974,0.9586,0,0,283,122
0.064,36,1338,1,29.9316,0.352681,0.957721,0,0,638,391
0.064,37,1124,0,30.0102,0.319858,0.960246,0,0,511,518
0.064,38,563,0,30.0005,0.014924,0.960013,0,0,231,297
0.064,39,561,0,29.9732,-0.830763,0.959356,0,0,229,571
0.064,40,1422,0,30.0054,0.339433,0.480087,0,0,681,675
0.064,41,901,0,30.0052,0.327538,0.480084,0,0,386,126
0.064,42,993,0,29.84,-10,0.47744,0,0,430,675
0.064,43,976,0,30.0053,0.330111,0.480085,0,0,423,237
0.064,44,1428,0,30.0055,0.341286,0.480087,0,0,685,230
0.064,45,986,0,30.0055,0.341286,0.480087,0,0,427,384
0.064,46,1037,0,30.0044,0.277323,0.480071,0,0,458,667
0.064,47,898,0,30.0045,0.284194,0.480073,0,0,385,549
0.064,48,1343,0,30.0047,0.292366,0.480075,0,0,643,88
0.064,49,708,0,29.9989,-0.0697843,0.479982,0,0,296,676
0.064,50,1285,0,30.0054,0.336861,0.480086,0,0,602,558
0.08,0,566,0,30.0326,0.337082,2.88183,0,0,232,680
0.08,1,271,0,30.0324,0.33503,2.88182,0,0,113,488
0.08,2,1256,0,29.9768,-0.24206,2.8787,0,0,585,597
0.08,3,387,0,30.0326,0.337082,2.88183,0,0,161,155
0.08,4,1050,0,30.0311,0.321923,2.88175,0,0,466,408
0.08,5,1067,0,30.0317,0.32809,2.88178,0,0,477,106
0.08,6,33,0,30.0326,0.337082,2.88183,0,0,18,485
0.08,7,847,0,30.0323,0.334688,2.88181,0,0,363,676
0.08,8,531,0,30.0326,0.337082,2.88183,0,0,218,532
0.08,9,843,0,29.8935,-1.06265,2.87395,0,0,362,483
0.08,10,335,0,30.0322,0.332803,2.8818,0,0,137,680
0.08,11,1233,0,30.0272,0.33792,2.40131,0,0,574,478
0.08,12,1432,1,30.0125,0.340192,2.40013,0,0,689,578
0.08,13,3,0,30.0267,0.331911,2.40128,0,0,2,35
0.08,14,751,0,30.0269,0.334222,2.40129,0,0,319,390
0.08,15,1299,0,30.027,0.335627,2.4013,0,0,610,578
0.08,16,56,0,30.0246,0.306091,2.40118,0,0,30,542
0.08,17,257,0,30.0272,0.33792,2.40131,0,0,107,80
0.08,18,530,0,30.0272,0.33792,2.40131,0,0,217,532
0.08,19,1154,0,30.0267,0.33166,2.40128,0,0,533,297
0.08,20,1242,0,30.0129,0.11645,2.40073,0,0,577,102
0.08,21,1140,0,30.0269,0.33423,2.40129,0,0,522,680
0.08,22,1187,0,30.0218,0.338759,1.92087,0,0,552,296
0.08,23,75,0,30.0218,0.338759,1.92087,0,0,37,679
0.08,24,140,0,30.0215,0.334317,1.92086,0,0,63,377
0.08,25,786,0,30.0216,0.33643,1.92087,0,0,336,101
0.08,26,571,0,30.0216,0.335863,1.92086,0,0,234,476
0.08,27,330,0,30.0171,0.26648,1.92069,0,0,135,339
0.08,28,449,0,30.0216,0.336046,1.92086,0,0,187,566
0.08,29,1,0,30.0099,0.153842,1.9204,0,0,1,6
0.08,30,544,0,29.36,-10,1.8944,0,0,223,565
0.08,31,49,0,30.0202,0.313967,1.92081,0,0,28,279
0.08,32,749,0,30.0162,0.335969,1.44052,0,0,318,22
0.08,33,269,0,30.0162,0.337548,1.44052,0,0,112,675
0.08,34,810,0,30.0089,0.185494,1.44029,0,0,345,46
0.08,35,683,1,29.9609,0.192301,1.43797,0,0,283,122
0.08,36,1338,1,29.9372,0.351815,1.43672,0,0,638,391
0.08,37,1124,0,30.0154,0.319047,1.44049,0,0,511,518
0.08,38,563,0,30.0007,0.0130032,1.44002,0,0,231,297
0.08,39,561,0,29.9601,-0.818293,1.43872,0,0,229,571
0.08,40,1422,0,30.0108,0.338593,0.960261,0,0,681,675
0.08,41,901,0,30.0105,0.326715,0.960251,0,0,386,126
0.08,42,993,0,29.68,-10,0.95232,0,0,430,675
0.08,43,976,0,30.0105,0.329285,0.960253,0,0,423,237
0.08,44,1428,0,30.0109,0.340442,0.960262,0,0,685,230
0.08,45,986,0,30.0109,0.340442,0.960262,0,0,427,384
0.08,46,1037,0,30.0089,0.276566,0.960213,0,0,458,667
0.08,47,898,0,30.0091,0.283428,0.960218,0,0,385,549
0.08,48,1343,0,30.0093,0.291591,0.960224,0,0,643,88
0.08,49,708,0,29.9978,-0.070151,0.959946,0,0,296,676
0.08,50,1285,0,30.0108,0.336025,0.960259,0,0,602,558
0.08,51,311,0,30.0052,0.322533,0.480083,0,0,128,372
0.08,52,637,0,30.0052,0.3266,0.480084,0,0,262,206
0.08,53,988,0,30.0055,0.341286,0.480087,0,0,428,630
0.08,54,1030,0,30.0054,0.337868,0.480087,0,0,453,646
0.08,55,538,0,30.0054,0.339181,0.480087,0,0,221,486
0.08,56,1164,0,30.0049,0.305482,0.480078,0,0,537,300
0.08,57,838,0,30.0054,0.338398,0.480087,0,0,359,565
0.08,58,654,0,30.0054,0.336938,0.480086,0,0,269,106
0.096,0,566,0,30.0379,0.336246,3.36243,0,0,232,680
0.096,1,271,0,30.0377,0.334198,3.36242,0,0,113,488
0.096,2,1256,0,29.9729,-0.242197,3.35827,0,0,585,597
0.096,3,387,0,30.0379,0.336246,3.36243,0,0,161,155
0.096,4,1050,0,30.0362,0.321112,3.36233,0,0,466,408
0.096,5,1067,0,30.0369,0.327269,3.36237,0,0,477,106
0.096,6,33,0,30.0379,0.336246,3.36243,0,0,18,485
0.096,7,847,0,30.0377,0.333856,3.36242,0,0,363,676
0.096,8,531,0,30.0379,0.336246,3.36243,0,0,218,532
0.096,9,843,0,29.8767,-1.0446,3.35198,0,0,362,483
0.096,10,335,0,30.0375,0.331974,3.3624,0,0,137,680
0.096,11,1233,0,30.0326,0.337082,2.88183,0,0,574,478
0.096,12,1432,1,30.018,0.33935,2.88042,0,0,689,578
0.096,13,3,0,30.032,0.331083,2.88179,0,0,2,35
0.096,14,751,0,30.0322,0.333391,2.88181,0,0,319,390
0.096,15,1299,0,30.0323,0.334794,2.88181,0,0,610,578
0.096,16,56,0,30.0295,0.3053,2.88166,0,0,30,542
0.096,17,257,0,30.0326,0.337082,2.88183,0,0,107,80
0.096,18,530,0,30.0326,0.337082,2.88183,0,0,217,532
0.096,19,1154,0,30.032,0.330833,2.88179,0,0,533,297
0.096,20,1242,0,30.0148,0.116473,2.88097,0,0,577,102
0.096,21,1140,0,30.0322,0.333399,2.88181,0,0,522,680
0.096,22,1187,0,30.0272,0.33792,2.40131,0,0,552,296
0.096,23,75,0,30.0272,0.33792,2.40131,0,0,37,679
0.096,24,140,0,30.0268,0.333486,2.40129,0,0,63,377
0.096,25,786,0,30.027,0.335595,2.4013,0,0,336,101
0.096,26,571,0,30.0269,0.335029,2.40129,0,0,234,476
0.096,27,330,0,30.0214,0.265833,2.40103,0,0,135,339
0.096,28,449,0,30.027,0.335212,2.4013,0,0,187,566
0.096,29,1,0,30.0124,0.153222,2.40059,0,0,1,6
0.096,30,544,0,29.2,-10,2.3616,0,0,223,565
0.096,31,49,0,30.0252,0.313165,2.40121,0,0,28,279
0.096,32,749,0,30.0215,0.335134,1.92086,0,0,318,22
0.096,33,269,0,30.0216,0.33671,1.92087,0,0,112,675
0.096,34,810,0,30.0119,0.184841,1.92048,0,0,345,46
0.096,35,683,1,29.9639,0.191629,1.9174,0,0,283,122
0.096,36,1338,1,29.9429,0.350951,1.9158,0,0,638,391
0.096,37,1124,0,30.0204,0.318237,1.92082,0,0,511,518
0.096,38,563,0,30.0009,0.0111131,1.92004,0,0,231,297
0.096,39,561,0,29.9472,-0.80602,1.91787,0,0,229,571
0.096,40,1422,0,30.0163,0.337754,1.44052,0,0,681,675
0.096,41,901,0,30.0157,0.325894,1.4405,0,0,386,126
0.096,42,993,0,29.52,-10,1.42464,0,0,430,675
0.096,43,976,0,30.0158,0.32846,1.44051,0,0,423,237
0.096,44,1428,0,30.0163,0.339599,1.44052,0,0,685,230
0.096,45,986,0,30.0163,0.339599,1.44052,0,0,427,384
0.096,46,1037,0,30.0133,0.27581,1.44043,0,0,458,667
0.096,47,898,0,30.0136,0.282664,1.44044,0,0,385,549
0.096,48,1343,0,30.014,0.290816,1.44045,0,0,643,88
0.096,49,708,0,29.9966,-0.0705176,1.43989,0,0,296,676
0.096,50,1285,0,30.0161,0.33519,1.44052,0,0,602,558
0.096,51,311,0,30.0103,0.321718,0.960248,0,0,128,372
0.096,52,637,0,30.0104,0.325779,0.960251,0,0,262,206
0.096,53,988,0,30.0109,0.340442,0.960262,0,0,428,630
0.096,54,1030,0,30.0108,0.33703,0.960259,0,0,453,646
0.096,55,538,0,29.9856,-1.2378,0.959857,0,0,221,486
0.096,56,1164,0,30.0098,0.30469,0.960235,0,0,537,300
0.096,57,838,0,30.0108,0.337559,0.96026,0,0,359,565
0.096,58,654,0,30.0108,0.336102,0.960259,0,0,269,106
0.096,59,43,0,30.0041,0.256748,0.480066,0,0,24,559
0.096,60,550,0,29.9946,-0.337147,0.479914,0,0,226,578
0.096,61,542,0,30.0054,0.339198,0.480087,0,0,222,547
0.096,62,83,0,30.0055,0.341286,0.480087,0,0,40,530
0.096,63,990,0,29.9951,-0.30375,0.479922,0,0,429,486
0.096,64,1284,0,30.0055,0.341286,0.480087,0,0,601,482
0.096,65,1138,0,29.8583,-8.85483,0.477733,0,0,521,611
0.096,66,945,0,30.0044,0.275377,0.480071,0,0,405,152
0.096,67,660,0,30.0054,0.338047,0.480087,0,0,271,600
0.096,68,177,0,30.0051,0.321899,0.480082,0,0,76,117
0.112,0,566,0,30.0433,0.335412,3.84313,0,0,232,680
0.112,1,271,0,30.043,0.333367,3.84311,0,0,113,488
0.112,2,1256,0,29.969,-0.242335,3.83777,0,0,585,597
0.112,3,387,0,30.0318,-0.383194,3.84294,0,0,161,155
0.112,4,1050,0,30.0414,0.320301,3.84299,0,0,466,408
0.112,5,1067,0,30.0422,0.326449,3.84304,0,0,477,106
0.112,6,33,0,30.0433,0.335412,3.84313,0,0,18,485
0.112,7,847,0,30.043,0.333026,3.84311,0,0,363,676
0.112,8,531,0,30.0433,0.335412,3.84313,0,0,218,532
0.112,9,843,0,29.8603,-1.02688,3.82974,0,0,362,483
0.112,10,335,0,30.0428,0.331147,3.84309,0,0,137,680
0.112,11,1233,0,30.0379,0.336246,3.36243,0,0,574,478
0.112,12,1432,1,30.0234,0.33851,3.36079,0,0,689,578
0.112,13,3,0,30.0373,0.330257,3.36239,0,0,2,35
0.112,14,751,0,30.0375,0.332561,3.36241,0,0,319,390
0.112,15,1299,0,30.0377,0.333962,3.36242,0,0,610,578
0.112,16,56,0,30.0344,0.304511,3.36221,0,0,30,542
0.112,17,257,0,30.0379,0.336246,3.36243,0,0,107,80
0.112,18,530,0,30.0379,0.336246,3.36243,0,0,217,532
0.112,19,1154,0,30.0372,0.330007,3.36239,0,0,533,297
0.112,20,1242,0,30.0154,0.0419812,3.36122,0,0,577,102
0.112,21,1140,0,30.0375,0.332569,3.36241,0,0,522,680
0.112,22,1187,0,30.0326,0.337082,2.88183,0,0,552,296
0.112,23,75,0,30.0326,0.337082,2.88183,0,0,37,679
0.112,24,140,0,30.0321,0.332656,2.8818,0,0,63,377
0.112,25,786,0,30.0323,0.334762,2.88181,0,0,336,101
0.112,26,571,0,30.0323,0.334196,2.88181,0,0,234,476
0.112,27,330,0,30.0256,0.265188,2.88144,0,0,135,339
0.112,28,449,0,30.0323,0.334379,2.88181,0,0,187,566
0.112,29,1,0,30.0148,0.152605,2.88083,0,0,1,6
0.112,30,544,0,29.04,-10,2.82624,0,0,223,565
0.112,31,49,0,30.0302,0.312365,2.88169,0,0,28,279
0.112,32,749,0,30.0269,0.334301,2.40129,0,0,318,22
0.112,33,269,0,30.027,0.335875,2.4013,0,0,112,675
0.112,34,810,0,30.0148,0.184188,2.40071,0,0,345,46
0.112,35,683,1,29.967,0.190959,2.39687,0,0,283,122
0.112,36,1338,1,29.9485,0.350089,2.39498,0,0,638,391
0.112,37,1124,0,30.0255,0.31743,2.40123,0,0,511,518
0.112,38,563,0,30.001,0.00925333,2.40005,0,0,231,297
0.112,39,561,0,29.9345,-0.793939,2.39683,0,0,229,571
0.112,40,1422,0,30.0216,0.336916,1.92087,0,0,681,675
0.112,41,901,0,30.0209,0.325075,1.92084,0,0,386,126
0.112,42,993,0,29.36,-10,1.8944,0,0,430,675
0.112,43,976,0,30.021,0.327637,1.92084,0,0,423,237
0.112,44,1428,0,30.0218,0.338759,1.92087,0,0,685,230
0.112,45,986,0,30.0207,0.269301,1.92085,0,0,427,384
0.112,46,1037,0,30.0177,0.275056,1.92071,0,0,458,667
0.112,47,898,0,30.0181,0.281901,1.92073,0,0,385,549
0.112,48,1343,0,30.0186,0.290044,1.92075,0,0,643,88
0.112,49,708,0,29.9955,-0.0708837,1.91982,0,0,296,676
0.112,50,1285,0,30.0215,0.334356,1.92086,0,0,602,558
0.112,51,311,0,30.0154,0.320904,1.44049,0,0,128,372
0.112,52,637,0,30.0156,0.324959,1.4405,0,0,262,206
0.112,53,988,0,30.0163,0.339599,1.44052,0,0,428,630
0.112,54,1030,0,30.0162,0.336194,1.44052,0,0,453,646
0.112,55,538,0,29.9662,-1.21587,1.43932,0,0,221,486
0.112,56,1164,0,30.0146,0.303899,1.44047,0,0,537,300
0.112,57,838,0,30.0162,0.336722,1.44052,0,0,359,565
0.112,58,654,0,30.0161,0.335267,1.44052,0,0,269,106
0.112,59,43,0,30.0082,0.256126,0.960197,0,0,24,559
0.112,60,550,0,29.9893,-0.332949,0.959742,0,0,226,578
0.112,61,542,0,30.0108,0.338358,0.96026,0,0,222,547
0.112,62,83,0,30.0109,0.340442,0.960262,0,0,40,530
0.112,63,990,0,29.9903,-0.299966,0.959768,0,0,429,486
0.112,64,1284,0,30.0109,0.340442,0.960262,0,0,601,482
0.112,65,1138,1,29.8641,0.360481,0.955559,0,0,521,611
0.112,66,945,0,30.0088,0.274622,0.960211,0,0,405,152
0.112,67,660,0,30.0108,0.337208,0.960259,0,0,271,600
0.112,68,177,0,30.0103,0.321085,0.960247,0,0,76,117
0.112,69,428,0,30.0053,0.331994,0.480085,0,0,178,576
0.112,70,1188,0,29.84,-10,0.47744,0,0,553,488
0.112,71,1011,0,30.0045,0.280734,0.480072,0,0,440,382
0.112,72,397,0,30.0054,0.337839,0.480087,0,0,164,577
0.112,73,37,0,30.0055,0.341286,0.480087,0,0,20,488
0.112,74,562,0,29.987,-0.809462,0.479793,0,0,230,673
0.112,75,1269,0,30.0044,0.275872,0.480071,0,0,594,482
0.112,76,394,0,29.9892,-0.677315,0.479827,0,0,163,31
0.128,0,566,0,30.0487,0.33458,4.32391,0,0,232,680
0.128,1,271,0,30.0484,0.332539,4.32388,0,0,113,488
0.128,2,1256,0,29.9652,-0.242474,4.31722,0,0,585,597
0.128,3,387,0,30.0257,-0.383405,4.32335,0,0,161,155
0.128,4,1050,0,30.0465,0.319492,4.32373,0,0,466,408
0.128,5,1067,0,30.0474,0.325631,4.3238,0,0,477,106
0.128,6,33,0,30.0487,0.33458,4.32391,0,0,18,485
0.128,7,847,0,30.0483,0.332197,4.32388,0,0,363,676
0.128,8,531,0,30.0487,0.33458,4.32391,0,0,218,532
0.128,9,843,0,29.8442,-1.0095,4.30725,0,0,362,483
0.128,10,335,0,30.048,0.330322,4.32386,0,0,137,680
0.128,11,1233,0,30.0433,0.335412,3.84313,0,0,574,478
0.128,12,1432,1,30.0288,0.337671,3.84125,0,0,689,578
0.128,13,3,0,30.0425,0.329433,3.84307,0,0,2,35
0.128,14,751,0,30.0428,0.331733,3.84309,0,0,319,390
0.128,15,1299,0,30.043,0.333132,3.84311,0,0,610,578
0.128,16,56,0,30.0392,0.303723,3.84283,0,0,30,542
0.128,17,257,0,30.0433,0.335412,3.84313,0,0,107,80
0.128,18,530,0,30.0413,0.207924,3.84309,0,0,217,532
0.128,19,1154,0,30.0425,0.329184,3.84307,0,0,533,297
0.128,20,1242,0,30.0158,0.0212576,3.84147,0,0,577,102
0.128,21,1140,0,30.0428,0.331741,3.84309,0,0,522,680
0.128,22,1187,0,30.0379,0.336246,3.36243,0,0,552,296
0.128,23,75,0,30.0369,0.271039,3.36242,0,0,37,679
0.128,24,140,0,30.0374,0.331827,3.3624,0,0,63,377
0.128,25,786,0,30.0377,0.33393,3.36242,0,0,336,101
0.128,26,571,0,30.0376,0.333365,3.36241,0,0,234,476
0.128,27,330,0,30.0298,0.264544,3.36191,0,0,135,339
0.128,28,449,0,30.0376,0.333548,3.36242,0,0,187,566
0.128,29,1,0,30.0172,0.151988,3.36111,0,0,1,6
0.128,30,544,0,28.88,-10,3.28832,0,0,223,565
0.128,31,49,0,30.0352,0.311566,3.36226,0,0,28,279
0.128,32,749,0,30.0322,0.33347,2.88181,0,0,318,22
0.128,33,269,0,30.0324,0.335041,2.88182,0,0,112,675
0.128,34,810,0,30.0178,0.183538,2.881,0,0,345,46
0.128,35,683,1,29.807,-10,2.87378,0,0,283,122
0.128,36,1338,1,29.954,0.349228,2.87424,0,0,638,391
0.128,37,1124,0,30.0306,0.316623,2.88172,0,0,511,518
0.128,38,563,0,30.0012,0.00742321,2.88007,0,0,231,297
0.128,39,561,0,29.922,-0.782046,2.87558,0,0,229,571
0.128,40,1422,0,30.027,0.33608,2.4013,0,0,681,675
0.128,41,901,0,30.0261,0.324257,2.40125,0,0,386,126
0.128,42,993,0,29.2,-10,2.3616,0,0,430,675
0.128,43,976,0,30.0263,0.326816,2.40126,0,0,423,237
0.128,44,1428,0,30.0272,0.33792,2.40131,0,0,685,230
0.128,45,986,0,30.0249,0.268167,2.40125,0,0,427,384
0.128,46,1037,0,30.0221,0.274303,2.40106,0,0,458,667
0.128,47,898,0,30.0226,0.28114,2.40109,0,0,385,549
0.128,48,1343,0,30.0233,0.289273,2.40112,0,0,643,88
0.128,49,708,0,29.9944,-0.0712499,2.39973,0,0,296,676
0.128,50,1285,0,30.0268,0.333525,2.40129,0,0,602,558
0.128,51,311,0,30.0206,0.320092,1.92082,0,0,128,372
0.128,52,637,0,30.0208,0.324142,1.92083,0,0,262,206
0.128,53,988,0,30.0218,0.338759,1.92087,0,0,428,630
0.128,54,1030,0,30.0215,0.335359,1.92086,0,0,453,646
0.128,55,538,0,29.9471,-1.19438,1.91847,0,0,221,486
0.128,56,1164,0,30.0195,0.30311,1.92078,0,0,537,300
0.128,57,838,0,30.0216,0.335886,1.92086,0,0,359,565
0.128,58,654,0,30.0215,0.334434,1.92086,0,0,269,106
0.128,59,43,0,30.0123,0.255506,1.44039,0,0,24,559
0.128,60,550,0,29.984,-0.328795,1.43949,0,0,226,578
0.128,61,542,0,30.0162,0.337519,1.44052,0,0,222,547
0.128,62,83,0,30.0163,0.339599,1.44052,0,0,40,530
0.128,63,990,0,29.9856,-0.29622,1.43954,0,0,429,486
0.128,64,1284,0,30.0163,0.339599,1.44052,0,0,601,482
0.128,65,1138,1,29.8698,0.3596,1.43348,0,0,521,611
0.128,66,945,0,30.0132,0.273868,1.44042,0,0,405,152
0.128,67,660,0,30.0162,0.336371,1.44052,0,0,271,600
0.128,68,177,0,30.0154,0.320272,1.44049,0,0,76,117
0.128,69,428,0,30.0106,0.331165,0.960255,0,0,178,576
0.128,70,1188,0,29.68,-10,0.95232,0,0,553,488
0.128,71,1011,0,30.009,0.280043,0.960215,0,0,440,382
0.128,72,397,0,30.0108,0.337001,0.960259,0,0,164,577
0.128,73,37,0,30.0109,0.340442,0.960262,0,0,20,488
0.128,74,562,0,29.9741,-0.806427,0.959379,0,0,230,673
0.128,75,1269,0,30.0088,0.275167,0.960212,0,0,594,482
0.128,76,394,0,29.9785,-0.667881,0.959482,0,0,163,31
0.128,77,386,0,30.0055,0.341286,0.480087,0,0,160,483
0.128,78,1352,0,30.0052,0.323507,0.480083,0,0,645,41
0.128,79,81,0,30.0055,0.341286,0.480087,0,0,39,383
0.128,80,549,0,30.0055,0.341286,0.480087,0,0,225,548
0.144,0,566,0,30.054,0.333749,4.80477,0,0,232,680
0.144,1,271,0,30.0537,0.331711,4.80474,0,0,113,488
0.144,2,1256,0,29.9613,-0.242615,4.7966,0,0,585,597
0.144,3,387,0,30.0195,-0.383571,4.80367,0,0,161,155
0.144,4,1050,0,30.0516,0.318685,4.80456,0,0,466,408
0.144,5,1067,0,30.0526,0.324815,4.80464,0,0,477,106
0.144,6,33,0,30.054,0.333749,4.80477,0,0,18,485
0.144,7,847,0,30.0536,0.33137,4.80474,0,0,363,676
0.144,8,531,0,30.054,0.333749,4.80477,0,0,218,532
0.144,9,843,0,29.8283,-0.992436,4.7845,0,0,362,483
0.144,10,335,0,30.0533,0.329498,4.80471,0,0,137,680
0.144,11,1233,0,30.0487,0.33458,4.32391,0,0,574,478
0.144,12,1432,1,30.0342,0.336834,4.3218,0,0,689,578
0.144,13,3,0,30.0478,0.328611,4.32384,0,0,2,35
0.144,14,751,0,30.0481,0.330907,4.32386,0,0,319,390
0.144,15,1299,0,30.0483,0.332303,4.32388,0,0,610,578
0.144,16,56,0,30.0441,0.302937,4.32354,0,0,30,542
0.144,17,257,0,30.0487,0.33458,4.32391,0,0,107,80
0.144,18,530,0,30.0446,0.207495,4.32381,0,0,217,532
0.144,19,1154,0,30.0478,0.328361,4.32383,0,0,533,297
0.144,20,1242,0,30.0158,-7.31125e-05,4.32172,0,0,577,102
0.144,21,1140,0,30.0481,0.330915,4.32386,0,0,522,680
0.144,22,1187,0,30.0433,0.335412,3.84313,0,0,552,296
0.144,23,75,0,30.0412,0.270379,3.84308,0,0,37,679
0.144,24,140,0,30.0427,0.331,3.84309,0,0,63,377
0.144,25,786,0,30.043,0.3331,3.84311,0,0,336,101
0.144,26,571,0,30.0429,0.332536,3.8431,0,0,234,476
0.144,27,330,0,30.0341,0.263902,3.84246,0,0,135,339
0.144,28,449,0,30.043,0.332718,3.8431,0,0,187,566
0.144,29,1,0,30.0197,0.151372,3.84142,0,0,1,6
0.144,30,544,0,28.72,-10,3.74784,0,0,223,565
0.144,31,49,0,30.0401,0.310769,3.8429,0,0,28,279
0.144,32,749,0,30.0375,0.332641,3.36241,0,0,318,22
0.144,33,269,0,30.0377,0.334208,3.36242,0,0,112,675
0.144,34,810,0,30.0207,0.182888,3.36133,0,0,345,46
0.144,35,683,2,29.8105,0.21767,3.35075,0,0,283,122
0.144,36,1338,1,29.9596,0.348369,3.3536,0,0,638,391
0.144,37,1124,0,30.0356,0.315819,3.36229,0,0,511,518
0.144,38,563,0,30.0013,0.00562314,3.36009,0,0,231,297
0.144,39,561,0,29.9097,-0.770339,3.35413,0,0,229,571
0.144,40,1422,0,30.0324,0.335246,2.88182,0,0,681,675
0.144,41,901,0,30.0312,0.323441,2.88175,0,0,386,126
0.144,42,993,0,29.04,-10,2.82624,0,0,430,675
0.144,43,976,0,30.0315,0.325996,2.88177,0,0,423,237
0.144,44,1428,0,30.0326,0.337082,2.88183,0,0,685,230
0.144,45,986,0,30.0292,0.26704,2.88172,0,0,427,384
0.144,46,1037,0,30.0264,0.273552,2.88148,0,0,458,667
0.144,47,898,0,30.0271,0.280381,2.88152,0,0,385,549
0.144,48,1343,0,30.0279,0.288503,2.88157,0,0,643,88
0.144,49,708,0,29.9932,-0.071616,2.87962,0,0,296,676
0.144,50,1285,0,30.0321,0.332694,2.8818,0,0,602,558
0.144,51,311,0,30.0257,0.319281,2.40123,0,0,128,372
0.144,52,637,0,30.026,0.323325,2.40125,0,0,262,206
0.144,53,988,0,30.0272,0.33792,2.40131,0,0,428,630
0.144,54,1030,0,30.0269,0.334526,2.40129,0,0,453,646
0.144,55,538,0,29.9283,-1.17333,2.39732,0,0,221,486
0.144,56,1164,0,30.0243,0.302322,2.40117,0,0,537,300
0.144,57,838,0,30.0269,0.335051,2.4013,0,0,359,565
0.144,58,654,0,30.0268,0.333602,2.40129,0,0,269,106
0.144,59,43,0,30.0164,0.254888,1.92066,0,0,24,559
0.144,60,550,0,29.9788,-0.324683,1.91915,0,0,226,578
0.144,61,542,0,30.0216,0.336683,1.92087,0,0,222,547
0.144,62,83,0,30.0218,0.338759,1.92087,0,0,40,530
0.144,63,990,0,29.9809,-0.292511,1.91923,0,0,429,486
0.144,64,1284,0,30.0218,0.338759,1.92087,0,0,601,482
0.144,65,1138,1,29.8756,0.358721,1.91149,0,0,521,611
0.144,66,945,0,30.0176,0.273117,1.9207,0,0,405,152
0.144,67,660,0,30.0216,0.335536,1.92086,0,0,271,600
0.144,68,177,0,30.0205,0.319461,1.92082,0,0,76,117
0.144,69,428,0,30.0159,0.330337,1.44051,0,0,178,576
0.144,70,1188,0,29.52,-10,1.42464,0,0,553,488
0.144,71,1011,0,30.0134,0.279354,1.44043,0,0,440,382
0.144,72,397,0,30.0162,0.336164,1.44052,0,0,164,577
0.144,73,37,0,30.0163,0.339599,1.44052,0,0,20,488
0.144,74,562,0,29.9613,-0.803336,1.43876,0,0,230,673
0.144,75,1269,0,30.0132,0.274464,1.44042,0,0,594,482
0.144,76,394,0,29.9679,-0.658577,1.43897,0,0,163,31
0.144,77,386,0,30.0109,0.340442,0.960262,0,0,160,483
0.144,78,1352,0,30.0103,0.322691,0.960248,0,0,645,41
0.144,79,81,0,30.0109,0.340442,0.960262,0,0,39,383
0.144,80,549,0,30.0109,0.340442,0.960262,0,0,225,548
0.144,81,1102,0,30.0053,0.332052,0.480085,0,0,500,285
0.144,82,661,0,30.0053,0.331255,0.480085,0,0,272,599
0.144,83,625,0,30.0054,0.33576,0.480086,0,0,255,572
0.16,0,566,0,30.0593,0.332919,5.28572,0,0,232,680
0.16,1,271,0,30.059,0.330885,5.28568,0,0,113,488
0.16,2,1256,0,29.9574,-0.242757,5.27591,0,0,585,597
0.16,3,387,0,30.0134,-0.383692,5.28388,0,0,161,155
0.16,4,1050,0,30.0567,0.317879,5.28546,0,0,466,408
0.16,5,1067,0,30.0577,0.324,5.28557,0,0,477,106
0.16,6,33,0,30.0593,0.332919,5.28572,0,0,18,485
0.16,7,847,0,30.0532,-0.0261551,5.28559,0,0,363,676
0.16,8,531,0,30.0593,0.332919,5.28572,0,0,218,532
0.16,9,843,0,29.8127,-0.975691,5.2615,0,0,362,483
0.16,10,335,0,30.0586,0.328676,5.28565,0,0,137,680
0.16,11,1233,0,30.054,0.333749,4.80477,0,0,574,478
0.16,12,1432,1,30.0395,0.335999,4.80243,0,0,689,578
0.16,13,3,0,30.053,0.32779,4.80469,0,0,2,35
0.16,14,751,0,30.0468,-0.0848265,4.80461,0,0,319,390
0.16,15,1299,0,30.0536,0.331476,4.80474,0,0,610,578
0.16,16,56,0,30.0489,0.302153,4.80432,0,0,30,542
0.16,17,257,0,30.054,0.333749,4.80477,0,0,107,80
0.16,18,530,0,30.0479,0.207066,4.80457,0,0,217,532
0.16,19,1154,0,30.053,0.327541,4.80468,0,0,533,297
0.16,20,1242,0,30.0154,-0.0220058,4.80197,0,0,577,102
0.16,21,1140,0,30.0534,0.33009,4.80472,0,0,522,680
0.16,22,1187,0,30.0487,0.33458,4.32391,0,0,552,296
0.16,23,75,0,30.0455,0.26972,4.32381,0,0,37,679
0.16,24,140,0,30.048,0.330175,4.32385,0,0,63,377
0.16,25,786,0,30.0483,0.332271,4.32388,0,0,336,101
0.16,26,571,0,30.0482,0.331709,4.32387,0,0,234,476
0.16,27,330,0,30.0383,0.263261,4.32307,0,0,135,339
0.16,28,449,0,30.0483,0.33189,4.32387,0,0,187,566
0.16,29,1,0,30.0221,0.150758,4.32177,0,0,1,6
0.16,30,544,0,28.56,-10,4.2048,0,0,223,565
0.16,31,49,0,30.0451,0.309973,4.32362,0,0,28,279
0.16,32,749,0,30.0428,0.331813,3.84309,0,0,318,22
0.16,33,269,0,30.0431,0.333378,3.84311,0,0,112,675
0.16,34,810,0,30.0236,0.18224,3.84171,0,0,345,46
0.16,35,683,2,29.8139,0.216939,3.82777,0,0,283,122
0.16,36,1338,1,29.9652,0.347511,3.83304,0,0,638,391
0.16,37,1124,0,30.0407,0.315016,3.84294,0,0,511,518
0.16,38,563,0,30.0013,0.00385235,3.84011,0,0,231,297
0.16,39,561,0,29.8975,-0.758812,3.83249,0,0,229,571
0.16,40,1422,0,30.0377,0.334414,3.36242,0,0,681,675
0.16,41,901,0,30.0364,0.322627,3.36234,0,0,386,126
0.16,42,993,0,28.88,-10,3.28832,0,0,430,675
0.16,43,976,0,30.0367,0.325178,3.36235,0,0,423,237
0.16,44,1428,0,30.0379,0.336246,3.36243,0,0,685,230
0.16,45,986,0,30.0335,0.265918,3.36226,0,0,427,384
0.16,46,1037,0,30.0308,0.272802,3.36198,0,0,458,667
0.16,47,898,0,30.0316,0.279623,3.36203,0,0,385,549
0.16,48,1343,0,30.0325,0.287736,3.36208,0,0,643,88
0.16,49,708,0,29.9921,-0.0719822,3.35949,0,0,296,676
0.16,50,1285,0,30.0375,0.331866,3.3624,0,0,602,558
0.16,51,311,0,30.0308,0.318473,2.88173,0,0,128,372
0.16,52,637,0,30.0312,0.322511,2.88175,0,0,262,206
0.16,53,988,0,30.0326,0.337082,2.88183,0,0,428,630
0.16,54,1030,0,30.0322,0.333694,2.88181,0,0,453,646
0.16,55,538,0,29.9098,-1.15269,2.87588,0,0,221,486
0.16,56,1164,0,30.0291,0.301536,2.88164,0,0,537,300
0.16,57,838,0,30.0323,0.334219,2.88181,0,0,359,565
0.16,58,654,0,30.0321,0.332772,2.8818,0,0,269,106
0.16,59,43,0,30.0204,0.25427,2.40098,0,0,24,559
0.16,60,550,0,29.9737,-0.320612,2.39873,0,0,226,578
0.16,61,542,0,30.027,0.335847,2.4013,0,0,222,547
0.16,62,83,0,30.0272,0.33792,2.40131,0,0,40,530
0.16,63,990,0,29.9763,-0.288838,2.39885,0,0,429,486
0.16,64,1284,0,30.0272,0.33792,2.40131,0,0,601,482
0.16,65,1138,1,29.8813,0.357843,2.38959,0,0,521,611
0.16,66,945,0,30.0219,0.272366,2.40105,0,0,405,152
0.16,67,660,0,30.0269,0.334702,2.40129,0,0,271,600
0.16,68,177,0,30.0256,0.318651,2.40123,0,0,76,117
0.16,69,428,0,30.0212,0.329511,1.92085,0,0,178,576
0.16,70,1188,0,29.36,-10,1.8944,0,0,553,488
0.16,71,1011,0,30.0179,0.278666,1.92072,0,0,440,382
0.16,72,397,0,30.0215,0.33533,1.92086,0,0,164,577
0.16,73,37,0,30.0218,0.338759,1.92087,0,0,20,488
0.16,74,562,0,29.9485,-0.800192,1.91794,0,0,230,673
0.16,75,1269,0,30.0176,0.273762,1.9207,0,0,594,482
0.16,76,394,0,29.9433,-1.5422,1.91806,0,0,163,31
0.16,77,386,0,30.0163,0.339599,1.44052,0,0,160,483
0.16,78,1352,0,30.0155,0.321876,1.4405,0,0,645,41
0.16,79,81,0,30.0163,0.339599,1.44052,0,0,39,383
0.16,80,549,0,30.0163,0.339599,1.44052,0,0,225,548
0.16,81,1102,0,30.0106,0.331223,0.960255,0,0,500,285
0.16,82,661,0,30.0106,0.330427,0.960254,0,0,272,599
0.16,83,625,0,30.0107,0.334926,0.960258,0,0,255,572
0.16,84,784,0,29.9996,-0.0250169,0.479994,0,0,335,630
0.16,85,1423,0,30.0054,0.338688,0.480087,0,0,682,599
0.16,86,1261,0,30.0052,0.327658,0.480084,0,0,587,22
0.16,87,365,0,30.0053,0.332086,0.480085,0,0,151,369
0.16,88,790,0,30.0054,0.337446,0.480086,0,0,337,155
0.16,89,981,0,29.84,-10,0.47744,0,0,426,148
0.16,90,695,0,30.0054,0.337606,0.480086,0,0,290,515
0.16,91,848,0,30.0054,0.339287,0.480087,0,0,364,3
0.176,0,566,0,30.0646,0.332092,5.76675,0,0,232,680
0.176,1,271,0,30.0642,0.330061,5.76671,0,0,113,488
0.176,2,1256,0,29.9535,-0.242901,5.75517,0,0,585,597
0.176,3,387,0,30.0072,-0.388124,5.764,0,0,161,155
0.176,4,1050,0,30.0617,0.317075,5.76645,0,0,466,408
0.176,5,1067,0,30.0629,0.323187,5.76657,0,0,477,106
0.176,6,33,0,30.0646,0.332092,5.76675,0,0,18,485
0.176,7,847,1,30.0585,0.33061,5.76652,0,0,363,676
0.176,8,531,0,30.0646,0.332092,5.76675,0,0,218,532
0.176,9,843,0,29.7973,-0.962667,5.73826,0,0,362,483
0.176,10,335,0,30.0638,0.327855,5.76667,0,0,137,680
0.176,11,1233,0,30.0593,0.332919,5.28572,0,0,574,478
0.176,12,1432,1,30.0449,0.335165,5.28315,0,0,689,578
0.176,13,3,0,30.0583,0.32697,5.28562,0,0,2,35
0.176,14,751,0,30.0454,-0.0833948,5.28534,0,0,319,390
0.176,15,1299,0,30.0589,0.330651,5.28568,0,0,610,578
0.176,16,56,0,30.0537,0.30137,5.28518,0,0,30,542
0.176,17,257,0,30.0593,0.332919,5.28572,0,0,107,80
0.176,18,530,0,30.0512,0.206639,5.28539,0,0,217,532
0.176,19,1154,0,30.0582,0.326722,5.28561,0,0,533,297
0.176,20,1242,0,30.0147,-0.0445346,5.28221,0,0,577,102
0.176,21,1140,0,30.0587,0.329267,5.28566,0,0,522,680
0.176,22,1187,0,30.054,0.333749,4.80477,0,0,552,296
0.176,23,75,0,30.0498,0.269063,4.8046,0,0,37,679
0.176,24,140,0,30.0533,0.329352,4.80471,0,0,63,377
0.176,25,786,0,30.0536,0.331444,4.80474,0,0,336,101
0.176,26,571,0,30.0535,0.330883,4.80473,0,0,234,476
0.176,27,330,0,30.0425,0.262621,4.80375,0,0,135,339
0.176,28,449,0,30.0536,0.331064,4.80473,0,0,187,566
0.176,29,1,0,30.0245,0.150145,4.80217,0,0,1,6
0.176,30,544,0,28.4,-10,4.6592,0,0,223,565
0.176,31,49,0,30.05,0.309179,4.80442,0,0,28,279
0.176,32,749,0,30.0481,0.330986,4.32386,0,0,318,22
0.176,33,269,0,30.0484,0.332548,4.32388,0,0,112,675
0.176,34,810,0,30.0265,0.181593,4.32213,0,0,345,46
0.176,35,683,2,29.8174,0.21621,4.30485,0,0,283,122
0.176,36,1338,1,29.9707,0.346656,4.31257,0,0,638,391
0.176,37,1124,0,30.0457,0.314214,4.32367,0,0,511,518
0.176,38,563,0,30.0013,0.00211072,4.32014,0,0,231,297
0.176,39,561,0,29.8856,-0.747463,4.31066,0,0,229,571
0.176,40,1422,0,30.0431,0.333583,3.84311,0,0,681,675
0.176,41,901,0,30.0416,0.321815,3.843,0,0,386,126
0.176,42,993,0,28.72,-10,3.74784,0,0,430,675
0.176,43,976,0,30.0419,0.324362,3.84302,0,0,423,237
0.176,44,1428,0,29.8779,-10,3.84048,0,0,685,230
0.176,45,986,0,30.0377,0.264374,3.84286,0,0,427,384
0.176,46,1037,0,30.0352,0.272054,3.84254,0,0,458,667
0.176,47,898,0,30.036,0.278867,3.8426,0,0,385,549
0.176,48,1343,0,30.0371,0.286969,3.84268,0,0,643,88
0.176,49,708,0,29.9909,-0.0723483,3.83935,0,0,296,676
0.176,50,1285,0,30.0427,0.331039,3.84309,0,0,602,558
0.176,51,311,0,30.0359,0.317665,3.3623,0,0,128,372
0.176,52,637,0,30.0363,0.321698,3.36233,0,0,262,206
0.176,53,988,0,30.0379,0.336246,3.36243,0,0,428,630
0.176,54,1030,0,30.0376,0.332864,3.36241,0,0,453,646
0.176,55,538,0,29.8917,-1.13247,3.35415,0,0,221,486
0.176,56,1164,0,30.0339,0.300752,3.36218,0,0,537,300
0.176,57,838,0,30.0376,0.333388,3.36241,0,0,359,565
0.176,58,654,0,30.0375,0.331944,3.3624,0,0,269,106
0.176,59,43,0,30.0245,0.253654,2.88137,0,0,24,559
0.176,60,550,0,29.9686,-0.316584,2.87823,0,0,226,578
0.176,61,542,0,30.0324,0.335014,2.88182,0,0,222,547
0.176,62,83,0,30.0326,0.337082,2.88183,0,0,40,530
0.176,63,990,0,29.9717,-0.285202,2.8784,0,0,429,486
0.176,64,1284,0,30.0326,0.337082,2.88183,0,0,601,482
0.176,65,1138,1,29.887,0.356967,2.86778,0,0,521,611
0.176,66,945,0,30.0263,0.271617,2.88147,0,0,405,152
0.176,67,660,0,30.0323,0.33387,2.88181,0,0,271,600
0.176,68,177,0,30.0307,0.317843,2.88172,0,0,76,117
0.176,69,428,0,30.0264,0.328687,2.40127,0,0,178,576
0.176,70,1188,0,29.2,-10,2.3616,0,0,553,488
0.176,71,1011,0,30.0223,0.27798,2.40107,0,0,440,382
0.176,72,397,0,30.0269,0.334496,2.40129,0,0,164,577
0.176,73,37,0,30.0272,0.33792,2.40131,0,0,20,488
0.176,74,562,0,29.9357,-0.796998,2.39691,0,0,230,673
0.176,75,1269,0,30.022,0.273062,2.40106,0,0,594,482
0.176,76,394,0,29.9169,-1.64648,2.39673,0,0,163,31
0.176,77,386,0,30.0218,0.338759,1.92087,0,0,160,483
0.176,78,1352,0,30.0206,0.321062,1.92083,0,0,645,41
0.176,79,81,0,30.0218,0.338759,1.92087,0,0,39,383
0.176,80,549,0,30.0218,0.338759,1.92087,0,0,225,548
0.176,81,1102,0,30.0159,0.330395,1.44051,0,0,500,285
0.176,82,661,0,30.0159,0.3296,1.44051,0,0,272,599
0.176,83,625,0,30.0161,0.334092,1.44052,0,0,255,572
0.176,84,784,0,29.9992,-0.0240411,0.959981,0,0,335,630
0.176,85,1423,0,30.0108,0.337848,0.96026,0,0,682,599
0.176,86,1261,0,30.0105,0.326835,0.960252,0,0,587,22
0.176,87,365,0,30.0106,0.331257,0.960255,0,0,151,369
0.176,88,790,0,30.0108,0.336609,0.960259,0,0,337,155
0.176,89,981,0,29.68,-10,0.95232,0,0,426,148
0.176,90,695,0,30.0108,0.336768,0.960259,0,0,290,515
0.176,91,848,0,30.0108,0.338446,0.96026,0,0,364,3
0.176,92,596,0,30.0036,0.227429,0.480058,0,0,244,192
0.176,93,647,0,30.0051,0.320223,0.480082,0,0,265,64
0.176,94,537,0,30.0054,0.338945,0.480087,0,0,220,299
0.176,95,1274,0,30.0027,0.167478,0.480043,0,0,595,391
0.176,96,830,0,30.0054,0.336785,0.480086,0,0,354,18
0.176,97,331,0,29.84,-10,0.47744,0,0,136,631
0.176,98,1246,0,30.0054,0.338703,0.480087,0,0,579,591
0.192,0,566,0,30.0699,0.331266,6.24787,0,0,232,680
0.192,1,271,0,30.0666,0.14571,6.24778,0,0,113,488
0.192,2,1256,0,29.9496,-0.243046,6.23436,0,0,585,597
0.192,3,387,0,30.0009,-0.393057,6.24401,0,0,161,155
0.192,4,1050,0,30.0668,0.316272,6.24752,0,0,466,408
0.192,5,1067,0,30.0681,0.322375,6.24766,0,0,477,106
0.192,6,33,0,30.0699,0.331266,6.24787,0,0,18,485
0.192,7,847,1,30.0638,0.329786,6.24754,0,0,363,676
0.192,8,531,0,30.0699,0.331266,6.24787,0,0,218,532
0.192,9,843,0,29.8011,0.237776,6.21508,0,0,362,483
0.192,10,335,0,30.0691,0.327037,6.24777,0,0,137,680
0.192,11,1233,0,30.0646,0.332092,5.76675,0,0,574,478
0.192,12,1432,1,30.0503,0.334333,5.76395,0,0,689,578
0.192,13,3,0,30.0635,0.326152,5.76663,0,0,2,35
0.192,14,751,0,30.0441,-0.0819745,5.76605,0,0,319,390
0.192,15,1299,0,30.0642,0.329827,5.76671,0,0,610,578
0.192,16,56,0,30.0585,0.300588,5.76612,0,0,30,542
0.192,17,257,0,30.0646,0.332092,5.76675,0,0,107,80
0.192,18,530,0,30.0545,0.206212,5.76627,0,0,217,532
0.192,19,1154,0,30.0634,0.325904,5.76663,0,0,533,297
0.192,20,1242,0,30.0136,-0.0676544,5.76242,0,0,577,102
0.192,21,1140,0,30.0639,0.328446,5.76668,0,0,522,680
0.192,22,1187,0,30.0593,0.332919,5.28572,0,0,552,296
0.192,23,75,0,30.0541,0.268408,5.28547,0,0,37,679
0.192,24,140,0,30.0585,0.32853,5.28564,0,0,63,377
0.192,25,786,0,30.0589,0.330619,5.28568,0,0,336,101
0.192,26,571,0,30.0588,0.330058,5.28567,0,0,234,476
0.192,27,330,0,30.0467,0.261982,5.2845,0,0,135,339
0.192,28,449,0,30.0589,0.330239,5.28567,0,0,187,566
0.192,29,1,0,30.0269,0.149533,5.2826,0,0,1,6
0.192,30,544,0,28.24,-10,5.11104,0,0,223,565
0.192,31,49,0,30.055,0.308387,5.2853,0,0,28,279
0.192,32,749,0,30.0534,0.330162,4.80472,0,0,318,22
0.192,33,269,0,30.0537,0.331721,4.80474,0,0,112,675
0.192,34,810,0,30.0294,0.180948,4.8026,0,0,345,46
0.192,35,683,2,29.8209,0.215482,4.78198,0,0,283,122
0.192,36,1338,1,29.9763,0.345801,4.79219,0,0,638,391
0.192,37,1124,0,30.0507,0.313414,4.80448,0,0,511,518
0.192,38,563,0,30.0014,0.000397414,4.80016,0,0,231,297
0.192,39,561,0,29.8738,-0.736288,4.78864,0,0,229,571
0.192,40,1422,0,30.0484,0.332754,4.32388,0,0,681,675
0.192,41,901,0,30.0467,0.321003,4.32375,0,0,386,126
0.192,42,993,0,28.56,-10,4.2048,0,0,430,675
0.192,43,976,0,30.0471,0.323547,4.32378,0,0,423,237
0.192,44,1428,0,29.7179,-10,4.31597,0,0,685,230
0.192,45,986,0,30.0419,0.262779,4.32353,0,0,427,384
0.192,46,1037,0,30.0395,0.271308,4.32317,0,0,458,667
0.192,47,898,0,30.0405,0.278112,4.32325,0,0,385,549
0.192,48,1343,0,30.0417,0.286205,4.32334,0,0,643,88
0.192,49,708,0,29.9897,-0.0727145,4.31918,0,0,296,676
0.192,50,1285,0,30.048,0.330214,4.32386,0,0,602,558
0.192,51,311,0,30.0409,0.31686,3.84296,0,0,128,372
0.192,52,637,0,30.0414,0.320887,3.84299,0,0,262,206
0.192,53,988,0,30.0433,0.335412,3.84313,0,0,428,630
0.192,54,1030,0,30.0429,0.332036,3.8431,0,0,453,646
0.192,55,538,0,29.8739,-1.11265,3.83213,0,0,221,486
0.192,56,1164,0,30.0387,0.29997,3.8428,0,0,537,300
0.192,57,838,0,30.0429,0.332559,3.8431,0,0,359,565
0.192,58,654,0,30.0428,0.331116,3.84309,0,0,269,106
0.192,59,43,0,30.0285,0.253039,3.36183,0,0,24,559
0.192,60,550,0,29.9636,-0.312597,3.35764,0,0,226,578
0.192,61,542,0,30.0344,0.127293,3.36237,0,0,222,547
0.192,62,83,0,30.0379,0.336246,3.36243,0,0,40,530
0.192,63,990,0,29.9672,-0.281602,3.35788,0,0,429,486
0.192,64,1284,0,30.037,0.279151,3.36242,0,0,601,482
0.192,65,1138,1,29.8927,0.356093,3.34606,0,0,521,611
0.192,66,945,0,30.0306,0.27087,3.36196,0,0,405,152
0.192,67,660,0,30.0376,0.33304,3.36241,0,0,271,600
0.192,68,177,0,30.0358,0.317037,3.3623,0,0,76,117
0.192,69,428,0,30.0317,0.327865,2.88178,0,0,178,576
0.192,70,1188,0,29.04,-10,2.82624,0,0,553,488
0.192,71,1011,0,30.0268,0.277295,2.8815,0,0,440,382
0.192,72,397,0,30.0322,0.333665,2.88181,0,0,164,577
0.192,73,37,0,30.0326,0.337082,2.88183,0,0,20,488
0.192,74,562,0,29.923,-0.793756,2.87568,0,0,230,673
0.192,75,1269,0,30.0237,0.111005,2.88144,0,0,594,482
0.192,76,394,0,29.8889,-1.75191,2.87495,0,0,163,31
0.192,77,386,0,30.0272,0.33792,2.40131,0,0,160,483
0.192,78,1352,0,30.0257,0.32025,2.40124,0,0,645,41
0.192,79,81,0,30.0272,0.33792,2.40131,0,0,39,383
0.192,80,549,0,30.0272,0.33792,2.40131,0,0,225,548
0.192,81,1102,0,30.0212,0.329569,1.92085,0,0,500,285
0.192,82,661,0,30.0211,0.328776,1.92085,0,0,272,599
0.192,83,625,0,30.0214,0.33326,1.92086,0,0,255,572
0.192,84,784,0,29.9988,-0.0230728,1.43996,0,0,335,630
0.192,85,1423,0,30.0162,0.337011,1.44052,0,0,682,599
0.192,86,1261,0,30.0157,0.326014,1.4405,0,0,587,22
0.192,87,365,0,30.0159,0.330429,1.44051,0,0,151,369
0.192,88,790,0,30.0162,0.335773,1.44052,0,0,337,155
0.192,89,981,0,29.52,-10,1.42464,0,0,426,148
0.192,90,695,0,30.0162,0.335932,1.44052,0,0,290,515
0.192,91,848,0,30.0162,0.337608,1.44052,0,0,364,3
0.192,92,596,0,30.0073,0.226923,0.960175,0,0,244,192
0.192,93,647,0,30.0102,0.319411,0.960246,0,0,265,64
0.192,94,537,0,30.0108,0.338105,0.96026,0,0,220,299
0.192,95,1274,0,30.0052,0.154785,0.960125,0,0,595,391
0.192,96,830,0,30.0108,0.335949,0.960258,0,0,354,18
0.192,97,331,0,29.68,-10,0.95232,0,0,136,631
0.192,98,1246,0,30.0108,0.337864,0.96026,0,0,579,591
0.192,99,579,0,30.0054,0.339104,0.480087,0,0,238,3
0.192,100,975,0,30.0054,0.336008,0.480086,0,0,422,683
0.192,101,1170,0,30.0054,0.336574,0.480086,0,0,541,142
0.192,102,1385,0,30.0049,0.304332,0.480078,0,0,660,365
0.192,103,1268,0,30.0054,0.338272,0.480087,0,0,593,101
0.192,104,547,0,30.0045,0.279585,0.480072,0,0,224,296
0.192,105,1046,0,30,0.00280503,0.480001,0,0,464,296
0.208,0,566,0,30.0752,0.330441,6.72908,0,0,232,680
0.208,1,271,0,30.0689,0.145484,6.72888,0,0,113,488
0.208,2,1256,0,29.9457,-0.243192,6.7135,0,0,585,597
0.208,3,387,0,29.9945,-0.398498,6.72392,0,0,161,155
0.208,4,1050,0,30.0718,0.315472,6.72867,0,0,466,408
0.208,5,1067,0,30.0732,0.321565,6.72883,0,0,477,106
0.208,6,33,0,30.0752,0.330441,6.72908,0,0,18,485
0.208,7,847,1,30.069,0.328964,6.72865,0,0,363,676
0.208,8,531,0,30.0752,0.330441,6.72908,0,0,218,532
0.208,9,843,0,29.8049,0.237269,6.69195,0,0,362,483
0.208,10,335,0,30.0743,0.326219,6.72896,0,0,137,680
0.208,11,1233,0,30.0699,0.331266,6.24787,0,0,574,478
0.208,12,1432,1,30.0556,0.333503,6.24484,0,0,689,578
0.208,13,3,0,30.0687,0.325336,6.24773,0,0,2,35
0.208,14,751,0,30.0428,-0.0805656,6.24673,0,0,319,390
0.208,15,1299,0,30.0695,0.329005,6.24782,0,0,610,578
0.208,16,56,0,30.0633,0.299809,6.24713,0,0,30,542
0.208,17,257,0,30.0699,0.331266,6.24787,0,0,107,80
0.208,18,530,0,30.0578,0.205785,6.24719,0,0,217,532
0.208,19,1154,0,30.0686,0.325089,6.24773,0,0,533,297
0.208,20,1242,0,30.0122,-0.091359,6.24262,0,0,577,102
0.208,21,1140,0,30.0692,0.327626,6.24779,0,0,522,680
0.208,22,1187,0,30.0646,0.332092,5.76675,0,0,552,296
0.208,23,75,0,30.0584,0.267753,5.76641,0,0,37,679
0.208,24,140,0,30.0638,0.32771,5.76666,0,0,63,377
0.208,25,786,0,30.0642,0.329796,5.76671,0,0,336,101
0.208,26,571,0,30.0641,0.329235,5.7667,0,0,234,476
0.208,27,330,0,30.0509,0.261345,5.76531,0,0,135,339
0.208,28,449,0,30.0641,0.329417,5.7667,0,0,187,566
0.208,29,1,0,30.0292,0.148923,5.76306,0,0,1,6
0.208,30,544,0,28.08,-10,5.56032,0,0,223,565
0.208,31,49,0,30.0599,0.307596,5.76626,0,0,28,279
0.208,32,749,0,30.0587,0.329338,5.28566,0,0,318,22
0.208,33,269,0,30.059,0.330895,5.28569,0,0,112,675
0.208,34,810,0,30.0323,0.180303,5.28312,0,0,345,46
0.208,35,683,2,29.8243,0.214756,5.25917,0,0,283,122
0.208,36,1338,1,29.9818,0.344949,5.2719,0,0,638,391
0.208,37,1124,0,30.0557,0.312616,5.28537,0,0,511,518
0.208,38,563,0,30.0013,-0.0012869,5.28018,0,0,231,297
0.208,39,561,0,29.8622,-0.725285,5.26644,0,0,229,571
0.208,40,1422,0,30.0537,0.331926,4.80474,0,0,681,675
0.208,41,901,0,30.0518,0.320194,4.80458,0,0,386,126
0.208,42,993,0,28.416,-8.9984,4.65946,0,0,430,675
0.208,43,976,0,30.0522,0.322733,4.80461,0,0,423,237
0.208,44,1428,0,29.5579,-10,4.7889,0,0,685,230
0.208,45,986,0,30.0461,0.26113,4.80427,0,0,427,384
0.208,46,1037,0,30.0438,0.270563,4.80387,0,0,458,667
0.208,47,898,0,30.0449,0.277359,4.80397,0,0,385,549
0.208,48,1343,0,30.0462,0.285442,4.80408,0,0,643,88
0.208,49,708,0,29.9886,-0.0730804,4.799,0,0,296,676
0.208,50,1285,0,30.0533,0.32939,4.80471,0,0,602,558
0.208,51,311,0,30.046,0.316056,4.32369,0,0,128,372
0.208,52,637,0,30.0466,0.320077,4.32374,0,0,262,206
0.208,53,988,0,30.0487,0.33458,4.32391,0,0,428,630
0.208,54,1030,0,30.0482,0.331209,4.32387,0,0,453,646
0.208,55,538,0,29.8564,-1.09534,4.30983,0,0,221,486
0.208,56,1164,0,30.0435,0.299189,4.32349,0,0,537,300
0.208,57,838,0,30.0483,0.331731,4.32387,0,0,359,565
0.208,58,654,0,30.048,0.330291,4.32386,0,0,269,106
0.208,59,43,0,30.0326,0.252425,3.84235,0,0,24,559
0.208,60,550,0,29.9587,-0.30949,3.83698,0,0,226,578
0.208,61,542,1,30.0397,0.333865,3.843,0,0,222,547
0.208,62,83,0,30.0433,0.335412,3.84313,0,0,40,530
0.208,63,990,0,29.9628,-0.278038,3.83728,0,0,429,486
0.208,64,1284,0,30.0415,0.278464,3.84308,0,0,601,482
0.208,65,1138,1,29.8984,0.35522,3.82444,0,0,521,611
0.208,66,945,0,30.0349,0.270124,3.84252,0,0,405,152
0.208,67,660,0,30.0429,0.332211,3.8431,0,0,271,600
0.208,68,177,0,30.0408,0.316232,3.84295,0,0,76,117
0.208,69,428,0,30.0369,0.327044,3.36237,0,0,178,576
0.208,70,1188,0,28.88,-10,3.28832,0,0,553,488
0.208,71,1011,0,30.0312,0.276611,3.362,0,0,440,382
0.208,72,397,0,30.0376,0.332835,3.36241,0,0,164,577
0.208,73,37,0,30.0379,0.336246,3.36243,0,0,20,488
0.208,74,562,0,29.9104,-0.790467,3.35424,0,0,230,673
0.208,75,1269,0,30.0255,0.110537,3.36184,0,0,594,482
0.208,76,394,0,29.8592,-1.85834,3.3527,0,0,163,31
0.208,77,386,0,30.0326,0.337082,2.88183,0,0,160,483
0.208,78,1352,0,30.0309,0.31944,2.88173,0,0,645,41
0.208,79,81,0,30.0326,0.337082,2.88183,0,0,39,383
0.208,80,549,0,30.0326,0.337082,2.88183,0,0,225,548
0.208,81,1102,0,30.0264,0.328745,2.40127,0,0,500,285
0.208,82,661,0,30.0264,0.327953,2.40127,0,0,272,599
0.208,83,625,0,30.0267,0.33243,2.40129,0,0,255,572
0.208,84,784,0,29.9985,-0.0221122,1.91994,0,0,335,630
0.208,85,1423,0,30.0216,0.336174,1.92086,0,0,682,599
0.208,86,1261,0,30.0209,0.325195,1.92084,0,0,587,22
0.208,87,365,0,30.0212,0.329603,1.92085,0,0,151,369
0.208,88,790,0,30.0215,0.334939,1.92086,0,0,337,155
0.208,89,981,0,29.36,-10,1.8944,0,0,426,148
0.208,90,695,0,30.0215,0.335098,1.92086,0,0,290,515
0.208,91,848,0,30.0216,0.33677,1.92087,0,0,364,3
0.208,92,596,0,30.0109,0.226417,1.44035,0,0,244,192
0.208,93,647,0,30.0153,0.318601,1.44049,0,0,265,64
0.208,94,537,0,30.0162,0.337267,1.44052,0,0,220,299
0.208,95,1274,0,30.0074,0.141712,1.44024,0,0,595,391
0.208,96,830,0,30.0161,0.335114,1.44052,0,0,354,18
0.208,97,331,0,29.52,-10,1.42464,0,0,136,631
0.208,98,1246,0,30.0162,0.337026,1.44052,0,0,579,591
0.208,99,579,0,30.0108,0.338264,0.96026,0,0,238,3
0.208,100,975,0,30.0107,0.335173,0.960258,0,0,422,683
0.208,101,1170,0,30.0108,0.335738,0.960258,0,0,541,142
0.208,102,1385,0,30.0097,0.303541,0.960234,0,0,660,365
0.208,103,1268,0,30.0108,0.337433,0.96026,0,0,593,101
0.208,104,547,0,30.0089,0.2789,0.960215,0,0,224,296
0.208,105,1046,0,30.0001,0.00340459,0.960002,0,0,464,296
0.208,106,1006,0,30.0053,0.331981,0.480085,0,0,438,233
0.208,107,1240,0,30.0011,0.0685523,0.480018,0,0,576,300
0.208,108,1209,0,29.84,-10,0.47744,0,0,563,569
0.208,109,605,0,30.0053,0.333289,0.480085,0,0,247,7
0.208,110,34,0,29.9808,-1.20185,0.479692,0,0,19,99
0.224,0,566,0,30.0805,0.329618,7.21036,0,0,232,680
0.224,1,271,0,30.0712,0.145258,7.21002,0,0,113,488
0.224,2,1256,0,29.9418,-0.24334,7.19257,0,0,585,597
0.224,3,387,0,29.9881,-0.404453,7.20373,0,0,161,155
0.224,4,1050,0,30.0769,0.314673,7.2099,0,0,466,408
0.224,5,1067,0,30.0784,0.320757,7.21009,0,0,477,106
0.224,6,33,0,30.0805,0.329618,7.21036,0,0,18,485
0.224,7,847,1,30.0743,0.328144,7.20984,0,0,363,676
0.224,8,531,0,30.0805,0.329618,7.21036,0,0,218,532
0.224,9,843,0,29.8087,0.236763,7.16889,0,0,362,483
0.224,10,335,0,30.0795,0.325404,7.21023,0,0,137,680
0.224,11,1233,0,30.0752,0.330441,6.72908,0,0,574,478
0.224,12,1432,1,30.0609,0.332674,6.72582,0,0,689,578
0.224,13,3,0,30.0739,0.324522,6.72891,0,0,2,35
0.224,14,751,0,30.0416,-0.0791682,6.7274,0,0,319,390
0.224,15,1299,0,30.0747,0.328184,6.72901,0,0,610,578
0.224,16,56,0,30.0681,0.299031,6.72822,0,0,30,542
0.224,17,257,0,30.0752,0.330441,6.72908,0,0,107,80
0.224,18,530,0,30.0611,0.205359,6.72817,0,0,217,532
0.224,19,1154,0,30.0738,0.324274,6.72891,0,0,533,297
0.224,20,1242,0,30.0103,-0.115643,6.72278,0,0,577,102
0.224,21,1140,0,30.0744,0.326808,6.72898,0,0,522,680
0.224,22,1187,0,30.0699,0.331266,6.24787,0,0,552,296
0.224,23,75,0,30.0627,0.2671,6.24741,0,0,37,679
0.224,24,140,0,30.069,0.326891,6.24777,0,0,63,377
0.224,25,786,0,30.0695,0.328974,6.24782,0,0,336,101
0.224,26,571,0,30.0693,0.328414,6.2478,0,0,234,476
0.224,27,330,0,30.055,0.260709,6.24619,0,0,135,339
0.224,28,449,0,30.0694,0.328595,6.24781,0,0,187,566
0.224,29,1,0,30.0316,0.148314,6.24357,0,0,1,6
0.224,30,544,0,27.92,-10,6.00704,0,0,223,565
0.224,31,49,0,30.0648,0.306807,6.2473,0,0,28,279
0.224,32,749,0,30.0639,0.328517,5.76668,0,0,318,22
0.224,33,269,0,30.0643,0.330071,5.76671,0,0,112,675
0.224,34,810,0,30.0352,0.179661,5.76368,0,0,345,46
0.224,35,683,2,29.8277,0.214031,5.73642,0,0,283,122
0.224,36,1338,1,29.9873,0.344098,5.7517,0,0,638,391
0.224,37,1124,0,30.0607,0.31182,5.76634,0,0,511,518
0.224,38,563,0,30.0013,-0.00294334,5.7602,0,0,231,297
0.224,39,561,0,29.8508,-0.714448,5.74405,0,0,229,571
0.224,40,1422,0,30.059,0.3311,5.28569,0,0,681,675
0.224,41,901,0,30.0569,0.319386,5.28549,0,0,386,126
0.224,42,993,0,28.2882,-7.99063,5.11207,0,0,430,675
0.224,43,976,0,30.0574,0.321922,5.28553,0,0,423,237
0.224,44,1428,0,29.3979,-10,5.25926,0,0,685,230
0.224,45,986,0,30.0502,0.259427,5.28507,0,0,427,384
0.224,46,1037,0,30.0481,0.26982,5.28464,0,0,458,667
0.224,47,898,0,30.0493,0.276608,5.28476,0,0,385,549
0.224,48,1343,0,30.0508,0.284681,5.2849,0,0,643,88
0.224,49,708,0,29.9874,-0.0734463,5.2788,0,0,296,676
0.224,50,1285,0,30.0586,0.328568,5.28565,0,0,602,558
0.224,51,311,0,30.051,0.315253,4.80451,0,0,128,372
0.224,52,637,0,30.0517,0.319269,4.80456,0,0,262,206
0.224,53,988,0,30.054,0.333749,4.80477,0,0,428,630
0.224,54,1030,0,30.0535,0.330384,4.80472,0,0,453,646
0.224,55,538,0,29.8606,0.265547,4.7876,0,0,221,486
0.224,56,1164,0,30.0483,0.298409,4.80427,0,0,537,300
0.224,57,838,0,30.0535,0.330905,4.80473,0,0,359,565
0.224,58,654,0,30.0533,0.329467,4.80471,0,0,269,106
0.224,59,43,0,30.0366,0.251813,4.32294,0,0,24,559
0.224,60,550,0,29.9538,-0.306411,4.31624,0,0,226,578
0.224,61,542,1,30.0451,0.333035,4.32372,0,0,222,547
0.224,62,83,0,30.0487,0.33458,4.32391,0,0,40,530
0.224,63,990,0,29.9584,-0.274508,4.31662,0,0,429,486
0.224,64,1284,0,30.0459,0.277778,4.32382,0,0,601,482
0.224,65,1138,1,29.9041,0.354349,4.3029,0,0,521,611
0.224,66,945,0,30.0392,0.26938,4.32315,0,0,405,152
0.224,67,660,0,30.0482,0.331384,4.32387,0,0,271,600
0.224,68,177,0,30.0459,0.315429,4.32368,0,0,76,117
0.224,69,428,0,30.0421,0.326225,3.84304,0,0,178,576
0.224,70,1188,0,28.72,-10,3.74784,0,0,553,488
0.224,71,1011,0,30.0356,0.275929,3.84257,0,0,440,382
0.224,72,397,0,30.0429,0.332006,3.8431,0,0,164,577
0.224,73,37,0,30.0433,0.335412,3.84313,0,0,20,488
0.224,74,562,0,29.8978,-0.787134,3.83261,0,0,230,673
0.224,75,1269,0,30.0273,0.110071,3.84228,0,0,594,482
0.224,76,394,0,29.8277,-1.96562,3.82994,0,0,163,31
0.224,77,386,0,30.0379,0.336246,3.36243,0,0,160,483
0.224,78,1352,0,30.036,0.318632,3.36231,0,0,645,41
0.224,79,81,0,30.0379,0.336246,3.36243,0,0,39,383
0.224,80,549,0,30.0379,0.336246,3.36243,0,0,225,548
0.224,81,1102,0,30.0317,0.327922,2.88178,0,0,500,285
0.224,82,661,0,30.0316,0.327131,2.88177,0,0,272,599
0.224,83,625,0,30.032,0.331602,2.8818,0,0,255,572
0.224,84,784,0,29.9982,-0.0211595,2.39991,0,0,335,630
0.224,85,1423,0,30.027,0.33534,2.4013,0,0,682,599
0.224,86,1261,0,30.0261,0.324377,2.40125,0,0,587,22
0.224,87,365,0,30.0264,0.328779,2.40127,0,0,151,369
0.224,88,790,0,30.0269,0.334106,2.40129,0,0,337,155
0.224,89,981,0,29.2,-10,2.3616,0,0,426,148
0.224,90,695,0,30.0269,0.334265,2.40129,0,0,290,515
0.224,91,848,0,29.8616,-10,2.39865,0,0,364,3
0.224,92,596,0,30.0145,0.225913,1.92058,0,0,244,192
0.224,93,647,0,30.0204,0.317792,1.92082,0,0,265,64
0.224,94,537,0,30.0216,0.33643,1.92087,0,0,220,299
0.224,95,1274,0,30.0095,0.128262,1.9204,0,0,595,391
0.224,96,830,0,30.0215,0.334281,1.92086,0,0,354,18
0.224,97,331,0,29.36,-10,1.8944,0,0,136,631
0.224,98,1246,0,30.0216,0.33619,1.92086,0,0,579,591
0.224,99,579,0,30.0162,0.337425,1.44052,0,0,238,3
0.224,100,975,0,30.0161,0.334339,1.44052,0,0,422,683
0.224,101,1170,0,30.0161,0.334904,1.44052,0,0,541,142
0.224,102,1385,0,30.0146,0.302752,1.44047,0,0,660,365
0.224,103,1268,0,30.0162,0.336596,1.44052,0,0,593,101
0.224,104,547,0,30.0134,0.278217,1.44043,0,0,224,296
0.224,105,1046,0,30.0002,0.00399917,1.44001,0,0,464,296
0.224,106,1006,0,30.0106,0.331152,0.960255,0,0,438,233
0.224,107,1240,0,30.0019,0.0525383,0.960049,0,0,576,300
0.224,108,1209,0,29.6828,-9.82522,0.952365,0,0,563,569
0.224,109,605,0,30.0107,0.332458,0.960256,0,0,247,7
0.224,110,34,0,29.9619,-1.18061,0.959082,0,0,19,99
0.224,111,721,0,29.9745,-1.59527,0.479592,0,0,303,483
0.224,112,933,0,30.0051,0.321557,0.480082,0,0,399,622
0.224,113,1052,0,30.0054,0.339281,0.480087,0,0,467,3
0.24,0,566,0,30.0858,0.328797,7.69174,0,0,232,680
0.24,1,271,0,30.0735,0.145032,7.6912,0,0,113,488
0.24,2,1256,0,29.9379,-0.243489,7.67157,0,0,585,597
0.24,3,387,0,29.9815,-0.410932,7.68344,0,0,161,155
0.24,4,1050,0,30.0819,0.313875,7.69121,0,0,466,408
0.24,5,1067,0,30.0835,0.31995,7.69142,0,0,477,106
0.24,6,33,0,30.0858,0.328797,7.69174,0,0,18,485
0.24,7,847,1,30.0795,0.327325,7.69111,0,0,363,676
0.24,8,531,0,30.0858,0.328797,7.69174,0,0,218,532
0.24,9,843,0,29.8123,0.22616,7.64589,0,0,362,483
0.24,10,335,0,30.0847,0.32459,7.69159,0,0,137,680
0.24,11,1233,0,30.0805,0.329618,7.21036,0,0,574,478
0.24,12,1432,1,30.0662,0.331846,7.20688,0,0,689,578
0.24,13,3,0,30.0791,0.323709,7.21018,0,0,2,35
0.24,14,751,0,30.0403,-0.077782,7.20804,0,0,319,390
0.24,15,1299,0,30.08,0.327366,7.21029,0,0,610,578
0.24,16,56,0,30.0729,0.298254,7.20939,0,0,30,542
0.24,17,257,0,30.0805,0.329618,7.21036,0,0,107,80
0.24,18,530,0,30.0644,0.204934,7.2092,0,0,217,532
0.24,19,1154,0,30.079,0.323462,7.21017,0,0,533,297
0.24,20,1242,0,30.0081,-0.140501,7.20291,0,0,577,102
0.24,21,1140,0,30.0796,0.325991,7.21025,0,0,522,680
0.24,22,1187,0,30.0752,0.330441,6.72908,0,0,552,296
0.24,23,75,0,30.067,0.266448,6.72848,0,0,37,679
0.24,24,140,0,30.0742,0.326074,6.72896,0,0,63,377
0.24,25,786,0,30.0747,0.328153,6.72901,0,0,336,101
0.24,26,571,0,30.0746,0.327595,6.729,0,0,234,476
0.24,27,330,0,30.0592,0.260074,6.72714,0,0,135,339
0.24,28,449,0,30.0746,0.327776,6.729,0,0,187,566
0.24,29,1,0,30.034,0.147706,6.72411,0,0,1,6
0.24,30,544,0,27.76,-10,6.4512,0,0,223,565
0.24,31,49,0,30.0683,0.218015,6.72839,0,0,28,279
0.24,32,749,0,30.0692,0.327697,6.24779,0,0,318,22
0.24,33,269,0,30.0695,0.329248,6.24783,0,0,112,675
0.24,34,810,0,30.038,0.179019,6.24429,0,0,345,46
0.24,35,683,2,29.8311,0.213308,6.21371,0,0,283,122
0.24,36,1338,1,29.9928,0.343248,6.23158,0,0,638,391
0.24,37,1124,0,30.0657,0.311025,6.2474,0,0,511,518
0.24,38,563,0,30.0012,-0.00457171,6.24022,0,0,231,297
0.24,39,561,0,29.8395,-0.703775,6.22148,0,0,229,571
0.24,40,1422,0,30.0643,0.330276,5.76672,0,0,681,675
0.24,41,901,0,30.062,0.31858,5.76648,0,0,386,126
0.24,42,993,0,28.1739,-7.1418,5.56285,0,0,430,675
0.24,43,976,0,30.0625,0.321112,5.76653,0,0,423,237
0.24,44,1428,0,29.2379,-10,5.72707,0,0,685,230
0.24,45,986,0,30.0544,0.257667,5.76594,0,0,427,384
0.24,46,1037,0,30.0525,0.269078,5.76548,0,0,458,667
0.24,47,898,0,30.0538,0.275858,5.76562,0,0,385,549
0.24,48,1343,0,30.0553,0.283921,5.76578,0,0,643,88
0.24,49,708,0,29.9862,-0.0738122,5.75858,0,0,296,676
0.24,50,1285,0,30.0638,0.327748,5.76667,0,0,602,558
0.24,51,311,0,30.0561,0.314453,5.2854,0,0,128,372
0.24,52,637,0,30.0568,0.318462,5.28547,0,0,262,206
0.24,53,988,0,30.0529,-0.0704017,5.28562,0,0,428,630
0.24,54,1030,0,30.0587,0.329561,5.28566,0,0,453,646
0.24,55,538,0,29.8649,0.264885,5.26544,0,0,221,486
0.24,56,1164,0,30.0531,0.297631,5.28512,0,0,537,300
0.24,57,838,0,30.0588,0.33008,5.28567,0,0,359,565
0.24,58,654,0,30.0586,0.328645,5.28565,0,0,269,106
0.24,59,43,0,30.0406,0.251201,4.80359,0,0,24,559
0.24,60,550,0,29.9489,-0.30336,4.79542,0,0,226,578
0.24,61,542,1,30.0504,0.332206,4.80453,0,0,222,547
0.24,62,83,0,30.054,0.333749,4.80477,0,0,40,530
0.24,63,990,0,29.9541,-0.271013,4.79588,0,0,429,486
0.24,64,1284,0,30.0504,0.277093,4.80462,0,0,601,482
0.24,65,1138,1,29.9097,0.35348,4.78146,0,0,521,611
0.24,66,945,0,30.0435,0.268638,4.80385,0,0,405,152
0.24,67,660,0,30.0535,0.330559,4.80473,0,0,271,600
0.24,68,177,0,30.0509,0.314628,4.8045,0,0,76,117
0.24,69,428,0,30.0473,0.325407,4.3238,0,0,178,576
0.24,70,1188,0,28.56,-10,4.2048,0,0,553,488
0.24,71,1011,0,30.04,0.275247,4.32321,0,0,440,382
0.24,72,397,0,30.0482,0.33118,4.32387,0,0,164,577
0.24,73,37,0,30.0487,0.33458,4.32391,0,0,20,488
0.24,74,562,0,29.8853,-0.783758,4.31077,0,0,230,673
0.24,75,1269,0,30.029,0.109608,4.32274,0,0,594,482
0.24,76,394,0,29.7945,-2.07361,4.30666,0,0,163,31
0.24,77,386,0,30.0332,-0.294555,3.84297,0,0,160,483
0.24,78,1352,0,30.041,0.317825,3.84296,0,0,645,41
0.24,79,81,0,30.0433,0.335412,3.84313,0,0,39,383
0.24,80,549,0,30.0433,0.335412,3.84313,0,0,225,548
0.24,81,1102,0,30.0369,0.327101,3.36237,0,0,500,285
0.24,82,661,0,30.0368,0.326311,3.36236,0,0,272,599
0.24,83,625,0,30.0373,0.330775,3.3624,0,0,255,572
0.24,84,784,0,29.9978,-0.0202145,2.87987,0,0,335,630
0.24,85,1423,0,30.0323,0.334507,2.88181,0,0,682,599
0.24,86,1261,0,30.0313,0.323561,2.88175,0,0,587,22
0.24,87,365,0,30.0317,0.327956,2.88178,0,0,151,369
0.24,88,790,0,30.0322,0.333275,2.88181,0,0,337,155
0.24,89,981,0,29.04,-10,2.82624,0,0,426,148
0.24,90,695,0,30.0322,0.333434,2.88181,0,0,290,515
0.24,91,848,1,29.8674,0.360549,2.87653,0,0,364,3
0.24,92,596,0,30.0181,0.225409,2.40087,0,0,244,192
0.24,93,647,0,30.0255,0.316985,2.40123,0,0,265,64
0.24,94,537,0,30.027,0.335595,2.4013,0,0,220,299
0.24,95,1274,0,30.0113,0.114437,2.40058,0,0,595,391
0.24,96,830,0,30.0268,0.333449,2.40129,0,0,354,18
0.24,97,331,0,29.2,-10,2.3616,0,0,136,631
0.24,98,1246,0,30.027,0.335355,2.4013,0,0,579,591
0.24,99,579,0,30.0216,0.336588,1.92087,0,0,238,3
0.24,100,975,0,30.0214,0.333507,1.92086,0,0,422,683
0.24,101,1170,0,30.0215,0.334071,1.92086,0,0,541,142
0.24,102,1385,0,30.0194,0.301964,1.92078,0,0,660,365
0.24,103,1268,0,30.0216,0.33576,1.92086,0,0,593,101
0.24,104,547,0,30.0178,0.273104,1.92071,0,0,224,296
0.24,105,1046,0,30.0002,0.00458939,1.92001,0,0,464,296
0.24,106,1006,0,30.0159,0.330325,1.44051,0,0,438,233
0.24,107,1240,0,30.0025,0.03613,1.44009,0,0,576,300
0.24,108,1209,0,29.5391,-8.98148,1.42499,0,0,563,569
0.24,109,605,0,30.016,0.331629,1.44051,0,0,247,7
0.24,110,34,0,29.9433,-1.15979,1.43818,0,0,19,99
0.24,111,721,0,29.9494,-1.56532,0.958783,0,0,303,483
0.24,112,933,0,30.0103,0.320743,0.960247,0,0,399,622
0.24,113,1052,0,30.0108,0.338441,0.96026,0,0,467,3
0.24,114,392,0,30.0043,0.270123,0.480069,0,0,162,611
0.24,115,1323,0,30.0054,0.335935,0.480086,0,0,626,118
0.24,116,220,0,30.0052,0.323053,0.480083,0,0,92,16
0.24,117,1401,0,30.0054,0.338152,0.480087,0,0,670,229
0.24,118,276,0,30.0055,0.341286,0.480087,0,0,115,677
0.256,0,566,0,30.091,0.327978,8.17319,0,0,232,680
0.256,1,271,0,30.0759,0.144801,8.17241,0,0,113,488
0.256,2,1256,0,29.934,-0.24364,8.15052,0,0,585,597
0.256,3,387,0,29.9748,-0.417941,8.16303,0,0,161,155
0.256,4,1050,0,30.0869,0.313079,8.1726,0,0,466,408
0.256,5,1067,0,30.0886,0.319145,8.17284,0,0,477,106
0.256,6,33,0,30.091,0.327978,8.17319,0,0,18,485
0.256,7,847,1,30.0786,-0.0552451,8.17237,0,0,363,676
0.256,8,531,0,30.091,0.327978,8.17319,0,0,218,532
0.256,9,843,0,29.8163,0.252417,8.12295,0,0,362,483
0.256,10,335,0,30.0899,0.323777,8.17303,0,0,137,680
0.256,11,1233,0,30.0858,0.328797,7.69174,0,0,574,478
0.256,12,1432,1,30.0715,0.331021,7.68802,0,0,689,578
0.256,13,3,0,30.0842,0.322898,7.69153,0,0,2,35
0.256,14,751,0,30.0391,-0.0764072,7.68867,0,0,319,390
0.256,15,1299,0,30.0852,0.326548,7.69166,0,0,610,578
0.256,16,56,0,30.0777,0.297479,7.69063,0,0,30,542
0.256,17,257,0,30.0858,0.328797,7.69174,0,0,107,80
0.256,18,530,0,30.0676,0.204509,7.69028,0,0,217,532
0.256,19,1154,0,30.0842,0.322651,7.69152,0,0,533,297
0.256,20,1242,0,30.0054,-0.165926,7.683,0,0,577,102
0.256,21,1140,0,30.0848,0.325176,7.69161,0,0,522,680
0.256,22,1187,0,30.0805,0.329618,7.21036,0,0,552,296
0.256,23,75,0,30.0712,0.265798,7.20962,0,0,37,679
0.256,24,140,0,30.0794,0.325259,7.21023,0,0,63,377
0.256,25,786,0,30.0799,0.327334,7.21029,0,0,336,101
0.256,26,571,0,30.0798,0.326777,7.21028,0,0,234,476
0.256,27,330,0,30.0633,0.259441,7.20815,0,0,135,339
0.256,28,449,0,30.0799,0.326957,7.21028,0,0,187,566
0.256,29,1,0,30.0363,0.147099,7.20469,0,0,1,6
0.256,30,544,0,27.6,-10,6.8928,0,0,223,565
0.256,31,49,0,30.0718,0.217536,7.20954,0,0,28,279
0.256,32,749,0,30.0744,0.326878,6.72898,0,0,318,22
0.256,33,269,0,30.0748,0.328427,6.72902,0,0,112,675
0.256,34,810,0,30.0409,0.178379,6.72495,0,0,345,46
0.256,35,683,2,29.8345,0.212586,6.69107,0,0,283,122
0.256,36,1338,1,29.9983,0.342401,6.71155,0,0,638,391
0.256,37,1124,0,30.0707,0.310232,6.72853,0,0,511,518
0.256,38,563,0,30.0011,-0.00617317,6.72024,0,0,231,297
0.256,39,561,0,29.8284,-0.693263,6.69874,0,0,229,571
0.256,40,1422,0,30.0696,0.329453,6.24783,0,0,681,675
0.256,41,901,0,30.0671,0.317775,6.24755,0,0,386,126
0.256,42,993,0,28.0712,-6.41909,6.01199,0,0,430,675
0.256,43,976,0,30.0676,0.320304,6.24761,0,0,423,237
0.256,44,1428,0,29.0779,-10,6.19232,0,0,685,230
0.256,45,986,0,30.0584,0.25585,6.24688,0,0,427,384
0.256,46,1037,0,30.0567,0.268338,6.24639,0,0,458,667
0.256,47,898,0,30.0582,0.27511,6.24655,0,0,385,549
0.256,48,1343,0,30.0599,0.283163,6.24674,0,0,643,88
0.256,49,708,0,29.985,-0.0741782,6.23834,0,0,296,676
0.256,50,1285,0,30.069,0.32693,6.24777,0,0,602,558
0.256,51,311,0,30.0611,0.313653,5.76638,0,0,128,372
0.256,52,637,0,30.0618,0.317657,5.76646,0,0,262,206
0.256,53,988,0,30.0518,-0.0692803,5.76644,0,0,428,630
0.256,54,1030,0,30.064,0.328739,5.76669,0,0,453,646
0.256,55,538,0,29.8691,0.264221,5.74335,0,0,221,486
0.256,56,1164,0,30.0578,0.296855,5.76604,0,0,537,300
0.256,57,838,0,30.0641,0.329257,5.7667,0,0,359,565
0.256,58,654,0,30.0638,0.327825,5.76667,0,0,269,106
0.256,59,43,0,30.0446,0.250591,5.2843,0,0,24,559
0.256,60,550,0,29.9441,-0.300335,5.27453,0,0,226,578
0.256,61,542,1,30.0557,0.33138,5.28542,0,0,222,547
0.256,62,83,0,30.0593,0.332919,5.28572,0,0,40,530
0.256,63,990,0,29.9497,-0.269286,5.27508,0,0,429,486
0.256,64,1284,0,30.0548,0.27641,5.2855,0,0,601,482
0.256,65,1138,1,29.9154,0.352612,5.2601,0,0,521,611
0.256,66,945,0,30.0478,0.267897,5.28461,0,0,405,152
0.256,67,660,0,30.0588,0.329735,5.28567,0,0,271,600
0.256,68,177,0,30.0559,0.313828,5.28539,0,0,76,117
0.256,69,428,0,30.0525,0.324591,4.80464,0,0,178,576
0.256,70,1188,0,28.4,-10,4.6592,0,0,553,488
0.256,71,1011,0,30.0444,0.274568,4.80392,0,0,440,382
0.256,72,397,0,30.0535,0.330355,4.80472,0,0,164,577
0.256,73,37,0,30.054,0.333749,4.80477,0,0,20,488
0.256,74,562,0,29.8728,-0.780341,4.78874,0,0,230,673
0.256,75,1269,0,30.0308,0.109147,4.80324,0,0,594,482
0.256,76,394,0,29.7596,-2.18217,4.78281,0,0,163,31
0.256,77,386,0,30.0286,-0.291243,4.32342,0,0,160,483
0.256,78,1352,0,30.0461,0.31702,4.3237,0,0,645,41
0.256,79,81,0,30.0487,0.33458,4.32391,0,0,39,383
0.256,80,549,0,30.0487,0.33458,4.32391,0,0,225,548
0.256,81,1102,0,30.0421,0.326282,3.84304,0,0,500,285
0.256,82,661,0,30.042,0.325493,3.84304,0,0,272,599
0.256,83,625,0,30.0426,0.32995,3.84308,0,0,255,572
0.256,84,784,0,29.9975,-0.0192766,3.35983,0,0,335,630
0.256,85,1423,0,30.0377,0.333676,3.36242,0,0,682,599
0.256,86,1261,0,30.0364,0.322746,3.36234,0,0,587,22
0.256,87,365,0,30.0369,0.327135,3.36237,0,0,151,369
0.256,88,790,0,30.0375,0.332445,3.36241,0,0,337,155
0.256,89,981,0,28.88,-10,3.28832,0,0,426,148
0.256,90,695,0,30.0375,0.332604,3.36241,0,0,290,515
0.256,91,848,1,29.8732,0.359668,3.3545,0,0,364,3
0.256,92,596,0,30.0217,0.224906,2.88122,0,0,244,192
0.256,93,647,0,30.0305,0.316179,2.88171,0,0,265,64
0.256,94,537,0,30.0323,0.334762,2.88181,0,0,220,299
0.256,95,1274,0,30.0129,0.100237,2.88078,0,0,595,391
0.256,96,830,0,30.0321,0.332619,2.8818,0,0,354,18
0.256,97,331,0,29.04,-10,2.82624,0,0,136,631
0.256,98,1246,0,30.0323,0.334522,2.88181,0,0,579,591
0.256,99,579,0,30.027,0.335753,2.4013,0,0,238,3
0.256,100,975,0,30.0268,0.332677,2.40129,0,0,422,683
0.256,101,1170,0,30.0268,0.33324,2.40129,0,0,541,142
0.256,102,1385,0,30.0242,0.301178,2.40116,0,0,660,365
0.256,103,1268,0,30.0269,0.334926,2.40129,0,0,593,101
0.256,104,547,0,30.0231,0.33579,2.40108,0,0,224,296
0.256,105,1046,0,30.0003,0.00517561,2.40001,0,0,464,296
0.256,106,1006,0,30.0212,0.329499,1.92085,0,0,438,233
0.256,107,1240,0,30.0028,0.0193302,1.92013,0,0,576,300
0.256,108,1209,0,29.4072,-8.24255,1.89551,0,0,563,569
0.256,109,605,0,30.0213,0.330801,1.92085,0,0,247,7
0.256,110,34,0,29.9251,-1.1394,1.91698,0,0,19,99
0.256,111,721,0,29.9249,-1.53619,1.43758,0,0,303,483
0.256,112,933,0,30.0154,0.319931,1.44049,0,0,399,622
0.256,113,1052,0,30.0162,0.337602,1.44052,0,0,467,3
0.256,114,392,0,30.0086,0.268334,0.960207,0,0,162,611
0.256,115,1323,0,30.0107,0.3351,0.960258,0,0,626,118
0.256,116,220,0,30.0103,0.322237,0.960248,0,0,92,16
0.256,117,1401,0,30.0108,0.337314,0.96026,0,0,670,229
0.256,118,276,0,30.0109,0.340442,0.960262,0,0,115,677
0.256,119,1031,0,30.0054,0.338904,0.480087,0,0,454,599
0.256,120,328,0,30.0053,0.332076,0.480085,0,0,134,615
0.256,121,584,0,30.0018,0.113357,0.480029,0,0,240,636
0.256,122,1366,0,30.0048,0.299972,0.480077,0,0,651,556
0.272,0,566,0,30.0963,0.32716,8.65473,0,0,232,680
0.272,1,271,0,30.0782,0.144648,8.65366,0,0,113,488
0.272,2,1256,0,29.9301,-0.243792,8.6294,0,0,585,597
0.272,3,387,0,29.968,-0.425487,8.64252,0,0,161,155
0.272,4,1050,0,30.0919,0.312284,8.65407,0,0,466,408
0.272,5,1067,0,30.0937,0.318342,8.65434,0,0,477,106
0.272,6,33,0,30.0963,0.32716,8.65473,0,0,18,485
0.272,7,847,1,30.0778,-0.0540742,8.65361,0,0,363,676
0.272,8,531,0,30.0963,0.32716,8.65473,0,0,218,532
0.272,9,843,0,29.8203,0.25185,8.60007,0,0,362,483
0.272,10,335,0,30.095,0.322966,8.65455,0,0,137,680
0.272,11,1233,0,30.091,0.327978,8.17319,0,0,574,478
0.272,12,1432,1,30.0768,0.330197,8.16925,0,0,689,578
0.272,13,3,0,30.0894,0.322088,8.17296,0,0,2,35
0.272,14,751,0,30.0379,-0.0750431,8.16927,0,0,319,390
0.272,15,1299,0,30.0904,0.325733,8.1731,0,0,610,578
0.272,16,56,0,30.0824,0.296706,8.17195,0,0,30,542
0.272,17,257,0,30.091,0.327978,8.17319,0,0,107,80
0.272,18,530,0,30.0709,0.204085,8.17142,0,0,217,532
0.272,19,1154,0,30.0893,0.321842,8.17295,0,0,533,297
0.272,20,1242,0,30.0023,-0.191912,8.16304,0,0,577,102
0.272,21,1140,0,30.09,0.324363,8.17305,0,0,522,680
0.272,22,1187,0,30.0858,0.328797,7.69174,0,0,552,296
0.272,23,75,0,30.0755,0.265149,7.69083,0,0,37,679
0.272,24,140,0,30.0846,0.324445,7.69158,0,0,63,377
0.272,25,786,0,30.0852,0.326517,7.69166,0,0,336,101
0.272,26,571,0,30.085,0.32596,7.69164,0,0,234,476
0.272,27,330,0,30.0675,0.258809,7.68923,0,0,135,339
0.272,28,449,0,30.0851,0.326141,7.69164,0,0,187,566
0.272,29,1,0,30.0387,0.146494,7.68531,0,0,1,6
0.272,30,544,0,27.44,-10,7.33184,0,0,223,565
0.272,31,49,0,30.0753,0.217057,7.69074,0,0,28,279
0.272,32,749,0,30.0796,0.326062,7.21025,0,0,318,22
0.272,33,269,0,30.08,0.327608,7.2103,0,0,112,675
0.272,34,810,0,30.0437,0.177741,7.20565,0,0,345,46
0.272,35,683,2,29.8379,0.211866,7.16847,0,0,283,122
0.272,36,1338,1,30.0037,0.341555,7.19161,0,0,638,391
0.272,37,1124,0,30.0756,0.30944,7.20974,0,0,511,518
0.272,38,563,0,30.001,-0.00774714,7.20025,0,0,231,297
0.272,39,561,0,29.8175,-0.682908,7.17582,0,0,229,571
0.272,40,1422,0,30.0748,0.328631,6.72903,0,0,681,675
0.272,41,901,0,30.0722,0.316972,6.72871,0,0,386,126
0.272,42,993,0,27.9784,-5.79793,6.45965,0,0,430,675
0.272,43,976,0,30.0728,0.319497,6.72878,0,0,423,237
0.272,44,1428,0,28.9179,-10,6.655,0,0,685,230
0.272,45,986,0,30.0625,0.253974,6.72788,0,0,427,384
0.272,46,1037,0,30.061,0.267599,6.72737,0,0,458,667
0.272,47,898,0,30.0626,0.274363,6.72755,0,0,385,549
0.272,48,1343,0,30.0644,0.282406,6.72777,0,0,643,88
0.272,49,708,0,29.9838,-0.0745441,6.71808,0,0,296,676
0.272,50,1285,0,30.0742,0.326113,6.72896,0,0,602,558
0.272,51,311,0,30.0661,0.312856,6.24744,0,0,128,372
0.272,52,637,0,30.0669,0.316854,6.24753,0,0,262,206
0.272,53,988,0,30.0507,-0.0681709,6.24726,0,0,428,630
0.272,54,1030,0,30.0692,0.327918,6.24779,0,0,453,646
0.272,55,538,0,29.8733,0.263602,6.22132,0,0,221,486
0.272,56,1164,0,30.0626,0.29608,6.24704,0,0,537,300
0.272,57,838,0,30.0694,0.328436,6.24781,0,0,359,565
0.272,58,654,0,30.069,0.327006,6.24777,0,0,269,106
0.272,59,43,0,30.0486,0.249983,5.76508,0,0,24,559
0.272,60,550,0,29.9394,-0.297339,5.75356,0,0,226,578
0.272,61,542,1,30.061,0.330554,5.7664,0,0,222,547
0.272,62,83,0,30.0646,0.332092,5.76675,0,0,40,530
0.272,63,990,0,29.9455,-0.267567,5.7542,0,0,429,486
0.272,64,1284,0,30.0592,0.275728,5.76645,0,0,601,482
0.272,65,1138,1,29.921,0.351746,5.73884,0,0,521,611
0.272,66,945,0,30.0521,0.267157,5.76544,0,0,405,152
0.272,67,660,0,30.064,0.328913,5.76669,0,0,271,600
0.272,68,177,0,30.061,0.31303,5.76637,0,0,76,117
0.272,69,428,0,30.0577,0.323776,5.28556,0,0,178,576
0.272,70,1188,0,28.2575,-8.90825,5.11132,0,0,553,488
0.272,71,1011,0,30.0488,0.27389,5.28471,0,0,440,382
0.272,72,397,0,30.0587,0.329531,5.28566,0,0,164,577
0.272,73,37,0,30.0593,0.332919,5.28572,0,0,20,488
0.272,74,562,0,29.8603,-0.776886,5.2665,0,0,230,673
0.272,75,1269,0,30.0325,0.108689,5.28376,0,0,594,482
0.272,76,394,0,29.723,-2.29116,5.25838,0,0,163,31
0.272,77,386,0,30.024,-0.287967,4.80381,0,0,160,483
0.272,78,1352,0,30.0512,0.316216,4.80452,0,0,645,41
0.272,79,81,0,30.054,0.333749,4.80477,0,0,39,383
0.272,80,549,0,30.054,0.333749,4.80477,0,0,225,548
0.272,81,1102,0,29.8821,-10,4.32116,0,0,500,285
0.272,82,661,0,30.0472,0.324677,4.32379,0,0,272,599
0.272,83,625,0,30.0479,0.329127,4.32384,0,0,255,572
0.272,84,784,0,29.9972,-0.0183462,3.83979,0,0,335,630
0.272,85,1423,0,30.043,0.332846,3.8431,0,0,682,599
0.272,86,1261,0,30.0416,0.321933,3.843,0,0,587,22
0.272,87,365,0,30.0421,0.326316,3.84304,0,0,151,369
0.272,88,790,0,30.0428,0.331618,3.84309,0,0,337,155
0.272,89,981,0,28.72,-10,3.74784,0,0,426,148
0.272,90,695,0,30.0428,0.331776,3.84309,0,0,290,515
0.272,91,848,1,29.8789,0.358789,3.83256,0,0,364,3
0.272,92,596,0,30.0253,0.224404,3.36162,0,0,244,192
0.272,93,647,0,30.0356,0.315375,3.36228,0,0,265,64
0.272,94,537,0,30.0377,0.33393,3.36242,0,0,220,299
0.272,95,1274,0,30.0143,0.0856664,3.36101,0,0,595,391
0.272,96,830,0,30.0374,0.331791,3.3624,0,0,354,18
0.272,97,331,0,28.88,-10,3.28832,0,0,136,631
0.272,98,1246,0,30.0377,0.333691,3.36242,0,0,579,591
0.272,99,579,0,30.0324,0.334919,2.88182,0,0,238,3
0.272,100,975,0,30.0321,0.331848,2.8818,0,0,422,683
0.272,101,1170,0,30.0321,0.332411,2.8818,0,0,541,142
0.272,102,1385,0,30.029,0.300394,2.88163,0,0,660,365
0.272,103,1268,0,30.0323,0.334094,2.88181,0,0,593,101
0.272,104,547,0,30.0285,0.334956,2.88154,0,0,224,296
0.272,105,1046,0,30.0004,0.00575707,2.88002,0,0,464,296
0.272,106,1006,0,30.0264,0.328675,2.40127,0,0,438,233
0.272,107,1240,0,30.0029,0.00214098,2.40018,0,0,576,300
0.272,108,1209,0,29.2858,-7.5911,2.36408,0,0,563,569
0.272,109,605,0,30.0265,0.329975,2.40128,0,0,247,7
0.272,110,34,0,29.9072,-1.11941,2.39549,0,0,19,99
0.272,111,721,0,29.9007,-1.5074,1.91599,0,0,303,483
0.272,112,933,0,30.0205,0.31912,1.92082,0,0,399,622
0.272,113,1052,0,30.0216,0.336765,1.92087,0,0,467,3
0.272,114,392,0,30.0129,0.266488,1.44041,0,0,162,611
0.272,115,1323,0,30.0161,0.334267,1.44052,0,0,626,118
0.272,116,220,0,30.0155,0.321422,1.4405,0,0,92,16
0.272,117,1401,0,30.0162,0.336477,1.44052,0,0,670,229
0.272,118,276,0,30.0163,0.339599,1.44052,0,0,115,677
0.272,119,1031,0,30.0108,0.338064,0.96026,0,0,454,599
0.272,120,328,0,30.0106,0.331247,0.960255,0,0,134,615
0.272,121,584,0,30.0036,0.113392,0.960087,0,0,240,636
0.272,122,1366,0,30.0096,0.299187,0.96023,0,0,651,556
0.272,123,268,0,30.0018,0.11227,0.480029,0,0,111,64
0.272,124,226,0,30.0053,0.333501,0.480085,0,0,95,626
0.272,125,1267,0,30.0052,0.325786,0.480083,0,0,592,202
0.272,126,1104,0,30.0053,0.330819,0.480085,0,0,501,447
0.272,127,1406,0,30.0049,0.30636,0.480078,0,0,673,668
0.288,0,566,0,30.1015,0.326344,9.13636,0,0,232,680
0.288,1,271,0,30.0805,0.144495,9.13495,0,0,113,488
0.288,2,1256,0,29.9262,-0.243945,9.10822,0,0,585,597
0.288,3,387,0,29.9611,-0.433577,9.1219,0,0,161,155
0.288,4,1050,0,30.0969,0.311492,9.13562,0,0,466,408
0.288,5,1067,0,30.0987,0.31754,9.13592,0,0,477,106
0.288,6,33,0,30.1015,0.326344,9.13636,0,0,18,485
0.288,7,847,1,30.0769,-0.0529117,9.13484,0,0,363,676
0.288,8,531,0,30.1015,0.326344,9.13636,0,0,218,532
0.288,9,843,0,29.8244,0.251284,9.07726,0,0,362,483
0.288,10,335,0,30.1002,0.322157,9.13615,0,0,137,680
0.288,11,1233,0,30.0963,0.32716,8.65473,0,0,574,478
0.288,12,1432,1,30.0821,0.329375,8.65056,0,0,689,578
0.288,13,3,0,30.0945,0.32128,8.65447,0,0,2,35
0.288,14,751,0,30.0367,-0.0736897,8.64986,0,0,319,390
0.288,15,1299,0,30.0956,0.324919,8.65463,0,0,610,578
0.288,16,56,0,30.0871,0.295935,8.65334,0,0,30,542
0.288,17,257,0,30.0963,0.32716,8.65473,0,0,107,80
0.288,18,530,0,30.0742,0.203662,8.6526,0,0,217,532
0.288,19,1154,0,30.0945,0.321034,8.65446,0,0,533,297
0.288,20,1242,0,29.9989,-0.21543,8.64302,0,0,577,102
0.288,21,1140,0,30.0952,0.323551,8.65457,0,0,522,680
0.288,22,1187,0,30.091,0.327978,8.17319,0,0,552,296
0.288,23,75,0,30.0797,0.264501,8.1721,0,0,37,679
0.288,24,140,0,30.0898,0.323633,8.17302,0,0,63,377
0.288,25,786,0,30.0904,0.325701,8.1731,0,0,336,101
0.288,26,571,0,30.0902,0.325146,8.17308,0,0,234,476
0.288,27,330,0,30.0716,0.258178,8.17038,0,0,135,339
0.288,28,449,0,30.0903,0.325326,8.17309,0,0,187,566
0.288,29,1,0,30.041,0.145889,8.16597,0,0,1,6
0.288,30,544,0,27.28,-10,7.76832,0,0,223,565
0.288,31,49,0,30.0787,0.216579,8.172,0,0,28,279
0.288,32,749,0,30.0848,0.325247,7.69161,0,0,318,22
0.288,33,269,0,30.0853,0.32679,7.69167,0,0,112,675
0.288,34,810,0,30.0466,0.177103,7.68639,0,0,345,46
0.288,35,683,2,29.8413,0.211147,7.64593,0,0,283,122
0.288,36,1338,1,30.0092,0.340711,7.67176,0,0,638,391
0.288,37,1124,0,30.0805,0.30865,7.69102,0,0,511,518
0.288,38,563,0,30.0008,-0.00929406,7.68027,0,0,231,297
0.288,39,561,0,29.8067,-0.672708,7.65273,0,0,229,571
0.288,40,1422,0,30.0801,0.327812,7.21031,0,0,681,675
0.288,41,901,0,30.0772,0.316171,7.20995,0,0,386,126
0.288,42,993,0,27.8943,-5.25959,6.90595,0,0,430,675
0.288,43,976,0,30.0778,0.318692,7.21002,0,0,423,237
0.288,44,1428,0,28.7579,-10,7.11513,0,0,685,230
0.288,45,986,0,30.0665,0.252038,7.20894,0,0,427,384
0.288,46,1037,0,30.0653,0.266862,7.20841,0,0,458,667
0.288,47,898,0,30.0669,0.273617,7.20862,0,0,385,549
0.288,48,1343,0,30.0689,0.281651,7.20887,0,0,643,88
0.288,49,708,0,29.9826,-0.0749099,7.1978,0,0,296,676
0.288,50,1285,0,30.0795,0.325297,7.21023,0,0,602,558
0.288,51,311,0,30.0711,0.31206,6.72858,0,0,128,372
0.288,52,637,0,30.072,0.316052,6.72868,0,0,262,206
0.288,53,988,0,30.0496,-0.0670731,6.72805,0,0,428,630
0.288,54,1030,0,30.0745,0.3271,6.72898,0,0,453,646
0.288,55,538,0,29.8775,0.262984,6.69936,0,0,221,486
0.288,56,1164,0,30.0673,0.295307,6.72812,0,0,537,300
0.288,57,838,0,30.0746,0.327617,6.729,0,0,359,565
0.288,58,654,0,30.0743,0.326189,6.72896,0,0,269,106
0.288,59,43,0,30.0526,0.249375,6.24592,0,0,24,559
0.288,60,550,0,29.9346,-0.294369,6.23251,0,0,226,578
0.288,61,542,1,30.0662,0.329731,6.24746,0,0,222,547
0.288,62,83,0,30.0699,0.331266,6.24787,0,0,40,530
0.288,63,990,0,29.9412,-0.265856,6.23326,0,0,429,486
0.288,64,1284,0,30.0636,0.275047,6.24747,0,0,601,482
0.288,65,1138,1,29.9266,0.350882,6.21766,0,0,521,611
0.288,66,945,0,30.0563,0.266419,6.24635,0,0,405,152
0.288,67,660,0,30.0693,0.328092,6.2478,0,0,271,600
0.288,68,177,0,30.0659,0.312233,6.24742,0,0,76,117
0.288,69,428,0,30.0629,0.322964,5.76657,0,0,178,576
0.288,70,1188,0,28.1316,-7.86493,5.56143,0,0,553,488
0.288,71,1011,0,30.0532,0.273213,5.76556,0,0,440,382
0.288,72,397,0,30.064,0.328709,5.76669,0,0,164,577
0.288,73,37,0,30.0646,0.332092,5.76675,0,0,20,488
0.288,74,562,0,29.848,-0.773393,5.74407,0,0,230,673
0.288,75,1269,0,30.0342,0.108234,5.7643,0,0,594,482
0.288,76,394,0,29.6845,-2.40045,5.73333,0,0,163,31
0.288,77,386,0,30.0194,-0.284727,5.28412,0,0,160,483
0.288,78,1352,0,30.0562,0.315414,5.28542,0,0,645,41
0.288,79,81,0,30.0593,0.332919,5.28572,0,0,39,383
0.288,80,549,0,30.0593,0.332919,5.28572,0,0,225,548
0.288,81,1102,0,29.7221,-10,4.79671,0,0,500,285
0.288,82,661,0,30.038,-0.577773,4.8044,0,0,272,599
0.288,83,625,0,30.0531,0.328305,4.80469,0,0,255,572
0.288,84,784,0,29.9969,-0.0174235,4.31974,0,0,335,630
0.288,85,1423,0,30.0483,0.332018,4.32388,0,0,682,599
0.288,86,1261,0,30.0467,0.321122,4.32375,0,0,587,22
0.288,87,365,0,30.0473,0.325498,4.3238,0,0,151,369
0.288,88,790,0,30.0481,0.330792,4.32386,0,0,337,155
0.288,89,981,0,28.56,-10,4.2048,0,0,426,148
0.288,90,695,0,30.0481,0.33095,4.32386,0,0,290,515
0.288,91,848,1,29.8846,0.357912,4.31072,0,0,364,3
0.288,92,596,0,30.0289,0.223903,3.84209,0,0,244,192
0.288,93,647,0,30.0406,0.314573,3.84293,0,0,265,64
0.288,94,537,0,30.043,0.3331,3.84311,0,0,220,299
0.288,95,1274,0,30.0154,0.0707254,3.84126,0,0,595,391
0.288,96,830,0,30.0427,0.330965,3.84309,0,0,354,18
0.288,97,331,0,28.72,-10,3.74784,0,0,136,631
0.288,98,1246,0,30.043,0.332861,3.8431,0,0,579,591
0.288,99,579,0,30.0377,0.334087,3.36242,0,0,238,3
0.288,100,975,0,30.0374,0.331021,3.3624,0,0,422,683
0.288,101,1170,0,30.0374,0.331583,3.3624,0,0,541,142
0.288,102,1385,0,30.0338,0.299611,3.36217,0,0,660,365
0.288,103,1268,0,30.0376,0.333263,3.36241,0,0,593,101
0.288,104,547,0,30.0338,0.334124,3.36208,0,0,224,296
0.288,105,1046,0,30.0005,0.00633392,3.36003,0,0,464,296
0.288,106,1006,0,30.0317,0.327852,2.88178,0,0,438,233
0.288,107,1240,0,30.0026,-0.0135104,2.88022,0,0,576,300
0.288,108,1209,0,29.1735,-7.01333,2.83085,0,0,563,569
0.288,109,605,0,30.0318,0.32915,2.88178,0,0,247,7
0.288,110,34,0,29.8896,-1.09982,2.87373,0,0,19,99
0.288,111,721,0,29.8771,-1.47927,2.39403,0,0,303,483
0.288,112,933,0,30.0256,0.318311,2.40123,0,0,399,622
0.288,113,1052,0,30.027,0.335929,2.4013,0,0,467,3
0.288,114,392,0,30.0171,0.264585,1.92069,0,0,162,611
0.288,115,1323,0,30.0214,0.333435,1.92086,0,0,626,118
0.288,116,220,0,30.0206,0.32061,1.92083,0,0,92,16
0.288,117,1401,0,30.0216,0.335641,1.92086,0,0,670,229
0.288,118,276,0,30.0218,0.338759,1.92087,0,0,115,677
0.288,119,1031,0,30.0162,0.337226,1.44052,0,0,454,599
0.288,120,328,0,30.0159,0.330419,1.44051,0,0,134,615
0.288,121,584,0,30.0054,0.113426,1.44017,0,0,240,636
0.288,122,1366,0,30.0144,0.298403,1.44046,0,0,651,556
0.288,123,268,0,30.0036,0.112314,0.960086,0,0,111,64
0.288,124,226,0,30.0107,0.332669,0.960256,0,0,95,626
0.288,125,1267,0,30.0104,0.324966,0.96025,0,0,592,202
0.288,126,1104,0,30.0106,0.329992,0.960254,0,0,501,447
0.288,127,1406,0,30.0098,0.305567,0.960235,0,0,673,668
0.288,128,66,0,30.0052,0.323714,0.480083,0,0,34,204
0.288,129,1100,0,29.8838,-7.2614,0.478141,0,0,499,99
0.304,0,566,0,30.1067,0.325529,9.61806,0,0,232,680
0.304,1,271,0,30.0828,0.144342,9.61627,0,0,113,488
0.304,2,1256,0,29.9223,-0.2441,9.58698,0,0,585,597
0.304,3,387,0,29.954,-0.442216,9.60116,0,0,161,155
0.304,4,1050,0,30.1019,0.3107,9.61725,0,0,466,408
0.304,5,1067,0,30.1038,0.31674,9.61758,0,0,477,106
0.304,6,33,0,30.1067,0.325529,9.61806,0,0,18,485
0.304,7,847,1,30.0761,-0.0517586,9.61606,0,0,363,676
0.304,8,531,0,30.1067,0.325529,9.61806,0,0,218,532
0.304,9,843,0,29.8284,0.250719,9.55452,0,0,362,483
0.304,10,335,0,30.1053,0.32135,9.61783,0,0,137,680
0.304,11,1233,0,30.1015,0.326344,9.13636,0,0,574,478
0.304,12,1432,1,30.0873,0.328554,9.13196,0,0,689,578
0.304,13,3,0,30.0997,0.320473,9.13606,0,0,2,35
0.304,14,751,0,30.0356,-0.0723474,9.13043,0,0,319,390
0.304,15,1299,0,30.1008,0.324106,9.13624,0,0,610,578
0.304,16,56,0,30.0919,0.295165,9.13481,0,0,30,542
0.304,17,257,0,30.1015,0.326344,9.13636,0,0,107,80
0.304,18,530,0,30.0774,0.203239,9.13384,0,0,217,532
0.304,19,1154,0,30.0996,0.320228,9.13605,0,0,533,297
0.304,20,1242,0,29.9951,-0.236427,9.12294,0,0,577,102
0.304,21,1140,0,30.1004,0.322741,9.13618,0,0,522,680
0.304,22,1187,0,30.0963,0.32716,8.65473,0,0,552,296
0.304,23,75,0,30.0839,0.263855,8.65344,0,0,37,679
0.304,24,140,0,30.095,0.322822,8.65454,0,0,63,377
0.304,25,786,0,30.0956,0.324887,8.65463,0,0,336,101
0.304,26,571,0,30.0954,0.324333,8.65461,0,0,234,476
0.304,27,330,0,30.0757,0.257548,8.65159,0,0,135,339
0.304,28,449,0,30.0933,0.187202,8.65458,0,0,187,566
0.304,29,1,0,30.0433,0.145286,8.64666,0,0,1,6
0.304,30,544,0,27.12,-10,8.20224,0,0,223,565
0.304,31,49,0,30.0822,0.216102,8.65332,0,0,28,279
0.304,32,749,0,30.09,0.324433,8.17305,0,0,318,22
0.304,33,269,0,30.0905,0.325974,8.17311,0,0,112,675
0.304,34,810,0,30.0494,0.176467,8.16718,0,0,345,46
0.304,35,683,2,29.8447,0.210429,8.12345,0,0,283,122
0.304,36,1338,1,30.0146,0.339868,8.15199,0,0,638,391
0.304,37,1124,0,30.0855,0.307861,8.17239,0,0,511,518
0.304,38,563,0,30.0007,-0.0108144,8.16028,0,0,231,297
0.304,39,561,0,29.7961,-0.66266,8.12946,0,0,229,571
0.304,40,1422,0,30.0853,0.326994,7.69167,0,0,681,675
0.304,41,901,0,30.0823,0.315371,7.69126,0,0,386,126
0.304,42,993,0,27.8176,-4.78957,7.35104,0,0,430,675
0.304,43,976,0,30.0829,0.317888,7.69135,0,0,423,237
0.304,44,1428,0,28.6014,-9.78526,7.57275,0,0,685,230
0.304,45,986,0,30.0705,0.25004,7.69007,0,0,427,384
0.304,46,1037,0,30.0696,0.266126,7.68952,0,0,458,667
0.304,47,898,0,30.0713,0.272874,7.68976,0,0,385,549
0.304,48,1343,0,30.0734,0.280897,7.69005,0,0,643,88
0.304,49,708,0,29.9814,-0.0752759,7.67751,0,0,296,676
0.304,50,1285,0,30.0846,0.324483,7.69158,0,0,602,558
0.304,51,311,0,30.0761,0.311266,7.20979,0,0,128,372
0.304,52,637,0,30.077,0.315252,7.20992,0,0,262,206
0.304,53,988,0,30.0485,-0.0659867,7.20883,0,0,428,630
0.304,54,1030,0,30.0797,0.326282,7.21026,0,0,453,646
0.304,55,538,0,29.8817,0.262368,7.17747,0,0,221,486
0.304,56,1164,0,30.072,0.294535,7.20927,0,0,537,300
0.304,57,838,0,30.0798,0.326799,7.21028,0,0,359,565
0.304,58,654,0,30.0795,0.325373,7.21023,0,0,269,106
0.304,59,43,0,30.0566,0.248769,6.72683,0,0,24,559
0.304,60,550,0,29.93,-0.291426,6.71139,0,0,226,578
0.304,61,542,1,30.0715,0.328909,6.7286,0,0,222,547
0.304,62,83,0,30.0752,0.330441,6.72908,0,0,40,530
0.304,63,990,0,29.937,-0.264154,6.71225,0,0,429,486
0.304,64,1284,0,30.068,0.274368,6.72855,0,0,601,482
0.304,65,1138,1,29.9322,0.350019,6.69658,0,0,521,611
0.304,66,945,0,30.0606,0.265683,6.72731,0,0,405,152
0.304,67,660,0,30.0745,0.327273,6.72899,0,0,271,600
0.304,68,177,0,30.0709,0.311438,6.72856,0,0,76,117
0.304,69,428,0,30.068,0.322152,6.24766,0,0,178,576
0.304,70,1188,0,28.0197,-6.99299,6.00974,0,0,553,488
0.304,71,1011,0,30.0575,0.272537,6.24648,0,0,440,382
0.304,72,397,0,30.0692,0.327889,6.24779,0,0,164,577
0.304,73,37,0,30.0699,0.331266,6.24787,0,0,20,488
0.304,74,562,0,29.8356,-0.769864,6.22144,0,0,230,673
0.304,75,1269,0,30.036,0.107781,6.24488,0,0,594,482
0.304,76,394,0,29.6444,-2.5099,6.20764,0,0,163,31
0.304,77,386,0,30.0149,-0.281522,5.76436,0,0,160,483
0.304,78,1352,0,30.0613,0.314613,5.7664,0,0,645,41
0.304,79,81,0,30.0646,0.332092,5.76675,0,0,39,383
0.304,80,549,0,30.0646,0.332092,5.76675,0,0,225,548
0.304,81,1102,0,29.5621,-10,5.2697,0,0,500,285
0.304,82,661,0,30.0289,-0.570287,5.28486,0,0,272,599
0.304,83,625,0,30.0584,0.327485,5.28563,0,0,255,572
0.304,84,784,0,29.9967,-0.0165083,4.79969,0,0,335,630
0.304,85,1423,0,30.0536,0.331191,4.80473,0,0,682,599
0.304,86,1261,0,30.0518,0.320312,4.80458,0,0,587,22
0.304,87,365,0,30.0525,0.324682,4.80464,0,0,151,369
0.304,88,790,0,30.0534,0.329967,4.80472,0,0,337,155
0.304,89,981,0,28.4,-10,4.6592,0,0,426,148
0.304,90,695,0,30.0534,0.330125,4.80472,0,0,290,515
0.304,91,848,1,29.8903,0.357036,4.78896,0,0,364,3
0.304,92,596,0,30.0325,0.223403,4.3226,0,0,244,192
0.304,93,647,0,30.0456,0.313772,4.32366,0,0,265,64
0.304,94,537,0,30.0483,0.332272,4.32388,0,0,220,299
0.304,95,1274,0,30.0163,0.0554169,4.32152,0,0,595,391
0.304,96,830,0,30.048,0.33014,4.32385,0,0,354,18
0.304,97,331,0,28.565,-9.68621,4.20488,0,0,136,631
0.304,98,1246,0,30.0483,0.332033,4.32388,0,0,579,591
0.304,99,579,0,30.043,0.333256,3.84311,0,0,238,3
0.304,100,975,0,30.0426,0.330196,3.84308,0,0,422,683
0.304,101,1170,0,30.0427,0.330756,3.84308,0,0,541,142
0.304,102,1385,0,30.0386,0.29883,3.84279,0,0,660,365
0.304,103,1268,0,30.0429,0.332434,3.8431,0,0,593,101
0.304,104,547,0,30.0392,0.333293,3.84271,0,0,224,296
0.304,105,1046,0,30.0006,0.00690624,3.84004,0,0,464,296
0.304,106,1006,0,30.0369,0.327032,3.36237,0,0,438,233
0.304,107,1240,0,30.0022,-0.027586,3.36026,0,0,576,300
0.304,108,1209,0,29.0696,-6.49813,3.29597,0,0,563,569
0.304,109,605,0,30.0371,0.328327,3.36238,0,0,247,7
0.304,110,34,0,29.8723,-1.08061,3.35168,0,0,19,99
0.304,111,721,0,29.8538,-1.45177,2.87169,0,0,303,483
0.304,112,933,0,30.0307,0.317503,2.88172,0,0,399,622
0.304,113,1052,0,30.0324,0.335095,2.88182,0,0,467,3
0.304,114,392,0,30.0213,0.262624,2.40103,0,0,162,611
0.304,115,1323,0,30.0267,0.332605,2.40129,0,0,626,118
0.304,116,220,0,30.0257,0.319799,2.40124,0,0,92,16
0.304,117,1401,0,30.0269,0.334807,2.40129,0,0,670,229
0.304,118,276,0,30.0272,0.33792,2.40131,0,0,115,677
0.304,119,1031,0,30.0216,0.336389,1.92087,0,0,454,599
0.304,120,328,0,30.0212,0.329593,1.92085,0,0,134,615
0.304,121,584,0,30.0073,0.113458,1.92029,0,0,240,636
0.304,122,1366,0,30.0191,0.297621,1.92077,0,0,651,556
0.304,123,268,0,30.0054,0.112357,1.44017,0,0,111,64
0.304,124,226,0,30.016,0.33184,1.44051,0,0,95,626
0.304,125,1267,0,30.0156,0.324147,1.4405,0,0,592,202
0.304,126,1104,0,30.0158,0.329166,1.44051,0,0,501,447
0.304,127,1406,0,30.0147,0.304775,1.44047,0,0,673,668
0.304,128,66,0,30.0103,0.322897,0.960248,0,0,34,204
0.304,129,1100,1,29.889,0.32503,0.956365,0,0,499,99
0.304,130,320,0,30.005,0.311909,0.48008,0,0,132,630
0.304,131,445,0,30.0051,0.31983,0.480082,0,0,186,125
0.304,132,949,0,30.0044,0.275687,0.480071,0,0,406,204
0.304,133,454,0,30.0053,0.33169,0.480085,0,0,189,263
0.304,134,766,0,30.0031,0.192785,0.480049,0,0,327,99
0.32,0,566,0,30.1119,0.324716,10.0999,0,0,232,680
0.32,1,271,0,30.0851,0.144188,10.0976,0,0,113,488
0.32,2,1256,0,29.9184,-0.244255,10.0657,0,0,585,597
0.32,3,387,0,29.9468,-0.451411,10.0803,0,0,161,155
0.32,4,1050,0,30.1068,0.309911,10.099,0,0,466,408
0.32,5,1067,0,30.1089,0.315941,10.0993,0,0,477,106
0.32,6,33,0,30.1119,0.324716,10.0999,0,0,18,485
0.32,7,847,1,30.0753,-0.0506143,10.0973,0,0,363,676
0.32,8,531,0,30.1119,0.324716,10.0999,0,0,218,532
0.32,9,843,0,29.8324,0.250155,10.0318,0,0,362,483
0.32,10,335,0,30.1094,0.257344,10.0996,0,0,137,680
0.32,11,1233,0,30.1067,0.325529,9.61806,0,0,574,478
0.32,12,1432,1,30.0926,0.327735,9.61344,0,0,689,578
0.32,13,3,0,30.1048,0.319668,9.61774,0,0,2,35
0.32,14,751,0,30.0344,-0.0710158,9.61098,0,0,319,390
0.32,15,1299,0,30.1059,0.323295,9.61794,0,0,610,578
0.32,16,56,0,30.0966,0.294396,9.61636,0,0,30,542
0.32,17,257,0,30.1067,0.325529,9.61806,0,0,107,80
0.32,18,530,0,30.0807,0.202817,9.61513,0,0,217,532
0.32,19,1154,0,29.9396,-10,9.61508,0,0,533,297
0.32,20,1242,0,29.991,-0.255235,9.6028,0,0,577,102
0.32,21,1140,0,30.1055,0.321932,9.61787,0,0,522,680
0.32,22,1187,0,30.1015,0.326344,9.13636,0,0,552,296
0.32,23,75,0,30.0881,0.26321,9.13485,0,0,37,679
0.32,24,140,0,30.1001,0.322013,9.13614,0,0,63,377
0.32,25,786,0,30.1008,0.324075,9.13624,0,0,336,101
0.32,26,571,0,30.1006,0.323521,9.13622,0,0,234,476
0.32,27,330,0,30.0798,0.25692,9.13287,0,0,135,339
0.32,28,449,0,30.0963,0.18683,9.13612,0,0,187,566
0.32,29,1,0,30.0457,0.144684,9.12739,0,0,1,6
0.32,30,544,0,26.9853,-8.41691,8.63401,0,0,223,565
0.32,31,49,0,30.0856,0.215626,9.13469,0,0,28,279
0.32,32,749,0,30.0952,0.323621,8.65457,0,0,318,22
0.32,33,269,0,30.0957,0.32516,8.65464,0,0,112,675
0.32,34,810,0,30.0522,0.175833,8.64802,0,0,345,46
0.32,35,683,2,29.848,0.209714,8.60102,0,0,283,122
0.32,36,1338,1,30.02,0.339027,8.63231,0,0,638,391
0.32,37,1124,0,30.0904,0.307074,8.65384,0,0,511,518
0.32,38,563,0,30.0005,-0.0123083,8.64028,0,0,231,297
0.32,39,561,0,29.7857,-0.652761,8.60604,0,0,229,571
0.32,40,1422,0,30.0905,0.326177,8.17312,0,0,681,675
0.32,41,901,0,30.0873,0.314572,8.17266,0,0,386,126
0.32,42,993,0,27.7476,-4.37648,7.795,0,0,430,675
0.32,43,976,0,30.088,0.317086,8.17276,0,0,423,237
0.32,44,1428,0,28.4625,-8.68325,8.02815,0,0,685,230
0.32,45,986,0,30.0745,0.247978,8.17126,0,0,427,384
0.32,46,1037,0,30.0738,0.265393,8.17071,0,0,458,667
0.32,47,898,0,30.0757,0.272132,8.17097,0,0,385,549
0.32,48,1343,0,30.0779,0.280145,8.17129,0,0,643,88
0.32,49,708,0,29.9802,-0.0756418,8.15719,0,0,296,676
0.32,50,1285,0,30.0898,0.323671,8.17302,0,0,602,558
0.32,51,311,0,30.081,0.310473,7.69109,0,0,128,372
0.32,52,637,0,30.082,0.314454,7.69123,0,0,262,206
0.32,53,988,0,30.0475,-0.0649118,7.68959,0,0,428,630
0.32,54,1030,0,30.0849,0.325467,7.69162,0,0,453,646
0.32,55,538,0,29.8859,0.261752,7.65564,0,0,221,486
0.32,56,1164,0,30.0767,0.293765,7.6905,0,0,537,300
0.32,57,838,0,30.085,0.325983,7.69164,0,0,359,565
0.32,58,654,0,30.0847,0.324559,7.69159,0,0,269,106
0.32,59,43,0,30.0606,0.248163,7.2078,0,0,24,559
0.32,60,550,0,29.9254,-0.288508,7.1902,0,0,226,578
0.32,61,542,1,30.0768,0.328089,7.20983,0,0,222,547
0.32,62,83,0,30.0805,0.329618,7.21036,0,0,40,530
0.32,63,990,0,29.9328,-0.262461,7.19118,0,0,429,486
0.32,64,1284,0,30.0724,0.27369,7.20971,0,0,601,482
0.32,65,1138,1,29.9378,0.349158,7.17558,0,0,521,611
0.32,66,945,0,30.0648,0.264948,7.20835,0,0,405,152
0.32,67,660,0,30.0797,0.326456,7.21027,0,0,271,600
0.32,68,177,0,30.0759,0.310644,7.20977,0,0,76,117
0.32,69,428,0,30.0732,0.321343,6.72883,0,0,178,576
0.32,70,1188,0,27.9197,-6.25568,6.45646,0,0,553,488
0.32,71,1011,0,30.0619,0.271863,6.72747,0,0,440,382
0.32,72,397,0,30.0745,0.32707,6.72898,0,0,164,577
0.32,73,37,0,30.0752,0.330441,6.72908,0,0,20,488
0.32,74,562,0,29.8234,-0.766301,6.69861,0,0,230,673
0.32,75,1269,0,30.0377,0.10733,6.72548,0,0,594,482
0.32,76,394,0,29.6025,-2.61939,6.68128,0,0,163,31
0.32,77,386,0,30.0105,-0.278352,6.24452,0,0,160,483
0.32,78,1352,0,30.0663,0.313814,6.24746,0,0,645,41
0.32,79,81,0,30.0699,0.331266,6.24787,0,0,39,383
0.32,80,549,0,30.0699,0.331266,6.24787,0,0,225,548
0.32,81,1102,0,29.4021,-10,5.74014,0,0,500,285
0.32,82,661,0,30.0198,-0.562896,5.76518,0,0,272,599
0.32,83,625,0,30.0636,0.326666,5.76664,0,0,255,572
0.32,84,784,0,29.9964,-0.0156008,5.27963,0,0,335,630
0.32,85,1423,0,30.0589,0.330366,5.28568,0,0,682,599
0.32,86,1261,0,30.0569,0.319504,5.28549,0,0,587,22
0.32,87,365,0,30.0577,0.323868,5.28556,0,0,151,369
0.32,88,790,0,30.0587,0.329144,5.28566,0,0,337,155
0.32,89,981,0,28.2484,-9.47758,5.11117,0,0,426,148
0.32,90,695,0,30.0587,0.329302,5.28566,0,0,290,515
0.32,91,848,1,29.896,0.356162,5.2673,0,0,364,3
0.32,92,596,0,30.036,0.222904,4.80318,0,0,244,192
0.32,93,647,0,30.0507,0.312973,4.80447,0,0,265,64
0.32,94,537,0,30.0536,0.331445,4.80474,0,0,220,299
0.32,95,1274,0,30.0169,0.0402304,4.80179,0,0,595,391
0.32,96,830,0,30.0533,0.329316,4.80471,0,0,354,18
0.32,97,331,0,28.4276,-8.59118,4.65972,0,0,136,631
0.32,98,1246,0,30.0536,0.331207,4.80473,0,0,579,591
0.32,99,579,0,30.0484,0.332427,4.32388,0,0,238,3
0.32,100,975,0,30.0479,0.329372,4.32385,0,0,422,683
0.32,101,1170,0,30.048,0.329931,4.32385,0,0,541,142
0.32,102,1385,0,30.0434,0.29805,4.32348,0,0,660,365
0.32,103,1268,0,30.0482,0.331606,4.32387,0,0,593,101
0.32,104,547,0,30.0445,0.332464,4.32342,0,0,224,296
0.32,105,1046,0,30.0007,0.00747391,4.32005,0,0,464,296
0.32,106,1006,0,30.0421,0.326212,3.84304,0,0,438,233
0.32,107,1240,0,30.0016,-0.040294,3.84028,0,0,576,300
0.32,108,1209,0,28.973,-6.03648,3.75954,0,0,563,569
0.32,109,605,0,30.0423,0.327506,3.84305,0,0,247,7
0.32,110,34,0,29.7785,-5.85956,3.82814,0,0,19,99
0.32,111,721,0,29.831,-1.42489,3.34898,0,0,303,483
0.32,112,933,0,30.0357,0.316698,3.36229,0,0,399,622
0.32,113,1052,0,30.0377,0.334263,3.36242,0,0,467,3
0.32,114,392,0,30.0255,0.260602,2.88144,0,0,162,611
0.32,115,1323,0,30.032,0.331776,2.8818,0,0,626,118
0.32,116,220,0,30.0308,0.318989,2.88173,0,0,92,16
0.32,117,1401,0,30.0323,0.333975,2.88181,0,0,670,229
0.32,118,276,0,30.0326,0.337082,2.88183,0,0,115,677
0.32,119,1031,0,30.027,0.335554,2.4013,0,0,454,599
0.32,120,328,0,30.0264,0.328769,2.40127,0,0,134,615
0.32,121,584,0,30.0091,0.113272,2.40044,0,0,240,636
0.32,122,1366,0,30.0239,0.296841,2.40115,0,0,651,556
0.32,123,268,0,30.0072,0.112398,1.92029,0,0,111,64
0.32,124,226,0,30.0213,0.331011,1.92085,0,0,95,626
0.32,125,1267,0,30.0208,0.323331,1.92083,0,0,592,202
0.32,126,1104,0,30.0211,0.328342,1.92084,0,0,501,447
0.32,127,1406,0,30.0195,0.303985,1.92078,0,0,673,668
0.32,128,66,0,30.0155,0.322081,1.4405,0,0,34,204
0.32,129,1100,1,29.8942,0.324199,1.43467,0,0,499,99
0.32,130,320,0,30.01,0.311108,0.960239,0,0,132,630
0.32,131,445,0,30.0102,0.319019,0.960245,0,0,186,125
0.32,132,949,0,30.0088,0.274931,0.960212,0,0,406,204
0.32,133,454,0,30.0106,0.330861,0.960255,0,0,189,263
0.32,134,766,0,30.0062,0.192403,0.960148,0,0,327,99
0.32,135,1191,0,29.8623,-8.60718,0.477797,0,0,554,226
0.32,136,940,0,30.0044,0.272966,0.48007,0,0,403,294
0.32,137,682,0,30.0054,0.336684,0.480086,0,0,282,485
0.32,138,60,0,30.0054,0.334519,0.480086,0,0,32,45
0.32,139,469,0,30.0053,0.333927,0.480085,0,0,193,104
0.336,0,566,0,30.1171,0.323904,10.5817,0,0,232,680
0.336,1,271,0,30.0874,0.144034,10.579,0,0,113,488
0.336,2,1256,0,29.9145,-0.244413,10.5443,0,0,585,597
0.336,3,387,0,29.9394,-0.461169,10.5593,0,0,161,155
0.336,4,1050,0,30.1118,0.309123,10.5807,0,0,466,408
0.336,5,1067,0,30.1139,0.315144,10.5811,0,0,477,106
0.336,6,33,0,30.1171,0.323904,10.5817,0,0,18,485
0.336,7,847,1,30.0745,-0.0494787,10.5785,0,0,363,676
0.336,8,531,0,30.1171,0.323904,10.5817,0,0,218,532
0.336,9,843,0,29.8364,0.249592,10.5092,0,0,362,483
0.336,10,335,0,30.1135,0.256718,10.5814,0,0,137,680
0.336,11,1233,0,30.1119,0.324716,10.0999,0,0,574,478
0.336,12,1432,1,30.0978,0.326918,10.095,0,0,689,578
0.336,13,3,0,30.1099,0.318865,10.0995,0,0,2,35
0.336,14,751,0,30.0333,-0.0696948,10.0915,0,0,319,390
0.336,15,1299,1,30.1111,0.322486,10.0997,0,0,610,578
0.336,16,56,0,30.1013,0.293629,10.098,0,0,30,542
0.336,17,257,0,30.1119,0.324716,10.0999,0,0,107,80
0.336,18,530,0,30.0839,0.202396,10.0965,0,0,217,532
0.336,19,1154,1,29.9451,0.344316,10.0942,0,0,533,297
0.336,20,1242,0,29.9867,-0.272131,10.0826,0,0,577,102
0.336,21,1140,0,30.1106,0.321125,10.0996,0,0,522,680
0.336,22,1187,0,30.1067,0.325529,9.61806,0,0,552,296
0.336,23,75,0,30.0923,0.262566,9.61633,0,0,37,679
0.336,24,140,0,30.1053,0.321206,9.61783,0,0,63,377
0.336,25,786,0,30.1059,0.323264,9.61794,0,0,336,101
0.336,26,571,0,30.1058,0.322711,9.61791,0,0,234,476
0.336,27,330,0,30.0839,0.256262,9.61421,0,0,135,339
0.336,28,449,0,30.0992,0.186459,9.61771,0,0,187,566
0.336,29,1,0,30.048,0.144084,9.60816,0,0,1,6
0.336,30,544,0,26.873,-7.01976,9.06397,0,0,223,565
0.336,31,49,0,30.0891,0.215151,9.61611,0,0,28,279
0.336,32,749,0,30.1004,0.322811,9.13618,0,0,318,22
0.336,33,269,0,30.1009,0.324347,9.13626,0,0,112,675
0.336,34,810,0,30.055,0.175199,9.1289,0,0,345,46
0.336,35,683,2,29.8514,0.208999,9.07864,0,0,283,122
0.336,36,1338,1,30.0254,0.338187,9.11272,0,0,638,391
0.336,37,1124,0,30.0953,0.306289,9.13536,0,0,511,518
0.336,38,563,0,30.0002,-0.0137764,9.12029,0,0,231,297
0.336,39,561,0,29.7754,-0.643008,9.08244,0,0,229,571
0.336,40,1422,0,30.0957,0.325363,8.65465,0,0,681,675
0.336,41,901,0,30.0923,0.313776,8.65414,0,0,386,126
0.336,42,993,0,27.6834,-4.01124,8.23793,0,0,430,675
0.336,43,976,0,30.0931,0.316286,8.65425,0,0,423,237
0.336,44,1428,0,28.3383,-7.75717,8.48157,0,0,685,230
0.336,45,986,0,30.0784,0.245853,8.65252,0,0,427,384
0.336,46,1037,0,30.078,0.26466,8.65195,0,0,458,667
0.336,47,898,0,30.08,0.271391,8.65225,0,0,385,549
0.336,48,1343,0,30.0823,0.279395,8.65261,0,0,643,88
0.336,49,708,0,29.979,-0.0760074,8.63685,0,0,296,676
0.336,50,1285,0,30.095,0.32286,8.65454,0,0,602,558
0.336,51,311,0,30.086,0.309682,8.17246,0,0,128,372
0.336,52,637,0,30.0871,0.313657,8.17262,0,0,262,206
0.336,53,988,0,30.0465,-0.0638489,8.17033,0,0,428,630
0.336,54,1030,0,30.0901,0.324653,8.17306,0,0,453,646
0.336,55,538,0,29.8901,0.261138,8.13388,0,0,221,486
0.336,56,1164,0,30.0814,0.292997,8.1718,0,0,537,300
0.336,57,838,0,30.0902,0.325168,8.17308,0,0,359,565
0.336,58,654,0,30.0898,0.323747,8.17302,0,0,269,106
0.336,59,43,0,30.0645,0.247559,7.68883,0,0,24,559
0.336,60,550,0,29.9208,-0.285615,7.66893,0,0,226,578
0.336,61,542,1,30.082,0.32727,7.69114,0,0,222,547
0.336,62,83,0,30.0858,0.328797,7.69174,0,0,40,530
0.336,63,990,0,29.9286,-0.260776,7.67004,0,0,429,486
0.336,64,1284,0,30.0767,0.273014,7.69094,0,0,601,482
0.336,65,1138,1,29.9434,0.348298,7.65468,0,0,521,611
0.336,66,945,0,30.0691,0.264215,7.68946,0,0,405,152
0.336,67,660,0,30.0849,0.32564,7.69163,0,0,271,600
0.336,68,177,0,30.0809,0.309852,7.69107,0,0,76,117
0.336,69,428,0,30.0783,0.320535,7.21008,0,0,178,576
0.336,70,1188,0,27.8296,-5.62581,6.90173,0,0,553,488
0.336,71,1011,0,30.0662,0.266822,7.20853,0,0,440,382
0.336,72,397,0,30.0797,0.326253,7.21026,0,0,164,577
0.336,73,37,0,30.0805,0.329618,7.21036,0,0,20,488
0.336,74,562,0,29.8112,-0.762706,7.17559,0,0,230,673
0.336,75,1269,0,30.0394,0.106883,7.20611,0,0,594,482
0.336,76,394,0,29.559,-2.72016,7.15422,0,0,163,31
0.336,77,386,0,30.006,-0.275218,6.72462,0,0,160,483
0.336,78,1352,0,30.0713,0.313017,6.7286,0,0,645,41
0.336,79,81,0,30.06,-0.619467,6.72883,0,0,39,383
0.336,80,549,0,30.0752,0.330441,6.72908,0,0,225,548
0.336,81,1102,0,29.2421,-10,6.20801,0,0,500,285
0.336,82,661,0,30.011,-0.555597,6.24535,0,0,272,599
0.336,83,625,0,30.0688,0.325849,6.24775,0,0,255,572
0.336,84,784,0,29.9962,-0.0146998,5.75957,0,0,335,630
0.336,85,1423,0,30.0641,0.329543,5.7667,0,0,682,599
0.336,86,1261,0,30.062,0.318698,5.76648,0,0,587,22
0.336,87,365,0,30.0629,0.323055,5.76657,0,0,151,369
0.336,88,790,0,30.0639,0.328323,5.76668,0,0,337,155
0.336,89,981,0,28.1154,-8.31174,5.56102,0,0,426,148
0.336,90,695,0,30.0639,0.328481,5.76668,0,0,290,515
0.336,91,848,1,29.9017,0.355289,5.74573,0,0,364,3
0.336,92,596,0,30.0396,0.222406,5.28381,0,0,244,192
0.336,93,647,0,30.0556,0.312175,5.28537,0,0,265,64
0.336,94,537,0,30.0576,0.250351,5.28566,0,0,220,299
0.336,95,1274,0,30.0174,0.0264476,5.28207,0,0,595,391
0.336,96,830,0,30.0585,0.328494,5.28564,0,0,354,18
0.336,97,331,0,28.3048,-7.67212,5.1126,0,0,136,631
0.336,98,1246,0,30.0589,0.330382,5.28568,0,0,579,591
0.336,99,579,0,30.0537,0.3316,4.80474,0,0,238,3
0.336,100,975,0,30.0532,0.328549,4.8047,0,0,422,683
0.336,101,1170,0,30.0533,0.329108,4.8047,0,0,541,142
0.336,102,1385,0,30.0481,0.297273,4.80425,0,0,660,365
0.336,103,1268,0,30.0535,0.33078,4.80473,0,0,593,101
0.336,104,547,0,30.045,0.0343117,4.80414,0,0,224,296
0.336,105,1046,0,30.0009,0.00803697,4.80006,0,0,464,296
0.336,106,1006,0,30.0473,0.325395,4.3238,0,0,438,233
0.336,107,1240,0,30.0007,-0.0518067,4.32029,0,0,576,300
0.336,108,1209,0,28.8831,-5.62094,4.22166,0,0,563,569
0.336,109,605,0,30.0475,0.326687,4.32381,0,0,247,7
0.336,110,34,0,29.6837,-5.92673,4.30308,0,0,19,99
0.336,111,721,0,29.8087,-1.39861,3.82592,0,0,303,483
0.336,112,933,0,30.0408,0.315893,3.84295,0,0,399,622
0.336,113,1052,0,30.0431,0.333432,3.84311,0,0,467,3
0.336,114,392,0,30.0296,0.258519,3.36191,0,0,162,611
0.336,115,1323,0,30.0373,0.330949,3.3624,0,0,626,118
0.336,116,220,0,30.0359,0.318181,3.3623,0,0,92,16
0.336,117,1401,0,30.0376,0.333144,3.36241,0,0,670,229
0.336,118,276,0,30.0379,0.336246,3.36243,0,0,115,677
0.336,119,1031,0,30.0323,0.334721,2.88181,0,0,454,599
0.336,120,328,0,30.0317,0.327946,2.88178,0,0,134,615
0.336,121,584,0,30.0109,0.113087,2.88061,0,0,240,636
0.336,122,1366,0,30.0286,0.296062,2.88161,0,0,651,556
0.336,123,268,0,30.009,0.112438,2.40043,0,0,111,64
0.336,124,226,0,30.0266,0.330185,2.40128,0,0,95,626
0.336,125,1267,0,30.0259,0.322516,2.40125,0,0,592,202
0.336,126,1104,0,30.0263,0.32752,2.40127,0,0,501,447
0.336,127,1406,0,30.0244,0.303196,2.40117,0,0,673,668
0.336,128,66,0,30.0123,-0.199905,1.92069,0,0,34,204
0.336,129,1100,1,29.8994,0.32337,1.91306,0,0,499,99
0.336,130,320,0,30.0149,0.310309,1.44048,0,0,132,630
0.336,131,445,0,30.0153,0.318209,1.44049,0,0,186,125
0.336,132,949,0,30.0132,0.274177,1.44042,0,0,406,204
0.336,133,454,0,30.0159,0.330035,1.44051,0,0,189,263
0.336,134,766,0,30.0092,0.192022,1.4403,0,0,327,99
0.336,135,1191,1,29.8662,0.245873,0.955656,0,0,554,226
0.336,136,940,0,30.0087,0.272214,0.960209,0,0,403,294
0.336,137,682,0,30.0108,0.335848,0.960258,0,0,282,485
0.336,138,60,0,30.0107,0.333686,0.960257,0,0,32,45
0.336,139,469,0,30.0107,0.333095,0.960256,0,0,193,104
0.336,140,73,0,30.0053,0.328515,0.480084,0,0,36,636
0.336,141,535,0,30.0055,0.341286,0.480087,0,0,219,531
0.336,142,530,0,29.84,-10,0.47744,0,0,217,481
0.336,143,11,0,30.0054,0.339112,0.480087,0,0,8,19
0.336,144,764,0,30.0053,0.332434,0.480085,0,0,325,307
0.336,145,553,0,30.0024,0.152497,0.480039,0,0,227,341
0.336,146,1299,0,29.84,-10,0.47744,0,0,610,31
0.336,147,126,0,30.0053,0.333457,0.480085,0,0,56,548
0.352,0,566,0,30.1222,0.323094,11.0637,0,0,232,680
0.352,1,271,0,30.0897,0.143509,11.0605,0,0,113,488
0.352,2,1256,0,29.9106,-0.244571,11.0229,0,0,585,597
0.352,3,387,0,29.9318,-0.47145,11.0382,0,0,161,155
0.352,4,1050,0,30.1167,0.308336,11.0626,0,0,466,408
0.352,5,1067,0,30.1189,0.314348,11.063,0,0,477,106
0.352,6,33,0,30.1222,0.323094,11.0637,0,0,18,485
0.352,7,847,1,30.0737,-0.0483522,11.0596,0,0,363,676
0.352,8,531,0,30.1222,0.323094,11.0637,0,0,218,532
0.352,9,843,0,29.8404,0.24903,10.9867,0,0,362,483
0.352,10,335,0,30.1176,0.256093,11.0633,0,0,137,680
0.352,11,1233,0,30.1171,0.323904,10.5817,0,0,574,478
0.352,12,1432,1,30.103,0.326102,10.5767,0,0,689,578
0.352,13,3,0,30.115,0.318063,10.5813,0,0,2,35
0.352,14,751,0,30.0322,-0.0683842,10.572,0,0,319,390
0.352,15,1299,1,30.1163,0.321679,10.5816,0,0,610,578
0.352,16,56,0,30.106,0.292864,10.5797,0,0,30,542
0.352,17,257,0,30.1171,0.323904,10.5817,0,0,107,80
0.352,18,530,0,30.0871,0.201158,10.5779,0,0,217,532
0.352,19,1154,1,29.9506,0.343464,10.5734,0,0,533,297
0.352,20,1242,0,29.9821,-0.287346,10.5623,0,0,577,102
0.352,21,1140,0,30.1158,0.32032,10.5815,0,0,522,680
0.352,22,1187,0,30.1119,0.324716,10.0999,0,0,552,296
0.352,23,75,0,30.0965,0.261503,10.0979,0,0,37,679
0.352,24,140,0,30.1104,0.3204,10.0996,0,0,63,377
0.352,25,786,0,30.1111,0.322455,10.0997,0,0,336,101
0.352,26,571,0,30.1109,0.321903,10.0997,0,0,234,476
0.352,27,330,1,30.0892,0.328263,10.0956,0,0,135,339
0.352,28,449,0,30.1022,0.186087,10.0993,0,0,187,566
0.352,29,1,0,30.0503,0.143484,10.089,0,0,1,6
0.352,30,544,0,26.778,-5.93891,9.49242,0,0,223,565
0.352,31,49,0,30.0925,0.214677,10.0976,0,0,28,279
0.352,32,749,0,30.1055,0.322002,9.61787,0,0,318,22
0.352,33,269,0,30.106,0.323536,9.61796,0,0,112,675
0.352,34,810,0,30.0578,0.174567,9.60982,0,0,345,46
0.352,35,683,2,29.8547,0.208286,9.55631,0,0,283,122
0.352,36,1338,1,29.8654,-10,9.59057,0,0,638,391
0.352,37,1124,0,30.1002,0.305505,9.61697,0,0,511,518
0.352,38,563,0,30,-0.0152183,9.60029,0,0,231,297
0.352,39,561,0,29.7653,-0.633399,9.55869,0,0,229,571
0.352,40,1422,0,30.1009,0.324549,9.13626,0,0,681,675
0.352,41,901,0,30.0973,0.312981,9.13569,0,0,386,126
0.352,42,993,0,27.6245,-3.68658,8.67992,0,0,430,675
0.352,43,976,0,30.0981,0.315487,9.13582,0,0,423,237
0.352,44,1428,0,28.2268,-6.97021,8.93319,0,0,685,230
0.352,45,986,0,30.0823,0.243666,9.13383,0,0,427,384
0.352,46,1037,0,30.0823,0.263929,9.13327,0,0,458,667
0.352,47,898,0,30.0843,0.270652,9.1336,0,0,385,549
0.352,48,1343,0,30.0868,0.278646,9.134,0,0,643,88
0.352,49,708,0,29.9778,-0.0763728,9.1165,0,0,296,676
0.352,50,1285,0,30.1001,0.322051,9.13614,0,0,602,558
0.352,51,311,0,30.0909,0.308892,8.65392,0,0,128,372
0.352,52,637,0,30.0921,0.312862,8.6541,0,0,262,206
0.352,53,988,0,30.0455,-0.0627981,8.65106,0,0,428,630
0.352,54,1030,0,30.0953,0.323841,8.65458,0,0,453,646
0.352,55,538,0,29.8943,0.26032,8.61219,0,0,221,486
0.352,56,1164,0,30.0861,0.29223,8.65318,0,0,537,300
0.352,57,838,0,30.0923,0.126508,8.65456,0,0,359,565
0.352,58,654,0,30.095,0.322936,8.65454,0,0,269,106
0.352,59,43,0,30.0685,0.246957,8.16993,0,0,24,559
0.352,60,550,0,29.9163,-0.282749,8.14759,0,0,226,578
0.352,61,542,1,30.0872,0.326453,8.17254,0,0,222,547
0.352,62,83,0,30.091,0.327978,8.17319,0,0,40,530
0.352,63,990,0,29.9245,-0.259099,8.14883,0,0,429,486
0.352,64,1284,0,30.0811,0.272339,8.17224,0,0,601,482
0.352,65,1138,1,29.8014,-8.87356,8.1315,0,0,521,611
0.352,66,945,0,30.0733,0.263483,8.17063,0,0,405,152
0.352,67,660,0,30.0901,0.324826,8.17307,0,0,271,600
0.352,68,177,0,30.0858,0.309062,8.17244,0,0,76,117
0.352,69,428,0,30.0834,0.319728,7.69142,0,0,178,576
0.352,70,1188,0,27.7483,-5.08289,7.3457,0,0,553,488
0.352,71,1011,0,30.0714,0.32662,7.68967,0,0,440,382
0.352,72,397,0,30.0849,0.325438,7.69162,0,0,164,577
0.352,73,37,0,30.0858,0.328797,7.69174,0,0,20,488
0.352,74,562,0,29.799,-0.75908,7.65238,0,0,230,673
0.352,75,1269,0,30.0411,0.106437,7.68677,0,0,594,482
0.352,76,394,0,29.5141,-2.80106,7.62645,0,0,163,31
0.352,77,386,0,30.0017,-0.272119,7.20465,0,0,160,483
0.352,78,1352,0,30.0763,0.312221,7.20982,0,0,645,41
0.352,79,81,0,30.0503,-0.611245,7.20964,0,0,39,383
0.352,80,549,0,30.0805,0.329618,7.21036,0,0,225,548
0.352,81,1102,0,29.0821,-10,6.67333,0,0,500,285
0.352,82,661,0,30.0021,-0.551554,6.72539,0,0,272,599
0.352,83,625,0,30.074,0.325034,6.72893,0,0,255,572
0.352,84,784,0,29.996,-0.0138066,6.23951,0,0,335,630
0.352,85,1423,0,30.0694,0.328722,6.24781,0,0,682,599
0.352,86,1261,0,30.0671,0.317893,6.24756,0,0,587,22
0.352,87,365,0,30.068,0.322243,6.24766,0,0,151,369
0.352,88,790,0,30.0692,0.327503,6.24778,0,0,337,155
0.352,89,981,0,27.9978,-7.34732,6.00899,0,0,426,148
0.352,90,695,0,30.0692,0.327661,6.24779,0,0,290,515
0.352,91,848,1,29.9074,0.354418,6.22425,0,0,364,3
0.352,92,596,0,30.0431,0.221908,5.7645,0,0,244,192
0.352,93,647,0,30.0606,0.311379,5.76634,0,0,265,64
0.352,94,537,0,30.0616,0.249757,5.76664,0,0,220,299
0.352,95,1274,0,30.0176,0.0138946,5.76235,0,0,595,391
0.352,96,830,0,30.0638,0.327674,5.76666,0,0,354,18
0.352,97,331,0,28.1448,-10,5.56292,0,0,136,631
0.352,98,1246,0,30.0641,0.329559,5.7667,0,0,579,591
0.352,99,579,0,30.059,0.330775,5.28568,0,0,238,3
0.352,100,975,0,30.0584,0.327729,5.28563,0,0,422,683
0.352,101,1170,0,30.0585,0.328287,5.28564,0,0,541,142
0.352,102,1385,0,30.0529,0.296496,5.2851,0,0,660,365
0.352,103,1268,0,30.0588,0.329956,5.28567,0,0,593,101
0.352,104,547,1,30.0473,0.138324,5.2849,0,0,224,296
0.352,105,1046,0,29.9995,-0.0826343,5.28006,0,0,464,296
0.352,106,1006,0,30.0525,0.324579,4.80464,0,0,438,233
0.352,107,1240,0,29.9997,-0.0622685,4.80029,0,0,576,300
0.352,108,1209,0,28.7991,-5.24538,4.68245,0,0,563,569
0.352,109,605,0,30.0527,0.325869,4.80466,0,0,247,7
0.352,110,34,0,29.6694,-0.89309,4.77779,0,0,19,99
0.352,111,721,0,29.7867,-1.37291,4.30251,0,0,303,483
0.352,112,933,0,30.0458,0.315091,4.32368,0,0,399,622
0.352,113,1052,0,30.0484,0.332603,4.32388,0,0,467,3
0.352,114,392,0,30.0337,0.256378,3.84245,0,0,162,611
0.352,115,1323,0,30.0426,0.330124,3.84308,0,0,626,118
0.352,116,220,0,30.041,0.317375,3.84296,0,0,92,16
0.352,117,1401,0,30.0429,0.332315,3.8431,0,0,670,229
0.352,118,276,0,30.0433,0.335412,3.84313,0,0,115,677
0.352,119,1031,0,30.0377,0.333889,3.36242,0,0,454,599
0.352,120,328,0,30.0369,0.327125,3.36237,0,0,134,615
0.352,121,584,0,30.0127,0.112901,3.36081,0,0,240,636
0.352,122,1366,0,30.0333,0.295284,3.36214,0,0,651,556
0.352,123,268,0,30.0108,0.112476,2.8806,0,0,111,64
0.352,124,226,0,30.0318,0.32936,2.88179,0,0,95,626
0.352,125,1267,0,30.0311,0.321702,2.88174,0,0,592,202
0.352,126,1104,0,30.0316,0.326699,2.88177,0,0,501,447
0.352,127,1406,0,30.0292,0.302409,2.88164,0,0,673,668
0.352,128,66,0,30.0091,-0.197372,2.40084,0,0,34,204
0.352,129,1100,1,29.9045,0.322542,2.39154,0,0,499,99
0.352,130,320,0,30.0199,0.309512,1.9208,0,0,132,630
0.352,131,445,0,30.0204,0.317401,1.92082,0,0,186,125
0.352,132,949,0,30.0176,0.273425,1.9207,0,0,406,204
0.352,133,454,0,30.0211,0.329209,1.92085,0,0,189,263
0.352,134,766,0,30.0123,0.191641,1.92049,0,0,327,99
0.352,135,1191,1,29.8701,0.245126,1.43358,0,0,554,226
0.352,136,940,0,30.0131,0.271464,1.44042,0,0,403,294
0.352,137,682,0,30.0161,0.335014,1.44052,0,0,282,485
0.352,138,60,0,30.016,0.332855,1.44051,0,0,32,45
0.352,139,469,0,30.016,0.332265,1.44051,0,0,193,104
0.352,140,73,0,30.0105,0.327691,0.960252,0,0,36,636
0.352,141,535,0,30.0109,0.340442,0.960262,0,0,219,531
0.352,142,530,0,29.68,-10,0.95232,0,0,217,481
0.352,143,11,0,30.0108,0.338272,0.96026,0,0,8,19
0.352,144,764,0,30.0106,0.331604,0.960255,0,0,325,307
0.352,145,553,0,30.0049,0.152327,0.960117,0,0,227,341
0.352,146,1299,0,29.8458,0.362571,0.954973,0,0,610,31
0.352,147,126,0,30.0107,0.332625,0.960256,0,0,56,548
0.352,148,531,0,29.84,-10,0.47744,0,0,218,476
0.352,149,854,0,30.0053,0.331163,0.480085,0,0,366,395
0.352,150,330,0,29.84,-10,0.47744,0,0,135,101
0.352,151,1337,0,30.0055,0.341286,0.480087,0,0,637,97
0.352,152,297,0,30.0052,0.323841,0.480083,0,0,123,471
0.368,0,566,1,30.1274,0.322286,11.5457,0,0,232,680
0.368,1,271,0,30.0949,0.325265,11.542,0,0,113,488
0.368,2,1256,0,29.9067,-0.244732,11.5014,0,0,585,597
0.368,3,387,0,29.9241,-0.482157,11.517,0,0,161,155
0.368,4,1050,0,30.1216,0.307551,11.5446,0,0,466,408
0.368,5,1067,0,30.124,0.313554,11.545,0,0,477,106
0.368,6,33,0,30.1274,0.322286,11.5457,0,0,18,485
0.368,7,847,1,30.073,-0.0472342,11.5408,0,0,363,676
0.368,8,531,0,30.1274,0.322286,11.5457,0,0,218,532
0.368,9,843,0,29.8443,0.24847,11.4642,0,0,362,483
0.368,10,335,0,30.1217,0.25547,11.5452,0,0,137,680
0.368,11,1233,0,30.1222,0.323094,11.0637,0,0,574,478
0.368,12,1432,1,30.1082,0.325287,11.0584,0,0,689,578
0.368,13,3,0,30.12,0.317263,11.0633,0,0,2,35
0.368,14,751,0,30.0311,-0.0670843,11.0525,0,0,319,390
0.368,15,1299,1,30.1214,0.320873,11.0635,0,0,610,578
0.368,16,56,0,30.1106,0.2921,11.0614,0,0,30,542
0.368,17,257,0,30.1222,0.323094,11.0637,0,0,107,80
0.368,18,530,0,30.0903,0.199929,11.0593,0,0,217,532
0.368,19,1154,1,29.9561,0.342614,11.0527,0,0,533,297
0.368,20,1242,0,29.9773,-0.301074,11.0419,0,0,577,102
0.368,21,1140,0,29.9558,-10,11.0608,0,0,522,680
0.368,22,1187,0,30.1171,0.323904,10.5817,0,0,552,296
0.368,23,75,0,30.1007,0.260446,10.5795,0,0,37,679
0.368,24,140,0,30.1155,0.319596,10.5814,0,0,63,377
0.368,25,786,0,30.1162,0.321647,10.5816,0,0,336,101
0.368,26,571,0,30.116,0.321097,10.5815,0,0,234,476
0.368,27,330,1,30.0944,0.327444,10.5771,0,0,135,339
0.368,28,449,0,30.1052,0.185717,10.581,0,0,187,566
0.368,29,1,0,30.0525,0.142886,10.5698,0,0,1,6
0.368,30,544,0,26.6967,-5.0831,9.91957,0,0,223,565
0.368,31,49,0,30.0959,0.214203,10.5791,0,0,28,279
0.368,32,749,0,30.1107,0.321195,10.0996,0,0,318,22
0.368,33,269,0,30.1112,0.322726,10.0997,0,0,112,675
0.368,34,810,0,30.0606,0.173937,10.0908,0,0,345,46
0.368,35,683,2,29.858,0.207574,10.034,0,0,283,122
0.368,36,1338,0,29.8005,-4.0598,10.0674,0,0,638,391
0.368,37,1124,0,30.105,0.304723,10.0986,0,0,511,518
0.368,38,563,0,29.9997,-0.0166348,10.0803,0,0,231,297
0.368,39,561,0,29.7442,-1.317,10.0346,0,0,229,571
0.368,40,1422,0,30.1061,0.323738,9.61796,0,0,681,675
0.368,41,901,0,30.1023,0.312188,9.61733,0,0,386,126
0.368,42,993,0,27.4645,-10,9.11936,0,0,430,675
0.368,43,976,0,30.1032,0.31469,9.61747,0,0,423,237
0.368,44,1428,0,28.1261,-6.29495,9.38321,0,0,685,230
0.368,45,986,0,30.0862,0.241427,9.61521,0,0,427,384
0.368,46,1037,0,30.0865,0.2632,9.61465,0,0,458,667
0.368,47,898,0,30.0886,0.269915,9.61502,0,0,385,549
0.368,48,1343,0,30.0912,0.277899,9.61546,0,0,643,88
0.368,49,708,0,29.9766,-0.0767382,9.59612,0,0,296,676
0.368,50,1285,0,30.1053,0.321244,9.61783,0,0,602,558
0.368,51,311,0,30.0958,0.308105,9.13545,0,0,128,372
0.368,52,637,0,30.0971,0.312068,9.13565,0,0,262,206
0.368,53,988,0,30.0445,-0.061759,9.13177,0,0,428,630
0.368,54,1030,0,30.1004,0.32303,9.13619,0,0,453,646
0.368,55,538,0,29.9,0.355454,9.09059,0,0,221,486
0.368,56,1164,0,30.0907,0.291465,9.13463,0,0,537,300
0.368,57,838,0,30.0943,0.126427,9.13607,0,0,359,565
0.368,58,654,0,30.1002,0.322127,9.13615,0,0,269,106
0.368,59,43,0,30.0724,0.246355,8.65109,0,0,24,559
0.368,60,550,0,29.9118,-0.279908,8.62618,0,0,226,578
0.368,61,542,1,30.0891,0.11734,8.65396,0,0,222,547
0.368,62,83,0,30.0963,0.32716,8.65473,0,0,40,530
0.368,63,990,0,29.9203,-0.257431,8.62755,0,0,429,486
0.368,64,1284,0,30.0854,0.271665,8.6536,0,0,601,482
0.368,65,1138,0,29.7275,-4.61788,8.60714,0,0,521,611
0.368,66,945,0,30.0775,0.262753,8.65187,0,0,405,152
0.368,67,660,0,30.0953,0.324013,8.65459,0,0,271,600
0.368,68,177,0,30.0907,0.308274,8.65389,0,0,76,117
0.368,69,428,0,30.0885,0.318924,8.17283,0,0,178,576
0.368,70,1188,0,27.6745,-4.6112,7.7885,0,0,553,488
0.368,71,1011,0,30.0766,0.325803,8.17089,0,0,440,382
0.368,72,397,0,30.0901,0.324624,8.17306,0,0,164,577
0.368,73,37,0,30.091,0.327978,8.17319,0,0,20,488
0.368,74,562,0,29.7869,-0.755423,8.12897,0,0,230,673
0.368,75,1269,0,30.0428,0.105854,8.16745,0,0,594,482
0.368,76,394,0,29.4683,-2.86507,8.09794,0,0,163,31
0.368,77,386,0,29.9974,-0.269054,7.68461,0,0,160,483
0.368,78,1352,0,30.0813,0.311427,7.69112,0,0,645,41
0.368,79,81,0,30.0406,-0.603129,7.69029,0,0,39,383
0.368,80,549,0,30.0858,0.328797,7.69174,0,0,225,548
0.368,81,1102,0,28.9221,-10,7.13608,0,0,500,285
0.368,82,661,0,29.9934,-0.547538,7.20528,0,0,272,599
0.368,83,625,0,30.0792,0.32422,7.2102,0,0,255,572
0.368,84,784,0,29.9958,-0.0129202,6.71944,0,0,335,630
0.368,85,1423,0,30.0747,0.327902,6.72901,0,0,682,599
0.368,86,1261,0,30.0722,0.31709,6.72871,0,0,587,22
0.368,87,365,0,30.0732,0.321434,6.72883,0,0,151,369
0.368,88,790,0,30.0744,0.326685,6.72897,0,0,337,155
0.368,89,981,0,27.8932,-6.53898,6.45528,0,0,426,148
0.368,90,695,0,30.0744,0.326842,6.72898,0,0,290,515
0.368,91,848,1,29.913,0.353549,6.70285,0,0,364,3
0.368,92,596,0,30.0467,0.221412,6.24525,0,0,244,192
0.368,93,647,0,30.0656,0.310585,6.24738,0,0,265,64
0.368,94,537,0,30.0656,0.249165,6.24769,0,0,220,299
0.368,95,1274,0,30.0175,-0.00272222,6.24263,0,0,595,391
0.368,96,830,0,30.069,0.326855,6.24777,0,0,354,18
0.368,97,331,0,27.9848,-10,6.01067,0,0,136,631
0.368,98,1246,0,30.0694,0.328737,6.24781,0,0,579,591
0.368,99,579,0,30.0642,0.32995,5.76671,0,0,238,3
0.368,100,975,0,30.0636,0.32691,5.76665,0,0,422,683
0.368,101,1170,0,30.0637,0.327467,5.76666,0,0,541,142
0.368,102,1385,0,30.0576,0.295721,5.76602,0,0,660,365
0.368,103,1268,0,30.0641,0.329134,5.76669,0,0,593,101
0.368,104,547,1,30.0495,0.137704,5.76569,0,0,224,296
0.368,105,1046,0,29.9978,-0.111511,5.76002,0,0,464,296
0.368,106,1006,0,30.0577,0.323764,5.28556,0,0,438,233
0.368,107,1240,0,29.9986,-0.0718011,5.28027,0,0,576,300
0.368,108,1209,0,28.7207,-4.90467,5.14198,0,0,563,569
0.368,109,605,0,30.0579,0.325052,5.28558,0,0,247,7
0.368,110,34,0,29.6554,-0.87772,5.25228,0,0,19,99
0.368,111,721,0,29.7651,-1.34778,4.77875,0,0,303,483
0.368,112,933,0,30.0509,0.31429,4.80449,0,0,399,622
0.368,113,1052,0,30.0537,0.331776,4.80474,0,0,467,3
0.368,114,392,0,30.0378,0.254188,4.32305,0,0,162,611
0.368,115,1323,0,30.0479,0.329301,4.32384,0,0,626,118
0.368,116,220,0,30.0461,0.31657,4.3237,0,0,92,16
0.368,117,1401,0,30.0482,0.331488,4.32387,0,0,670,229
0.368,118,276,0,30.0487,0.33458,4.32391,0,0,115,677
0.368,119,1031,0,30.043,0.333059,3.84311,0,0,454,599
0.368,120,328,0,30.0421,0.326306,3.84304,0,0,134,615
0.368,121,584,0,30.0145,0.112717,3.84104,0,0,240,636
0.368,122,1366,0,30.038,0.294509,3.84275,0,0,651,556
0.368,123,268,0,30.0126,0.112512,3.36081,0,0,111,64
0.368,124,226,0,30.0371,0.328537,3.36238,0,0,95,626
0.368,125,1267,0,30.0362,0.320891,3.36232,0,0,592,202
0.368,126,1104,0,30.0368,0.32588,3.36236,0,0,501,447
0.368,127,1406,0,30.034,0.301623,3.36218,0,0,673,668
0.368,128,66,0,30.006,-0.194861,2.88094,0,0,34,204
0.368,129,1100,1,29.9097,0.321716,2.87009,0,0,499,99
0.368,130,320,0,30.0248,0.308716,2.40119,0,0,132,630
0.368,131,445,0,30.0255,0.316594,2.40122,0,0,186,125
0.368,132,949,0,30.0219,0.272674,2.40105,0,0,406,204
0.368,133,454,0,30.0264,0.328385,2.40127,0,0,189,263
0.368,134,766,0,30.0154,0.19126,2.40074,0,0,327,99
0.368,135,1191,1,29.8741,0.244381,1.91156,0,0,554,226
0.368,136,940,0,30.0174,0.270714,1.9207,0,0,403,294
0.368,137,682,0,30.0215,0.334181,1.92086,0,0,282,485
0.368,138,60,0,30.0213,0.332026,1.92085,0,0,32,45
0.368,139,469,0,30.0213,0.331436,1.92085,0,0,193,104
0.368,140,73,0,30.0157,0.326868,1.4405,0,0,36,636
0.368,141,535,0,30.0163,0.339599,1.44052,0,0,219,531
0.368,142,530,0,29.52,-10,1.42464,0,0,217,481
0.368,143,11,0,30.0162,0.337433,1.44052,0,0,8,19
0.368,144,764,0,30.0159,0.330776,1.44051,0,0,325,307
0.368,145,553,0,30.0073,0.152156,1.44023,0,0,227,341
0.368,146,1299,0,29.8516,0.361686,1.4326,0,0,610,31
0.368,147,126,0,30.016,0.331796,1.44051,0,0,56,548
0.368,148,531,0,29.68,-10,0.95232,0,0,218,476
0.368,149,854,0,30.0106,0.330335,0.960254,0,0,366,395
0.368,150,330,0,29.8449,0.307096,0.954959,0,0,135,101
0.368,151,1337,0,30.0109,0.340442,0.960262,0,0,637,97
0.368,152,297,0,30.0104,0.323024,0.960249,0,0,123,471
0.368,153,1294,0,30.0048,0.297427,0.480076,0,0,607,22
0.368,154,566,0,29.84,-10,0.47744,0,0,232,566
0.368,155,1167,0,30.0054,0.338193,0.480087,0,0,539,479
0.368,156,1282,0,30.0055,0.341286,0.480087,0,0,600,338
0.368,157,362,0,30.0052,0.326791,0.480084,0,0,149,83
0.368,158,775,0,29.9537,-2.89139,0.47926,0,0,331,133
0.368,159,749,0,29.84,-10,0.47744,0,0,318,299
0.384,0,566,1,30.1325,0.321479,12.0278,0,0,232,680
0.384,1,271,0,30.1001,0.324452,12.0236,0,0,113,488
0.384,2,1256,0,29.9028,-0.244893,11.9798,0,0,585,597
0.384,3,387,0,29.9162,-0.493205,11.9957,0,0,161,155
0.384,4,1050,0,30.1265,0.306768,12.0266,0,0,466,408
0.384,5,1067,0,30.129,0.312762,12.0271,0,0,477,106
0.384,6,33,1,30.1325,0.321479,12.0278,0,0,18,485
0.384,7,847,1,30.0722,-0.046125,12.022,0,0,363,676
0.384,8,531,0,30.1325,0.321479,12.0278,0,0,218,532
0.384,9,843,0,29.8483,0.24791,11.9417,0,0,362,483
0.384,10,335,0,30.1258,0.254847,12.0272,0,0,137,680
0.384,11,1233,0,30.1274,0.322286,11.5457,0,0,574,478
0.384,12,1432,1,30.0986,-0.600917,11.54,0,0,689,578
0.384,13,3,0,29.96,-10,11.5426,0,0,2,35
0.384,14,751,0,30.0301,-0.0657949,11.533,0,0,319,390
0.384,15,1299,1,30.1265,0.320068,11.5455,0,0,610,578
0.384,16,56,0,30.1153,0.291338,11.5433,0,0,30,542
0.384,17,257,0,30.1274,0.322286,11.5457,0,0,107,80
0.384,18,530,0,30.0935,0.198709,11.5408,0,0,217,532
0.384,19,1154,1,29.9615,0.341766,11.5321,0,0,533,297
0.384,20,1242,0,29.9722,-0.313481,11.5215,0,0,577,102
0.384,21,1140,0,29.7958,-10,11.5375,0,0,522,680
0.384,22,1187,0,30.1222,0.323094,11.0637,0,0,552,296
0.384,23,75,0,30.1048,0.259393,11.0612,0,0,37,679
0.384,24,140,0,30.1206,0.318793,11.0634,0,0,63,377
0.384,25,786,0,30.1214,0.320841,11.0635,0,0,336,101
0.384,26,571,0,30.1212,0.320291,11.0635,0,0,234,476
0.384,27,330,1,30.0997,0.326627,11.0587,0,0,135,339
0.384,28,449,0,30.1082,0.185347,11.0628,0,0,187,566
0.384,29,1,0,30.0548,0.142289,11.0507,0,0,1,6
0.384,30,544,0,26.6264,-4.39236,10.3456,0,0,223,565
0.384,31,49,0,30.0993,0.21373,11.0607,0,0,28,279
0.384,32,749,0,30.1158,0.32039,10.5815,0,0,318,22
0.384,33,269,0,30.1163,0.321918,10.5816,0,0,112,675
0.384,34,810,0,30.0634,0.173307,10.5718,0,0,345,46
0.384,35,683,2,29.8613,0.206864,10.5118,0,0,283,122
0.384,36,1338,0,29.6405,-10,10.5416,0,0,638,391
0.384,37,1124,0,30.1099,0.303943,10.5804,0,0,511,518
0.384,38,563,0,29.9994,-0.0196409,10.5603,0,0,231,297
0.384,39,561,0,29.7215,-1.41828,10.5101,0,0,229,571
0.384,40,1422,0,30.1113,0.322928,10.0997,0,0,681,675
0.384,41,901,0,30.1073,0.311396,10.099,0,0,386,126
0.384,42,993,0,27.3045,-10,9.55623,0,0,430,675
0.384,43,976,0,30.1082,0.313894,10.0992,0,0,423,237
0.384,44,1428,0,28.0347,-5.71056,9.83177,0,0,685,230
0.384,45,986,0,30.09,0.239144,10.0967,0,0,427,384
0.384,46,1037,0,30.0907,0.262472,10.0961,0,0,458,667
0.384,47,898,0,30.093,0.269179,10.0965,0,0,385,549
0.384,48,1343,0,30.0957,0.277153,10.097,0,0,643,88
0.384,49,708,0,29.9753,-0.0771037,10.0757,0,0,296,676
0.384,50,1285,0,30.1104,0.320438,10.0996,0,0,602,558
0.384,51,311,0,30.1008,0.307318,9.61707,0,0,128,372
0.384,52,637,0,30.102,0.311276,9.61728,0,0,262,206
0.384,53,988,0,30.0435,-0.0607325,9.61247,0,0,428,630
0.384,54,1030,0,30.1056,0.322221,9.61788,0,0,453,646
0.384,55,538,0,29.9056,0.354583,9.56908,0,0,221,486
0.384,56,1164,0,30.0954,0.290702,9.61616,0,0,537,300
0.384,57,838,0,30.0963,0.126345,9.61761,0,0,359,565
0.384,58,654,0,30.1053,0.321319,9.61783,0,0,269,106
0.384,59,43,0,30.0764,0.245755,9.13231,0,0,24,559
0.384,60,550,0,29.9023,-0.591549,9.10462,0,0,226,578
0.384,61,542,0,30.0934,0.266375,9.13546,0,0,222,547
0.384,62,83,0,30.1015,0.326344,9.13636,0,0,40,530
0.384,63,990,0,29.9163,-0.255772,9.10621,0,0,429,486
0.384,64,1284,0,30.0898,0.270992,9.13504,0,0,601,482
0.384,65,1138,0,29.657,-4.40746,9.08165,0,0,521,611
0.384,66,945,0,30.0817,0.262025,9.13318,0,0,405,152
0.384,67,660,0,30.1005,0.323202,9.1362,0,0,271,600
0.384,68,177,0,30.0957,0.307487,9.13542,0,0,76,117
0.384,69,428,0,30.0936,0.318121,8.65433,0,0,178,576
0.384,70,1188,0,27.6074,-4.19848,8.23021,0,0,553,488
0.384,71,1011,0,30.0809,0.269165,8.65219,0,0,440,382
0.384,72,397,0,30.0953,0.323812,8.65458,0,0,164,577
0.384,73,37,0,30.0963,0.32716,8.65473,0,0,20,488
0.384,74,562,0,29.7748,-0.757026,8.60536,0,0,230,673
0.384,75,1269,0,30.0445,0.105227,8.64816,0,0,594,482
0.384,76,394,0,29.4217,-2.91465,8.56869,0,0,163,31
0.384,77,386,0,29.9931,-0.266026,8.1645,0,0,160,483
0.384,78,1352,0,30.0862,0.310635,8.1725,0,0,645,41
0.384,79,81,0,30.0311,-0.595119,8.17078,0,0,39,383
0.384,80,549,0,30.091,0.327978,8.17319,0,0,225,548
0.384,81,1102,0,28.7621,-10,7.59628,0,0,500,285
0.384,82,661,0,29.9847,-0.543548,7.68504,0,0,272,599
0.384,83,625,0,30.0844,0.323408,7.69155,0,0,255,572
0.384,84,784,0,29.9956,-0.0120414,7.19937,0,0,335,630
0.384,85,1423,0,30.0799,0.327083,7.21028,0,0,682,599
0.384,86,1261,0,30.0773,0.316288,7.20995,0,0,587,22
0.384,87,365,0,30.0783,0.320625,7.21008,0,0,151,369
0.384,88,790,0,30.0796,0.325869,7.21025,0,0,337,155
0.384,89,981,0,27.7995,-5.85378,6.90007,0,0,426,148
0.384,90,695,0,30.0796,0.326026,7.21025,0,0,290,515
0.384,91,848,1,29.9187,0.352681,7.18155,0,0,364,3
0.384,92,596,0,30.0502,0.220916,6.72605,0,0,244,192
0.384,93,647,0,30.0706,0.309792,6.72851,0,0,265,64
0.384,94,537,0,30.0696,0.248574,6.72881,0,0,220,299
0.384,95,1274,0,30.0172,-0.0196972,6.72291,0,0,595,391
0.384,96,830,0,30.0742,0.326038,6.72896,0,0,354,18
0.384,97,331,0,27.8248,-10,6.45587,0,0,136,631
0.384,98,1246,0,30.0747,0.327917,6.72901,0,0,579,591
0.384,99,579,0,30.0695,0.329128,6.24782,0,0,238,3
0.384,100,975,0,30.0689,0.326093,6.24775,0,0,422,683
0.384,101,1170,0,30.069,0.326649,6.24776,0,0,541,142
0.384,102,1385,0,30.0623,0.294948,6.24702,0,0,660,365
0.384,103,1268,0,30.0693,0.328313,6.2478,0,0,593,101
0.384,104,547,1,30.0516,0.137087,6.24651,0,0,224,296
0.384,105,1046,0,29.996,-0.109961,6.23996,0,0,464,296
0.384,106,1006,0,30.0629,0.322951,5.76657,0,0,438,233
0.384,107,1240,0,29.9973,-0.0805075,5.76022,0,0,576,300
0.384,108,1209,0,28.6471,-4.59449,5.60034,0,0,563,569
0.384,109,605,0,30.0631,0.324237,5.76659,0,0,247,7
0.384,110,34,0,29.4954,-10,5.7242,0,0,19,99
0.384,111,721,0,29.744,-1.3232,5.25465,0,0,303,483
0.384,112,933,0,30.0559,0.313491,5.28539,0,0,399,622
0.384,113,1052,0,30.059,0.33095,5.28569,0,0,467,3
0.384,114,392,0,30.0418,0.251955,4.80372,0,0,162,611
0.384,115,1323,0,30.0531,0.328479,4.80469,0,0,626,118
0.384,116,220,0,30.0511,0.315767,4.80451,0,0,92,16
0.384,117,1401,0,30.0535,0.330662,4.80473,0,0,670,229
0.384,118,276,0,30.054,0.333749,4.80477,0,0,115,677
0.384,119,1031,0,30.0483,0.332231,4.32388,0,0,454,599
0.384,120,328,0,30.0473,0.325488,4.3238,0,0,134,615
0.384,121,584,0,30.0163,0.112532,4.3213,0,0,240,636
0.384,122,1366,0,30.0427,0.293734,4.32343,0,0,651,556
0.384,123,268,0,30.0144,0.112548,3.84104,0,0,111,64
0.384,124,226,0,30.0423,0.327715,3.84306,0,0,95,626
0.384,125,1267,0,30.0413,0.32008,3.84298,0,0,592,202
0.384,126,1104,0,30.042,0.325062,3.84303,0,0,501,447
0.384,127,1406,0,30.0389,0.30084,3.84281,0,0,673,668
0.384,128,66,0,30.0029,-0.192372,3.36098,0,0,34,204
0.384,129,1100,1,29.9148,0.320892,3.34873,0,0,499,99
0.384,130,320,0,30.0298,0.307922,2.88167,0,0,132,630
0.384,131,445,0,30.0305,0.315789,2.88171,0,0,186,125
0.384,132,949,0,30.0263,0.271925,2.88148,0,0,406,204
0.384,133,454,0,30.0316,0.327563,2.88178,0,0,189,263
0.384,134,766,0,30.0184,0.19088,2.88103,0,0,327,99
0.384,135,1191,1,29.878,0.243637,2.38961,0,0,554,226
0.384,136,940,0,30.0217,0.269967,2.40104,0,0,403,294
0.384,137,682,0,30.0268,0.333349,2.40129,0,0,282,485
0.384,138,60,0,30.0266,0.331198,2.40128,0,0,32,45
0.384,139,469,0,30.0266,0.330609,2.40128,0,0,193,104
0.384,140,73,0,30.0209,0.326048,1.92084,0,0,36,636
0.384,141,535,0,30.0218,0.338759,1.92087,0,0,219,531
0.384,142,530,0,29.36,-10,1.8944,0,0,217,481
0.384,143,11,0,30.0216,0.336596,1.92087,0,0,8,19
0.384,144,764,0,30.0212,0.329949,1.92085,0,0,325,307
0.384,145,553,0,30.0097,0.151986,1.92039,0,0,227,341
0.384,146,1299,0,29.8574,0.360803,1.91032,0,0,610,31
0.384,147,126,0,30.0213,0.330968,1.92085,0,0,56,548
0.384,148,531,0,29.52,-10,1.42464,0,0,218,476
0.384,149,854,0,30.0159,0.329509,1.44051,0,0,366,395
0.384,150,330,0,29.8498,0.306311,1.43256,0,0,135,101
0.384,151,1337,0,30.0163,0.339599,1.44052,0,0,637,97
0.384,152,297,0,30.0155,0.322208,1.4405,0,0,123,471
0.384,153,1294,0,30.0095,0.296645,0.960228,0,0,607,22
0.384,154,566,0,29.8459,0.365808,0.954974,0,0,232,566
0.384,155,1167,0,30.0108,0.337355,0.96026,0,0,539,479
0.384,156,1282,0,30.0109,0.340442,0.960262,0,0,600,338
0.384,157,362,0,30.0104,0.32597,0.960251,0,0,149,83
0.384,158,775,0,29.9077,-2.87884,0.957783,0,0,331,133
0.384,159,749,0,29.68,-10,0.95232,0,0,318,299
0.384,160,831,0,29.9931,-0.433072,0.479889,0,0,355,246
0.384,161,1319,0,30.005,0.313988,0.48008,0,0,624,506
0.384,162,802,0,30.005,0.31262,0.48008,0,0,342,306
0.384,163,931,0,30.0053,0.333086,0.480085,0,0,398,48
0.384,164,17,0,30.0053,0.333173,0.480085,0,0,12,15
0.384,165,480,0,30.005,0.313735,0.48008,0,0,196,79
0.384,166,33,0,29.84,-10,0.47744,0,0,18,486
0.384,167,271,0,29.84,-10,0.47744,0,0,113,156
0.4,0,566,1,30.1377,0.320674,12.51,0,0,232,680
0.4,1,271,0,30.1053,0.32364,12.5053,0,0,113,488
0.4,2,1256,0,29.8988,-0.245056,12.4582,0,0,585,597
0.4,3,387,0,29.9081,-0.504522,12.4742,0,0,161,155
0.4,4,1050,0,30.1314,0.305987,12.5087,0,0,466,408
0.4,5,1067,0,30.134,0.311972,12.5092,0,0,477,106
0.4,6,33,1,30.1377,0.320674,12.51,0,0,18,485
0.4,7,847,1,30.0715,-0.0450241,12.5031,0,0,363,676
0.4,8,531,0,30.1377,0.320674,12.51,0,0,218,532
0.4,9,843,0,29.8141,-2.13493,12.4188,0,0,362,483
0.4,10,335,0,30.1299,0.254226,12.5093,0,0,137,680
0.4,11,1233,0,30.1325,0.321479,12.0278,0,0,574,478
0.4,12,1432,2,30.1038,0.325976,12.0216,0,0,689,578
0.4,13,3,1,29.9655,0.341403,12.0221,0,0,2,35
0.4,14,751,0,30.0291,-0.0645157,12.0135,0,0,319,390
0.4,15,1299,1,30.1316,0.319266,12.0277,0,0,610,578
0.4,16,56,0,30.1199,0.290578,12.0252,0,0,30,542
0.4,17,257,0,30.1325,0.321479,12.0278,0,0,107,80
0.4,18,530,0,30.0967,0.197497,12.0224,0,0,217,532
0.4,19,1154,1,29.967,0.340919,12.0116,0,0,533,297
0.4,20,1242,0,29.9671,-0.324708,12.001,0,0,577,102
0.4,21,1140,0,29.6358,-10,12.0117,0,0,522,680
0.4,22,1187,0,30.1274,0.322286,11.5457,0,0,552,296
0.4,23,75,0,30.1075,0.166802,11.5429,0,0,37,679
0.4,24,140,0,30.1257,0.317992,11.5454,0,0,63,377
0.4,25,786,0,30.1265,0.320037,11.5455,0,0,336,101
0.4,26,571,0,30.1263,0.319488,11.5455,0,0,234,476
0.4,27,330,1,30.1049,0.325812,11.5404,0,0,135,339
0.4,28,449,0,30.1111,0.184977,11.5445,0,0,187,566
0.4,29,1,0,30.0571,0.141694,11.5316,0,0,1,6
0.4,30,843,0,26.5652,-3.82581,0.252635,1,0,223,565
0.4,31,49,0,30.1028,0.213259,11.5424,0,0,28,279
0.4,32,749,0,30.1209,0.319586,11.0634,0,0,318,22
0.4,33,269,0,30.1215,0.321112,11.0635,0,0,112,675
0.4,34,810,0,30.0661,0.172679,11.0529,0,0,345,46
0.4,35,683,2,29.8646,0.206156,10.9897,0,0,283,122
0.4,36,1338,0,29.4805,-10,11.0133,0,0,638,391
0.4,37,1124,0,30.1148,0.303164,11.0622,0,0,511,518
0.4,38,563,0,29.9991,-0.0228843,11.0403,0,0,231,297
0.4,39,561,0,29.6993,-1.38988,10.9853,0,0,229,571
0.4,40,1422,0,30.1164,0.322119,10.5816,0,0,681,675
0.4,41,901,0,30.1123,0.310606,10.5808,0,0,386,126
0.4,42,993,0,27.1445,-10,9.99054,0,0,430,675
0.4,43,976,0,30.1132,0.3131,10.581,0,0,423,237
0.4,44,1428,0,27.9515,-5.20095,10.279,0,0,685,230
0.4,45,986,0,30.0938,0.236824,10.5782,0,0,427,384
0.4,46,1037,0,30.0949,0.261746,10.5776,0,0,458,667
0.4,47,898,0,30.0972,0.268445,10.5781,0,0,385,549
0.4,48,1343,0,30.1001,0.276409,10.5786,0,0,643,88
0.4,49,708,0,29.9741,-0.0774692,10.5553,0,0,296,676
0.4,50,1285,0,30.1155,0.319634,10.5814,0,0,602,558
0.4,51,311,0,30.1057,0.306533,10.0988,0,0,128,372
0.4,52,637,0,30.107,0.310485,10.099,0,0,262,206
0.4,53,988,0,30.0426,-0.059718,10.0931,0,0,428,630
0.4,54,1030,0,30.1107,0.321414,10.0997,0,0,453,646
0.4,55,538,0,29.8883,-1.08341,10.0473,0,0,221,486
0.4,56,1164,0,30.1,0.289939,10.0978,0,0,537,300
0.4,57,838,0,30.0983,0.126262,10.0992,0,0,359,565
0.4,58,654,0,30.1104,0.320514,10.0996,0,0,269,106
0.4,59,43,0,30.0803,0.245155,9.61359,0,0,24,559
0.4,60,550,0,29.8919,-0.652308,9.58289,0,0,226,578
0.4,61,542,0,30.0976,0.265646,9.61702,0,0,222,547
0.4,62,83,0,30.1067,0.325529,9.61806,0,0,40,530
0.4,63,990,0,29.9122,-0.254119,9.58481,0,0,429,486
0.4,64,1284,0,30.0941,0.270322,9.61655,0,0,601,482
0.4,65,1138,0,29.5896,-4.21032,9.55509,0,0,521,611
0.4,66,945,0,30.0859,0.261297,9.61455,0,0,405,152
0.4,67,660,0,30.1057,0.322393,9.61789,0,0,271,600
0.4,68,177,0,30.1006,0.306701,9.61703,0,0,76,117
0.4,69,428,0,30.0987,0.317319,9.13591,0,0,178,576
0.4,70,1188,0,27.546,-3.83506,8.67095,0,0,553,488
0.4,71,1011,0,30.0852,0.268504,9.13355,0,0,440,382
0.4,72,397,0,30.1004,0.323001,9.13619,0,0,164,577
0.4,73,37,0,30.1015,0.326344,9.13636,0,0,20,488
0.4,74,562,0,29.7627,-0.759397,9.08157,0,0,230,673
0.4,75,1269,0,30.0461,0.104605,9.1289,0,0,594,482
0.4,76,394,0,29.3744,-2.95187,9.03868,0,0,163,31
0.4,77,386,0,29.9889,-0.26303,8.64432,0,0,160,483
0.4,78,1352,0,30.0912,0.309844,8.65396,0,0,645,41
0.4,79,81,0,30.0217,-0.587211,8.65113,0,0,39,383
0.4,80,549,0,30.0963,0.32716,8.65473,0,0,225,548
0.4,81,1102,0,28.6021,-10,8.05391,0,0,500,285
0.4,82,661,0,29.976,-0.539584,8.16465,0,0,272,599
0.4,83,625,0,30.0895,0.322597,8.17298,0,0,255,572
0.4,84,784,0,29.9954,-0.0111695,7.6793,0,0,335,630
0.4,85,1423,0,30.0851,0.326266,7.69165,0,0,682,599
0.4,86,1261,0,30.0823,0.315488,7.69127,0,0,587,22
0.4,87,365,0,30.0834,0.319819,7.69142,0,0,151,369
0.4,88,790,0,30.0848,0.325054,7.69161,0,0,337,155
0.4,89,981,0,27.7153,-5.2672,7.34351,0,0,426,148
0.4,90,695,0,30.0848,0.325211,7.69161,0,0,290,515
0.4,91,848,1,29.9243,0.351815,7.66034,0,0,364,3
0.4,92,596,0,30.0537,0.220421,7.20691,0,0,244,192
0.4,93,647,0,30.0755,0.309001,7.20972,0,0,265,64
0.4,94,537,0,30.0736,0.247984,7.20999,0,0,220,299
0.4,95,1274,0,30.0166,-0.0370284,7.20317,0,0,595,391
0.4,96,830,0,30.0794,0.325223,7.21023,0,0,354,18
0.4,97,331,0,27.6648,-10,6.89851,0,0,136,631
0.4,98,1246,0,30.0799,0.327098,7.21028,0,0,579,591
0.4,99,579,0,30.0748,0.328307,6.72902,0,0,238,3
0.4,100,975,0,30.0741,0.325277,6.72894,0,0,422,683
0.4,101,1170,0,30.0742,0.325832,6.72895,0,0,541,142
0.4,102,1385,0,30.067,0.294176,6.72809,0,0,660,365
0.4,103,1268,0,30.0746,0.327493,6.729,0,0,593,101
0.4,104,547,1,30.0538,0.136473,6.72737,0,0,224,296
0.4,105,1046,0,29.9943,-0.108424,6.71987,0,0,464,296
0.4,106,1006,0,30.068,0.32214,6.24766,0,0,438,233
0.4,107,1240,0,29.9959,-0.0884753,6.24016,0,0,576,300
0.4,108,1209,0,28.5782,-4.3112,6.05759,0,0,563,569
0.4,109,605,0,30.0683,0.323424,6.24769,0,0,247,7
0.4,110,34,1,29.4156,-4.98821,6.19485,0,0,19,99
0.4,111,721,0,29.7232,-1.29914,5.73023,0,0,303,483
0.4,112,933,0,30.0609,0.312693,5.76636,0,0,399,622
0.4,113,1052,0,30.0643,0.330126,5.76671,0,0,467,3
0.4,114,392,0,30.0458,0.249687,5.28446,0,0,162,611
0.4,115,1323,0,30.0584,0.327658,5.28563,0,0,626,118
0.4,116,220,0,30.0561,0.314965,5.28541,0,0,92,16
0.4,117,1401,0,30.0588,0.329838,5.28567,0,0,670,229
0.4,118,276,0,30.0593,0.332919,5.28572,0,0,115,677
0.4,119,1031,0,30.0536,0.331404,4.80474,0,0,454,599
0.4,120,328,0,30.0525,0.324672,4.80464,0,0,134,615
0.4,121,584,0,30.0181,0.112347,4.80159,0,0,240,636
0.4,122,1366,0,30.0474,0.292962,4.80419,0,0,651,556
0.4,123,268,0,30.0162,0.112582,4.32129,0,0,111,64
0.4,124,226,0,30.0476,0.326895,4.32382,0,0,95,626
0.4,125,1267,0,30.0464,0.319272,4.32373,0,0,592,202
0.4,126,1104,0,30.0472,0.324246,4.32379,0,0,501,447
0.4,127,1406,0,30.0437,0.300057,4.32351,0,0,673,668
0.4,128,66,0,29.9999,-0.189905,3.84098,0,0,34,204
0.4,129,1100,1,29.9199,0.320069,3.82745,0,0,499,99
0.4,130,320,0,30.0347,0.307129,3.36222,0,0,132,630
0.4,131,445,0,30.0355,0.314986,3.36228,0,0,186,125
0.4,132,949,0,30.0306,0.271177,3.36197,0,0,406,204
0.4,133,454,0,30.0369,0.326743,3.36237,0,0,189,263
0.4,134,766,0,30.0215,0.190501,3.36138,0,0,327,99
0.4,135,1191,1,29.7509,-7.93865,2.86563,0,0,554,226
0.4,136,940,0,30.026,0.269221,2.88146,0,0,403,294
0.4,137,682,0,30.0321,0.33252,2.8818,0,0,282,485
0.4,138,60,0,30.0319,0.330371,2.88179,0,0,32,45
0.4,139,469,0,30.0319,0.329784,2.88179,0,0,193,104
0.4,140,73,0,30.0261,0.325229,2.40126,0,0,36,636
0.4,141,535,0,30.0272,0.33792,2.40131,0,0,219,531
0.4,142,530,0,29.2,-10,2.3616,0,0,217,481
0.4,143,11,0,30.027,0.335761,2.4013,0,0,8,19
0.4,144,764,0,30.0265,0.329125,2.40127,0,0,325,307
0.4,145,553,0,29.8497,-10,2.39799,0,0,227,341
0.4,146,1299,0,29.8631,0.359921,2.38813,0,0,610,31
0.4,147,126,0,30.0265,0.330142,2.40128,0,0,56,548
0.4,148,531,0,29.36,-10,1.8944,0,0,218,476
0.4,149,854,0,30.0211,0.328684,1.92085,0,0,366,395
0.4,150,330,0,29.8547,0.305527,1.91023,0,0,135,101
0.4,151,1337,0,30.0218,0.338759,1.92087,0,0,637,97
0.4,152,297,0,30.0206,0.321395,1.92083,0,0,123,471
0.4,153,1294,0,30.0142,0.295865,1.44046,0,0,607,22
0.4,154,566,0,29.8517,0.364918,1.4326,0,0,232,566
0.4,155,1167,0,30.0162,0.336518,1.44052,0,0,539,479
0.4,156,1282,0,30.0163,0.339599,1.44052,0,0,600,338
0.4,157,362,0,30.0156,0.32515,1.4405,0,0,149,83
0.4,158,775,0,29.8618,-2.86642,1.43557,0,0,331,133
0.4,159,749,0,29.52,-10,1.42464,0,0,318,299
0.4,160,831,0,29.9862,-0.427574,0.959669,0,0,355,246
0.4,161,1319,0,30.01,0.313185,0.960241,0,0,624,506
0.4,162,802,0,30.01,0.311818,0.96024,0,0,342,306
0.4,163,931,0,30.0106,0.332255,0.960256,0,0,398,48
0.4,164,17,0,30.0106,0.332342,0.960256,0,0,12,15
0.4,165,480,0,30.01,0.312931,0.960241,0,0,196,79
0.4,166,33,0,29.8459,0.365808,0.954974,0,0,18,486
0.4,167,271,0,29.68,-10,0.95232,0,0,113,156
0.4,168,77,0,29.996,-0.251597,0.479936,0,0,38,479
0.4,169,236,0,30.0054,0.335861,0.480086,0,0,99,374
0.4,170,779,0,30.0053,0.334176,0.480086,0,0,333,105
0.4,171,185,0,30.003,0.18754,0.480048,0,0,79,516
0.4,172,847,0,30.0019,0.117922,0.48003,0,0,363,477
0.416,0,566,1,30.1428,0.319871,12.9923,0,0,232,680
0.416,1,271,0,30.1105,0.32283,12.987,0,0,113,488
0.416,2,1256,0,29.8949,-0.24522,12.9365,0,0,585,597
0.416,3,387,0,29.8999,-0.516045,12.9526,0,0,161,155
0.416,4,1050,0,30.1363,0.305207,12.9909,0,0,466,408
0.416,5,1067,0,30.1389,0.311182,12.9915,0,0,477,106
0.416,6,33,1,30.1428,0.319871,12.9923,0,0,18,485
0.416,7,847,1,30.0708,-0.043932,12.9842,0,0,363,676
0.416,8,531,0,30.1428,0.319871,12.9923,0,0,218,532
0.416,9,843,0,29.7808,-2.0845,12.8953,0,0,362,483
0.416,10,335,0,30.1339,0.253607,12.9915,0,0,137,680
0.416,11,1233,0,30.1377,0.320674,12.51,0,0,574,478
0.416,12,1432,2,30.109,0.325162,12.5034,0,0,689,578
0.416,13,3,1,29.9709,0.340557,12.5016,0,0,2,35
0.416,14,751,0,30.028,-0.0632468,12.4939,0,0,319,390
0.416,15,1299,1,30.1367,0.318464,12.5098,0,0,610,578
0.416,16,56,0,30.1246,0.289818,12.5072,0,0,30,542
0.416,17,257,0,30.1377,0.320674,12.51,0,0,107,80
0.416,18,530,0,30.0998,0.196293,12.504,0,0,217,532
0.416,19,1154,1,29.9724,0.340074,12.4911,0,0,533,297
0.416,20,1242,0,29.9617,-0.334878,12.4804,0,0,577,102
0.416,21,1140,0,29.4758,-10,12.4833,0,0,522,680
0.416,22,1187,0,30.1325,0.321479,12.0278,0,0,552,296
0.416,23,75,0,30.1102,0.165913,12.0246,0,0,37,679
0.416,24,140,0,30.1308,0.317193,12.0275,0,0,63,377
0.416,25,786,0,30.1316,0.319234,12.0276,0,0,336,101
0.416,26,571,0,30.1314,0.318686,12.0276,0,0,234,476
0.416,27,330,1,30.1101,0.324998,12.0222,0,0,135,339
0.416,28,449,0,30.1141,0.184607,12.0264,0,0,187,566
0.416,29,1,0,30.0593,0.141099,12.0125,0,0,1,6
0.416,30,843,0,26.4052,-10,0.675117,1,0,223,565
0.416,31,49,0,30.1062,0.212787,12.0241,0,0,28,279
0.416,32,749,0,30.126,0.318784,11.5454,0,0,318,22
0.416,33,269,0,30.1266,0.320307,11.5456,0,0,112,675
0.416,34,810,0,30.0689,0.172052,11.534,0,0,345,46
0.416,35,683,2,29.8679,0.205449,11.4675,0,0,283,122
0.416,36,1338,0,29.3205,-10,11.4824,0,0,638,391
0.416,37,1124,0,30.1196,0.302386,11.5442,0,0,511,518
0.416,38,563,0,29.9986,-0.026062,11.5202,0,0,231,297
0.416,39,561,0,29.6775,-1.36214,11.4602,0,0,229,571
0.416,40,1422,0,30.1215,0.321313,11.0635,0,0,681,675
0.416,41,901,0,30.1173,0.309817,11.0627,0,0,386,126
0.416,42,993,0,26.9845,-10,10.4223,0,0,430,675
0.416,43,976,0,30.1182,0.312308,11.0629,0,0,423,237
0.416,44,1428,0,27.8755,-4.75355,10.725,0,0,685,230
0.416,45,986,0,30.0976,0.234473,11.0597,0,0,427,384
0.416,46,1037,0,30.099,0.261021,11.0592,0,0,458,667
0.416,47,898,0,30.1015,0.267712,11.0597,0,0,385,549
0.416,48,1343,0,30.1045,0.275667,11.0603,0,0,643,88
0.416,49,708,0,29.9728,-0.0778347,11.0349,0,0,296,676
0.416,50,1285,0,30.1206,0.318831,11.0634,0,0,602,558
0.416,51,311,0,30.1106,0.30575,10.5805,0,0,128,372
0.416,52,637,0,30.112,0.309697,10.5808,0,0,262,206
0.416,53,988,0,30.0416,-0.0587154,10.5738,0,0,428,630
0.416,54,1030,0,30.1159,0.320608,10.5815,0,0,453,646
0.416,55,538,0,29.8712,-1.06524,10.5252,0,0,221,486
0.416,56,1164,0,30.1046,0.289179,10.5794,0,0,537,300
0.416,57,838,0,30.1003,0.126179,10.5808,0,0,359,565
0.416,58,654,0,30.1155,0.319709,10.5814,0,0,269,106
0.416,59,43,0,30.0842,0.244557,10.0949,0,0,24,559
0.416,60,550,0,29.8805,-0.714457,10.061,0,0,226,578
0.416,61,542,0,30.1018,0.260692,10.0986,0,0,222,547
0.416,62,83,0,30.1119,0.324716,10.0999,0,0,40,530
0.416,63,990,0,29.9081,-0.252476,10.0633,0,0,429,486
0.416,64,1284,0,30.0984,0.269652,10.0981,0,0,601,482
0.416,65,1138,0,29.5252,-4.02532,10.0275,0,0,521,611
0.416,66,945,0,30.09,0.260572,10.096,0,0,405,152
0.416,67,660,0,30.1108,0.321585,10.0997,0,0,271,600
0.416,68,177,0,30.1055,0.305917,10.0987,0,0,76,117
0.416,69,428,0,30.1037,0.316519,9.61757,0,0,178,576
0.416,70,1188,0,27.4898,-3.51321,9.11079,0,0,553,488
0.416,71,1011,0,30.0895,0.267844,9.61498,0,0,440,382
0.416,72,397,0,30.1056,0.322192,9.61788,0,0,164,577
0.416,73,37,0,30.1067,0.325529,9.61806,0,0,20,488
0.416,74,562,0,29.7505,-0.761536,9.55758,0,0,230,673
0.416,75,1269,0,30.0478,0.103988,9.60967,0,0,594,482
0.416,76,394,0,29.3268,-2.97847,9.50791,0,0,163,31
0.416,77,386,0,29.9848,-0.260071,9.12407,0,0,160,483
0.416,78,1352,0,30.0961,0.309055,9.1355,0,0,645,41
0.416,79,81,0,30.0124,-0.579405,9.13133,0,0,39,383
0.416,80,549,0,30.1015,0.326344,9.13636,0,0,225,548
0.416,81,1102,0,28.4517,-9.40165,8.50914,0,0,500,285
0.416,82,661,0,29.9675,-0.535647,8.64413,0,0,272,599
0.416,83,625,0,30.0947,0.321788,8.65449,0,0,255,572
0.416,84,784,0,29.9952,-0.0103041,8.15922,0,0,335,630
0.416,85,1423,0,30.0903,0.325451,8.17309,0,0,682,599
0.416,86,1261,0,30.0874,0.31469,8.17266,0,0,587,22
0.416,87,365,0,30.0885,0.319014,8.17284,0,0,151,369
0.416,88,790,0,30.09,0.324241,8.17305,0,0,337,155
0.416,89,981,0,27.6391,-4.76066,7.78574,0,0,426,148
0.416,90,695,0,30.09,0.324397,8.17305,0,0,290,515
0.416,91,848,1,29.9299,0.35095,8.13922,0,0,364,3
0.416,92,596,0,30.0573,0.219927,7.68783,0,0,244,192
0.416,93,647,0,30.0804,0.308212,7.69101,0,0,265,64
0.416,94,537,0,30.0775,0.247395,7.69123,0,0,220,299
0.416,95,1274,0,30.0158,-0.0547134,7.68342,0,0,595,391
0.416,96,830,0,30.0846,0.324409,7.69158,0,0,354,18
0.416,97,331,0,27.5048,-10,7.33858,0,0,136,631
0.416,98,1246,0,30.0851,0.326281,7.69165,0,0,579,591
0.416,99,579,0,30.08,0.327488,7.2103,0,0,238,3
0.416,100,975,0,30.0793,0.324463,7.2102,0,0,422,683
0.416,101,1170,0,30.0794,0.325017,7.21022,0,0,541,142
0.416,102,1385,0,30.0717,0.293406,7.20924,0,0,660,365
0.416,103,1268,0,30.0798,0.326676,7.21027,0,0,593,101
0.416,104,547,1,30.056,0.135863,7.20827,0,0,224,296
0.416,105,1046,0,29.9926,-0.106899,7.19975,0,0,464,296
0.416,106,1006,0,30.0732,0.321331,6.72883,0,0,438,233
0.416,107,1240,0,29.9944,-0.0957811,6.72007,0,0,576,300
0.416,108,1209,0,28.5133,-4.05169,6.5138,0,0,563,569
0.416,109,605,0,30.0735,0.322613,6.72886,0,0,247,7
0.416,110,34,1,29.3345,-5.0642,6.6642,0,0,19,99
0.416,111,721,0,29.577,-9.13579,6.20346,0,0,303,483
0.416,112,933,0,30.0659,0.311897,6.24742,0,0,399,622
0.416,113,1052,0,30.0695,0.329303,6.24783,0,0,467,3
0.416,114,392,0,30.0498,0.247389,5.76525,0,0,162,611
0.416,115,1323,0,30.0636,0.326839,5.76665,0,0,626,118
0.416,116,220,0,30.0612,0.314166,5.76639,0,0,92,16
0.416,117,1401,0,30.0641,0.329016,5.76669,0,0,670,229
0.416,118,276,0,30.0646,0.332092,5.76675,0,0,115,677
0.416,119,1031,0,30.0589,0.330578,5.28568,0,0,454,599
0.416,120,328,0,30.0577,0.323858,5.28556,0,0,134,615
0.416,121,584,0,30.0199,0.112163,5.28191,0,0,240,636
0.416,122,1366,0,30.0521,0.292191,5.28503,0,0,651,556
0.416,123,268,0,30.018,0.112614,4.80158,0,0,111,64
0.416,124,226,0,30.0528,0.326077,4.80466,0,0,95,626
0.416,125,1267,0,30.0515,0.318465,4.80455,0,0,592,202
0.416,126,1104,0,30.0523,0.323432,4.80462,0,0,501,447
0.416,127,1406,0,30.0485,0.299277,4.80428,0,0,673,668
0.416,128,66,0,29.9969,-0.187461,4.32093,0,0,34,204
0.416,129,1100,1,29.9251,0.319248,4.30625,0,0,499,99
0.416,130,320,0,30.0396,0.306338,3.84286,0,0,132,630
0.416,131,445,0,30.0406,0.314184,3.84293,0,0,186,125
0.416,132,949,0,30.035,0.270431,3.84252,0,0,406,204
0.416,133,454,0,30.0421,0.325924,3.84304,0,0,189,263
0.416,134,766,0,30.0245,0.190122,3.84177,0,0,327,99
0.416,135,1191,1,29.6331,-7.36513,3.33975,0,0,554,226
0.416,136,940,0,30.0303,0.268476,3.36195,0,0,403,294
0.416,137,682,0,30.0374,0.331692,3.3624,0,0,282,485
0.416,138,60,0,30.0372,0.329547,3.36239,0,0,32,45
0.416,139,469,0,30.0371,0.32896,3.36238,0,0,193,104
0.416,140,73,0,30.0313,0.324411,2.88176,0,0,36,636
0.416,141,535,0,30.0326,0.337082,2.88183,0,0,219,531
0.416,142,530,0,29.04,-10,2.82624,0,0,217,481
0.416,143,11,0,30.0324,0.334927,2.88182,0,0,8,19
0.416,144,764,0,30.0317,0.328301,2.88178,0,0,325,307
0.416,145,553,1,29.7189,-8.17595,2.87349,0,0,227,341
0.416,146,1299,0,29.8689,0.359041,2.86603,0,0,610,31
0.416,147,126,0,30.0318,0.329317,2.88179,0,0,56,548
0.416,148,531,0,29.2,-10,2.3616,0,0,218,476
0.416,149,854,0,30.0264,0.327861,2.40127,0,0,366,395
0.416,150,330,0,29.8596,0.304745,2.38798,0,0,135,101
0.416,151,1337,0,30.0272,0.33792,2.40131,0,0,637,97
0.416,152,297,0,30.0258,0.320582,2.40124,0,0,123,471
0.416,153,1294,0,30.0187,0.278811,1.92076,0,0,607,22
0.416,154,566,0,29.8575,0.364029,1.91032,0,0,232,566
0.416,155,1167,0,30.0216,0.335682,1.92086,0,0,539,479
0.416,156,1282,0,30.0218,0.338759,1.92087,0,0,600,338
0.416,157,362,0,30.0208,0.324332,1.92083,0,0,149,83
0.416,158,775,0,29.8161,-2.85414,1.91263,0,0,331,133
0.416,159,749,0,29.36,-10,1.8944,0,0,318,299
0.416,160,831,0,29.9795,-0.422138,1.43934,0,0,355,246
0.416,161,1319,0,30.015,0.312383,1.44048,0,0,624,506
0.416,162,802,0,30.015,0.311018,1.44048,0,0,342,306
0.416,163,931,0,30.0159,0.331426,1.44051,0,0,398,48
0.416,164,17,0,30.016,0.331513,1.44051,0,0,12,15
0.416,165,480,0,30.015,0.31213,1.44048,0,0,196,79
0.416,166,33,0,29.8517,0.364918,1.4326,0,0,18,486
0.416,167,271,0,29.52,-10,1.42464,0,0,113,156
0.416,168,77,0,29.9919,-0.25218,0.959807,0,0,38,479
0.416,169,236,0,30.0107,0.335026,0.960258,0,0,99,374
0.416,170,779,0,30.0107,0.333344,0.960256,0,0,333,105
0.416,171,185,1,30.0083,0.330256,0.960181,0,0,79,516
0.416,172,847,0,30.0038,0.117934,0.960091,0,0,363,477
0.416,173,1138,0,29.84,-10,0.47744,0,0,521,673
0.416,174,1432,0,29.9902,-0.614239,0.479843,0,0,689,297
0.416,175,1129,0,29.84,-10,0.47744,0,0,514,330
0.432,0,566,1,30.1479,0.319069,13.4747,0,0,232,680
0.432,1,271,0,30.1156,0.322022,13.4689,0,0,113,488
0.432,2,1256,0,29.891,-0.245385,13.4148,0,0,585,597
0.432,3,387,0,29.8914,-0.527717,13.4309,0,0,161,155
0.432,4,1050,0,30.1412,0.304428,13.4731,0,0,466,408
0.432,5,1067,0,30.1439,0.310395,13.4738,0,0,477,106
0.432,6,33,1,30.1479,0.319069,13.4747,0,0,18,485
0.432,7,847,1,30.0701,-0.0428481,13.4654,0,0,363,676
0.432,8,531,0,30.1479,0.319069,13.4747,0,0,218,532
0.432,9,843,0,29.7482,-2.03562,13.3712,0,0,362,483
0.432,10,335,1,30.139,0.31605,13.4737,0,0,137,680
0.432,11,1233,0,30.1428,0.319871,12.9923,0,0,574,478
0.432,12,1432,2,30.1142,0.324349,12.9852,0,0,689,578
0.432,13,3,1,29.9764,0.339713,12.9812,0,0,2,35
0.432,14,751,0,30.0271,-0.061988,12.9744,0,0,319,390
0.432,15,1299,1,30.1418,0.317665,12.9921,0,0,610,578
0.432,16,56,0,30.1292,0.289061,12.9893,0,0,30,542
0.432,17,257,0,30.1428,0.319871,12.9923,0,0,107,80
0.432,18,530,0,30.1029,0.195098,12.9856,0,0,217,532
0.432,19,1154,1,29.9779,0.33923,12.9708,0,0,533,297
0.432,20,1242,0,29.9327,-1.81207,12.9593,0,0,577,102
0.432,21,1140,0,29.3158,-10,12.9524,0,0,522,680
0.432,22,1187,0,30.1377,0.320674,12.51,0,0,552,296
0.432,23,75,0,30.1128,0.165026,12.5065,0,0,37,679
0.432,24,140,0,30.1358,0.316395,12.5096,0,0,63,377
0.432,25,786,0,30.1367,0.318433,12.5098,0,0,336,101
0.432,26,571,0,30.1365,0.317886,12.5098,0,0,234,476
0.432,27,330,1,30.1153,0.324186,12.504,0,0,135,339
0.432,28,449,0,30.117,0.184239,12.5082,0,0,187,566
0.432,29,1,0,30.0616,0.140506,12.4935,0,0,1,6
0.432,30,843,0,26.2452,-10,1.09504,1,0,223,565
0.432,31,49,0,30.1096,0.212317,12.5058,0,0,28,279
0.432,32,749,0,30.1311,0.317983,12.0275,0,0,318,22
0.432,33,269,0,30.1317,0.319504,12.0277,0,0,112,675
0.432,34,810,0,30.0716,0.171427,12.0151,0,0,345,46
0.432,35,683,2,29.8712,0.204743,11.9455,0,0,283,122
0.432,36,1338,0,29.1605,-10,11.949,0,0,638,391
0.432,37,1124,0,30.1244,0.30161,12.0261,0,0,511,518
0.432,38,563,0,29.9982,-0.0291743,12.0002,0,0,231,297
0.432,39,561,0,29.6561,-1.33505,11.9347,0,0,229,571
0.432,40,1422,0,30.1267,0.320508,11.5456,0,0,681,675
0.432,41,901,0,30.1222,0.30903,11.5447,0,0,386,126
0.432,42,993,0,26.8245,-10,10.8515,0,0,430,675
0.432,43,976,0,30.1232,0.311517,11.5449,0,0,423,237
0.432,44,1428,0,27.8057,-4.35834,11.1699,0,0,685,230
0.432,45,986,0,30.1013,0.232096,11.5413,0,0,427,384
0.432,46,1037,0,30.1032,0.260298,11.5409,0,0,458,667
0.432,47,898,0,30.1058,0.266981,11.5414,0,0,385,549
0.432,48,1343,0,30.1089,0.274926,11.542,0,0,643,88
0.432,49,708,0,29.9716,-0.0782001,11.5144,0,0,296,676
0.432,50,1285,0,30.1257,0.31803,11.5454,0,0,602,558
0.432,51,311,0,30.1154,0.304969,11.0624,0,0,128,372
0.432,52,637,0,30.1169,0.308909,11.0627,0,0,262,206
0.432,53,988,0,30.0407,-0.0577248,11.0545,0,0,428,630
0.432,54,1030,0,30.121,0.319804,11.0634,0,0,453,646
0.432,55,538,0,29.8545,-1.04746,11.0029,0,0,221,486
0.432,56,1164,0,30.1093,0.28842,11.0612,0,0,537,300
0.432,57,838,0,30.1024,0.126095,11.0624,0,0,359,565
0.432,58,654,0,30.1206,0.318906,11.0634,0,0,269,106
0.432,59,43,0,30.0881,0.243961,10.5764,0,0,24,559
0.432,60,550,0,29.868,-0.777943,10.5389,0,0,226,578
0.432,61,542,0,30.107,0.323363,10.5804,0,0,222,547
0.432,62,83,0,30.1171,0.323904,10.5817,0,0,40,530
0.432,63,990,0,29.9041,-0.250841,10.5418,0,0,429,486
0.432,64,1284,0,30.1027,0.268984,10.5798,0,0,601,482
0.432,65,1138,0,29.4636,-3.85146,10.4989,0,0,521,611
0.432,66,945,0,30.0942,0.259848,10.5775,0,0,405,152
0.432,67,660,0,30.1159,0.320779,10.5815,0,0,271,600
0.432,68,177,0,30.1103,0.305135,10.5805,0,0,76,117
0.432,69,428,0,30.1088,0.315721,10.0993,0,0,178,576
0.432,70,1188,0,27.4382,-3.22668,9.5498,0,0,553,488
0.432,71,1011,0,30.0938,0.267185,10.0965,0,0,440,382
0.432,72,397,0,30.1107,0.321385,10.0997,0,0,164,577
0.432,73,37,0,30.1101,0.215494,10.0998,0,0,20,488
0.432,74,562,0,29.7383,-0.76345,10.0334,0,0,230,673
0.432,75,1269,0,30.0495,0.103375,10.0905,0,0,594,482
0.432,76,394,0,29.2788,-2.99592,9.97637,0,0,163,31
0.432,77,386,0,29.9806,-0.257145,9.60377,0,0,160,483
0.432,78,1352,0,30.1011,0.308267,9.61712,0,0,645,41
0.432,79,81,0,30.0033,-0.5717,9.61138,0,0,39,383
0.432,80,549,0,30.1067,0.325529,9.61806,0,0,225,548
0.432,81,1102,0,28.3184,-8.33037,8.96223,0,0,500,285
0.432,82,661,0,29.959,-0.531736,9.12348,0,0,272,599
0.432,83,625,0,30.0998,0.320981,9.13609,0,0,255,572
0.432,84,784,0,29.9929,-0.146791,8.6391,0,0,335,630
0.432,85,1423,0,30.0955,0.324637,8.65462,0,0,682,599
0.432,86,1261,0,30.0924,0.313893,8.65414,0,0,587,22
0.432,87,365,0,30.0936,0.318211,8.65433,0,0,151,369
0.432,88,790,0,30.0952,0.323429,8.65457,0,0,337,155
0.432,89,981,0,27.57,-4.31987,8.22686,0,0,426,148
0.432,90,695,0,30.0952,0.323586,8.65457,0,0,290,515
0.432,91,848,1,29.9355,0.350087,8.61819,0,0,364,3
0.432,92,596,0,30.0608,0.219434,8.1688,0,0,244,192
0.432,93,647,0,30.0854,0.307424,8.17237,0,0,265,64
0.432,94,537,0,30.0815,0.246808,8.17253,0,0,220,299
0.432,95,1274,0,30.0146,-0.0727508,8.16366,0,0,595,391
0.432,96,830,0,30.0898,0.323597,8.17302,0,0,354,18
0.432,97,331,0,27.3448,-10,7.7761,0,0,136,631
0.432,98,1246,0,30.0903,0.325466,8.17309,0,0,579,591
0.432,99,579,0,30.0852,0.326671,7.69166,0,0,238,3
0.432,100,975,0,30.0844,0.32365,7.69156,0,0,422,683
0.432,101,1170,0,30.0846,0.324204,7.69157,0,0,541,142
0.432,102,1385,0,30.0764,0.292638,7.69046,0,0,660,365
0.432,103,1268,0,30.085,0.32586,7.69163,0,0,593,101
0.432,104,547,1,30.0559,-0.00595377,7.68917,0,0,224,296
0.432,105,1046,0,29.9909,-0.105386,7.6796,0,0,464,296
0.432,106,1006,0,30.0783,0.320523,7.21008,0,0,438,233
0.432,107,1240,0,29.9875,-0.425837,7.19987,0,0,576,300
0.432,108,1209,0,28.4523,-3.8133,6.96904,0,0,563,569
0.432,109,605,0,30.0786,0.321803,7.21012,0,0,247,7
0.432,110,34,1,29.2527,-5.11373,7.13225,0,0,19,99
0.432,111,721,0,29.4316,-9.08732,6.67436,0,0,303,483
0.432,112,933,0,30.0709,0.311102,6.72855,0,0,399,622
0.432,113,1052,0,30.0748,0.328482,6.72902,0,0,467,3
0.432,114,392,0,30.0537,0.245067,6.24611,0,0,162,611
0.432,115,1323,0,30.0688,0.326022,6.24775,0,0,626,118
0.432,116,220,0,30.0662,0.313367,6.24745,0,0,92,16
0.432,117,1401,0,30.0693,0.328195,6.2478,0,0,670,229
0.432,118,276,0,30.0699,0.331266,6.24787,0,0,115,677
0.432,119,1031,0,30.0642,0.329755,5.76671,0,0,454,599
0.432,120,328,0,30.0629,0.323045,5.76657,0,0,134,615
0.432,121,584,0,30.0217,0.111979,5.76226,0,0,240,636
0.432,122,1366,0,30.0568,0.291422,5.76593,0,0,651,556
0.432,123,268,0,30.0198,0.112645,5.2819,0,0,111,64
0.432,124,226,0,30.058,0.32526,5.28559,0,0,95,626
0.432,125,1267,0,30.0566,0.31766,5.28546,0,0,592,202
0.432,126,1104,0,30.0575,0.322619,5.28554,0,0,501,447
0.432,127,1406,0,30.0532,0.298498,5.28513,0,0,673,668
0.432,128,66,0,29.9939,-0.185037,4.80084,0,0,34,204
0.432,129,1100,1,29.9301,0.318429,4.78513,0,0,499,99
0.432,130,320,0,30.0445,0.305548,4.32357,0,0,132,630
0.432,131,445,0,30.0456,0.313383,4.32366,0,0,186,125
0.432,132,949,0,30.0393,0.269686,4.32315,0,0,406,204
0.432,133,454,0,30.0473,0.325107,4.3238,0,0,189,263
0.432,134,766,0,30.0275,0.189744,4.32221,0,0,327,99
0.432,135,1191,1,29.5235,-6.8511,3.81213,0,0,554,226
0.432,136,940,0,30.0346,0.267734,3.8425,0,0,403,294
0.432,137,682,0,30.0427,0.330865,3.84308,0,0,282,485
0.432,138,60,0,30.0424,0.328724,3.84307,0,0,32,45
0.432,139,469,0,30.0424,0.328138,3.84306,0,0,193,104
0.432,140,73,0,30.0365,0.323596,3.36234,0,0,36,636
0.432,141,535,0,30.0379,0.336246,3.36243,0,0,219,531
0.432,142,530,0,28.88,-10,3.28832,0,0,217,481
0.432,143,11,0,30.0377,0.334095,3.36242,0,0,8,19
0.432,144,764,0,30.037,0.32748,3.36237,0,0,325,307
0.432,145,553,1,29.5974,-7.59526,3.34705,0,0,227,341
0.432,146,1299,0,29.8746,0.358163,3.34402,0,0,610,31
0.432,147,126,0,30.0371,0.328494,3.36238,0,0,56,548
0.432,148,531,0,29.04,-10,2.82624,0,0,218,476
0.432,149,854,0,30.0316,0.32704,2.88177,0,0,366,395
0.432,150,330,0,29.8643,0.292357,2.86581,0,0,135,101
0.432,151,1337,0,30.0284,0.0777001,2.88176,0,0,637,97
0.432,152,297,0,30.0309,0.319772,2.88173,0,0,123,471
0.432,153,1294,0,30.0231,0.273821,2.40112,0,0,607,22
0.432,154,566,0,29.8633,0.363142,2.38813,0,0,232,566
0.432,155,1167,0,30.0269,0.334848,2.40129,0,0,539,479
0.432,156,1282,0,30.0272,0.33792,2.40131,0,0,600,338
0.432,157,362,0,30.026,0.323515,2.40125,0,0,149,83
0.432,158,775,0,29.7707,-2.84198,2.38896,0,0,331,133
0.432,159,749,0,29.2,-10,2.3616,0,0,318,299
0.432,160,831,0,29.9728,-0.416764,1.91891,0,0,355,246
0.432,161,1319,0,30.02,0.311583,1.9208,0,0,624,506
0.432,162,802,0,30.0199,0.31022,1.9208,0,0,342,306
0.432,163,931,0,30.0212,0.330599,1.92085,0,0,398,48
0.432,164,17,0,30.0212,0.330685,1.92085,0,0,12,15
0.432,165,480,0,30.02,0.31133,1.9208,0,0,196,79
0.432,166,33,0,29.8575,0.364029,1.91032,0,0,18,486
0.432,167,271,0,29.36,-10,1.8944,0,0,113,156
0.432,168,77,0,29.9879,-0.25273,1.43961,0,0,38,479
0.432,169,236,0,30.0161,0.334193,1.44052,0,0,99,374
0.432,170,779,0,30.016,0.332514,1.44051,0,0,333,105
0.432,171,185,1,30.0136,0.32943,1.4404,0,0,79,516
0.432,172,847,0,30.0057,0.117944,1.44018,0,0,363,477
0.432,173,1138,1,29.7848,-3.45133,0.953997,0,0,521,673
0.432,174,1432,1,29.986,-0.258076,0.959619,0,0,689,297
0.432,175,1129,1,29.8458,0.359904,0.954972,0,0,514,330
0.432,176,83,0,29.84,-10,0.47744,0,0,40,381
0.432,177,335,0,29.84,-10,0.47744,0,0,137,385
0.432,178,786,0,29.84,-10,0.47744,0,0,336,338
0.432,179,1192,0,30.0055,0.341286,0.480087,0,0,555,549
0.432,180,1238,0,29.9732,-1.67382,0.479572,0,0,575,532
0.448,0,566,1,30.153,0.318269,13.9571,0,0,232,680
0.448,1,271,0,30.1207,0.321216,13.9508,0,0,113,488
0.448,2,1256,0,29.8871,-0.245552,13.893,0,0,585,597
0.448,3,387,0,29.8825,-0.560697,13.909,0,0,161,155
0.448,4,1050,0,30.146,0.303651,13.9555,0,0,466,408
0.448,5,1067,0,30.1489,0.309609,13.9561,0,0,477,106
0.448,6,33,1,30.153,0.318269,13.9571,0,0,18,485
0.448,7,847,1,30.0695,-0.0417731,13.9465,0,0,363,676
0.448,8,531,0,30.153,0.318269,13.9571,0,0,218,532
0.448,9,843,0,29.7164,-1.98825,13.8467,0,0,362,483
0.448,10,335,1,30.144,0.315254,13.956,0,0,137,680
0.448,11,1233,0,30.1479,0.319069,13.4747,0,0,574,478
0.448,12,1432,2,30.1194,0.323539,13.4671,0,0,689,578
0.448,13,3,1,29.9818,0.33887,13.4609,0,0,2,35
0.448,14,751,0,30.0261,-0.0607393,13.4548,0,0,319,390
0.448,15,1299,1,30.1469,0.316867,13.4745,0,0,610,578
0.448,16,56,0,30.1338,0.288305,13.4714,0,0,30,542
0.448,17,257,0,30.1479,0.319069,13.4747,0,0,107,80
0.448,18,530,0,30.106,0.193911,13.4673,0,0,217,532
0.448,19,1154,1,29.9833,0.338388,13.4505,0,0,533,297
0.448,20,1242,0,29.9039,-1.8015,13.4377,0,0,577,102
0.448,21,1140,0,29.1558,-10,13.4188,0,0,522,680
0.448,22,1187,0,30.1428,0.319871,12.9923,0,0,552,296
0.448,23,75,0,30.1154,0.164141,12.9883,0,0,37,679
0.448,24,140,0,30.1409,0.315599,12.9919,0,0,63,377
0.448,25,786,0,30.1418,0.317634,12.9921,0,0,336,101
0.448,26,571,0,30.1415,0.317087,12.992,0,0,234,476
0.448,27,330,1,30.1193,0.250391,12.9859,0,0,135,339
0.448,28,449,0,30.12,0.18387,12.9902,0,0,187,566
0.448,29,1,0,30.0638,0.139913,12.9746,0,0,1,6
0.448,30,843,0,26.0852,-10,1.5124,1,0,223,565
0.448,31,49,0,30.113,0.211848,12.9876,0,0,28,279
0.448,32,749,0,30.1362,0.317184,12.5097,0,0,318,22
0.448,33,269,0,30.1368,0.318703,12.5099,0,0,112,675
0.448,34,810,0,30.0744,0.170803,12.4963,0,0,345,46
0.448,35,683,2,29.8744,0.204038,12.4235,0,0,283,122
0.448,36,1338,0,29.0005,-10,12.413,0,0,638,391
0.448,37,1124,0,30.1292,0.300836,12.5082,0,0,511,518
0.448,38,563,0,29.9977,-0.0322225,12.4802,0,0,231,297
0.448,39,561,0,29.6352,-1.30857,12.4088,0,0,229,571
0.448,40,1422,0,30.1318,0.319704,12.0277,0,0,681,675
0.448,41,901,0,30.1271,0.308245,12.0267,0,0,386,126
0.448,42,993,0,26.6645,-10,11.2781,0,0,430,675
0.448,43,976,0,30.1281,0.310728,12.0269,0,0,423,237
0.448,44,1428,0,27.7416,-4.00733,11.6138,0,0,685,230
0.448,45,986,0,30.1052,0.246026,12.023,0,0,427,384
0.448,46,1037,0,30.1074,0.259576,12.0226,0,0,458,667
0.448,47,898,0,30.1101,0.266251,12.0231,0,0,385,549
0.448,48,1343,0,30.1133,0.274186,12.0238,0,0,643,88
0.448,49,708,0,29.9703,-0.0785656,11.994,0,0,296,676
0.448,50,1285,0,30.1308,0.317231,12.0275,0,0,602,558
0.448,51,311,0,30.1203,0.304189,11.5443,0,0,128,372
0.448,52,637,0,30.1218,0.308124,11.5446,0,0,262,206
0.448,53,988,0,30.0398,-0.0567464,11.5351,0,0,428,630
0.448,54,1030,0,30.1261,0.319001,11.5455,0,0,453,646
0.448,55,538,0,29.838,-1.02937,11.4803,0,0,221,486
0.448,56,1164,0,30.1139,0.287663,11.543,0,0,537,300
0.448,57,838,0,30.1044,0.12601,11.5441,0,0,359,565
0.448,58,654,0,30.1257,0.318105,11.5454,0,0,269,106
0.448,59,43,0,30.092,0.243366,11.0578,0,0,24,559
0.448,60,550,0,29.8545,-0.842713,11.0165,0,0,226,578
0.448,61,542,0,30.1121,0.322553,11.0622,0,0,222,547
0.448,62,83,0,30.1222,0.323094,11.0637,0,0,40,530
0.448,63,990,0,29.9001,-0.249215,11.0202,0,0,429,486
0.448,64,1284,0,30.107,0.268317,11.0615,0,0,601,482
0.448,65,1138,0,29.4046,-3.68784,10.9694,0,0,521,611
0.448,66,945,0,30.0983,0.259125,11.0591,0,0,405,152
0.448,67,660,0,30.1211,0.319975,11.0635,0,0,271,600
0.448,68,177,0,30.1152,0.304355,11.0623,0,0,76,117
0.448,69,428,0,30.1138,0.314924,10.5811,0,0,178,576
0.448,70,1188,0,27.3906,-2.97038,9.98805,0,0,553,488
0.448,71,1011,0,30.098,0.266527,10.5781,0,0,440,382
0.448,72,397,0,30.1159,0.320579,10.5815,0,0,164,577
0.448,73,37,1,30.1153,0.324177,10.5817,0,0,20,488
0.448,74,562,0,29.726,-0.765147,10.509,0,0,230,673
0.448,75,1269,0,30.0511,0.102766,10.5713,0,0,594,482
0.448,76,394,0,29.2308,-3.00547,10.4441,0,0,163,31
0.448,77,386,0,29.9766,-0.254252,10.0834,0,0,160,483
0.448,78,1352,0,30.106,0.307481,10.0988,0,0,645,41
0.448,79,81,0,29.9942,-0.564093,10.0913,0,0,39,383
0.448,80,549,0,30.1119,0.324716,10.0999,0,0,225,548
0.448,81,1102,0,28.1995,-7.43149,9.41342,0,0,500,285
0.448,82,661,0,29.9505,-0.527849,9.60268,0,0,272,599
0.448,83,625,0,30.1049,0.320175,9.61777,0,0,255,572
0.448,84,784,0,29.99,-0.179758,9.11895,0,0,335,630
0.448,85,1423,0,30.1007,0.323826,9.13623,0,0,682,599
0.448,86,1261,0,30.0944,0.127309,9.13565,0,0,587,22
0.448,87,365,0,30.0987,0.317409,9.13591,0,0,151,369
0.448,88,790,0,30.1003,0.322619,9.13617,0,0,337,155
0.448,89,981,0,27.41,-10,8.66542,0,0,426,148
0.448,90,695,0,30.1004,0.322775,9.13618,0,0,290,515
0.448,91,848,1,29.9411,0.349226,9.09725,0,0,364,3
0.448,92,596,0,30.0643,0.218942,8.64983,0,0,244,192
0.448,93,647,0,30.0903,0.306638,8.65382,0,0,265,64
0.448,94,537,0,30.0854,0.246222,8.6539,0,0,220,299
0.448,95,1274,0,30.0131,-0.0911377,8.64387,0,0,595,391
0.448,96,830,0,30.095,0.322787,8.65454,0,0,354,18
0.448,97,331,0,27.1848,-10,8.21106,0,0,136,631
0.448,98,1246,0,30.0955,0.324653,8.65462,0,0,579,591
0.448,99,579,0,30.0904,0.325855,8.17311,0,0,238,3
0.448,100,975,0,30.0896,0.322839,8.17299,0,0,422,683
0.448,101,1170,0,30.0897,0.323392,8.17301,0,0,541,142
0.448,102,1385,0,30.0811,0.291871,8.17176,0,0,660,365
0.448,103,1268,0,30.0902,0.325045,8.17308,0,0,593,101
0.448,104,547,0,30.0573,0.0860555,8.17008,0,0,224,296
0.448,105,1046,0,29.8309,-10,8.1569,0,0,464,296
0.448,106,1006,0,30.0834,0.319716,7.69141,0,0,438,233
0.448,107,1240,0,29.9806,-0.431001,7.67956,0,0,576,300
0.448,108,1209,0,28.3948,-3.59373,7.42335,0,0,563,569
0.448,109,605,0,30.0837,0.320995,7.69146,0,0,247,7
0.448,110,34,1,29.1705,-5.14022,7.59897,0,0,19,99
0.448,111,721,0,29.2869,-9.0414,7.14295,0,0,303,483
0.448,112,933,0,30.0758,0.310309,7.20976,0,0,399,622
0.448,113,1052,0,30.08,0.327663,7.2103,0,0,467,3
0.448,114,392,0,30.0578,0.258431,6.72704,0,0,162,611
0.448,115,1323,0,30.074,0.325206,6.72893,0,0,626,118
0.448,116,220,0,30.0712,0.312571,6.72859,0,0,92,16
0.448,117,1401,0,30.0745,0.327376,6.72899,0,0,670,229
0.448,118,276,0,30.0752,0.330441,6.72908,0,0,115,677
0.448,119,1031,0,30.0695,0.328933,6.24782,0,0,454,599
0.448,120,328,0,30.068,0.322233,6.24766,0,0,134,615
0.448,121,584,0,30.0235,0.111796,6.24263,0,0,240,636
0.448,122,1366,0,30.0614,0.290654,6.24692,0,0,651,556
0.448,123,268,0,30.0216,0.112674,5.76225,0,0,111,64
0.448,124,226,0,30.0632,0.324445,5.7666,0,0,95,626
0.448,125,1267,0,30.0617,0.316856,5.76645,0,0,592,202
0.448,126,1104,0,30.0626,0.321808,5.76655,0,0,501,447
0.448,127,1406,0,30.058,0.29772,5.76606,0,0,673,668
0.448,128,66,0,29.991,-0.182636,5.28069,0,0,34,204
0.448,129,1100,1,29.9352,0.317611,5.26409,0,0,499,99
0.448,130,320,0,30.0493,0.30476,4.80436,0,0,132,630
0.448,131,445,0,30.0506,0.312585,4.80447,0,0,186,125
0.448,132,949,0,30.0436,0.268944,4.80385,0,0,406,204
0.448,133,454,0,30.0525,0.324291,4.80464,0,0,189,263
0.448,134,766,0,30.0306,0.189366,4.8027,0,0,327,99
0.448,135,1191,1,29.4213,-6.38831,4.28287,0,0,554,226
0.448,136,940,0,30.0389,0.266992,4.32312,0,0,403,294
0.448,137,682,0,30.048,0.33004,4.32385,0,0,282,485
0.448,138,60,0,30.0477,0.327902,4.32383,0,0,32,45
0.448,139,469,0,30.0476,0.327317,4.32382,0,0,193,104
0.448,140,73,0,30.0417,0.322781,3.84301,0,0,36,636
0.448,141,535,0,30.0433,0.335412,3.84313,0,0,219,531
0.448,142,530,0,28.72,-10,3.74784,0,0,217,481
0.448,143,11,0,30.043,0.333264,3.84311,0,0,8,19
0.448,144,764,0,30.0422,0.32666,3.84305,0,0,325,307
0.448,145,553,1,29.4842,-7.07527,3.81879,0,0,227,341
0.448,146,1299,0,29.8803,0.357286,3.82211,0,0,610,31
0.448,147,126,0,30.0423,0.327672,3.84306,0,0,56,548
0.448,148,531,0,28.88,-10,3.28832,0,0,218,476
0.448,149,854,0,30.0368,0.326221,3.36236,0,0,366,395
0.448,150,330,0,29.8688,0.28644,3.34371,0,0,135,101
0.448,151,1337,0,30.0297,0.0779478,3.36224,0,0,637,97
0.448,152,297,0,30.036,0.318963,3.36231,0,0,123,471
0.448,153,1294,0,30.0278,0.293627,2.88157,0,0,607,22
0.448,154,566,0,29.8691,0.362257,2.86604,0,0,232,566
0.448,155,1167,0,30.0323,0.334016,2.88181,0,0,539,479
0.448,156,1282,0,30.0326,0.337082,2.88183,0,0,600,338
0.448,157,362,0,30.0312,0.3227,2.88175,0,0,149,83
0.448,158,775,0,29.7254,-2.82996,2.86457,0,0,331,133
0.448,159,749,0,29.04,-10,2.82624,0,0,318,299
0.448,160,831,0,29.9662,-0.41145,2.39837,0,0,355,246
0.448,161,1319,0,30.025,0.310784,2.4012,0,0,624,506
0.448,162,802,0,30.0249,0.309423,2.4012,0,0,342,306
0.448,163,931,0,30.0265,0.329773,2.40127,0,0,398,48
0.448,164,17,0,30.0265,0.329859,2.40128,0,0,12,15
0.448,165,480,0,30.025,0.310531,2.4012,0,0,196,79
0.448,166,33,0,29.8633,0.363142,2.38813,0,0,18,486
0.448,167,271,0,29.2,-10,2.3616,0,0,113,156
0.448,168,77,0,29.9838,-0.253247,1.91935,0,0,38,479
0.448,169,236,0,30.0214,0.333361,1.92086,0,0,99,374
0.448,170,779,0,30.0213,0.331685,1.92085,0,0,333,105
0.448,171,185,1,30.0188,0.328606,1.9207,0,0,79,516
0.448,172,847,0,30.0075,0.117954,1.9203,0,0,363,477
0.448,173,1138,1,29.7315,-3.32835,1.4297,0,0,521,673
0.448,174,1432,1,29.982,-0.254799,1.43933,0,0,689,297
0.448,175,1129,1,29.8515,0.359023,1.4326,0,0,514,330
0.448,176,83,0,29.68,-10,0.95232,0,0,40,381
0.448,177,335,0,29.8458,0.36229,0.954973,0,0,137,385
0.448,178,786,0,29.68,-10,0.95232,0,0,336,338
0.448,179,1192,0,30.0109,0.340442,0.960262,0,0,555,549
0.448,180,1238,0,29.9598,-0.835778,0.958929,0,0,575,532
0.448,181,1392,0,30.0053,0.330535,0.480085,0,0,665,462
0.448,182,1032,0,30.0054,0.338854,0.480087,0,0,455,298
0.448,183,648,0,30.0054,0.338177,0.480087,0,0,266,508
0.448,184,394,0,29.84,-10,0.47744,0,0,163,477
0.448,185,1045,0,29.9973,-0.170015,0.479957,0,0,463,390
0.448,186,37,0,29.84,-10,0.47744,0,0,20,156
0.448,187,1188,0,29.84,-10,0.47744,0,0,553,530
0.448,188,387,0,29.84,-10,0.47744,0,0,161,672
0.448,189,286,0,30.0054,0.338359,0.480087,0,0,119,301
0.448,190,563,0,29.84,-10,0.47744,0,0,231,340
0.448,191,428,0,29.84,-10,0.47744,0,0,178,100
0.464,0,566,1,30.1581,0.31747,14.4397,0,0,232,680
0.464,1,271,0,30.1229,0.136254,14.4328,0,0,113,488
0.464,2,1256,0,29.8831,-0.245721,14.3711,0,0,585,597
0.464,3,387,0,29.8726,-0.620207,14.387,0,0,161,155
0.464,4,1050,0,30.1509,0.302876,14.4379,0,0,466,408
0.464,5,1067,0,30.1538,0.308825,14.4386,0,0,477,106
0.464,6,33,1,30.1581,0.31747,14.4397,0,0,18,485
0.464,7,847,1,30.0688,-0.0407063,14.4276,0,0,363,676
0.464,8,531,0,30.1581,0.31747,14.4397,0,0,218,532
0.464,9,843,0,29.6853,-1.94232,14.3217,0,0,362,483
0.464,10,335,1,30.1491,0.31446,14.4384,0,0,137,680
0.464,11,1233,0,30.153,0.318269,13.9571,0,0,574,478
0.464,12,1432,2,30.1246,0.322729,13.9491,0,0,689,578
0.464,13,3,1,29.9872,0.338029,13.9407,0,0,2,35
0.464,14,751,0,30.0251,-0.0595005,13.9352,0,0,319,390
0.464,15,1299,1,30.1519,0.316071,13.9569,0,0,610,578
0.464,16,56,0,30.1384,0.287551,13.9536,0,0,30,542
0.464,17,257,0,30.153,0.318269,13.9571,0,0,107,80
0.464,18,530,0,30.1088,0.175045,13.949,0,0,217,532
0.464,19,1154,1,29.9887,0.337548,13.9303,0,0,533,297
0.464,20,1242,0,29.8754,-1.77879,13.9157,0,0,577,102
0.464,21,1140,0,28.9958,-10,13.8828,0,0,522,680
0.464,22,1187,0,30.1479,0.319069,13.4747,0,0,552,296
0.464,23,75,0,30.118,0.163257,13.4702,0,0,37,679
0.464,24,140,0,30.1459,0.314805,13.4742,0,0,63,377
0.464,25,786,0,30.1469,0.316836,13.4745,0,0,336,101
0.464,26,571,0,30.1466,0.31629,13.4744,0,0,234,476
0.464,27,330,1,30.1233,0.249779,13.4679,0,0,135,339
0.464,28,449,0,30.1229,0.183503,13.4721,0,0,187,566
0.464,29,1,0,30.0661,0.139322,13.4556,0,0,1,6
0.464,30,843,0,25.9252,-10,1.92721,1,0,223,565
0.464,31,49,0,30.1163,0.211379,13.4695,0,0,28,279
0.464,32,749,0,30.1412,0.316387,12.992,0,0,318,22
0.464,33,269,0,30.1419,0.317903,12.9921,0,0,112,675
0.464,34,810,0,30.0771,0.17018,12.9775,0,0,345,46
0.464,35,683,2,29.8777,0.203335,12.9015,0,0,283,122
0.464,36,1338,0,28.8456,-9.68331,12.8745,0,0,638,391
0.464,37,1124,0,30.134,0.300064,12.9904,0,0,511,518
0.464,38,563,0,29.9971,-0.0352079,12.9601,0,0,231,297
0.464,39,561,0,29.6146,-1.2827,12.8827,0,0,229,571
0.464,40,1422,0,30.1369,0.318902,12.5099,0,0,681,675
0.464,41,901,0,30.132,0.307461,12.5088,0,0,386,126
0.464,42,993,0,26.5045,-10,11.7022,0,0,430,675
0.464,43,976,0,30.1331,0.309941,12.5091,0,0,423,237
0.464,44,1428,0,27.6825,-3.69398,12.0567,0,0,685,230
0.464,45,986,0,30.1091,0.239862,12.5048,0,0,427,384
0.464,46,1037,0,30.1115,0.258856,12.5044,0,0,458,667
0.464,47,898,0,30.1143,0.265523,12.505,0,0,385,549
0.464,48,1343,0,30.1177,0.273448,12.5057,0,0,643,88
0.464,49,708,0,29.9691,-0.0789311,12.4735,0,0,296,676
0.464,50,1285,0,30.1359,0.316433,12.5097,0,0,602,558
0.464,51,311,0,30.1252,0.303411,12.0263,0,0,128,372
0.464,52,637,0,30.1268,0.30734,12.0266,0,0,262,206
0.464,53,988,0,30.0389,-0.0557379,12.0157,0,0,428,630
0.464,54,1030,0,30.1312,0.3182,12.0276,0,0,453,646
0.464,55,538,0,29.8218,-1.01164,11.9575,0,0,221,486
0.464,56,1164,0,30.1184,0.286907,12.0249,0,0,537,300
0.464,57,838,0,30.1064,0.125924,12.0258,0,0,359,565
0.464,58,654,0,30.1308,0.317306,12.0275,0,0,269,106
0.464,59,43,0,30.0959,0.242772,11.5394,0,0,24,559
0.464,60,550,0,29.84,-0.908713,11.494,0,0,226,578
0.464,61,542,0,30.1139,0.111783,11.544,0,0,222,547
0.464,62,83,0,30.1274,0.322286,11.5457,0,0,40,530
0.464,63,990,0,29.8962,-0.247596,11.4985,0,0,429,486
0.464,64,1284,0,30.1113,0.267652,11.5433,0,0,601,482
0.464,65,1138,0,29.348,-3.53364,11.439,0,0,521,611
0.464,66,945,0,30.1025,0.258404,11.5407,0,0,405,152
0.464,67,660,0,30.1262,0.319172,11.5455,0,0,271,600
0.464,68,177,0,30.1201,0.303576,11.5442,0,0,76,117
0.464,69,428,0,30.1189,0.314129,11.063,0,0,178,576
0.464,70,1188,0,27.3468,-2.74013,10.4256,0,0,553,488
0.464,71,1011,1,30.1022,0.261241,11.0597,0,0,440,382
0.464,72,397,0,30.121,0.319775,11.0634,0,0,164,577
0.464,73,37,1,30.1205,0.323367,11.0636,0,0,20,488
0.464,74,562,0,29.7138,-0.76663,10.9844,0,0,230,673
0.464,75,1269,0,30.0525,0.0865194,11.0521,0,0,594,482
0.464,76,394,0,29.1809,-3.11385,10.911,0,0,163,31
0.464,77,386,0,29.9726,-0.251329,10.563,0,0,160,483
0.464,78,1352,0,30.1109,0.306697,10.5806,0,0,645,41
0.464,79,81,0,29.9853,-0.556583,10.5711,0,0,39,383
0.464,80,549,0,30.1171,0.323904,10.5817,0,0,225,548
0.464,81,1102,0,28.0928,-6.66866,9.86291,0,0,500,285
0.464,82,661,0,29.9421,-0.523989,10.0818,0,0,272,599
0.464,83,625,0,30.1101,0.319371,10.0995,0,0,255,572
0.464,84,784,0,29.9866,-0.213636,9.59873,0,0,335,630
0.464,85,1423,0,30.1059,0.323015,9.61792,0,0,682,599
0.464,86,1261,1,30.0994,0.312773,9.61724,0,0,587,22
0.464,87,365,0,30.1038,0.316609,9.61757,0,0,151,369
0.464,88,790,0,30.1055,0.321811,9.61786,0,0,337,155
0.464,89,981,0,27.25,-10,9.10142,0,0,426,148
0.464,90,695,0,30.1055,0.321967,9.61787,0,0,290,515
0.464,91,848,1,29.9467,0.348366,9.5764,0,0,364,3
0.464,92,596,0,30.0678,0.218451,9.13092,0,0,244,192
0.464,93,647,0,30.0951,0.305853,9.13534,0,0,265,64
0.464,94,537,0,30.0893,0.245636,9.13532,0,0,220,299
0.464,95,1274,0,30.0114,-0.109872,9.12405,0,0,595,391
0.464,96,830,0,30.1001,0.321978,9.13614,0,0,354,18
0.464,97,331,0,27.0248,-10,8.64345,0,0,136,631
0.464,98,1246,0,30.1007,0.323841,9.13623,0,0,579,591
0.464,99,579,0,30.0956,0.325041,8.65464,0,0,238,3
0.464,100,975,0,30.0947,0.32203,8.6545,0,0,422,683
0.464,101,1170,0,30.0949,0.322582,8.65453,0,0,541,142
0.464,102,1385,0,30.0857,0.291106,8.65313,0,0,660,365
0.464,103,1268,0,30.0954,0.324232,8.6546,0,0,593,101
0.464,104,547,0,30.0587,0.0858694,8.65102,0,0,224,296
0.464,105,1046,0,29.6709,-10,8.63163,0,0,464,296
0.464,106,1006,0,30.0885,0.318911,8.17283,0,0,438,233
0.464,107,1240,0,29.9737,-0.431732,8.15914,0,0,576,300
0.464,108,1209,0,28.3406,-3.39102,7.8768,0,0,563,569
0.464,109,605,0,30.0889,0.320188,8.17288,0,0,247,7
0.464,110,34,1,29.0881,-5.14674,8.06438,0,0,19,99
0.464,111,721,0,29.143,-8.99787,7.60924,0,0,303,483
0.464,112,933,0,30.0808,0.309518,7.69105,0,0,399,622
0.464,113,1052,0,30.0853,0.326845,7.69167,0,0,467,3
0.464,114,392,0,30.0619,0.252529,7.20803,0,0,162,611
0.464,115,1323,0,30.0792,0.324392,7.2102,0,0,626,118
0.464,116,220,0,30.0762,0.311776,7.20981,0,0,92,16
0.464,117,1401,0,30.0798,0.326558,7.21027,0,0,670,229
0.464,118,276,0,30.0805,0.329618,7.21036,0,0,115,677
0.464,119,1031,0,30.0747,0.328113,6.72901,0,0,454,599
0.464,120,328,0,30.0732,0.321423,6.72883,0,0,134,615
0.464,121,584,0,30.0252,0.111612,6.72304,0,0,240,636
0.464,122,1366,0,30.0661,0.289888,6.72797,0,0,651,556
0.464,123,268,0,30.0234,0.112703,6.24262,0,0,111,64
0.464,124,226,0,30.0683,0.323632,6.24769,0,0,95,626
0.464,125,1267,0,30.0667,0.316054,6.24751,0,0,592,202
0.464,126,1104,0,30.0678,0.320999,6.24763,0,0,501,447
0.464,127,1406,0,30.0627,0.296944,6.24706,0,0,673,668
0.464,128,66,0,29.9881,-0.180255,5.7605,0,0,34,204
0.464,129,1100,1,29.9403,0.316795,5.74314,0,0,499,99
0.464,130,320,0,30.0542,0.303974,5.28522,0,0,132,630
0.464,131,445,0,30.0556,0.311788,5.28536,0,0,186,125
0.464,132,949,0,30.0479,0.268202,5.28462,0,0,406,204
0.464,133,454,0,30.0577,0.323477,5.28556,0,0,189,263
0.464,134,766,0,30.0336,0.188988,5.28324,0,0,327,99
0.464,135,1191,1,29.3257,-5.96993,4.75208,0,0,554,226
0.464,136,940,0,30.0431,0.266252,4.80381,0,0,403,294
0.464,137,682,0,30.0533,0.329217,4.8047,0,0,282,485
0.464,138,60,0,30.0529,0.327082,4.80468,0,0,32,45
0.464,139,469,0,30.0528,0.326498,4.80467,0,0,193,104
0.464,140,73,0,30.0468,0.321969,4.32376,0,0,36,636
0.464,141,535,0,30.0487,0.33458,4.32391,0,0,219,531
0.464,142,530,0,28.56,-10,4.2048,0,0,217,481
0.464,143,11,0,30.0484,0.332435,4.32388,0,0,8,19
0.464,144,764,0,30.0474,0.325842,4.3238,0,0,325,307
0.464,145,553,1,29.3785,-6.60752,4.28885,0,0,227,341
0.464,146,1299,0,29.886,0.356411,4.30028,0,0,610,31
0.464,147,126,0,30.0475,0.326852,4.32382,0,0,56,548
0.464,148,531,0,28.72,-10,3.74784,0,0,218,476
0.464,149,854,0,30.042,0.325402,3.84303,0,0,366,395
0.464,150,330,0,29.8734,0.285758,3.82169,0,0,135,101
0.464,151,1337,0,30.0309,0.0781929,3.84273,0,0,637,97
0.464,152,297,0,30.0411,0.318155,3.84297,0,0,123,471
0.464,153,1294,0,30.0325,0.292853,3.36209,0,0,607,22
0.464,154,566,0,29.8749,0.361374,3.34404,0,0,232,566
0.464,155,1167,0,30.0376,0.333186,3.36241,0,0,539,479
0.464,156,1282,0,30.0379,0.336246,3.36243,0,0,600,338
0.464,157,362,0,30.0363,0.321887,3.36233,0,0,149,83
0.464,158,775,0,29.6803,-2.81806,3.33945,0,0,331,133
0.464,159,749,0,28.88,-10,3.28832,0,0,318,299
0.464,160,831,0,29.9597,-0.406197,2.87772,0,0,355,246
0.464,161,1319,0,30.0299,0.309987,2.88168,0,0,624,506
0.464,162,802,0,30.0298,0.308627,2.88167,0,0,342,306
0.464,163,931,0,30.0318,0.328949,2.88178,0,0,398,48
0.464,164,17,0,30.0318,0.329035,2.88178,0,0,12,15
0.464,165,480,0,30.0299,0.309735,2.88168,0,0,196,79
0.464,166,33,0,29.8691,0.362257,2.86604,0,0,18,486
0.464,167,271,0,29.04,-10,2.82624,0,0,113,156
0.464,168,77,0,29.9766,-0.454463,2.39898,0,0,38,479
0.464,169,236,0,30.0267,0.332531,2.40129,0,0,99,374
0.464,170,779,0,30.0266,0.330857,2.40128,0,0,333,105
0.464,171,185,1,30.0241,0.327783,2.40108,0,0,79,516
0.464,172,847,0,30.0094,0.117962,2.40045,0,0,363,477
0.464,173,1138,1,29.6801,-3.21126,1.90458,0,0,521,673
0.464,174,1432,1,29.9779,-0.251556,1.91898,0,0,689,297
0.464,175,1129,1,29.8572,0.358144,1.91031,0,0,514,330
0.464,176,83,0,29.52,-10,1.42464,0,0,40,381
0.464,177,335,0,29.8516,0.361405,1.4326,0,0,137,385
0.464,178,786,0,29.52,-10,1.42464,0,0,336,338
0.464,179,1192,0,30.0163,0.339599,1.44052,0,0,555,549
0.464,180,1238,0,29.9453,-0.908018,1.43805,0,0,575,532
0.464,181,1392,0,30.0106,0.329708,0.960254,0,0,665,462
0.464,182,1032,0,30.0108,0.338014,0.96026,0,0,455,298
0.464,183,648,0,30.0108,0.337339,0.96026,0,0,266,508
0.464,184,394,0,29.68,-10,0.95232,0,0,163,477
0.464,185,1045,1,29.9969,-0.0259125,0.959906,0,0,463,390
0.464,186,37,0,29.8445,0.2804,0.954952,0,0,20,156
0.464,187,1188,0,29.68,-10,0.95232,0,0,553,530
0.464,188,387,0,29.68,-10,0.95232,0,0,161,672
0.464,189,286,0,30.0108,0.33752,0.96026,0,0,119,301
0.464,190,563,0,29.68,-10,0.95232,0,0,231,340
0.464,191,428,0,29.68,-10,0.95232,0,0,178,100
0.464,192,990,0,29.84,-10,0.47744,0,0,429,298
0.464,193,81,0,29.84,-10,0.47744,0,0,39,340
0.464,194,1011,0,29.84,-10,0.47744,0,0,440,482
0.464,195,760,0,30.0053,0.330026,0.480085,0,0,323,598
0.48,0,566,1,30.1631,0.316673,14.9223,0,0,232,680
0.48,1,271,0,30.1251,0.135822,14.9148,0,0,113,488
0.48,2,1256,0,29.8792,-0.24589,14.8492,0,0,585,597
0.48,3,387,0,29.8617,-0.681104,14.8647,0,0,161,155
0.48,4,1050,0,30.1557,0.302102,14.9204,0,0,466,408
0.48,5,1067,0,30.1587,0.308042,14.9211,0,0,477,106
0.48,6,33,1,30.1631,0.316673,14.9223,0,0,18,485
0.48,7,847,1,30.0682,-0.0396483,14.9087,0,0,363,676
0.48,8,531,0,30.1631,0.316673,14.9223,0,0,218,532
0.48,9,843,0,29.655,-1.89776,14.7961,0,0,362,483
0.48,10,335,1,30.1541,0.313668,14.9208,0,0,137,680
0.48,11,1233,0,30.1581,0.31747,14.4397,0,0,574,478
0.48,12,1432,2,30.1297,0.321922,14.4312,0,0,689,578
0.48,13,3,1,29.9926,0.337189,14.4206,0,0,2,35
0.48,14,751,0,30.0242,-0.0582718,14.4156,0,0,319,390
0.48,15,1299,1,30.157,0.315276,14.4394,0,0,610,578
0.48,16,56,0,30.143,0.286799,14.4359,0,0,30,542
0.48,17,257,0,30.1581,0.31747,14.4397,0,0,107,80
0.48,18,530,0,30.1115,0.16425,14.4308,0,0,217,532
0.48,19,1154,1,29.9941,0.336709,14.4102,0,0,533,297
0.48,20,1242,0,29.8473,-1.75766,14.3933,0,0,577,102
0.48,21,1140,0,28.8358,-10,14.3441,0,0,522,680
0.48,22,1187,0,30.153,0.318269,13.9571,0,0,552,296
0.48,23,75,0,30.1206,0.162161,13.9521,0,0,37,679
0.48,24,140,0,30.1509,0.314012,13.9567,0,0,63,377
0.48,25,786,0,30.1519,0.316039,13.9569,0,0,336,101
0.48,26,571,0,30.1516,0.315495,13.9568,0,0,234,476
0.48,27,330,1,30.1272,0.249169,13.9499,0,0,135,339
0.48,28,449,0,30.1258,0.183135,13.9541,0,0,187,566
0.48,29,1,0,30.0683,0.138733,13.9367,0,0,1,6
0.48,30,843,0,25.7652,-10,2.33945,1,0,223,565
0.48,31,49,0,30.1197,0.210912,13.9514,0,0,28,279
0.48,32,749,0,30.1463,0.315591,13.4743,0,0,318,22
0.48,33,269,0,30.147,0.317104,13.4745,0,0,112,675
0.48,34,810,0,30.0798,0.169559,13.4588,0,0,345,46
0.48,35,683,2,29.8809,0.202633,13.3796,0,0,283,122
0.48,36,1338,0,28.7061,-8.71393,13.3338,0,0,638,391
0.48,37,1124,0,30.1388,0.299293,13.4726,0,0,511,518
0.48,38,563,0,29.9965,-0.038131,13.4401,0,0,231,297
0.48,39,561,0,29.5945,-1.25741,13.3562,0,0,229,571
0.48,40,1422,0,30.142,0.318102,12.9921,0,0,681,675
0.48,41,901,0,30.137,0.306679,12.991,0,0,386,126
0.48,42,993,0,26.3445,-10,12.1237,0,0,430,675
0.48,43,976,0,30.138,0.309155,12.9913,0,0,423,237
0.48,44,1428,0,27.6279,-3.41298,12.4987,0,0,685,230
0.48,45,986,0,30.1128,0.233527,12.9866,0,0,427,384
0.48,46,1037,0,30.1156,0.258138,12.9862,0,0,458,667
0.48,47,898,0,30.1185,0.264796,12.9869,0,0,385,549
0.48,48,1343,0,30.122,0.272712,12.9876,0,0,643,88
0.48,49,708,0,29.9678,-0.0792965,12.9529,0,0,296,676
0.48,50,1285,0,30.1409,0.315637,12.9919,0,0,602,558
0.48,51,311,0,30.13,0.302634,12.5084,0,0,128,372
0.48,52,637,0,30.1317,0.306557,12.5087,0,0,262,206
0.48,53,988,0,30.038,-0.0547509,12.4963,0,0,428,630
0.48,54,1030,0,30.1363,0.317401,12.5097,0,0,453,646
0.48,55,538,0,29.8059,-0.996323,12.4344,0,0,221,486
0.48,56,1164,0,30.123,0.286153,12.5069,0,0,537,300
0.48,57,838,0,30.1084,0.125838,12.5075,0,0,359,565
0.48,58,654,0,30.1359,0.316508,12.5097,0,0,269,106
0.48,59,43,0,30.0998,0.242178,12.021,0,0,24,559
0.48,60,550,0,29.8244,-0.975888,11.9712,0,0,226,578
0.48,61,542,1,30.1178,0.244507,12.0259,0,0,222,547
0.48,62,83,0,30.1325,0.321479,12.0278,0,0,40,530
0.48,63,990,0,29.8923,-0.245986,11.9768,0,0,429,486
0.48,64,1284,0,30.1156,0.266988,12.0251,0,0,601,482
0.48,65,1138,0,29.188,-10,11.906,0,0,521,611
0.48,66,945,0,30.1066,0.257685,12.0224,0,0,405,152
0.48,67,660,0,30.1313,0.318371,12.0276,0,0,271,600
0.48,68,177,0,30.1249,0.302798,12.0262,0,0,76,117
0.48,69,428,0,30.1239,0.313335,11.545,0,0,178,576
0.48,70,1188,0,27.3063,-2.53244,10.8625,0,0,553,488
0.48,71,1011,1,30.1064,0.260603,11.5414,0,0,440,382
0.48,72,397,0,30.1261,0.318972,11.5455,0,0,164,577
0.48,73,37,1,30.1257,0.322558,11.5456,0,0,20,488
0.48,74,562,0,29.7015,-0.767908,11.4597,0,0,230,673
0.48,75,1269,0,30.0536,0.0697942,11.533,0,0,594,482
0.48,76,394,0,29.1294,-3.22163,11.377,0,0,163,31
0.48,77,386,0,29.9686,-0.248454,11.0424,0,0,160,483
0.48,78,1352,0,30.1158,0.305914,11.0624,0,0,645,41
0.48,79,81,0,29.9766,-0.549168,11.0507,0,0,39,383
0.48,80,549,0,30.1222,0.323094,11.0637,0,0,225,548
0.48,81,1102,0,27.9966,-6.01492,10.3109,0,0,500,285
0.48,82,661,0,29.9338,-0.520153,10.5607,0,0,272,599
0.48,83,625,0,30.1151,0.318569,10.5814,0,0,255,572
0.48,84,784,0,29.9826,-0.248413,10.0785,0,0,335,630
0.48,85,1423,0,30.111,0.322207,10.0997,0,0,682,599
0.48,86,1261,1,30.1044,0.31198,10.0989,0,0,587,22
0.48,87,365,0,30.1088,0.31581,10.0993,0,0,151,369
0.48,88,790,0,30.1106,0.321004,10.0996,0,0,337,155
0.48,89,981,0,27.09,-10,9.53486,0,0,426,148
0.48,90,695,0,30.1107,0.32116,10.0996,0,0,290,515
0.48,91,848,1,29.9523,0.347509,10.0556,0,0,364,3
0.48,92,596,0,30.0713,0.217961,9.61206,0,0,244,192
0.48,93,647,0,30.1,0.30507,9.61694,0,0,265,64
0.48,94,537,0,30.0933,0.245052,9.61682,0,0,220,299
0.48,95,1274,0,30.0093,-0.128951,9.6042,0,0,595,391
0.48,96,830,0,30.1053,0.32117,9.61782,0,0,354,18
0.48,97,331,0,26.8648,-10,9.07329,0,0,136,631
0.48,98,1246,0,30.1059,0.32303,9.61793,0,0,579,591
0.48,99,579,0,30.1008,0.324228,9.13625,0,0,238,3
0.48,100,975,0,30.0999,0.321223,9.1361,0,0,422,683
0.48,101,1170,0,30.1001,0.321773,9.13613,0,0,541,142
0.48,102,1385,0,30.0904,0.290342,9.13457,0,0,660,365
0.48,103,1268,0,30.1006,0.323421,9.13621,0,0,593,101
0.48,104,547,0,30.06,0.0856846,9.13198,0,0,224,296
0.48,105,1046,0,29.6711,0.0114252,9.10637,0,0,464,296
0.48,106,1006,0,30.0936,0.318108,8.65433,0,0,438,233
0.48,107,1240,0,29.9668,-0.432842,8.63861,0,0,576,300
0.48,108,1209,0,28.2893,-3.20342,8.32943,0,0,563,569
0.48,109,605,0,30.094,0.319383,8.65439,0,0,247,7
0.48,110,34,1,29.006,-5.13605,8.52848,0,0,19,99
0.48,111,721,0,28.9997,-8.95658,8.07324,0,0,303,483
0.48,112,933,0,30.0857,0.308728,8.17243,0,0,399,622
0.48,113,1052,0,30.0905,0.326029,8.17311,0,0,467,3
0.48,114,392,0,30.0658,0.246461,7.68908,0,0,162,611
0.48,115,1323,0,30.0844,0.32358,7.69155,0,0,626,118
0.48,116,220,0,30.0811,0.310982,7.69111,0,0,92,16
0.48,117,1401,0,30.085,0.325743,7.69163,0,0,670,229
0.48,118,276,0,30.0858,0.328797,7.69174,0,0,115,677
0.48,119,1031,0,30.0799,0.327294,7.21029,0,0,454,599
0.48,120,328,0,30.0783,0.320615,7.21008,0,0,134,615
0.48,121,584,0,30.027,0.111429,7.20347,0,0,240,636
0.48,122,1366,0,30.0707,0.289123,7.2091,0,0,651,556
0.48,123,268,0,30.0252,0.112729,6.72302,0,0,111,64
0.48,124,226,0,30.0735,0.32282,6.72887,0,0,95,626
0.48,125,1267,0,30.0718,0.315253,6.72866,0,0,592,202
0.48,126,1104,0,30.0729,0.320191,6.7288,0,0,501,447
0.48,127,1406,0,30.0675,0.29617,6.72814,0,0,673,668
0.48,128,66,0,29.9853,-0.177896,6.24027,0,0,34,204
0.48,129,1100,1,29.9454,0.315981,6.22226,0,0,499,99
0.48,130,320,0,30.059,0.303189,5.76617,0,0,132,630
0.48,131,445,0,30.0606,0.310993,5.76633,0,0,186,125
0.48,132,949,0,30.0521,0.267462,5.76545,0,0,406,204
0.48,133,454,0,30.0628,0.322665,5.76656,0,0,189,263
0.48,134,766,0,30.0366,0.188611,5.76382,0,0,327,99
0.48,135,1191,1,29.2363,-5.59027,5.21986,0,0,554,226
0.48,136,940,0,30.0474,0.265514,5.28457,0,0,403,294
0.48,137,682,0,30.0585,0.328395,5.28564,0,0,282,485
0.48,138,60,0,30.0581,0.326264,5.28561,0,0,32,45
0.48,139,469,0,30.058,0.32568,5.2856,0,0,193,104
0.48,140,73,0,30.052,0.321158,4.80459,0,0,36,636
0.48,141,535,0,30.054,0.333749,4.80477,0,0,219,531
0.48,142,530,0,28.4,-10,4.6592,0,0,217,481
0.48,143,11,0,30.0537,0.331608,4.80474,0,0,8,19
0.48,144,764,0,30.0526,0.325025,4.80465,0,0,325,307
0.48,145,553,1,29.2795,-6.18496,4.75732,0,0,227,341
0.48,146,1299,0,29.8917,0.355537,4.77855,0,0,610,31
0.48,147,126,0,30.0528,0.326034,4.80466,0,0,56,548
0.48,148,531,0,28.56,-10,4.2048,0,0,218,476
0.48,149,854,0,30.0472,0.324586,4.32379,0,0,366,395
0.48,150,330,0,29.878,0.285077,4.29974,0,0,135,101
0.48,151,1337,0,30.0322,0.0784356,4.32324,0,0,637,97
0.48,152,297,0,30.0462,0.317349,4.32371,0,0,123,471
0.48,153,1294,0,30.0371,0.29208,3.84268,0,0,607,22
0.48,154,566,0,29.8807,0.360492,3.82213,0,0,232,566
0.48,155,1167,0,30.0429,0.332357,3.8431,0,0,539,479
0.48,156,1282,0,30.0433,0.335412,3.84313,0,0,600,338
0.48,157,362,0,30.0415,0.321075,3.84299,0,0,149,83
0.48,158,775,0,29.6354,-2.80628,3.81362,0,0,331,133
0.48,159,749,0,28.72,-10,3.74784,0,0,318,299
0.48,160,831,0,29.9533,-0.401002,3.35697,0,0,355,246
0.48,161,1319,0,30.0349,0.309191,3.36224,0,0,624,506
0.48,162,802,0,30.0347,0.307834,3.36223,0,0,342,306
0.48,163,931,0,30.037,0.328126,3.36238,0,0,398,48
0.48,164,17,0,30.037,0.328212,3.36238,0,0,12,15
0.48,165,480,0,30.0349,0.30894,3.36224,0,0,196,79
0.48,166,33,0,29.8749,0.361374,3.34404,0,0,18,486
0.48,167,271,0,28.88,-10,3.28832,0,0,113,156
0.48,168,77,0,29.9685,-0.505909,2.87848,0,0,38,479
0.48,169,236,0,30.032,0.331703,2.8818,0,0,99,374
0.48,170,779,0,30.0319,0.330031,2.88179,0,0,333,105
0.48,171,185,1,30.0293,0.326961,2.88155,0,0,79,516
0.48,172,847,0,30.0113,0.117969,2.88063,0,0,363,477
0.48,173,1138,1,29.6306,-3.09969,2.37867,0,0,521,673
0.48,174,1432,1,29.974,-0.248343,2.39856,0,0,689,297
0.48,175,1129,1,29.8629,0.357266,2.38812,0,0,514,330
0.48,176,83,0,29.36,-10,1.8944,0,0,40,381
0.48,177,335,0,29.8573,0.360522,1.91032,0,0,137,385
0.48,178,786,0,29.36,-10,1.8944,0,0,336,338
0.48,179,1192,0,30.0218,0.338759,1.92087,0,0,555,549
0.48,180,1238,0,29.9296,-0.981685,1.91693,0,0,575,532
0.48,181,1392,0,30.0158,0.328883,1.44051,0,0,665,462
0.48,182,1032,0,30.0162,0.337176,1.44052,0,0,455,298
0.48,183,648,0,30.0162,0.336502,1.44052,0,0,266,508
0.48,184,394,0,29.52,-10,1.42464,0,0,163,477
0.48,185,1045,1,29.9965,-0.025115,1.43985,0,0,463,390
0.48,186,37,0,29.849,0.279732,1.43254,0,0,20,156
0.48,187,1188,0,29.52,-10,1.42464,0,0,553,530
0.48,188,387,0,29.52,-10,1.42464,0,0,161,672
0.48,189,286,0,30.0162,0.336683,1.44052,0,0,119,301
0.48,190,563,0,29.52,-10,1.42464,0,0,231,340
0.48,191,428,0,29.52,-10,1.42464,0,0,178,100
0.48,192,990,0,29.68,-10,0.95232,0,0,429,298
0.48,193,81,0,29.68,-10,0.95232,0,0,39,340
0.48,194,1011,0,29.8449,0.30744,0.954959,0,0,440,482
0.48,195,760,0,30.0105,0.3292,0.960253,0,0,323,598
0.48,196,699,0,30.0046,0.28828,0.480074,0,0,292,635
0.48,197,544,0,29.84,-10,0.47744,0,0,223,392
0.48,198,1338,0,29.84,-10,0.47744,0,0,638,623
0.48,199,1242,0,29.84,-10,0.47744,0,0,577,338
0.48,200,1422,0,29.84,-10,0.47744,0,0,681,97
0.48,201,1154,0,29.84,-10,0.47744,0,0,533,678
0.496,0,566,1,30.1682,0.315878,15.405,0,0,232,680
0.496,1,271,0,30.1273,0.13539,15.3968,0,0,113,488
0.496,2,1256,0,29.8753,-0.246061,15.3272,0,0,585,597
0.496,3,387,0,29.8498,-0.743338,15.3423,0,0,161,155
0.496,4,1050,0,30.1605,0.30133,15.4029,0,0,466,408
0.496,5,1067,0,30.1636,0.307261,15.4038,0,0,477,106
0.496,6,33,1,30.1682,0.315878,15.405,0,0,18,485
0.496,7,847,1,30.0676,-0.0385977,15.3897,0,0,363,676
0.496,8,531,0,30.1682,0.315878,15.405,0,0,218,532
0.496,9,843,0,29.6253,-1.85453,15.2701,0,0,362,483
0.496,10,335,1,30.1591,0.312878,15.4034,0,0,137,680
0.496,11,1233,0,30.1631,0.316673,14.9223,0,0,574,478
0.496,12,1432,2,30.1348,0.321116,14.9133,0,0,689,578
0.496,13,3,1,29.998,0.336351,14.9006,0,0,2,35
0.496,14,751,0,30.0233,-0.0570527,14.8959,0,0,319,390
0.496,15,1299,1,30.162,0.314483,14.922,0,0,610,578
0.496,16,56,0,30.1476,0.286047,14.9183,0,0,30,542
0.496,17,257,0,30.1631,0.316673,14.9223,0,0,107,80
0.496,18,530,0,30.1139,0.15314,14.9126,0,0,217,532
0.496,19,682,1,29.9994,0.335872,0.23522,1,0,533,297
0.496,20,1242,0,29.8195,-1.7381,14.8704,0,0,577,102
0.496,21,1140,0,28.6758,-10,14.803,0,0,522,680
0.496,22,1187,0,30.1581,0.31747,14.4397,0,0,552,296
0.496,23,75,0,30.1232,0.161013,14.4341,0,0,37,679
0.496,24,140,0,30.156,0.313221,14.4391,0,0,63,377
0.496,25,786,0,30.1569,0.315245,14.4394,0,0,336,101
0.496,26,571,0,30.1567,0.314701,14.4393,0,0,234,476
0.496,27,330,1,30.1312,0.248559,14.432,0,0,135,339
0.496,28,449,0,30.1288,0.182769,14.4362,0,0,187,566
0.496,29,1,0,30.0705,0.138144,14.4178,0,0,1,6
0.496,30,843,0,25.6052,-10,2.74913,1,0,223,565
0.496,31,49,0,30.1231,0.210445,14.4334,0,0,28,279
0.496,32,749,0,30.1513,0.314797,13.9567,0,0,318,22
0.496,33,269,0,30.152,0.316308,13.9569,0,0,112,675
0.496,34,810,0,30.0825,0.168939,13.9401,0,0,345,46
0.496,35,683,2,29.8842,0.201933,13.8578,0,0,283,122
0.496,36,1338,0,28.58,-7.88294,13.7911,0,0,638,391
0.496,37,1124,0,30.1436,0.298523,13.9549,0,0,511,518
0.496,38,563,0,29.9958,-0.0409922,13.92,0,0,231,297
0.496,39,561,0,29.5748,-1.23268,13.8294,0,0,229,571
0.496,40,1422,0,30.1471,0.317303,13.4745,0,0,681,675
0.496,41,901,0,30.1418,0.305898,13.4733,0,0,386,126
0.496,42,993,0,26.1845,-10,12.5426,0,0,430,675
0.496,43,976,0,30.143,0.308371,13.4735,0,0,423,237
0.496,44,1428,0,27.5773,-3.15991,12.94,0,0,685,230
0.496,45,986,0,30.1164,0.227019,13.4684,0,0,427,384
0.496,46,1037,0,30.1197,0.257421,13.4681,0,0,458,667
0.496,47,898,0,30.1228,0.264072,13.4688,0,0,385,549
0.496,48,1343,0,30.1264,0.271977,13.4697,0,0,643,88
0.496,49,708,0,29.9665,-0.0796621,13.4324,0,0,296,676
0.496,50,1285,0,30.1459,0.314842,13.4742,0,0,602,558
0.496,51,311,0,30.1348,0.301859,12.9905,0,0,128,372
0.496,52,637,0,30.1366,0.305776,12.9909,0,0,262,206
0.496,53,988,0,30.0372,-0.0537866,12.9769,0,0,428,630
0.496,54,1030,0,30.1413,0.316603,12.992,0,0,453,646
0.496,55,538,0,29.8103,0.277889,12.9113,0,0,221,486
0.496,56,1164,0,30.1276,0.285401,12.9889,0,0,537,300
0.496,57,838,0,30.1104,0.125751,12.9893,0,0,359,565
0.496,58,654,0,30.1409,0.315712,12.9919,0,0,269,106
0.496,59,43,0,30.1036,0.241587,12.5026,0,0,24,559
0.496,60,550,0,29.8077,-1.04418,12.4481,0,0,226,578
0.496,61,542,1,30.1217,0.240844,12.5078,0,0,222,547
0.496,62,83,0,30.1377,0.320674,12.51,0,0,40,530
0.496,63,990,0,29.8883,-0.244384,12.455,0,0,429,486
0.496,64,1284,0,30.1198,0.266325,12.507,0,0,601,482
0.496,65,1138,0,29.028,-10,12.3704,0,0,521,611
0.496,66,945,0,30.1107,0.256967,12.5042,0,0,405,152
0.496,67,660,0,30.1363,0.317571,12.5098,0,0,271,600
0.496,68,177,0,30.1297,0.302022,12.5083,0,0,76,117
0.496,69,428,0,30.1289,0.312544,12.0271,0,0,178,576
0.496,70,1188,0,27.2688,-2.3444,11.2988,0,0,553,488
0.496,71,1011,1,30.1105,0.259967,12.0232,0,0,440,382
0.496,72,397,0,30.1312,0.318171,12.0276,0,0,164,577
0.496,73,37,1,30.1308,0.321751,12.0277,0,0,20,488
0.496,74,562,0,29.6892,-0.768985,11.9347,0,0,230,673
0.496,75,1269,0,30.0547,0.0694788,12.0138,0,0,594,482
0.496,76,394,0,29.0761,-3.32872,11.8422,0,0,163,31
0.496,77,386,0,29.9647,-0.245629,11.5219,0,0,160,483
0.496,78,1352,0,30.1207,0.305132,11.5444,0,0,645,41
0.496,79,81,0,29.9679,-0.541848,11.5302,0,0,39,383
0.496,80,549,0,30.1274,0.322286,11.5457,0,0,225,548
0.496,81,1102,0,27.9094,-5.4498,10.7574,0,0,500,285
0.496,82,661,0,29.9256,-0.516343,11.0395,0,0,272,599
0.496,83,625,0,30.1202,0.317768,11.0633,0,0,255,572
0.496,84,784,0,29.9781,-0.284072,10.5581,0,0,335,630
0.496,85,1423,0,30.1162,0.321399,10.5816,0,0,682,599
0.496,86,1261,1,30.1094,0.311189,10.5807,0,0,587,22
0.496,87,365,0,30.1139,0.315014,10.5811,0,0,151,369
0.496,88,790,0,30.1157,0.320199,10.5815,0,0,337,155
0.496,89,981,0,26.93,-10,9.96574,0,0,426,148
0.496,90,695,0,30.1158,0.320354,10.5815,0,0,290,515
0.496,91,848,1,29.9578,0.346653,10.535,0,0,364,3
0.496,92,596,0,30.0747,0.217471,10.0933,0,0,244,192
0.496,93,647,0,30.1049,0.304288,10.0986,0,0,265,64
0.496,94,537,0,30.0972,0.244469,10.0984,0,0,220,299
0.496,95,1274,0,30.0069,-0.148373,10.0843,0,0,595,391
0.496,96,830,0,30.1104,0.320365,10.0996,0,0,354,18
0.496,97,331,0,26.7048,-10,9.50057,0,0,136,631
0.496,98,1246,0,30.111,0.322222,10.0997,0,0,579,591
0.496,99,579,0,30.106,0.323417,9.61795,0,0,238,3
0.496,100,975,0,30.105,0.320416,9.61778,0,0,422,683
0.496,101,1170,0,30.1052,0.320966,9.61781,0,0,541,142
0.496,102,1385,0,30.095,0.28958,9.6161,0,0,660,365
0.496,103,1268,0,30.1057,0.322611,9.6179,0,0,593,101
0.496,104,547,0,30.0614,0.0855002,9.61296,0,0,224,296
0.496,105,1046,0,29.6713,0.0121606,9.58111,0,0,464,296
0.496,106,1006,0,30.0987,0.317307,9.13591,0,0,438,233
0.496,107,1240,0,29.9599,-0.434336,9.11796,0,0,576,300
0.496,108,1209,0,28.2408,-3.02945,8.78129,0,0,563,569
0.496,109,605,0,30.0991,0.318579,9.13597,0,0,247,7
0.496,110,34,1,28.9242,-5.11065,8.99127,0,0,19,99
0.496,111,721,0,28.857,-8.91742,8.53495,0,0,303,483
0.496,112,933,0,30.0906,0.30794,8.65388,0,0,399,622
0.496,113,1052,0,30.0957,0.325214,8.65464,0,0,467,3
0.496,114,392,0,30.0697,0.240229,8.17019,0,0,162,611
0.496,115,1323,0,30.0896,0.322769,8.17298,0,0,626,118
0.496,116,220,0,30.0861,0.31019,8.17249,0,0,92,16
0.496,117,1401,0,30.0902,0.324928,8.17307,0,0,670,229
0.496,118,276,0,30.091,0.327978,8.17319,0,0,115,677
0.496,119,1031,0,30.0852,0.326477,7.69165,0,0,454,599
0.496,120,328,0,30.0834,0.319809,7.69142,0,0,134,615
0.496,121,584,0,30.0288,0.111245,7.68393,0,0,240,636
0.496,122,1366,0,30.0753,0.28836,7.69031,0,0,651,556
0.496,123,268,0,30.027,0.112755,7.20345,0,0,111,64
0.496,124,226,0,30.0787,0.32201,7.21013,0,0,95,626
0.496,125,1267,0,30.0768,0.314454,7.20989,0,0,592,202
0.496,126,1104,0,30.078,0.319385,7.21004,0,0,501,447
0.496,127,1406,0,30.0722,0.295398,7.2093,0,0,673,668
0.496,128,66,0,29.9825,-0.175558,6.71999,0,0,34,204
0.496,129,1100,1,29.9504,0.315168,6.70147,0,0,499,99
0.496,130,320,0,30.0639,0.302406,6.24719,0,0,132,630
0.496,131,445,0,30.0655,0.310199,6.24738,0,0,186,125
0.496,132,949,0,30.0564,0.266724,6.24635,0,0,406,204
0.496,133,454,0,30.068,0.321854,6.24765,0,0,189,263
0.496,134,766,0,30.0396,0.188235,6.24446,0,0,327,99
0.496,135,1191,1,29.1524,-5.24452,5.6863,0,0,554,226
0.496,136,940,0,30.0516,0.264778,5.7654,0,0,403,294
0.496,137,682,0,30.0638,0.327575,5.76666,0,0,282,485
0.496,138,60,0,30.0634,0.325447,5.76662,0,0,32,45
0.496,139,469,0,30.0632,0.324865,5.76661,0,0,193,104
0.496,140,73,0,30.0571,0.320349,5.2855,0,0,36,636
0.496,141,535,0,30.0593,0.332919,5.28572,0,0,219,531
0.496,142,530,0,28.24,-10,5.11104,0,0,217,481
0.496,143,11,0,30.059,0.330782,5.28568,0,0,8,19
0.496,144,764,0,30.0578,0.32421,5.28557,0,0,325,307
0.496,145,553,1,29.1867,-5.80177,5.22431,0,0,227,341
0.496,146,1299,0,29.8974,0.354666,5.25691,0,0,610,31
0.496,147,126,0,30.058,0.325217,5.28559,0,0,56,548
0.496,148,531,0,28.4,-10,4.6592,0,0,218,476
0.496,149,854,0,30.0524,0.323771,4.80463,0,0,366,395
0.496,150,330,0,29.8825,0.284397,4.77786,0,0,135,101
0.496,151,1337,0,30.0334,0.0786755,4.80378,0,0,637,97
0.496,152,297,0,30.0512,0.316545,4.80453,0,0,123,471
0.496,153,1294,0,30.0418,0.291309,4.32335,0,0,607,22
0.496,154,566,0,29.8864,0.359612,4.30031,0,0,232,566
0.496,155,1167,0,30.0482,0.331529,4.32387,0,0,539,479
0.496,156,1282,0,30.0487,0.33458,4.32391,0,0,600,338
0.496,157,362,0,30.0466,0.320266,4.32374,0,0,149,83
0.496,158,775,0,29.5907,-2.79463,4.28707,0,0,331,133
0.496,159,749,0,28.56,-10,4.2048,0,0,318,299
0.496,160,831,0,29.947,-0.395866,3.83613,0,0,355,246
0.496,161,1319,0,30.0398,0.308397,3.84288,0,0,624,506
0.496,162,802,0,30.0397,0.307042,3.84286,0,0,342,306
0.496,163,931,0,30.0423,0.327305,3.84305,0,0,398,48
0.496,164,17,0,30.0423,0.327391,3.84305,0,0,12,15
0.496,165,480,0,30.0398,0.308146,3.84287,0,0,196,79
0.496,166,33,0,29.8807,0.360492,3.82213,0,0,18,486
0.496,167,271,0,28.72,-10,3.74784,0,0,113,156
0.496,168,77,0,29.9595,-0.558605,3.35783,0,0,38,479
0.496,169,236,0,30.0373,0.330876,3.3624,0,0,99,374
0.496,170,779,0,30.0371,0.329207,3.36238,0,0,333,105
0.496,171,185,1,30.0345,0.326141,3.3621,0,0,79,516
0.496,172,847,0,30.0113,0.00122622,3.36082,0,0,363,477
0.496,173,1138,1,29.5827,-2.99327,2.85199,0,0,521,673
0.496,174,1432,1,29.97,-0.245162,2.87808,0,0,689,297
0.496,175,1129,1,29.8687,0.35639,2.86602,0,0,514,330
0.496,176,83,0,29.2,-10,2.3616,0,0,40,381
0.496,177,335,0,29.8631,0.359641,2.38813,0,0,137,385
0.496,178,786,0,29.2,-10,2.3616,0,0,336,338
0.496,179,1192,0,30.0272,0.33792,2.40131,0,0,555,549
0.496,180,1238,0,29.9127,-1.0567,2.39553,0,0,575,532
0.496,181,1392,0,30.0211,0.328059,1.92084,0,0,665,462
0.496,182,1032,0,30.0216,0.33634,1.92087,0,0,455,298
0.496,183,648,0,30.0216,0.335666,1.92086,0,0,266,508
0.496,184,394,0,29.36,-10,1.8944,0,0,163,477
0.496,185,1045,1,29.9961,-0.024323,1.91979,0,0,463,390
0.496,186,37,0,29.8534,0.279064,1.91019,0,0,20,156
0.496,187,1188,0,29.36,-10,1.8944,0,0,553,530
0.496,188,387,0,29.36,-10,1.8944,0,0,161,672
0.496,189,286,0,30.0216,0.335847,1.92086,0,0,119,301
0.496,190,563,0,29.36,-10,1.8944,0,0,231,340
0.496,191,428,0,29.36,-10,1.8944,0,0,178,100
0.496,192,990,0,29.52,-10,1.42464,0,0,429,298
0.496,193,81,0,29.52,-10,1.42464,0,0,39,340
0.496,194,1011,0,29.8498,0.302355,1.43255,0,0,440,482
0.496,195,760,0,30.0158,0.328376,1.44051,0,0,323,598
0.496,196,699,0,30.0092,0.287509,0.960221,0,0,292,635
0.496,197,544,0,29.68,-10,0.95232,0,0,223,392
0.496,198,1338,0,29.68,-10,0.95232,0,0,638,623
0.496,199,1242,0,29.68,-10,0.95232,0,0,577,338
0.496,200,1422,0,29.68,-10,0.95232,0,0,681,97
0.496,201,1154,0,29.68,-10,0.95232,0,0,533,678
0.496,202,784,0,29.84,-10,0.47744,0,0,335,481
0.496,203,848,0,29.84,-10,0.47744,0,0,364,340
0.496,204,751,0,29.84,-10,0.47744,0,0,319,384
0.496,205,960,0,30.0008,0.0495096,0.480013,0,0,414,631
0.496,206,1424,0,29.8687,-8.20645,0.477899,0,0,683,485
0.512,0,566,1,30.1732,0.315084,15.8877,0,0,232,680
0.512,1,271,0,30.1294,0.13496,15.8789,0,0,113,488
0.512,2,1256,0,29.8713,-0.246234,15.8051,0,0,585,597
0.512,3,387,0,29.8369,-0.806857,15.8197,0,0,161,155
0.512,4,1050,0,30.1653,0.30056,15.8856,0,0,466,408
0.512,5,1067,0,30.1685,0.306482,15.8865,0,0,477,106
0.512,6,33,1,30.1732,0.315084,15.8877,0,0,18,485
0.512,7,847,1,30.0669,-0.0375554,15.8708,0,0,363,676
0.512,8,531,0,30.1732,0.315084,15.8877,0,0,218,532
0.512,9,843,0,29.5963,-1.81449,15.7437,0,0,362,483
0.512,10,335,1,30.163,0.243634,15.886,0,0,137,680
0.512,11,1233,0,30.1682,0.315878,15.405,0,0,574,478
0.512,12,1432,2,30.14,0.320312,15.3956,0,0,689,578
0.512,13,3,1,30.0034,0.335515,15.3806,0,0,2,35
0.512,14,751,0,30.0224,-0.0558434,15.3763,0,0,319,390
0.512,15,1299,1,30.167,0.313691,15.4047,0,0,610,578
0.512,16,56,0,30.1521,0.285298,15.4007,0,0,30,542
0.512,17,257,0,30.1682,0.315878,15.405,0,0,107,80
0.512,18,530,0,30.1162,0.141717,15.3945,0,0,217,532
0.512,19,682,1,29.9046,-5.9244,0.713694,1,0,533,297
0.512,20,1242,0,29.792,-1.72007,15.3471,0,0,577,102
0.512,21,1167,0,28.5158,-10,0.396212,1,0,522,680
0.512,22,1187,0,30.1631,0.316673,14.9223,0,0,552,296
0.512,23,75,0,30.1258,0.15981,14.9161,0,0,37,679
0.512,24,140,0,30.161,0.312431,14.9217,0,0,63,377
0.512,25,786,0,30.162,0.314452,14.922,0,0,336,101
0.512,26,571,0,30.1617,0.313909,14.9219,0,0,234,476
0.512,27,330,1,30.1352,0.247951,14.9142,0,0,135,339
0.512,28,449,0,30.1317,0.182403,14.9183,0,0,187,566
0.512,29,1,0,30.0727,0.137557,14.899,0,0,1,6
0.512,30,843,0,25.4452,-10,3.15625,1,0,223,565
0.512,31,49,0,30.1264,0.209979,14.9154,0,0,28,279
0.512,32,749,0,30.1563,0.314004,14.4392,0,0,318,22
0.512,33,269,0,30.1571,0.315513,14.4394,0,0,112,675
0.512,34,810,0,30.0852,0.16832,14.4215,0,0,345,46
0.512,35,683,2,29.8874,0.201234,14.336,0,0,283,122
0.512,36,1338,0,28.4654,-7.16427,14.2466,0,0,638,391
0.512,37,1124,0,30.1484,0.297755,14.4373,0,0,511,518
0.512,38,563,0,29.9951,-0.0437929,14.3999,0,0,231,297
0.512,39,561,0,29.5555,-1.20851,14.3023,0,0,229,571
0.512,40,1422,0,30.1521,0.316506,13.9569,0,0,681,675
0.512,41,901,0,30.1467,0.305119,13.9556,0,0,386,126
0.512,42,993,0,26.0245,-10,12.959,0,0,430,675
0.512,43,976,0,30.1479,0.307588,13.9559,0,0,423,237
0.512,44,1428,0,27.5304,-2.93114,13.3804,0,0,685,230
0.512,45,986,0,30.12,0.220341,13.9504,0,0,427,384
0.512,46,1037,0,30.1238,0.256705,13.9501,0,0,458,667
0.512,47,898,0,30.127,0.263348,13.9509,0,0,385,549
0.512,48,1343,0,30.1307,0.271244,13.9518,0,0,643,88
0.512,49,708,0,29.9652,-0.0800276,13.9118,0,0,296,676
0.512,50,1285,0,30.151,0.314049,13.9567,0,0,602,558
0.512,51,311,0,30.1397,0.301085,13.4728,0,0,128,372
0.512,52,637,0,30.1414,0.304997,13.4732,0,0,262,206
0.512,53,988,0,30.0363,-0.0528442,13.4575,0,0,428,630
0.512,54,1030,0,30.1464,0.315807,13.4743,0,0,453,646
0.512,55,538,0,29.8148,0.277064,13.3884,0,0,221,486
0.512,56,1164,0,30.1321,0.28465,13.471,0,0,537,300
0.512,57,838,0,30.1124,0.125663,13.4711,0,0,359,565
0.512,58,654,0,30.146,0.314917,13.4742,0,0,269,106
0.512,59,43,0,30.1075,0.240996,12.9843,0,0,24,559
0.512,60,550,0,29.7899,-1.11354,12.9247,0,0,226,578
0.512,61,542,1,30.1255,0.237316,12.9898,0,0,222,547
0.512,62,83,0,30.1428,0.319871,12.9923,0,0,40,530
0.512,63,990,0,29.8845,-0.24279,12.9332,0,0,429,486
0.512,64,1284,0,30.1241,0.265664,12.989,0,0,601,482
0.512,65,1138,0,28.868,-10,12.8323,0,0,521,611
0.512,66,945,0,30.1148,0.25625,12.986,0,0,405,152
0.512,67,660,0,30.1414,0.316773,12.992,0,0,271,600
0.512,68,177,0,30.1346,0.301248,12.9905,0,0,76,117
0.512,69,428,0,30.1339,0.311753,12.5092,0,0,178,576
0.512,70,1188,0,27.234,-2.17359,11.7345,0,0,553,488
0.512,71,1011,1,30.1147,0.259332,12.505,0,0,440,382
0.512,72,397,0,30.1362,0.317372,12.5097,0,0,164,577
0.512,73,37,1,30.1359,0.320945,12.5099,0,0,20,488
0.512,74,562,0,29.6769,-0.769868,12.4095,0,0,230,673
0.512,75,1269,0,30.0558,0.0691657,12.4947,0,0,594,482
0.512,76,394,0,29.0212,-3.43501,12.3066,0,0,163,31
0.512,77,386,0,29.9608,-0.242852,12.0013,0,0,160,483
0.512,78,1352,0,30.1255,0.304353,12.0264,0,0,645,41
0.512,79,81,0,29.9593,-0.53462,12.0095,0,0,39,383
0.512,80,549,0,30.1325,0.321479,12.0278,0,0,225,548
0.512,81,1102,0,27.8301,-4.95752,11.2027,0,0,500,285
0.512,82,661,0,29.9174,-0.512559,11.5182,0,0,272,599
0.512,83,625,0,30.1147,-0.343233,11.5451,0,0,255,572
0.512,84,784,0,29.9729,-0.320599,11.0377,0,0,335,630
0.512,85,1423,0,30.1213,0.320594,11.0635,0,0,682,599
0.512,86,1261,1,30.1144,0.310399,11.0625,0,0,587,22
0.512,87,365,0,30.1189,0.314218,11.063,0,0,151,369
0.512,88,790,0,30.1208,0.319396,11.0634,0,0,337,155
0.512,89,981,0,26.77,-10,10.3941,0,0,426,148
0.512,90,695,0,30.1209,0.319551,11.0634,0,0,290,515
0.512,91,848,1,29.9633,0.345798,11.0144,0,0,364,3
0.512,92,596,0,30.0782,0.216983,10.5745,0,0,244,192
0.512,93,647,0,30.1098,0.303508,10.5804,0,0,265,64
0.512,94,537,0,30.1011,0.243887,10.58,0,0,220,299
0.512,95,1274,0,30.0043,-0.168135,10.5644,0,0,595,391
0.512,96,830,0,30.1155,0.319561,10.5814,0,0,354,18
0.512,97,331,0,26.5448,-10,9.92529,0,0,136,631
0.512,98,1246,0,30.1162,0.321414,10.5816,0,0,579,591
0.512,99,579,0,30.1112,0.322608,10.0997,0,0,238,3
0.512,100,975,0,30.1101,0.319612,10.0995,0,0,422,683
0.512,101,1170,0,30.1103,0.320161,10.0996,0,0,541,142
0.512,102,1385,0,30.0996,0.288819,10.0977,0,0,660,365
0.512,103,1268,0,30.1109,0.321803,10.0997,0,0,593,101
0.512,104,547,0,30.0628,0.0851229,10.094,0,0,224,296
0.512,105,1046,0,29.6715,0.0128901,10.0559,0,0,464,296
0.512,106,1006,0,30.1037,0.316507,9.61757,0,0,438,233
0.512,107,1240,0,29.9529,-0.436222,9.59721,0,0,576,300
0.512,108,1209,0,28.195,-2.86779,9.2324,0,0,563,569
0.512,109,605,0,30.1042,0.317777,9.61764,0,0,247,7
0.512,110,34,1,28.843,-5.07273,9.45275,0,0,19,99
0.512,111,721,0,28.7149,-8.88025,8.99439,0,0,303,483
0.512,112,933,0,30.0956,0.307153,9.13541,0,0,399,622
0.512,113,1052,0,30.1009,0.324401,9.13626,0,0,467,3
0.512,114,392,0,30.0734,0.233833,8.65137,0,0,162,611
0.512,115,1323,0,30.0947,0.32196,8.6545,0,0,626,118
0.512,116,220,0,30.0911,0.3094,8.65394,0,0,92,16
0.512,117,1401,0,30.0954,0.324115,8.6546,0,0,670,229
0.512,118,276,0,30.0963,0.32716,8.65473,0,0,115,677
0.512,119,1031,0,30.0904,0.325661,8.1731,0,0,454,599
0.512,120,328,0,30.0885,0.319004,8.17284,0,0,134,615
0.512,121,584,0,30.0306,0.111062,8.16442,0,0,240,636
0.512,122,1366,0,30.0799,0.287599,8.17159,0,0,651,556
0.512,123,268,0,30.0274,0.021825,7.68389,0,0,111,64
0.512,124,226,0,30.0838,0.321201,7.69147,0,0,95,626
0.512,125,1267,0,30.0818,0.313657,7.6912,0,0,592,202
0.512,126,1104,0,30.0831,0.31858,7.69137,0,0,501,447
0.512,127,1406,0,30.0769,0.294626,7.69053,0,0,673,668
0.512,128,66,0,29.9797,-0.173239,7.19966,0,0,34,204
0.512,129,1100,1,29.9554,0.314357,7.18076,0,0,499,99
0.512,130,320,0,30.0687,0.301625,6.72829,0,0,132,630
0.512,131,445,0,30.0705,0.309407,6.7285,0,0,186,125
0.512,132,949,0,30.0607,0.265987,6.72732,0,0,406,204
0.512,133,454,0,30.0731,0.321045,6.72882,0,0,189,263
0.512,134,766,0,30.0426,0.187859,6.72514,0,0,327,99
0.512,135,1191,1,29.0735,-4.92863,6.15148,0,0,554,226
0.512,136,940,0,30.0558,0.264043,6.24629,0,0,403,294
0.512,137,682,0,30.069,0.326757,6.24777,0,0,282,485
0.512,138,60,0,30.0685,0.324632,6.24772,0,0,32,45
0.512,139,469,0,30.0684,0.324051,6.2477,0,0,193,104
0.512,140,73,0,30.0622,0.319541,5.7665,0,0,36,636
0.512,141,535,0,30.0646,0.332092,5.76675,0,0,219,531
0.512,142,530,0,28.08,-10,5.56032,0,0,217,481
0.512,143,11,0,30.0642,0.329958,5.76671,0,0,8,19
0.512,144,764,0,30.063,0.323396,5.76658,0,0,325,307
0.512,145,553,1,29.0994,-5.45301,5.6899,0,0,227,341
0.512,146,1299,0,29.903,0.353795,5.73536,0,0,610,31
0.512,147,126,0,30.0632,0.324402,5.7666,0,0,56,548
0.512,148,531,0,28.24,-10,5.11104,0,0,218,476
0.512,149,854,0,30.0576,0.322958,5.28555,0,0,366,395
0.512,150,330,0,29.8871,0.283719,5.25605,0,0,135,101
0.512,151,1337,0,30.0347,0.078913,5.28433,0,0,637,97
0.512,152,297,0,30.0563,0.315743,5.28543,0,0,123,471
0.512,153,1294,0,30.0464,0.29054,4.8041,0,0,607,22
0.512,154,566,0,29.8922,0.358733,4.77859,0,0,232,566
0.512,155,1167,0,30.0535,0.330704,4.80473,0,0,539,479
0.512,156,1282,0,30.054,0.333749,4.80477,0,0,600,338
0.512,157,362,0,30.0517,0.319457,4.80457,0,0,149,83
0.512,158,775,0,29.5462,-2.7831,4.75981,0,0,331,133
0.512,159,749,0,28.4,-10,4.6592,0,0,318,299
0.512,160,831,0,29.9407,-0.390787,4.31518,0,0,355,246
0.512,161,1319,0,30.0448,0.307605,4.32359,0,0,624,506
0.512,162,802,0,30.0446,0.306251,4.32358,0,0,342,306
0.512,163,931,0,30.0475,0.326486,4.32381,0,0,398,48
0.512,164,17,0,30.0475,0.326572,4.32381,0,0,12,15
0.512,165,480,0,30.0447,0.307354,4.32359,0,0,196,79
0.512,166,33,0,29.8864,0.359612,4.30031,0,0,18,486
0.512,167,271,0,28.56,-10,4.2048,0,0,113,156
0.512,168,77,0,29.9497,-0.612512,3.83702,0,0,38,479
0.512,169,236,0,30.0426,0.33005,3.84308,0,0,99,374
0.512,170,779,0,30.0424,0.328384,3.84306,0,0,333,105
0.512,171,185,1,30.0397,0.325323,3.84274,0,0,79,516
0.512,172,847,0,30.011,-0.0221691,3.84099,0,0,363,477
0.512,173,1138,1,29.5364,-2.8917,3.32458,0,0,521,673
0.512,174,1432,1,29.9662,-0.242011,3.35754,0,0,689,297
0.512,175,1129,1,29.8743,0.355516,3.34401,0,0,514,330
0.512,176,83,0,29.04,-10,2.82624,0,0,40,381
0.512,177,335,0,29.8681,0.310093,2.86601,0,0,137,385
0.512,178,786,0,29.04,-10,2.82624,0,0,336,338
0.512,179,1192,0,30.0326,0.337082,2.88183,0,0,555,549
0.512,180,1238,0,29.8946,-1.133,2.87384,0,0,575,532
0.512,181,1392,0,30.0263,0.327238,2.40127,0,0,665,462
0.512,182,1032,0,30.027,0.335505,2.4013,0,0,455,298
0.512,183,648,0,30.0269,0.334832,2.40129,0,0,266,508
0.512,184,394,0,29.2,-10,2.3616,0,0,163,477
0.512,185,1045,1,29.9957,-0.0235373,2.39972,0,0,463,390
0.512,186,37,0,29.8579,0.278398,2.38792,0,0,20,156
0.512,187,1188,0,29.2,-10,2.3616,0,0,553,530
0.512,188,387,0,29.2,-10,2.3616,0,0,161,672
0.512,189,286,0,30.0269,0.335013,2.40129,0,0,119,301
0.512,190,563,0,29.2,-10,2.3616,0,0,231,340
0.512,191,428,0,29.2,-10,2.3616,0,0,178,100
0.512,192,990,0,29.36,-10,1.8944,0,0,429,298
0.512,193,81,0,29.36,-10,1.8944,0,0,39,340
0.512,194,1011,0,29.8545,0.297127,1.91023,0,0,440,482
0.512,195,760,0,30.021,0.327553,1.92084,0,0,323,598
0.512,196,699,0,30.0138,0.28674,1.44044,0,0,292,635
0.512,197,544,0,29.52,-10,1.42464,0,0,223,392
0.512,198,1338,0,29.52,-10,1.42464,0,0,638,623
0.512,199,1242,0,29.52,-10,1.42464,0,0,577,338
0.512,200,1422,0,29.52,-10,1.42464,0,0,681,97
0.512,201,1154,0,29.52,-10,1.42464,0,0,533,678
0.512,202,784,0,29.68,-10,0.95232,0,0,335,481
0.512,203,848,0,29.68,-10,0.95232,0,0,364,340
0.512,204,751,0,29.68,-10,0.95232,0,0,319,384
0.512,205,960,0,30.0013,0.0290512,0.960033,0,0,414,631
0.512,206,1424,0,29.7381,-8.15965,0.953709,0,0,683,485
0.512,207,157,0,30.0053,0.333149,0.480085,0,0,68,280
0.512,208,257,0,29.84,-10,0.47744,0,0,107,14
0.512,209,254,0,30.0054,0.334588,0.480086,0,0,106,142
0.512,210,1004,0,29.84,-10,0.47744,0,0,437,640
0.528,0,566,1,30.1782,0.314292,16.3706,0,0,232,680
0.528,1,271,0,30.1316,0.134531,16.361,0,0,113,488
0.528,2,1256,0,29.8674,-0.246407,16.283,0,0,585,597
0.528,3,387,0,29.8229,-0.871611,16.2969,0,0,161,155
0.528,4,1050,0,30.1701,0.299791,16.3683,0,0,466,408
0.528,5,1067,0,30.1734,0.305704,16.3692,0,0,477,106
0.528,6,33,1,30.1782,0.314292,16.3706,0,0,18,485
0.528,7,847,1,30.0664,-0.0365213,16.3519,0,0,363,676
0.528,8,531,0,30.1782,0.314292,16.3706,0,0,218,532
0.528,9,843,0,29.5678,-1.77597,16.2168,0,0,362,483
0.528,10,335,1,30.1668,0.24001,16.3687,0,0,137,680
0.528,11,1233,0,30.1732,0.315084,15.8877,0,0,574,478
0.528,12,1432,2,30.1451,0.319509,15.8779,0,0,689,578
0.528,13,3,1,30.0087,0.33468,15.8608,0,0,2,35
0.528,14,751,0,30.0215,-0.0546443,15.8566,0,0,319,390
0.528,15,1299,1,30.172,0.312901,15.8874,0,0,610,578
0.528,16,56,0,30.1567,0.28455,15.8832,0,0,30,542
0.528,17,257,0,30.1732,0.315084,15.8877,0,0,107,80
0.528,18,530,0,30.1182,0.129982,15.8764,0,0,217,532
0.528,19,682,1,29.8113,-5.83102,1.19068,1,0,533,297
0.528,20,1242,0,29.7647,-1.70355,15.8233,0,0,577,102
0.528,21,1167,0,28.3558,-10,0.849905,1,0,522,680
0.528,22,1187,0,30.1682,0.315878,15.405,0,0,552,296
0.528,23,75,0,30.1283,0.158551,15.3982,0,0,37,679
0.528,24,140,0,30.1659,0.311643,15.4044,0,0,63,377
0.528,25,786,0,30.167,0.31366,15.4047,0,0,336,101
0.528,26,571,0,30.1667,0.313118,15.4046,0,0,234,476
0.528,27,330,1,30.1391,0.247309,15.3964,0,0,135,339
0.528,28,449,0,30.1346,0.182037,15.4005,0,0,187,566
0.528,29,1,0,30.0749,0.136971,15.3802,0,0,1,6
0.528,30,843,0,25.2923,-9.55708,3.56093,1,0,223,565
0.528,31,49,0,30.1298,0.209514,15.3975,0,0,28,279
0.528,32,749,0,30.1614,0.313213,14.9218,0,0,318,22
0.528,33,269,0,30.1621,0.314719,14.922,0,0,112,675
0.528,34,810,0,30.0879,0.167702,14.9029,0,0,345,46
0.528,35,1138,1,29.8906,0.200537,0.00220612,1,0,283,122
0.528,36,1338,0,28.3608,-6.53786,14.7003,0,0,638,391
0.528,37,1124,0,30.1531,0.296989,14.9197,0,0,511,518
0.528,38,563,0,29.9944,-0.0465341,14.8798,0,0,231,297
0.528,39,561,0,29.5365,-1.18487,14.7748,0,0,229,571
0.528,40,1422,0,30.1572,0.315711,14.4395,0,0,681,675
0.528,41,901,0,30.1516,0.304341,14.4381,0,0,386,126
0.528,42,993,0,25.8645,-10,13.3729,0,0,430,675
0.528,43,976,0,30.1528,0.306807,14.4384,0,0,423,237
0.528,44,1428,0,27.4869,-2.72358,13.8202,0,0,685,230
0.528,45,986,0,30.1234,0.213492,14.4323,0,0,427,384
0.528,46,1037,0,30.1279,0.255992,14.4322,0,0,458,667
0.528,47,898,0,30.1312,0.262626,14.433,0,0,385,549
0.528,48,1343,0,30.135,0.270512,14.4339,0,0,643,88
0.528,49,708,0,29.964,-0.0803932,14.3913,0,0,296,676
0.528,50,1285,0,30.156,0.313258,14.4392,0,0,602,558
0.528,51,311,0,30.1445,0.300313,13.9551,0,0,128,372
0.528,52,637,0,30.1463,0.304219,13.9555,0,0,262,206
0.528,53,988,0,30.0355,-0.0519243,13.9381,0,0,428,630
0.528,54,1030,0,30.1514,0.315012,13.9568,0,0,453,646
0.528,55,538,0,29.8192,0.276241,13.8655,0,0,221,486
0.528,56,1164,0,30.1367,0.2839,13.9532,0,0,537,300
0.528,57,838,0,30.1144,0.125574,13.9529,0,0,359,565
0.528,58,654,0,30.151,0.314124,13.9567,0,0,269,106
0.528,59,43,0,30.1113,0.240406,13.4661,0,0,24,559
0.528,60,550,0,29.7709,-1.18391,13.4011,0,0,226,578
0.528,61,542,1,30.1292,0.233918,13.4719,0,0,222,547
0.528,62,83,0,30.1479,0.319069,13.4747,0,0,40,530
0.528,63,990,0,29.8806,-0.241204,13.4113,0,0,429,486
0.528,64,1284,0,30.1283,0.265004,13.4711,0,0,601,482
0.528,65,1138,0,28.708,-10,13.2916,0,0,521,611
0.528,66,945,0,30.1189,0.255535,13.4679,0,0,405,152
0.528,67,660,0,30.1465,0.315977,13.4744,0,0,271,600
0.528,68,177,0,30.1394,0.300475,13.4727,0,0,76,117
0.528,69,428,0,30.1388,0.310965,12.9914,0,0,178,576
0.528,70,1188,0,27.2017,-2.01792,12.1698,0,0,553,488
0.528,71,1011,1,30.1188,0.255972,12.9869,0,0,440,382
0.528,72,397,0,30.1413,0.316574,12.992,0,0,164,577
0.528,73,37,1,30.1411,0.320141,12.9921,0,0,20,488
0.528,74,562,0,29.6645,-0.770564,12.8841,0,0,230,673
0.528,75,1269,0,30.0569,0.068855,12.9757,0,0,594,482
0.528,76,394,0,28.9645,-3.54044,12.77,0,0,163,31
0.528,77,386,0,29.9569,-0.240124,12.4806,0,0,160,483
0.528,78,1352,0,30.1304,0.303574,12.5085,0,0,645,41
0.528,79,81,0,29.9509,-0.527483,12.4887,0,0,39,383
0.528,80,549,0,30.1377,0.320674,12.51,0,0,225,548
0.528,81,1102,0,27.7577,-4.52575,11.6468,0,0,500,285
0.528,82,661,0,29.9092,-0.508798,11.9967,0,0,272,599
0.528,83,625,1,30.1198,0.31783,12.0271,0,0,255,572
0.528,84,784,0,29.9672,-0.357978,11.5171,0,0,335,630
0.528,85,1423,0,30.1264,0.31979,11.5455,0,0,682,599
0.528,86,1261,1,30.1193,0.309611,11.5444,0,0,587,22
0.528,87,365,0,30.1239,0.313424,11.545,0,0,151,369
0.528,88,790,0,30.1259,0.318594,11.5454,0,0,337,155
0.528,89,981,0,26.61,-10,10.8198,0,0,426,148
0.528,90,695,0,30.126,0.318748,11.5454,0,0,290,515
0.528,91,848,1,29.9689,0.344945,11.4939,0,0,364,3
0.528,92,596,0,30.0817,0.216495,11.0558,0,0,244,192
0.528,93,647,0,30.1146,0.30273,11.0622,0,0,265,64
0.528,94,537,0,30.105,0.243306,11.0617,0,0,220,299
0.528,95,1274,0,30.0012,-0.188236,11.0444,0,0,595,391
0.528,96,830,0,30.1206,0.318758,11.0634,0,0,354,18
0.528,97,331,0,26.3848,-10,10.3474,0,0,136,631
0.528,98,1246,0,30.1213,0.320609,11.0635,0,0,579,591
0.528,99,579,0,30.1163,0.3218,10.5816,0,0,238,3
0.528,100,975,0,30.1152,0.318809,10.5814,0,0,422,683
0.528,101,1170,0,30.1154,0.319357,10.5814,0,0,541,142
0.528,102,1385,0,30.1042,0.28806,10.5794,0,0,660,365
0.528,103,1268,0,30.116,0.320997,10.5815,0,0,593,101
0.528,104,547,0,30.0641,0.0847079,10.575,0,0,224,296
0.528,105,1046,0,29.6717,0.0136136,10.5306,0,0,464,296
0.528,106,1006,0,30.1088,0.315709,10.0993,0,0,438,233
0.528,107,1240,0,29.9459,-0.438505,10.0763,0,0,576,300
0.528,108,1209,0,28.1515,-2.71727,9.68283,0,0,563,569
0.528,109,605,0,30.1092,0.316977,10.0994,0,0,247,7
0.528,110,34,1,28.7626,-5.02423,9.91296,0,0,19,99
0.528,111,721,0,28.5734,-8.84495,9.45156,0,0,303,483
0.528,112,933,0,30.1005,0.306368,9.61701,0,0,399,622
0.528,113,1052,0,30.106,0.32359,9.61796,0,0,467,3
0.528,114,392,0,30.077,0.227273,9.1326,0,0,162,611
0.528,115,1323,0,30.0999,0.321152,9.1361,0,0,626,118
0.528,116,220,0,30.096,0.308612,9.13548,0,0,92,16
0.528,117,1401,0,30.1005,0.323304,9.13621,0,0,670,229
0.528,118,276,0,30.1015,0.326344,9.13636,0,0,115,677
0.528,119,1031,0,30.0956,0.324847,8.65463,0,0,454,599
0.528,120,328,0,30.0936,0.318201,8.65433,0,0,134,615
0.528,121,584,0,30.0324,0.110879,8.64494,0,0,240,636
0.528,122,1366,0,30.0845,0.286839,8.65294,0,0,651,556
0.528,123,268,0,30.0274,-9.70066e-06,8.16433,0,0,111,64
0.528,124,226,0,30.0889,0.320394,8.17289,0,0,95,626
0.528,125,1267,0,30.0868,0.312861,8.17259,0,0,592,202
0.528,126,1104,0,30.0882,0.317777,8.17279,0,0,501,447
0.528,127,1409,0,30.0816,0.293857,0.386836,1,0,673,668
0.528,128,66,0,29.977,-0.170942,7.67929,0,0,34,204
0.528,129,1100,1,29.9604,0.313547,7.66013,0,0,499,99
0.528,130,320,0,30.0735,0.300845,7.20947,0,0,132,630
0.528,131,445,0,30.0754,0.308616,7.20971,0,0,186,125
0.528,132,949,0,30.0649,0.265252,7.20836,0,0,406,204
0.528,133,454,0,30.0782,0.320237,7.21007,0,0,189,263
0.528,134,766,0,30.0456,0.187483,7.20587,0,0,327,99
0.528,135,1191,1,28.9993,-4.63916,6.61547,0,0,554,226
0.528,136,940,0,30.0601,0.263309,6.72725,0,0,403,294
0.528,137,682,0,30.0742,0.32594,6.72895,0,0,282,485
0.528,138,60,0,30.0737,0.323819,6.7289,0,0,32,45
0.528,139,469,0,30.0736,0.323238,6.72888,0,0,193,104
0.528,140,73,0,30.0673,0.318735,6.24758,0,0,36,636
0.528,141,535,0,30.0699,0.331266,6.24787,0,0,219,531
0.528,142,530,0,27.92,-10,6.00704,0,0,217,481
0.528,143,11,0,30.0695,0.329136,6.24782,0,0,8,19
0.528,144,764,0,30.0681,0.322584,6.24767,0,0,325,307
0.528,145,553,1,29.0173,-5.13454,6.15418,0,0,227,341
0.528,146,1299,0,29.9087,0.352927,6.2139,0,0,610,31
0.528,147,126,0,30.0683,0.323589,6.24769,0,0,56,548
0.528,148,531,0,28.08,-10,5.56032,0,0,218,476
0.528,149,854,0,30.0613,0.231742,5.76653,0,0,366,395
0.528,150,330,0,29.8916,0.283017,5.73431,0,0,135,101
0.528,151,1337,0,30.036,0.0791478,5.76491,0,0,637,97
0.528,152,297,0,30.0613,0.314942,5.76641,0,0,123,471
0.528,153,1294,0,30.0511,0.289772,5.28491,0,0,607,22
0.528,154,566,0,29.8979,0.357856,5.25695,0,0,232,566
0.528,155,1167,0,30.0588,0.32988,5.28567,0,0,539,479
0.528,156,1282,0,30.0593,0.332919,5.28572,0,0,600,338
0.528,157,362,0,30.0568,0.31865,5.28548,0,0,149,83
0.528,158,775,0,29.5018,-2.77169,5.23184,0,0,331,133
0.528,159,749,0,28.24,-10,5.11104,0,0,318,299
0.528,160,831,0,29.9346,-0.385764,4.79413,0,0,355,246
0.528,161,1319,0,30.0497,0.306815,4.80439,0,0,624,506
0.528,162,802,0,30.0494,0.305462,4.80437,0,0,342,306
0.528,163,931,0,30.0527,0.325668,4.80465,0,0,398,48
0.528,164,17,0,30.0527,0.325754,4.80466,0,0,12,15
0.528,165,480,0,30.0496,0.306564,4.80438,0,0,196,79
0.528,166,33,0,29.8922,0.358733,4.77859,0,0,18,486
0.528,167,271,0,28.4,-10,4.6592,0,0,113,156
0.528,168,77,0,29.9391,-0.667593,4.31605,0,0,38,479
0.528,169,236,0,30.0479,0.329227,4.32384,0,0,99,374
0.528,170,779,0,30.0476,0.327563,4.32382,0,0,333,105
0.528,171,185,1,30.0449,0.324507,4.32346,0,0,79,516
0.528,172,847,0,30.0102,-0.046243,4.32116,0,0,363,477
0.528,173,1138,1,29.4892,-2.94849,3.7964,0,0,521,673
0.528,174,1432,1,29.9624,-0.23889,3.83694,0,0,689,297
0.528,175,1129,1,29.88,0.354643,3.82209,0,0,514,330
0.528,176,83,0,28.88,-10,3.28832,0,0,40,381
0.528,177,335,0,29.873,0.309328,3.34398,0,0,137,385
0.528,178,786,0,28.88,-10,3.28832,0,0,336,338
0.528,179,1192,0,30.0379,0.336246,3.36243,0,0,555,549
0.528,180,1238,0,29.8752,-1.2105,3.35185,0,0,575,532
0.528,181,1392,0,30.0315,0.326417,2.88177,0,0,665,462
0.528,182,1032,0,30.0323,0.334672,2.88181,0,0,455,298
0.528,183,648,0,30.0323,0.334,2.88181,0,0,266,508
0.528,184,394,0,29.04,-10,2.82624,0,0,163,477
0.528,185,1045,1,29.9953,-0.0227579,2.87964,0,0,463,390
0.528,186,37,0,29.8623,0.277734,2.86571,0,0,20,156
0.528,187,1188,0,29.04,-10,2.82624,0,0,553,530
0.528,188,387,0,29.04,-10,2.82624,0,0,161,672
0.528,189,286,0,30.0323,0.334181,2.88181,0,0,119,301
0.528,190,563,0,29.04,-10,2.82624,0,0,231,340
0.528,191,428,0,29.04,-10,2.82624,0,0,178,100
0.528,192,990,0,29.2,-10,2.3616,0,0,429,298
0.528,193,81,0,29.2,-10,2.3616,0,0,39,340
0.528,194,1011,0,29.8592,0.291755,2.38797,0,0,440,482
0.528,195,760,0,30.0263,0.326731,2.40126,0,0,323,598
0.528,196,699,0,30.0184,0.285973,1.92074,0,0,292,635
0.528,197,544,0,29.36,-10,1.8944,0,0,223,392
0.528,198,1338,0,29.36,-10,1.8944,0,0,638,623
0.528,199,1242,0,29.36,-10,1.8944,0,0,577,338
0.528,200,1422,0,29.36,-10,1.8944,0,0,681,97
0.528,201,1154,0,29.36,-10,1.8944,0,0,533,678
0.528,202,784,0,29.52,-10,1.42464,0,0,335,481
0.528,203,848,0,29.529,-9.43982,1.42478,0,0,364,340
0.528,204,751,0,29.52,-10,1.42464,0,0,319,384
0.528,205,960,0,30.0014,0.00799008,1.44006,0,0,414,631
0.528,206,1424,0,29.6083,-8.11395,1.42744,0,0,683,485
0.528,207,157,0,30.0106,0.332318,0.960256,0,0,68,280
0.528,208,257,0,29.68,-10,0.95232,0,0,107,14
0.528,209,254,0,30.0107,0.333755,0.960257,0,0,106,142
0.528,210,1004,0,29.68,-10,0.95232,0,0,437,640
0.528,211,957,0,30.0054,0.338057,0.480087,0,0,411,573
0.528,212,772,0,30.0042,0.262804,0.480067,0,0,330,439
0.528,213,1123,0,30.0052,0.327217,0.480084,0,0,511,76
0.528,214,1269,0,29.84,-10,0.47744,0,0,594,567
0.528,215,1315,0,30.0053,0.333246,0.480085,0,0,622,517
0.528,216,672,0,30.0051,0.319581,0.480082,0,0,277,652
0.528,217,861,0,30.0049,0.308539,0.480079,0,0,369,644
0.544,0,566,1,30.1833,0.313501,16.8535,0,0,232,680
0.544,1,271,0,30.1331,0.0952581,16.8431,0,0,113,488
0.544,2,1256,0,29.8634,-0.246582,16.7608,0,0,585,597
0.544,3,387,0,29.8079,-0.937544,16.7738,0,0,161,155
0.544,4,1050,0,30.1749,0.299024,16.8511,0,0,466,408
0.544,5,1067,0,30.1783,0.304928,16.8521,0,0,477,106
0.544,6,33,1,30.1833,0.313501,16.8535,0,0,18,485
0.544,7,847,1,30.0658,-0.0354954,16.8329,0,0,363,676
0.544,8,531,0,30.1833,0.313501,16.8535,0,0,218,532
0.544,9,843,0,29.54,-1.73894,16.6894,0,0,362,483
0.544,10,335,1,30.1706,0.23638,16.8514,0,0,137,680
0.544,11,1233,0,30.1782,0.314292,16.3706,0,0,574,478
0.544,12,1432,2,30.1502,0.318708,16.3603,0,0,689,578
0.544,13,3,1,30.0141,0.333847,16.341,0,0,2,35
0.544,14,751,0,30.0207,-0.0534548,16.337,0,0,319,390
0.544,15,1299,1,30.177,0.312113,16.3702,0,0,610,578
0.544,16,56,0,30.1612,0.283803,16.3658,0,0,30,542
0.544,17,257,0,30.1782,0.314292,16.3706,0,0,107,80
0.544,18,530,0,30.1201,0.117937,16.3583,0,0,217,532
0.544,19,682,1,29.7195,-5.73996,1.66619,1,0,533,297
0.544,20,1242,0,29.7377,-1.68851,16.2991,0,0,577,102
0.544,21,1167,0,28.1958,-10,1.30104,1,0,522,680
0.544,22,1187,0,30.1732,0.315084,15.8877,0,0,552,296
0.544,23,75,0,30.1308,0.157235,15.8802,0,0,37,679
0.544,24,140,0,30.1709,0.310856,15.8871,0,0,63,377
0.544,25,786,0,30.172,0.31287,15.8874,0,0,336,101
0.544,26,571,0,30.1717,0.312329,15.8873,0,0,234,476
0.544,27,330,1,30.1431,0.246668,15.8787,0,0,135,339
0.544,28,449,0,30.1375,0.181671,15.8827,0,0,187,566
0.544,29,1,0,30.0771,0.136386,15.8614,0,0,1,6
0.544,30,843,0,25.1469,-9.08463,3.96328,1,0,223,565
0.544,31,49,0,30.1331,0.209049,15.8796,0,0,28,279
0.544,32,749,0,30.1663,0.312424,15.4045,0,0,318,22
0.544,33,269,0,30.1671,0.313927,15.4047,0,0,112,675
0.544,34,810,0,30.0905,0.167086,15.3843,0,0,345,46
0.544,35,1138,1,29.7306,-10,0.477896,1,0,283,122
0.544,36,1191,0,28.265,-5.98805,0.0455803,1,0,638,391
0.544,37,1124,0,30.1579,0.296224,15.4022,0,0,511,518
0.544,38,563,0,29.9936,-0.0492161,15.3597,0,0,231,297
0.544,39,561,0,29.5179,-1.16174,15.2471,0,0,229,571
0.544,40,1422,0,30.1622,0.314917,14.922,0,0,681,675
0.544,41,901,0,30.1565,0.303565,14.9206,0,0,386,126
0.544,42,993,0,25.7045,-10,13.7841,0,0,430,675
0.544,43,976,0,30.1577,0.306027,14.9209,0,0,423,237
0.544,44,1428,0,27.4463,-2.53463,14.2594,0,0,685,230
0.544,45,986,0,30.1267,0.206472,14.9144,0,0,427,384
0.544,46,1037,0,30.132,0.255279,14.9143,0,0,458,667
0.544,47,898,0,30.1354,0.261906,14.9151,0,0,385,549
0.544,48,1343,0,30.1394,0.269782,14.9162,0,0,643,88
0.544,49,708,0,29.9627,-0.0807587,14.8707,0,0,296,676
0.544,50,1285,0,30.161,0.312468,14.9217,0,0,602,558
0.544,51,311,0,30.1492,0.299543,14.4375,0,0,128,372
0.544,52,637,0,30.1512,0.303443,14.4379,0,0,262,206
0.544,53,988,0,30.0347,-0.0510267,14.4186,0,0,428,630
0.544,54,1030,0,30.1564,0.314219,14.4393,0,0,453,646
0.544,55,538,0,29.8234,0.260115,14.3426,0,0,221,486
0.544,56,1164,0,30.1412,0.283152,14.4355,0,0,537,300
0.544,57,838,0,30.1165,0.125485,14.4348,0,0,359,565
0.544,58,654,0,30.156,0.313332,14.4392,0,0,269,106
0.544,59,43,0,30.1152,0.239818,13.948,0,0,24,559
0.544,60,550,0,29.7508,-1.25523,13.8771,0,0,226,578
0.544,61,542,1,30.1329,0.230641,13.954,0,0,222,547
0.544,62,83,0,30.153,0.318269,13.9571,0,0,40,530
0.544,63,990,0,29.8768,-0.239627,13.8893,0,0,429,486
0.544,64,1284,0,30.1325,0.264346,13.9532,0,0,601,482
0.544,65,1138,0,28.548,-10,13.7484,0,0,521,611
0.544,66,945,0,30.123,0.254822,13.9499,0,0,405,152
0.544,67,660,0,30.1515,0.315182,13.9568,0,0,271,600
0.544,68,177,0,30.1442,0.299704,13.955,0,0,76,117
0.544,69,428,0,30.1438,0.310177,13.4737,0,0,178,576
0.544,70,1188,0,27.1717,-1.87563,12.6045,0,0,553,488
0.544,71,1011,1,30.1228,0.252606,13.4689,0,0,440,382
0.544,72,397,0,30.1464,0.315778,13.4743,0,0,164,577
0.544,73,37,1,30.1462,0.319339,13.4745,0,0,20,488
0.544,74,562,0,29.6522,-0.771075,13.3586,0,0,230,673
0.544,75,1269,0,30.058,0.0685465,13.4566,0,0,594,482
0.544,76,394,0,28.9062,-3.64491,13.2325,0,0,163,31
0.544,77,386,0,29.9531,-0.237445,12.9598,0,0,160,483
0.544,78,1352,0,30.1352,0.302798,12.9906,0,0,645,41
0.544,79,81,0,29.9426,-0.520435,12.9678,0,0,39,383
0.544,80,549,0,30.1428,0.319871,12.9923,0,0,225,548
0.544,81,1102,0,27.6913,-4.1447,12.0899,0,0,500,285
0.544,82,661,0,29.9011,-0.505063,12.4752,0,0,272,599
0.544,83,625,1,30.1249,0.317031,12.509,0,0,255,572
0.544,84,784,0,29.9609,-0.396194,11.9965,0,0,335,630
0.544,85,1423,0,30.1315,0.318988,12.0276,0,0,682,599
0.544,86,1261,1,30.1242,0.308824,12.0264,0,0,587,22
0.544,87,365,0,30.1289,0.312632,12.0271,0,0,151,369
0.544,88,790,0,30.131,0.317793,12.0275,0,0,337,155
0.544,89,981,0,26.45,-10,11.243,0,0,426,148
0.544,90,695,0,30.1311,0.317948,12.0275,0,0,290,515
0.544,91,848,1,29.9744,0.344093,11.9735,0,0,364,3
0.544,92,596,0,30.0851,0.216008,11.5372,0,0,244,192
0.544,93,647,0,30.1194,0.301953,11.5441,0,0,265,64
0.544,94,537,0,30.1088,0.242727,11.5434,0,0,220,299
0.544,95,1274,0,29.9979,-0.208673,11.5244,0,0,595,391
0.544,96,830,0,30.1257,0.317957,11.5454,0,0,354,18
0.544,97,331,0,26.2248,-10,10.767,0,0,136,631
0.544,98,1246,0,30.1264,0.319805,11.5455,0,0,579,591
0.544,99,579,0,30.1214,0.320994,11.0635,0,0,238,3
0.544,100,975,0,30.1203,0.318008,11.0633,0,0,422,683
0.544,101,1170,0,30.1205,0.318555,11.0634,0,0,541,142
0.544,102,1385,0,30.1088,0.287303,11.0611,0,0,660,365
0.544,103,1268,0,30.1211,0.320192,11.0635,0,0,593,101
0.544,104,547,1,30.0624,-0.1103,11.056,0,0,224,296
0.544,105,1046,0,29.6719,0.0143311,11.0053,0,0,464,296
0.544,106,1006,0,30.1138,0.314912,10.5811,0,0,438,233
0.544,107,1240,0,29.9388,-0.44119,10.5554,0,0,576,300
0.544,108,1209,0,28.1103,-2.57688,10.1326,0,0,563,569
0.544,109,605,0,30.1143,0.316178,10.5812,0,0,247,7
0.544,110,34,1,28.6832,-4.96688,10.3719,0,0,19,99
0.544,111,721,0,28.4327,-8.79478,9.90648,0,0,303,483
0.544,112,933,0,30.1053,0.305585,10.0987,0,0,399,622
0.544,113,1052,0,30.1112,0.322781,10.0997,0,0,467,3
0.544,114,392,0,30.0806,0.220548,9.61389,0,0,162,611
0.544,115,1323,0,30.105,0.320346,9.61778,0,0,626,118
0.544,116,220,0,30.1009,0.307825,9.61709,0,0,92,16
0.544,117,1401,0,30.1057,0.322495,9.6179,0,0,670,229
0.544,118,276,0,30.1067,0.325529,9.61806,0,0,115,677
0.544,119,1031,0,30.1008,0.324035,9.13624,0,0,454,599
0.544,120,328,0,30.0987,0.317399,9.13591,0,0,134,615
0.544,121,584,0,30.0341,0.110697,9.12548,0,0,240,636
0.544,122,1366,0,30.0891,0.286081,9.13437,0,0,651,556
0.544,123,268,0,30.027,-0.0224797,8.64476,0,0,111,64
0.544,124,226,0,30.094,0.319589,8.6544,0,0,95,626
0.544,125,1267,0,30.0918,0.312067,8.65406,0,0,592,202
0.544,126,1104,0,30.0933,0.316976,8.65428,0,0,501,447
0.544,127,1409,0,29.9216,-10,0.865582,1,0,673,668
0.544,128,66,0,29.9743,-0.168664,8.15888,0,0,34,204
0.544,129,1100,1,29.9654,0.31274,8.13957,0,0,499,99
0.544,130,320,0,30.0783,0.300066,7.69072,0,0,132,630
0.544,131,445,0,30.0803,0.307827,7.691,0,0,186,125
0.544,132,949,0,30.0691,0.264519,7.68947,0,0,406,204
0.544,133,454,0,30.0833,0.319431,7.69141,0,0,189,263
0.544,134,766,0,30.0486,0.187108,7.68665,0,0,327,99
0.544,135,1191,1,28.9293,-4.37314,7.07834,0,0,554,226
0.544,136,940,0,30.0643,0.262577,7.20828,0,0,403,294
0.544,137,682,0,30.0794,0.325125,7.21022,0,0,282,485
0.544,138,60,0,30.0789,0.323007,7.21016,0,0,32,45
0.544,139,469,0,30.0788,0.322427,7.21014,0,0,193,104
0.544,140,73,0,30.0724,0.31793,6.72874,0,0,36,636
0.544,141,535,0,30.0752,0.330441,6.72908,0,0,219,531
0.544,142,530,0,27.76,-10,6.4512,0,0,217,481
0.544,143,11,0,30.0748,0.328315,6.72902,0,0,8,19
0.544,144,764,0,30.0733,0.321774,6.72884,0,0,325,307
0.544,145,553,1,28.9398,-4.84283,6.61721,0,0,227,341
0.544,146,1299,0,29.9143,0.35206,6.69252,0,0,610,31
0.544,147,126,0,30.0735,0.322777,6.72887,0,0,56,548
0.544,148,531,0,27.92,-10,6.00704,0,0,218,476
0.544,149,854,0,30.065,0.231162,6.24757,0,0,366,395
0.544,150,330,0,29.8961,0.282316,6.21265,0,0,135,101
0.544,151,1337,0,30.0372,0.07938,6.24551,0,0,637,97
0.544,152,297,0,30.0663,0.314142,6.24747,0,0,123,471
0.544,153,1294,0,30.0557,0.289005,5.7658,0,0,607,22
0.544,154,566,0,29.9036,0.356981,5.73541,0,0,232,566
0.544,155,1167,0,30.0641,0.329057,5.76669,0,0,539,479
0.544,156,1282,0,30.0646,0.332092,5.76675,0,0,600,338
0.544,157,362,0,30.0619,0.317845,5.76647,0,0,149,83
0.544,158,775,0,29.4577,-2.7604,5.70316,0,0,331,133
0.544,159,749,0,28.08,-10,5.56032,0,0,318,299
0.544,160,831,0,29.9285,-0.380798,5.27299,0,0,355,246
0.544,161,1319,0,30.0546,0.306025,5.28526,0,0,624,506
0.544,162,802,0,30.0543,0.304675,5.28524,0,0,342,306
0.544,163,931,0,30.0579,0.324852,5.28558,0,0,398,48
0.544,164,17,0,30.0579,0.324938,5.28558,0,0,12,15
0.544,165,480,0,30.0545,0.305775,5.28526,0,0,196,79
0.544,166,33,0,29.8979,0.357856,5.25695,0,0,18,486
0.544,167,271,0,28.24,-10,5.11104,0,0,113,156
0.544,168,77,0,29.9275,-0.72381,4.79489,0,0,38,479
0.544,169,236,0,30.0531,0.328405,4.80469,0,0,99,374
0.544,170,779,0,30.0529,0.326744,4.80467,0,0,333,105
0.544,171,185,1,30.0501,0.323692,4.80426,0,0,79,516
0.544,172,847,0,30.0091,-0.0695702,4.8013,0,0,363,477
0.544,173,1138,1,29.4412,-3.00174,4.26746,0,0,521,673
0.544,174,1432,1,29.9586,-0.2358,4.31628,0,0,689,297
0.544,175,1129,1,29.8857,0.353772,4.30026,0,0,514,330
0.544,176,83,0,28.72,-10,3.74784,0,0,40,381
0.544,177,335,0,29.8779,0.308564,3.82203,0,0,137,385
0.544,178,786,0,28.72,-10,3.74784,0,0,336,338
0.544,179,1192,0,30.0433,0.335412,3.84313,0,0,555,549
0.544,180,1238,0,29.8546,-1.28913,3.82952,0,0,575,532
0.544,181,1392,0,30.0367,0.325599,3.36236,0,0,665,462
0.544,182,1032,0,30.0377,0.333841,3.36242,0,0,455,298
0.544,183,648,0,30.0376,0.333169,3.36241,0,0,266,508
0.544,184,394,0,28.88,-10,3.28832,0,0,163,477
0.544,185,1045,1,29.995,-0.0219843,3.35956,0,0,463,390
0.544,186,37,0,29.8668,0.27707,3.34358,0,0,20,156
0.544,187,1188,0,28.88,-10,3.28832,0,0,553,530
0.544,188,387,0,28.88,-10,3.28832,0,0,161,672
0.544,189,286,0,30.0376,0.33335,3.36241,0,0,119,301
0.544,190,563,0,28.88,-10,3.28832,0,0,231,340
0.544,191,428,0,28.88,-10,3.28832,0,0,178,100
0.544,192,990,0,29.04,-10,2.82624,0,0,429,298
0.544,193,81,0,29.04,-10,2.82624,0,0,39,340
0.544,194,1011,0,29.8638,0.286241,2.86579,0,0,440,482
0.544,195,760,0,30.0315,0.325912,2.88177,0,0,323,598
0.544,196,699,0,30.0229,0.285207,2.4011,0,0,292,635
0.544,197,544,0,29.2,-10,2.3616,0,0,223,392
0.544,198,1338,0,29.2,-10,2.3616,0,0,638,623
0.544,199,1242,0,29.2,-10,2.3616,0,0,577,338
0.544,200,1422,0,29.2,-10,2.3616,0,0,681,97
0.544,201,1154,0,29.2041,-9.74331,2.36167,0,0,533,678
0.544,202,784,0,29.36,-10,1.8944,0,0,335,481
0.544,203,848,0,29.3911,-8.61497,1.89504,0,0,364,340
0.544,204,751,0,29.36,-10,1.8944,0,0,319,384
0.544,205,960,0,30.0012,-0.0136678,1.92007,0,0,414,631
0.544,206,1424,0,29.4792,-8.06934,1.89911,0,0,683,485
0.544,207,157,0,30.016,0.331488,1.44051,0,0,68,280
0.544,208,257,0,29.52,-10,1.42464,0,0,107,14
0.544,209,254,0,30.016,0.332923,1.44051,0,0,106,142
0.544,210,1004,0,29.52,-10,1.42464,0,0,437,640
0.544,211,957,0,30.0108,0.337218,0.960259,0,0,411,573
0.544,212,772,0,30.0084,0.262158,0.960202,0,0,330,439
0.544,213,1123,0,30.0105,0.326395,0.960251,0,0,511,76
0.544,214,1269,0,29.68,-10,0.95232,0,0,594,567
0.544,215,1315,0,30.0106,0.332415,0.960256,0,0,622,517
0.544,216,672,0,30.0102,0.31877,0.960245,0,0,277,652
0.544,217,861,0,30.0099,0.307743,0.960237,0,0,369,644
0.544,218,44,0,30.0055,0.341286,0.480087,0,0,25,595
0.544,219,1233,0,29.84,-10,0.47744,0,0,574,378
0.544,220,75,0,29.84,-10,0.47744,0,0,37,568
0.544,221,547,0,29.84,-10,0.47744,0,0,224,478
0.544,222,1140,0,29.84,-10,0.47744,0,0,522,339
0.544,223,269,0,29.84,-10,0.47744,0,0,112,677
0.56,0,566,1,30.1883,0.312712,17.3365,0,0,232,680
0.56,1,271,0,30.1344,0.0796414,17.3253,0,0,113,488
0.56,2,1256,0,29.8595,-0.246759,17.2386,0,0,585,597
0.56,3,387,0,29.7918,-1.0046,17.2505,0,0,161,155
0.56,4,1050,0,30.1797,0.298258,17.334,0,0,466,408
0.56,5,1067,0,30.1832,0.304153,17.335,0,0,477,106
0.56,6,33,1,30.1874,0.258376,17.3365,0,0,18,485
0.56,7,847,1,30.0652,-0.0344775,17.314,0,0,363,676
0.56,8,531,0,30.1883,0.312712,17.3365,0,0,218,532
0.56,9,843,0,29.5128,-1.70331,17.1616,0,0,362,483
0.56,10,335,1,30.1743,0.232746,17.3342,0,0,137,680
0.56,11,1233,0,30.1833,0.313501,16.8535,0,0,574,478
0.56,12,1432,2,30.1553,0.317908,16.8428,0,0,689,578
0.56,13,3,1,30.0194,0.333016,16.8213,0,0,2,35
0.56,14,751,0,30.0198,-0.0522747,16.8173,0,0,319,390
0.56,15,1299,1,30.182,0.311326,16.8532,0,0,610,578
0.56,16,56,0,30.1658,0.283058,16.8484,0,0,30,542
0.56,17,257,0,30.1833,0.313501,16.8535,0,0,107,80
0.56,18,530,0,30.1218,0.105582,16.8403,0,0,217,532
0.56,19,682,1,29.6291,-5.65117,2.14025,1,0,533,297
0.56,20,1242,0,29.7109,-1.67492,16.7745,0,0,577,102
0.56,21,1167,0,28.0358,-10,1.74961,1,0,522,680
0.56,22,1187,0,30.1782,0.314292,16.3706,0,0,552,296
0.56,23,75,0,30.1333,0.155859,16.3624,0,0,37,679
0.56,24,140,0,30.1759,0.310071,16.3699,0,0,63,377
0.56,25,786,0,30.177,0.312082,16.3702,0,0,336,101
0.56,26,571,0,30.1767,0.311542,16.3702,0,0,234,476
0.56,27,330,1,30.147,0.246026,16.3611,0,0,135,339
0.56,28,449,0,30.1404,0.181307,16.3649,0,0,187,566
0.56,29,1,0,30.0792,0.135803,16.3427,0,0,1,6
0.56,30,843,0,25.0078,-8.6955,4.36341,1,0,223,565
0.56,31,49,0,30.1365,0.208586,16.3618,0,0,28,279
0.56,32,749,0,30.1713,0.311636,15.8872,0,0,318,22
0.56,33,269,0,30.1722,0.313137,15.8875,0,0,112,675
0.56,34,810,0,30.0932,0.166471,15.8658,0,0,345,46
0.56,35,1138,1,29.5706,-10,0.951025,1,0,283,122
0.56,36,1191,1,28.105,-10,0.49526,1,0,638,391
0.56,37,1124,0,30.1626,0.295461,15.8848,0,0,511,518
0.56,38,563,0,29.9919,-0.107422,15.8396,0,0,231,297
0.56,39,561,0,29.4997,-1.13912,15.7191,0,0,229,571
0.56,40,1422,0,30.1672,0.314124,15.4047,0,0,681,675
0.56,41,901,0,30.1613,0.302791,15.4031,0,0,386,126
0.56,42,993,0,25.5907,-7.10809,14.1936,0,0,430,675
0.56,43,976,0,30.1626,0.305249,15.4035,0,0,423,237
0.56,44,1428,0,27.4085,-2.3621,14.6979,0,0,685,230
0.56,45,986,0,30.1299,0.199283,15.3964,0,0,427,384
0.56,46,1037,0,30.1361,0.254569,15.3964,0,0,458,667
0.56,47,898,0,30.1396,0.261187,15.3974,0,0,385,549
0.56,48,1343,0,30.1437,0.269054,15.3985,0,0,643,88
0.56,49,708,0,29.9614,-0.0811243,15.3501,0,0,296,676
0.56,50,1285,1,30.166,0.31168,15.4044,0,0,602,558
0.56,51,311,0,30.154,0.298774,14.9199,0,0,128,372
0.56,52,637,0,30.156,0.302669,14.9204,0,0,262,206
0.56,53,988,0,30.0339,-0.0501525,14.8992,0,0,428,630
0.56,54,1030,0,30.1615,0.313428,14.9219,0,0,453,646
0.56,55,538,0,29.7819,-2.5918,14.8191,0,0,221,486
0.56,56,1164,0,30.1457,0.282406,14.9178,0,0,537,300
0.56,57,838,0,30.1185,0.125395,14.9167,0,0,359,565
0.56,58,654,0,30.161,0.312543,14.9217,0,0,269,106
0.56,59,43,0,30.119,0.239231,14.4299,0,0,24,559
0.56,60,550,0,29.7296,-1.32745,14.3528,0,0,226,578
0.56,61,542,1,30.1346,0.106825,14.4362,0,0,222,547
0.56,62,83,0,30.1581,0.31747,14.4397,0,0,40,530
0.56,63,990,0,29.873,-0.238057,14.3673,0,0,429,486
0.56,64,1284,0,30.1368,0.263689,14.4354,0,0,601,482
0.56,65,1138,0,28.3881,-10,14.2026,0,0,521,611
0.56,66,945,0,30.127,0.25411,14.4319,0,0,405,152
0.56,67,660,0,30.1565,0.314388,14.4393,0,0,271,600
0.56,68,177,0,30.149,0.298934,14.4374,0,0,76,117
0.56,69,428,0,30.1488,0.309392,13.9561,0,0,178,576
0.56,70,1188,0,27.1438,-1.74521,13.0388,0,0,553,488
0.56,71,1011,1,30.1268,0.249235,13.9509,0,0,440,382
0.56,72,397,0,30.1514,0.314984,13.9568,0,0,164,577
0.56,73,37,1,30.1513,0.318538,13.9569,0,0,20,488
0.56,74,562,0,29.6293,-1.4341,13.8326,0,0,230,673
0.56,75,1269,0,30.0591,0.0682405,13.9375,0,0,594,482
0.56,76,394,0,28.8462,-3.74835,13.6941,0,0,163,31
0.56,77,386,0,29.9494,-0.234814,13.439,0,0,160,483
0.56,78,1352,0,30.1401,0.302023,13.4729,0,0,645,41
0.56,79,81,0,29.9344,-0.513476,13.4468,0,0,39,383
0.56,80,549,0,30.1479,0.319069,13.4747,0,0,225,548
0.56,81,1102,0,27.6304,-3.80654,12.532,0,0,500,285
0.56,82,661,0,29.8931,-0.501352,12.9534,0,0,272,599
0.56,83,625,1,30.13,0.316233,12.9911,0,0,255,572
0.56,84,784,0,29.9539,-0.435229,12.4758,0,0,335,630
0.56,85,1423,0,30.1366,0.318187,12.5098,0,0,682,599
0.56,86,1261,1,30.1292,0.308039,12.5085,0,0,587,22
0.56,87,365,0,30.1339,0.311842,12.5092,0,0,151,369
0.56,88,790,0,30.1361,0.316995,12.5097,0,0,337,155
0.56,89,981,0,26.29,-10,11.6637,0,0,426,148
0.56,90,695,0,30.1362,0.317149,12.5097,0,0,290,515
0.56,91,848,1,29.9799,0.343244,12.4531,0,0,364,3
0.56,92,596,0,30.0886,0.215522,12.0186,0,0,244,192
0.56,93,647,0,30.1242,0.301178,12.0261,0,0,265,64
0.56,94,537,0,30.1127,0.242148,12.0252,0,0,220,299
0.56,95,1274,0,29.9942,-0.229442,12.0043,0,0,595,391
0.56,96,830,0,30.1308,0.317158,12.0275,0,0,354,18
0.56,97,331,0,26.0648,-10,11.1841,0,0,136,631
0.56,98,1246,0,30.1315,0.319003,12.0276,0,0,579,591
0.56,99,579,0,30.1266,0.320189,11.5456,0,0,238,3
0.56,100,975,0,30.099,-1.33552,11.5449,0,0,422,683
0.56,101,1170,0,30.1256,0.317754,11.5454,0,0,541,142
0.56,102,1385,0,30.1134,0.286547,11.5429,0,0,660,365
0.56,103,1268,0,30.1263,0.319389,11.5455,0,0,593,101
0.56,104,547,1,30.0604,-0.121844,11.537,0,0,224,296
0.56,105,1046,0,29.6721,0.0150425,11.4801,0,0,464,296
0.56,106,1006,0,30.1189,0.314117,11.063,0,0,438,233
0.56,107,1240,0,29.9317,-0.444283,11.0343,0,0,576,300
0.56,108,1209,0,28.0711,-2.44572,10.5817,0,0,563,569
0.56,109,605,0,30.1193,0.315381,11.0631,0,0,247,7
0.56,110,34,1,28.6047,-4.90215,10.8296,0,0,19,99
0.56,111,721,0,28.293,-8.72951,10.3592,0,0,303,483
0.56,112,933,0,30.1102,0.304803,10.5805,0,0,399,622
0.56,113,1052,0,30.1164,0.321972,10.5816,0,0,467,3
0.56,114,392,0,30.084,0.213661,10.0952,0,0,162,611
0.56,115,1323,0,30.1101,0.319542,10.0995,0,0,626,118
0.56,116,220,0,30.1058,0.307039,10.0988,0,0,92,16
0.56,117,1401,0,30.1108,0.321687,10.0997,0,0,670,229
0.56,118,276,0,30.1119,0.324716,10.0999,0,0,115,677
0.56,119,1031,0,30.1059,0.323224,9.61794,0,0,454,599
0.56,120,328,0,30.1038,0.316599,9.61757,0,0,134,615
0.56,121,584,0,30.0359,0.110515,9.60606,0,0,240,636
0.56,122,1366,0,30.0936,0.285324,9.61586,0,0,651,556
0.56,123,268,0,30.0263,-0.0455784,9.12518,0,0,111,64
0.56,124,226,0,30.0991,0.318785,9.13598,0,0,95,626
0.56,125,1267,0,30.0968,0.311275,9.13561,0,0,592,202
0.56,126,1104,0,30.0983,0.316176,9.13585,0,0,501,447
0.56,127,1409,0,29.7616,-10,1.34177,1,0,673,668
0.56,128,66,0,29.9716,-0.166406,8.63843,0,0,34,204
0.56,129,1100,1,29.9704,0.311933,8.6191,0,0,499,99
0.56,130,320,0,30.0831,0.29929,8.17205,0,0,132,630
0.56,131,445,0,30.0852,0.30704,8.17236,0,0,186,125
0.56,132,949,0,30.0734,0.263787,8.17064,0,0,406,204
0.56,133,454,0,30.0884,0.318627,8.17282,0,0,189,263
0.56,134,766,0,30.0516,0.186734,8.16747,0,0,327,99
0.56,135,1191,1,28.8633,-4.12804,7.54015,0,0,554,226
0.56,136,940,0,30.0684,0.261846,7.68937,0,0,403,294
0.56,137,682,0,30.0846,0.324311,7.69158,0,0,282,485
0.56,138,60,0,30.0841,0.322196,7.6915,0,0,32,45
0.56,139,469,0,30.0839,0.321618,7.69148,0,0,193,104
0.56,140,73,0,30.0775,0.317127,7.20998,0,0,36,636
0.56,141,535,0,30.0805,0.329618,7.21036,0,0,219,531
0.56,142,530,0,27.6,-10,6.8928,0,0,217,481
0.56,143,11,0,30.08,0.327496,7.2103,0,0,8,19
0.56,144,764,0,30.0784,0.320965,7.2101,0,0,325,307
0.56,145,553,1,28.8666,-4.57488,7.07908,0,0,227,341
0.56,146,1299,0,29.9199,0.351195,7.17124,0,0,610,31
0.56,147,126,0,30.0786,0.321967,7.21013,0,0,56,548
0.56,148,531,0,27.76,-10,6.4512,0,0,218,476
0.56,149,854,0,30.0687,0.230583,6.72867,0,0,366,395
0.56,150,330,0,29.9006,0.281617,6.69106,0,0,135,101
0.56,151,1337,0,30.0385,0.0796096,6.72612,0,0,637,97
0.56,152,297,0,30.0714,0.313344,6.72861,0,0,123,471
0.56,153,1294,0,30.0603,0.288241,6.24677,0,0,607,22
0.56,154,566,0,29.9093,0.356107,6.21396,0,0,232,566
0.56,155,1167,0,30.0693,0.328237,6.2478,0,0,539,479
0.56,156,1282,0,30.0699,0.331266,6.24787,0,0,600,338
0.56,157,362,0,30.067,0.317042,6.24754,0,0,149,83
0.56,158,775,0,29.4137,-2.74922,6.17378,0,0,331,133
0.56,159,749,0,27.92,-10,6.00704,0,0,318,299
0.56,160,831,0,29.9224,-0.375886,5.75174,0,0,355,246
0.56,161,1319,0,30.0594,0.305238,5.76621,0,0,624,506
0.56,162,802,0,30.0592,0.30389,5.76618,0,0,342,306
0.56,163,931,0,30.0631,0.324037,5.76659,0,0,398,48
0.56,164,17,0,30.0631,0.324123,5.76659,0,0,12,15
0.56,165,480,0,30.0594,0.304988,5.76621,0,0,196,79
0.56,166,33,0,29.9036,0.356981,5.73541,0,0,18,486
0.56,167,271,0,28.08,-10,5.56032,0,0,113,156
0.56,168,77,0,29.915,-0.781125,5.27353,0,0,38,479
0.56,169,236,0,30.0584,0.327584,5.28563,0,0,99,374
0.56,170,779,0,30.0581,0.325926,5.2856,0,0,333,105
0.56,171,185,1,30.0553,0.322879,5.28514,0,0,79,516
0.56,172,847,0,30.0077,-0.0913385,5.28142,0,0,363,477
0.56,173,1138,1,29.3924,-3.05153,4.73774,0,0,521,673
0.56,174,1432,1,29.9549,-0.232739,4.79555,0,0,689,297
0.56,175,1129,1,29.8913,0.352902,4.77852,0,0,514,330
0.56,176,83,0,28.56,-10,4.2048,0,0,40,381
0.56,177,335,0,29.8829,0.307802,4.30016,0,0,137,385
0.56,178,786,0,28.56,-10,4.2048,0,0,336,338
0.56,179,1192,0,30.0487,0.33458,4.32391,0,0,555,549
0.56,180,1238,0,29.8327,-1.3688,4.30684,0,0,575,532
0.56,181,1392,0,30.0419,0.324781,3.84303,0,0,665,462
0.56,182,1032,0,30.043,0.333011,3.8431,0,0,455,298
0.56,183,648,0,30.0429,0.332341,3.8431,0,0,266,508
0.56,184,394,0,28.72,-10,3.74784,0,0,163,477
0.56,185,1045,1,29.9946,-0.0212171,3.83948,0,0,463,390
0.56,186,37,0,29.8712,0.276408,3.82152,0,0,20,156
0.56,187,1188,0,28.72,-10,3.74784,0,0,553,530
0.56,188,387,0,28.72,-10,3.74784,0,0,161,672
0.56,189,286,0,30.0429,0.332521,3.8431,0,0,119,301
0.56,190,563,0,28.72,-10,3.74784,0,0,231,340
0.56,191,428,0,28.72,-10,3.74784,0,0,178,100
0.56,192,990,0,28.88,-10,3.28832,0,0,429,298
0.56,193,81,0,28.88,-10,3.28832,0,0,39,340
0.56,194,1011,0,29.8682,0.280708,3.34369,0,0,440,482
0.56,195,760,0,30.0367,0.325094,3.36235,0,0,323,598
0.56,196,699,0,30.0275,0.284442,2.88154,0,0,292,635
0.56,197,544,0,29.04,-10,2.82624,0,0,223,392
0.56,198,1338,0,29.04,-10,2.82624,0,0,638,623
0.56,199,1242,0,29.04,-10,2.82624,0,0,577,338
0.56,200,1422,0,29.04,-10,2.82624,0,0,681,97
0.56,201,1154,0,29.0632,-8.80416,2.82668,0,0,533,678
0.56,202,784,0,29.2,-10,2.3616,0,0,335,481
0.56,203,848,0,29.2648,-7.89394,2.36328,0,0,364,340
0.56,204,751,0,29.2,-10,2.3616,0,0,319,384
0.56,205,960,0,30.0006,-0.0359171,2.40008,0,0,414,631
0.56,206,1424,0,29.3508,-8.02505,2.36872,0,0,683,485
0.56,207,157,0,30.0212,0.330661,1.92085,0,0,68,280
0.56,208,257,0,29.36,-10,1.8944,0,0,107,14
0.56,209,254,0,30.0213,0.332093,1.92085,0,0,106,142
0.56,210,1004,0,29.3621,-9.86608,1.89443,0,0,437,640
0.56,211,957,0,30.0162,0.336381,1.44052,0,0,411,573
0.56,212,772,0,30.0126,0.261513,1.4404,0,0,330,439
0.56,213,1123,0,30.0157,0.325575,1.4405,0,0,511,76
0.56,214,1269,0,29.52,-10,1.42464,0,0,594,567
0.56,215,1315,0,30.016,0.331586,1.44051,0,0,622,517
0.56,216,672,0,30.0153,0.31796,1.44049,0,0,277,652
0.56,217,861,0,30.0148,0.306948,1.44047,0,0,369,644
0.56,218,44,0,30.0109,0.340442,0.960262,0,0,25,595
0.56,219,1233,0,29.68,-10,0.95232,0,0,574,378
0.56,220,75,0,29.68,-10,0.95232,0,0,37,568
0.56,221,547,0,29.8429,0.179615,0.954926,0,0,224,478
0.56,222,1140,0,29.68,-10,0.95232,0,0,522,339
0.56,223,269,0,29.68,-10,0.95232,0,0,112,677
0.56,224,880,0,30.002,0.122429,0.480031,0,0,376,346
0.56,225,890,0,29.9997,-0.0203184,0.479995,0,0,382,378
0.56,226,542,0,30.0021,0.132527,0.480034,0,0,222,676
0.56,227,971,0,30.0054,0.33677,0.480086,0,0,420,220
0.56,228,561,0,29.84,-10,0.47744,0,0,229,481
0.56,229,719,0,30.0033,0.206853,0.480053,0,0,302,547
0.56,230,1285,0,29.84,-10,0.47744,0,0,602,381
0.576,0,566,1,30.1933,0.311925,17.8196,0,0,232,680
0.576,1,271,0,30.1356,0.0795589,17.8075,0,0,113,488
0.576,2,1256,0,29.8555,-0.246937,17.7163,0,0,585,597
0.576,3,387,0,29.7747,-1.07274,17.7269,0,0,161,155
0.576,4,1050,0,30.1845,0.297494,17.8169,0,0,466,408
0.576,5,1067,0,30.188,0.30338,17.818,0,0,477,106
0.576,6,33,1,30.1915,0.257733,17.8196,0,0,18,485
0.576,7,847,1,30.0647,-0.0334676,17.795,0,0,363,676
0.576,8,531,0,30.1933,0.311925,17.8196,0,0,218,532
0.576,9,843,0,29.4861,-1.66902,17.6334,0,0,362,483
0.576,10,335,1,30.178,0.229111,17.817,0,0,137,680
0.576,11,1233,0,30.1883,0.312712,17.3365,0,0,574,478
0.576,12,1432,2,30.1603,0.31711,17.3253,0,0,689,578
0.576,13,3,1,30.0247,0.332186,17.3017,0,0,2,35
0.576,14,751,0,30.019,-0.0511038,17.2976,0,0,319,390
0.576,15,1299,1,30.187,0.310541,17.3362,0,0,610,578
0.576,16,56,0,30.1703,0.282315,17.3312,0,0,30,542
0.576,17,257,0,30.1883,0.312712,17.3365,0,0,107,80
0.576,18,530,0,30.1233,0.0929196,17.3222,0,0,217,532
0.576,19,682,1,29.5401,-5.56454,2.61289,1,0,533,297
0.576,20,1242,0,29.6843,-1.66276,17.2494,0,0,577,102
0.576,21,1167,0,27.8758,-10,2.19562,1,0,522,680
0.576,22,1187,0,30.1833,0.313501,16.8535,0,0,552,296
0.576,23,75,0,30.1358,0.154424,16.8445,0,0,37,679
0.576,24,140,0,30.1808,0.309288,16.8528,0,0,63,377
0.576,25,786,0,30.182,0.311295,16.8532,0,0,336,101
0.576,26,571,0,30.1817,0.310756,16.8531,0,0,234,476
0.576,27,330,1,30.151,0.245385,16.8435,0,0,135,339
0.576,28,449,0,30.1433,0.180942,16.8472,0,0,187,566
0.576,29,1,0,30.0814,0.13522,16.824,0,0,1,6
0.576,30,843,0,24.8737,-8.37704,4.76139,1,0,223,565
0.576,31,49,0,30.1398,0.208123,16.844,0,0,28,279
0.576,32,749,0,30.1763,0.31085,16.37,0,0,318,22
0.576,33,269,0,30.1772,0.312348,16.3703,0,0,112,675
0.576,34,810,0,30.0959,0.165858,16.3474,0,0,345,46
0.576,35,1138,1,29.4106,-10,1.4216,1,0,283,122
0.576,36,1191,1,27.945,-10,0.942379,1,0,638,391
0.576,37,1124,0,30.1673,0.2947,16.3675,0,0,511,518
0.576,38,563,0,29.9897,-0.137972,16.3194,0,0,231,297
0.576,39,561,0,29.4818,-1.11699,16.1908,0,0,229,571
0.576,40,1422,0,30.1723,0.313334,15.8875,0,0,681,675
0.576,41,901,0,30.1661,0.302019,15.8858,0,0,386,126
0.576,42,566,0,25.5333,-3.59101,0.0691242,1,0,430,675
0.576,43,976,0,30.1675,0.304473,15.8862,0,0,423,237
0.576,44,1428,0,27.3732,-2.20411,15.1359,0,0,685,230
0.576,45,986,0,30.1329,0.191924,15.8786,0,0,427,384
0.576,46,1037,0,30.1402,0.253859,15.8787,0,0,458,667
0.576,47,898,0,30.1437,0.26047,15.8797,0,0,385,549
0.576,48,1343,0,30.148,0.268327,15.8808,0,0,643,88
0.576,49,708,0,29.9601,-0.0814895,15.8294,0,0,296,676
0.576,50,1285,1,30.1709,0.310893,15.8871,0,0,602,558
0.576,51,311,0,30.1588,0.298007,15.4025,0,0,128,372
0.576,52,637,0,30.1608,0.301896,15.403,0,0,262,206
0.576,53,988,0,30.0331,-0.0493015,15.3797,0,0,428,630
0.576,54,1030,0,30.1665,0.312638,15.4045,0,0,453,646
0.576,55,538,0,29.7416,-2.52041,15.295,0,0,221,486
0.576,56,1164,0,30.1502,0.281662,15.4002,0,0,537,300
0.576,57,838,0,30.1205,0.125304,15.3986,0,0,359,565
0.576,58,654,0,30.166,0.311754,15.4044,0,0,269,106
0.576,59,43,0,30.1228,0.238645,14.9118,0,0,24,559
0.576,60,550,0,29.7072,-1.40052,14.8281,0,0,226,578
0.576,61,542,1,30.1363,0.106202,14.9183,0,0,222,547
0.576,62,83,0,30.1631,0.316673,14.9223,0,0,40,530
0.576,63,990,0,29.8692,-0.236496,14.8452,0,0,429,486
0.576,64,1284,0,30.141,0.263033,14.9176,0,0,601,482
0.576,65,1138,0,28.2281,-10,14.6543,0,0,521,611
0.576,66,945,0,30.1311,0.2534,14.914,0,0,405,152
0.576,67,660,0,30.1616,0.313597,14.9219,0,0,271,600
0.576,68,177,0,30.1537,0.298166,14.9199,0,0,76,117
0.576,69,428,0,30.1537,0.308608,14.4386,0,0,178,576
0.576,70,1187,0,27.1178,-1.62536,0.1097,1,0,553,488
0.576,71,1011,1,30.1307,0.245862,14.433,0,0,440,382
0.576,72,397,0,30.1564,0.314191,14.4393,0,0,164,577
0.576,73,37,1,30.1563,0.317739,14.4394,0,0,20,488
0.576,74,562,0,29.6045,-1.54436,14.3063,0,0,230,673
0.576,75,1269,0,30.0599,0.0500946,14.4185,0,0,594,482
0.576,76,394,0,28.7846,-3.85069,14.1546,0,0,163,31
0.576,77,386,0,29.9457,-0.232234,13.9181,0,0,160,483
0.576,78,1352,0,30.1449,0.30125,13.9552,0,0,645,41
0.576,79,81,0,29.9262,-0.506605,13.9256,0,0,39,383
0.576,80,549,0,30.153,0.318269,13.9571,0,0,225,548
0.576,81,1102,0,27.5744,-3.5049,12.9731,0,0,500,285
0.576,82,661,0,29.8851,-0.497665,13.4316,0,0,272,599
0.576,83,625,1,30.135,0.315437,13.4733,0,0,255,572
0.576,84,784,0,29.9463,-0.475068,12.9549,0,0,335,630
0.576,85,1423,0,30.1417,0.317388,12.9921,0,0,682,599
0.576,86,1261,1,30.1341,0.307256,12.9906,0,0,587,22
0.576,87,365,0,30.1389,0.311053,12.9914,0,0,151,369
0.576,88,790,0,30.1412,0.316198,12.992,0,0,337,155
0.576,89,981,0,26.13,-10,12.0817,0,0,426,148
0.576,90,695,1,30.1412,0.316352,12.992,0,0,290,515
0.576,91,1052,1,29.9853,0.342396,0.0709052,1,0,364,3
0.576,92,596,0,30.092,0.215037,12.5001,0,0,244,192
0.576,93,647,0,30.1291,0.300405,12.5082,0,0,265,64
0.576,94,537,0,30.1166,0.241571,12.5071,0,0,220,299
0.576,95,1274,0,29.9902,-0.250543,12.4841,0,0,595,391
0.576,96,830,0,30.1358,0.31636,12.5096,0,0,354,18
0.576,97,331,0,25.953,-6.98647,11.5993,0,0,136,631
0.576,98,1246,0,30.1366,0.318202,12.5098,0,0,579,591
0.576,99,579,0,30.1317,0.319386,12.0277,0,0,238,3
0.576,100,975,0,30.078,-1.3117,12.0261,0,0,422,683
0.576,101,1170,0,30.1307,0.316955,12.0275,0,0,541,142
0.576,102,1385,0,30.118,0.285793,12.0248,0,0,660,365
0.576,103,1268,0,30.1313,0.318587,12.0276,0,0,593,101
0.576,104,547,1,30.0583,-0.132817,12.0179,0,0,224,296
0.576,105,1046,0,29.6724,0.0157478,11.9549,0,0,464,296
0.576,106,1006,0,30.1239,0.313323,11.545,0,0,438,233
0.576,107,1240,0,29.9245,-0.447789,11.5131,0,0,576,300
0.576,108,1209,0,28.034,-2.32297,11.0303,0,0,563,569
0.576,109,605,0,30.1244,0.314586,11.5451,0,0,247,7
0.576,110,34,1,28.4447,-10,11.2847,0,0,19,99
0.576,111,721,0,28.1545,-8.65319,10.8096,0,0,303,483
0.576,112,933,0,30.1151,0.304023,11.0623,0,0,399,622
0.576,113,1052,0,30.1215,0.321166,11.0635,0,0,467,3
0.576,114,392,0,30.0873,0.206611,10.5766,0,0,162,611
0.576,115,1323,0,30.1152,0.318739,10.5814,0,0,626,118
0.576,116,220,0,30.1107,0.306255,10.5806,0,0,92,16
0.576,117,1401,0,30.116,0.320881,10.5815,0,0,670,229
0.576,118,276,0,30.1171,0.323904,10.5817,0,0,115,677
0.576,119,1031,0,30.1111,0.322415,10.0997,0,0,454,599
0.576,120,328,0,30.1088,0.3158,10.0993,0,0,134,615
0.576,121,584,0,30.0377,0.110333,10.0867,0,0,240,636
0.576,122,1366,0,30.0982,0.284569,10.0974,0,0,651,556
0.576,123,268,0,30.0252,-0.0693007,9.60559,0,0,111,64
0.576,124,226,0,30.1042,0.317983,9.61765,0,0,95,626
0.576,125,1267,0,30.1018,0.310484,9.61724,0,0,592,202
0.576,126,1104,0,30.1034,0.315378,9.61751,0,0,501,447
0.576,127,1409,0,29.6016,-10,1.81539,1,0,673,668
0.576,128,66,0,29.969,-0.164169,9.11793,0,0,34,204
0.576,129,1100,1,29.9754,0.311129,9.09871,0,0,499,99
0.576,130,320,0,30.0879,0.298515,8.65346,0,0,132,630
0.576,131,445,0,30.0901,0.306254,8.6538,0,0,186,125
0.576,132,949,0,30.0776,0.263056,8.65188,0,0,406,204
0.576,133,454,0,30.0935,0.317824,8.65432,0,0,189,263
0.576,134,766,0,30.0546,0.18636,8.64834,0,0,327,99
0.576,135,1191,1,28.8008,-3.90393,8.00096,0,0,554,226
0.576,136,940,0,30.0726,0.261117,8.17054,0,0,403,294
0.576,137,682,0,30.0898,0.323499,8.17301,0,0,282,485
0.576,138,60,0,30.0892,0.321388,8.17293,0,0,32,45
0.576,139,469,0,30.089,0.32081,8.17291,0,0,193,104
0.576,140,73,0,30.0825,0.316326,7.6913,0,0,36,636
0.576,141,535,0,30.0858,0.328797,7.69174,0,0,219,531
0.576,142,530,0,27.44,-10,7.33184,0,0,217,481
0.576,143,11,0,30.0852,0.326679,7.69166,0,0,8,19
0.576,144,764,0,30.0835,0.320158,7.69143,0,0,325,307
0.576,145,553,1,28.7974,-4.32809,7.53984,0,0,227,341
0.576,146,1299,0,29.9255,0.350331,7.65005,0,0,610,31
0.576,147,126,0,30.0838,0.321158,7.69147,0,0,56,548
0.576,148,531,0,27.6,-10,6.8928,0,0,218,476
0.576,149,854,0,30.0723,0.230006,7.20982,0,0,366,395
0.576,150,330,0,29.9051,0.28092,7.16954,0,0,135,101
0.576,151,1337,0,30.0398,0.0798367,7.20676,0,0,637,97
0.576,152,297,0,30.0764,0.312548,7.20983,0,0,123,471
0.576,153,1294,0,30.0649,0.287478,6.72781,0,0,607,22
0.576,154,566,0,29.915,0.355235,6.6926,0,0,232,566
0.576,155,1167,0,30.0745,0.327417,6.72899,0,0,539,479
0.576,156,1282,0,30.0752,0.330441,6.72908,0,0,600,338
0.576,157,362,0,30.072,0.316239,6.72869,0,0,149,83
0.576,158,775,0,29.3699,-2.73816,6.6437,0,0,331,133
0.576,159,749,0,27.76,-10,6.4512,0,0,318,299
0.576,160,831,0,29.9165,-0.371029,6.23041,0,0,355,246
0.576,161,1319,0,30.0643,0.304452,6.24724,0,0,624,506
0.576,162,802,0,30.064,0.303106,6.24721,0,0,342,306
0.576,163,931,0,30.0683,0.323225,6.24768,0,0,398,48
0.576,164,17,0,30.0683,0.32331,6.24768,0,0,12,15
0.576,165,480,0,30.0643,0.304202,6.24723,0,0,196,79
0.576,166,33,0,29.9093,0.356107,6.21396,0,0,18,486
0.576,167,271,0,27.92,-10,6.00704,0,0,113,156
0.576,168,77,0,29.9015,-0.839497,5.75195,0,0,38,479
0.576,169,236,0,30.0636,0.326765,5.76665,0,0,99,374
0.576,170,779,0,30.0633,0.32511,5.76661,0,0,333,105
0.576,171,185,1,30.0604,0.322067,5.76611,0,0,79,516
0.576,172,847,0,30.0059,-0.111662,5.76152,0,0,363,477
0.576,173,1138,1,29.3428,-3.09793,5.20723,0,0,521,673
0.576,174,1432,1,29.9512,-0.229708,5.27477,0,0,689,297
0.576,175,1129,1,29.897,0.352034,5.25687,0,0,514,330
0.576,176,83,0,28.4,-10,4.6592,0,0,40,381
0.576,177,335,0,29.8878,0.307041,4.77836,0,0,137,385
0.576,178,786,0,28.4,-10,4.6592,0,0,336,338
0.576,179,1192,0,30.054,0.333749,4.80477,0,0,555,549
0.576,180,1238,0,29.8095,-1.44946,4.7838,0,0,575,532
0.576,181,1392,0,30.0471,0.323966,4.32378,0,0,665,462
0.576,182,1032,0,30.0483,0.332182,4.32388,0,0,455,298
0.576,183,648,0,30.0482,0.331513,4.32387,0,0,266,508
0.576,184,394,0,28.56,-10,4.2048,0,0,163,477
0.576,185,1045,1,29.9943,-0.0204555,4.31939,0,0,463,390
0.576,186,37,0,29.8756,0.275748,4.29953,0,0,20,156
0.576,187,1188,0,28.56,-10,4.2048,0,0,553,530
0.576,188,387,0,28.56,-10,4.2048,0,0,161,672
0.576,189,286,0,30.0482,0.331693,4.32387,0,0,119,301
0.576,190,563,0,28.56,-10,4.2048,0,0,231,340
0.576,191,428,0,28.56,-10,4.2048,0,0,178,100
0.576,192,990,0,28.72,-10,3.74784,0,0,429,298
0.576,193,81,0,28.72,-10,3.74784,0,0,39,340
0.576,194,1011,0,29.8727,0.275509,3.82165,0,0,440,482
0.576,195,760,0,30.0419,0.324277,3.84302,0,0,323,598
0.576,196,699,0,30.032,0.28368,3.36206,0,0,292,635
0.576,197,544,0,28.88,-10,3.28832,0,0,223,392
0.576,198,1338,0,29.0028,-2.32224,3.29029,0,0,638,623
0.576,199,1242,0,28.88,-10,3.28832,0,0,577,338
0.576,200,1422,0,28.88,-10,3.28832,0,0,681,97
0.576,201,1154,0,28.9353,-7.99483,3.28964,0,0,533,678
0.576,202,784,0,29.04,-10,2.82624,0,0,335,481
0.576,203,848,0,29.1487,-7.25938,2.82966,0,0,364,340
0.576,204,751,0,29.04,-10,2.82624,0,0,319,384
0.576,205,960,0,29.9997,-0.0587529,2.88008,0,0,414,631
0.576,206,1424,0,29.2231,-7.98036,2.83629,0,0,683,485
0.576,207,157,0,30.0265,0.329835,2.40128,0,0,68,280
0.576,208,257,0,29.2,-10,2.3616,0,0,107,14
0.576,209,254,0,30.0266,0.331265,2.40128,0,0,106,142
0.576,210,1004,0,29.2192,-8.93364,2.36194,0,0,437,640
0.576,211,957,0,30.0216,0.335546,1.92086,0,0,411,573
0.576,212,772,0,30.0168,0.260869,1.92067,0,0,330,439
0.576,213,1123,0,30.0209,0.324756,1.92084,0,0,511,76
0.576,214,1269,0,29.36,-10,1.8944,0,0,594,567
0.576,215,1315,0,30.0212,0.330758,1.92085,0,0,622,517
0.576,216,672,0,30.0204,0.317152,1.92082,0,0,277,652
0.576,217,861,0,30.0197,0.306155,1.92079,0,0,369,644
0.576,218,44,0,30.0163,0.339599,1.44052,0,0,25,595
0.576,219,1233,0,29.52,-10,1.42464,0,0,574,378
0.576,220,75,0,29.52,-10,1.42464,0,0,37,568
0.576,221,547,0,29.8457,0.178795,1.43246,0,0,224,478
0.576,222,1140,0,29.52,-10,1.42464,0,0,522,339
0.576,223,269,0,29.52,-10,1.42464,0,0,112,677
0.576,224,880,0,30.0039,0.122414,0.960094,0,0,376,346
0.576,225,890,0,29.9993,-0.0207454,0.959984,0,0,382,378
0.576,226,542,0,30.0042,0.132227,0.960102,0,0,222,676
0.576,227,971,0,30.0108,0.335934,0.960258,0,0,420,220
0.576,228,561,0,29.68,-10,0.95232,0,0,229,481
0.576,229,719,0,30.0065,0.200071,0.960157,0,0,302,547
0.576,230,1285,0,29.8458,0.362301,0.954973,0,0,602,381
0.576,231,1046,0,29.84,-10,0.47744,0,0,464,100
0.576,232,695,0,29.84,-10,0.47744,0,0,290,358
0.576,233,183,0,30.0054,0.337612,0.480086,0,0,78,628
0.576,234,386,0,29.84,-10,0.47744,0,0,160,382
0.576,235,241,0,30.0054,0.338184,0.480087,0,0,101,161
0.576,236,537,0,29.84,-10,0.47744,0,0,220,571
0.576,237,159,0,30.0041,0.259167,0.480066,0,0,69,330
0.592,0,566,1,30.1982,0.311139,18.3028,0,0,232,680
0.592,1,271,0,30.1369,0.0794757,18.2896,0,0,113,488
0.592,2,1256,0,29.8516,-0.247116,18.1939,0,0,585,597
0.592,3,387,0,29.7564,-1.14189,18.203,0,0,161,155
0.592,4,1050,0,30.1892,0.296731,18.3,0,0,466,408
0.592,5,1067,0,30.1929,0.302608,18.3011,0,0,477,106
0.592,6,33,1,30.1956,0.257091,18.3027,0,0,18,485
0.592,7,847,1,30.0642,-0.0324653,18.276,0,0,363,676
0.592,8,531,0,30.1982,0.311139,18.3028,0,0,218,532
0.592,9,843,0,29.4599,-1.63598,18.1048,0,0,362,483
0.592,10,335,1,30.1816,0.225474,18.2999,0,0,137,680
0.592,11,1233,0,30.1933,0.311925,17.8196,0,0,574,478
0.592,12,1432,2,30.1654,0.316314,17.808,0,0,689,578
0.592,13,3,1,30.03,0.331358,17.7822,0,0,2,35
0.592,14,751,0,30.0182,-0.0499423,17.7779,0,0,319,390
0.592,15,1299,1,30.1919,0.309757,17.8192,0,0,610,578
0.592,16,56,0,30.1748,0.281574,17.814,0,0,30,542
0.592,17,257,0,30.1933,0.311925,17.8196,0,0,107,80
0.592,18,530,0,30.1246,0.0799507,17.8042,0,0,217,532
0.592,19,682,1,29.4524,-5.48002,3.08413,1,0,533,297
0.592,20,1242,0,29.6579,-1.65201,17.724,0,0,577,102
0.592,21,1167,0,27.7158,-10,2.63907,1,0,522,680
0.592,22,1187,0,30.1883,0.312712,17.3365,0,0,552,296
0.592,23,75,0,30.1382,0.152926,17.3268,0,0,37,679
0.592,24,140,0,30.1858,0.308506,17.3358,0,0,63,377
0.592,25,786,0,30.1869,0.31051,17.3361,0,0,336,101
0.592,26,571,0,30.1866,0.309972,17.336,0,0,234,476
0.592,27,330,1,30.1549,0.244743,17.326,0,0,135,339
0.592,28,449,0,30.1462,0.180578,17.3295,0,0,187,566
0.592,29,1,0,30.0836,0.134639,17.3053,0,0,1,6
0.592,30,843,0,24.7431,-8.16731,5.15728,1,0,223,565
0.592,31,49,0,30.1431,0.207661,17.3263,0,0,28,279
0.592,32,749,0,30.1813,0.310065,16.8529,0,0,318,22
0.592,33,269,0,30.1821,0.311561,16.8532,0,0,112,675
0.592,34,810,0,30.0985,0.165245,16.829,0,0,345,46
0.592,35,1138,1,29.2506,-10,1.8896,1,0,283,122
0.592,36,1191,1,27.785,-10,1.38694,1,0,638,391
0.592,37,1124,0,30.172,0.29394,16.8503,0,0,511,518
0.592,38,563,0,29.987,-0.169381,16.7992,0,0,231,297
0.592,39,561,0,29.348,-8.36305,16.6604,0,0,229,571
0.592,40,1422,0,30.1773,0.312545,16.3703,0,0,681,675
0.592,41,901,0,30.171,0.301247,16.3685,0,0,386,126
0.592,42,566,1,25.3865,-9.17325,0.475308,1,0,430,675
0.592,43,976,0,30.1704,0.181444,16.3689,0,0,423,237
0.592,44,1428,0,27.3403,-2.05905,15.5733,0,0,685,230
0.592,45,986,0,30.1359,0.184395,16.3607,0,0,427,384
0.592,46,1037,0,30.1442,0.253151,16.361,0,0,458,667
0.592,47,898,0,30.1479,0.259754,16.362,0,0,385,549
0.592,48,1343,0,30.1522,0.267601,16.3633,0,0,643,88
0.592,49,708,0,29.9588,-0.0818548,16.3088,0,0,296,676
0.592,50,1285,1,30.1759,0.310108,16.3699,0,0,602,558
0.592,51,311,0,30.1636,0.297241,15.8851,0,0,128,372
0.592,52,637,0,30.1656,0.301125,15.8857,0,0,262,206
0.592,53,988,0,30.0323,-0.048474,15.8602,0,0,428,630
0.592,54,1030,0,30.1715,0.31185,15.8873,0,0,453,646
0.592,55,538,0,29.7023,-2.45167,15.7703,0,0,221,486
0.592,56,1164,0,30.1547,0.280918,15.8827,0,0,537,300
0.592,57,838,0,30.1225,0.125213,15.8806,0,0,359,565
0.592,58,654,0,30.171,0.310968,15.8871,0,0,269,106
0.592,59,43,0,30.1266,0.238061,15.3939,0,0,24,559
0.592,60,550,0,29.6836,-1.47436,15.303,0,0,226,578
0.592,61,542,1,30.138,0.105565,15.4005,0,0,222,547
0.592,62,83,0,30.1682,0.315878,15.405,0,0,40,530
0.592,63,990,0,29.8654,-0.234943,15.323,0,0,429,486
0.592,64,1284,0,30.1432,0.138306,15.3999,0,0,601,482
0.592,65,1138,0,28.0681,-10,15.1033,0,0,521,611
0.592,66,945,0,30.1351,0.252691,15.3962,0,0,405,152
0.592,67,660,0,30.1666,0.312807,15.4045,0,0,271,600
0.592,68,177,0,30.1585,0.2974,15.4024,0,0,76,117
0.592,69,428,0,30.1586,0.307826,14.9211,0,0,178,576
0.592,70,1187,1,26.9578,-10,0.541024,1,0,553,488
0.592,71,1011,1,30.1346,0.242488,14.9151,0,0,440,382
0.592,72,397,0,30.1614,0.313399,14.9218,0,0,164,577
0.592,73,37,1,30.1614,0.316941,14.922,0,0,20,488
0.592,74,562,0,29.5781,-1.65602,14.7796,0,0,230,673
0.592,75,1269,0,30.0604,0.0305532,14.8995,0,0,594,482
0.592,76,394,0,28.7214,-3.95186,14.6142,0,0,163,31
0.592,77,386,0,29.942,-0.229703,14.3972,0,0,160,483
0.592,78,1352,0,30.1497,0.300478,14.4376,0,0,645,41
0.592,79,81,0,29.9182,-0.499818,14.4043,0,0,39,383
0.592,80,549,0,30.1581,0.31747,14.4397,0,0,225,548
0.592,81,1102,0,27.5226,-3.23461,13.4135,0,0,500,285
0.592,82,661,0,29.8772,-0.494001,13.9096,0,0,272,599
0.592,83,625,1,30.14,0.314642,13.9555,0,0,255,572
0.592,84,784,0,29.9381,-0.515696,13.4339,0,0,335,630
0.592,85,1423,0,30.1467,0.316591,13.4744,0,0,682,599
0.592,86,1261,1,30.139,0.306475,13.4728,0,0,587,22
0.592,87,365,0,30.1438,0.310266,13.4738,0,0,151,369
0.592,88,790,0,30.1462,0.315402,13.4743,0,0,337,155
0.592,89,981,0,25.97,-10,12.4973,0,0,426,148
0.592,90,695,1,30.1463,0.315556,13.4743,0,0,290,515
0.592,91,1052,1,29.8253,-10,0.548111,1,0,364,3
0.592,92,596,0,30.0954,0.214553,12.9816,0,0,244,192
0.592,93,647,0,30.1339,0.299633,12.9903,0,0,265,64
0.592,94,537,0,30.1204,0.240995,12.989,0,0,220,299
0.592,95,1274,0,29.986,-0.265235,12.9639,0,0,595,391
0.592,96,830,0,30.1409,0.315564,12.9919,0,0,354,18
0.592,97,331,0,25.8758,-4.82389,12.0133,0,0,136,631
0.592,98,1246,0,30.1417,0.317403,12.9921,0,0,579,591
0.592,99,579,0,30.1368,0.318585,12.5099,0,0,238,3
0.592,100,975,0,30.0574,-1.28838,12.5071,0,0,422,683
0.592,101,1170,0,30.1357,0.316158,12.5096,0,0,541,142
0.592,102,1385,0,30.1226,0.28504,12.5068,0,0,660,365
0.592,103,1268,0,30.1364,0.317787,12.5098,0,0,593,101
0.592,104,547,1,30.056,-0.143249,12.4988,0,0,224,296
0.592,105,1046,0,29.6727,0.0164474,12.4296,0,0,464,296
0.592,106,1006,0,30.1289,0.312532,12.0271,0,0,438,233
0.592,107,1240,0,29.9173,-0.451716,11.9917,0,0,576,300
0.592,108,1209,0,27.9986,-2.20792,11.4783,0,0,563,569
0.592,109,605,0,30.1294,0.313792,12.0272,0,0,247,7
0.592,110,34,1,28.2847,-10,11.7372,0,0,19,99
0.592,111,721,0,28.0174,-8.56913,11.2579,0,0,303,483
0.592,112,933,0,30.1199,0.303245,11.5442,0,0,399,622
0.592,113,1052,0,30.1266,0.320361,11.5456,0,0,467,3
0.592,114,392,0,30.0905,0.199399,11.0581,0,0,162,611
0.592,115,1323,0,30.1203,0.317938,11.0633,0,0,626,118
0.592,116,220,0,30.1156,0.305473,11.0624,0,0,92,16
0.592,117,1401,0,30.1211,0.320076,11.0635,0,0,670,229
0.592,118,276,0,30.1222,0.323094,11.0637,0,0,115,677
0.592,119,1031,0,30.1162,0.321608,10.5816,0,0,454,599
0.592,120,328,0,30.1139,0.315003,10.5811,0,0,134,615
0.592,121,584,0,30.0394,0.110151,10.5673,0,0,240,636
0.592,122,1366,0,30.1027,0.283816,10.5791,0,0,651,556
0.592,123,268,0,30.0237,-0.0936396,10.086,0,0,111,64
0.592,124,226,0,30.1093,0.317182,10.0994,0,0,95,626
0.592,125,1267,0,30.1067,0.309694,10.0989,0,0,592,202
0.592,126,1104,0,30.1084,0.314581,10.0992,0,0,501,447
0.592,127,1409,0,29.4416,-10,2.28646,1,0,673,668
0.592,128,66,0,29.9664,-0.161951,9.59739,0,0,34,204
0.592,129,1100,1,29.9804,0.310326,9.57839,0,0,499,99
0.592,130,320,0,30.0927,0.297741,9.13494,0,0,132,630
0.592,131,445,0,30.095,0.30547,9.13532,0,0,186,125
0.592,132,949,0,30.0818,0.262327,9.13319,0,0,406,204
0.592,133,454,0,30.0986,0.317023,9.1359,0,0,189,263
0.592,134,766,0,30.0576,0.185986,9.12927,0,0,327,99
0.592,135,1191,1,28.7417,-3.69641,8.46083,0,0,554,226
0.592,136,940,0,30.0768,0.26039,8.65176,0,0,403,294
0.592,137,682,0,30.0949,0.322689,8.65453,0,0,282,485
0.592,138,60,0,30.0943,0.320581,8.65444,0,0,32,45
0.592,139,469,0,30.0942,0.320004,8.65441,0,0,193,104
0.592,140,73,0,30.0876,0.315526,8.1727,0,0,36,636
0.592,141,535,0,30.091,0.327978,8.17319,0,0,219,531
0.592,142,530,0,27.28,-10,7.76832,0,0,217,481
0.592,143,11,0,30.0904,0.325863,8.17311,0,0,8,19
0.592,144,764,0,30.0886,0.319353,8.17285,0,0,325,307
0.592,145,553,1,28.7318,-4.10021,7.99955,0,0,227,341
0.592,146,1299,0,29.9311,0.349469,8.12895,0,0,610,31
0.592,147,126,0,30.0889,0.320351,8.17289,0,0,56,548
0.592,148,531,0,27.44,-10,7.33184,0,0,218,476
0.592,149,854,0,30.076,0.22943,7.69104,0,0,366,395
0.592,150,330,0,29.9096,0.280223,7.6481,0,0,135,101
0.592,151,1337,0,30.0411,0.0800612,7.68742,0,0,637,97
0.592,152,297,0,30.0814,0.311754,7.69113,0,0,123,471
0.592,153,1294,0,30.0695,0.286716,7.20892,0,0,607,22
0.592,154,566,0,29.9207,0.354364,7.17133,0,0,232,566
0.592,155,1167,0,30.0798,0.3266,7.21027,0,0,539,479
0.592,156,1282,0,30.0805,0.329618,7.21036,0,0,600,338
0.592,157,362,0,30.0771,0.315439,7.20992,0,0,149,83
0.592,158,775,0,29.3262,-2.72722,7.11292,0,0,331,133
0.592,159,749,0,27.6,-10,6.8928,0,0,318,299
0.592,160,831,0,29.9107,-0.366226,6.70898,0,0,355,246
0.592,161,1319,0,30.0692,0.303668,6.72835,0,0,624,506
0.592,162,802,0,30.0689,0.302323,6.72831,0,0,342,306
0.592,163,931,0,30.0734,0.322414,6.72886,0,0,398,48
0.592,164,17,0,30.0734,0.322499,6.72886,0,0,12,15
0.592,165,480,0,30.0691,0.303418,6.72834,0,0,196,79
0.592,166,33,0,29.915,0.355235,6.6926,0,0,18,486
0.592,167,271,0,27.76,-10,6.4512,0,0,113,156
0.592,168,77,0,29.8872,-0.898889,6.23015,0,0,38,479
0.592,169,236,0,30.0688,0.325948,6.24775,0,0,99,374
0.592,170,779,0,30.0685,0.324295,6.24771,0,0,333,105
0.592,171,185,1,30.0655,0.321257,6.24716,0,0,79,516
0.592,172,847,0,30.0038,-0.130646,6.24158,0,0,363,477
0.592,173,1138,1,29.2925,-3.14105,5.67591,0,0,521,673
0.592,174,1432,1,29.9476,-0.226705,5.75393,0,0,689,297
0.592,175,1129,1,29.9026,0.351168,5.73531,0,0,514,330
0.592,176,83,0,28.24,-10,5.11104,0,0,40,381
0.592,177,335,0,29.8927,0.306282,5.25664,0,0,137,385
0.592,178,786,0,28.24,-10,5.11104,0,0,336,338
0.592,179,1192,0,30.0593,0.332919,5.28572,0,0,555,549
0.592,180,1238,0,29.785,-1.53102,5.26036,0,0,575,532
0.592,181,1392,0,30.0523,0.323152,4.80462,0,0,665,462
0.592,182,1032,0,30.0536,0.331356,4.80474,0,0,455,298
0.592,183,648,0,30.0535,0.330688,4.80473,0,0,266,508
0.592,184,394,0,28.4,-10,4.6592,0,0,163,477
0.592,185,1045,1,29.994,-0.0196997,4.79929,0,0,463,390
0.592,186,37,0,29.88,0.275088,4.77761,0,0,20,156
0.592,187,1188,0,28.4,-10,4.6592,0,0,553,530
0.592,188,387,0,28.4,-10,4.6592,0,0,161,672
0.592,189,286,0,30.0535,0.330868,4.80473,0,0,119,301
0.592,190,563,0,28.4,-10,4.6592,0,0,231,340
0.592,191,428,0,28.4,-10,4.6592,0,0,178,100
0.592,192,990,0,28.56,-10,4.2048,0,0,429,298
0.592,193,81,0,28.56,-10,4.2048,0,0,39,340
0.592,194,1011,0,29.877,0.270616,4.29968,0,0,440,482
0.592,195,760,0,30.0471,0.323463,4.32378,0,0,323,598
0.592,196,699,0,30.0366,0.282918,3.84264,0,0,292,635
0.592,197,544,0,28.72,-10,3.74784,0,0,223,392
0.592,198,1338,0,28.9669,-2.24529,3.75376,0,0,638,623
0.592,199,1242,0,28.72,-10,3.74784,0,0,577,338
0.592,200,1422,0,28.72,-10,3.74784,0,0,681,97
0.592,201,1154,0,28.8187,-7.2916,3.75074,0,0,533,678
0.592,202,784,0,28.88,-10,3.28832,0,0,335,481
0.592,203,848,0,29.0415,-6.69749,3.29432,0,0,364,340
0.592,204,751,0,28.88,-10,3.28832,0,0,319,384
0.592,205,960,0,29.9983,-0.0821691,3.36005,0,0,414,631
0.592,206,1424,0,29.0962,-7.93477,3.30183,0,0,683,485
0.592,207,157,0,30.0318,0.329011,2.88178,0,0,68,280
0.592,208,257,0,29.04,-10,2.82624,0,0,107,14
0.592,209,254,0,30.0319,0.330439,2.88179,0,0,106,142
0.592,210,1004,0,29.0892,-8.12799,2.82737,0,0,437,640
0.592,211,957,0,30.0269,0.334712,2.40129,0,0,411,573
0.592,212,772,0,30.0209,0.260227,2.40101,0,0,330,439
0.592,213,1123,0,30.026,0.323939,2.40125,0,0,511,76
0.592,214,1269,0,29.2,-10,2.3616,0,0,594,567
0.592,215,1315,0,30.0265,0.329932,2.40128,0,0,622,517
0.592,216,672,0,30.0254,0.316346,2.40122,0,0,277,652
0.592,217,861,0,30.0246,0.305363,2.40118,0,0,369,644
0.592,218,44,0,30.0218,0.338759,1.92087,0,0,25,595
0.592,219,1233,0,29.36,-10,1.8944,0,0,574,378
0.592,220,75,0,29.36,-10,1.8944,0,0,37,568
0.592,221,547,0,29.8486,0.177951,1.91004,0,0,224,478
0.592,222,1140,0,29.36,-10,1.8944,0,0,522,339
0.592,223,269,0,29.36,-10,1.8944,0,0,112,677
0.592,224,880,0,30.0059,0.122397,1.44019,0,0,376,346
0.592,225,890,0,29.999,-0.0211719,1.43997,0,0,382,378
0.592,226,542,0,30.0063,0.131928,1.4402,0,0,222,676
0.592,227,971,0,30.0161,0.335099,1.44052,0,0,420,220
0.592,228,561,0,29.52,-10,1.42464,0,0,229,481
0.592,229,719,0,30.0096,0.193217,1.44031,0,0,302,547
0.592,230,1285,0,29.8516,0.361417,1.4326,0,0,602,381
0.592,231,1046,0,29.68,-10,0.95232,0,0,464,100
0.592,232,695,0,29.8454,0.340264,0.954967,0,0,290,358
0.592,233,183,0,30.0108,0.336774,0.960259,0,0,78,628
0.592,234,386,0,29.68,-10,0.95232,0,0,160,382
0.592,235,241,0,30.0108,0.337345,0.96026,0,0,101,161
0.592,236,537,0,29.68,-10,0.95232,0,0,220,571
0.592,237,159,0,30.0083,0.258545,0.960199,0,0,69,330
0.592,238,993,0,29.84,-10,0.47744,0,0,430,547
0.592,239,1034,0,30.0015,0.0963215,0.480025,0,0,457,398
0.592,240,1371,0,30.0051,0.320751,0.480082,0,0,652,96
0.592,241,457,0,30.0054,0.335211,0.480086,0,0,190,661
0.592,242,1201,0,29.9122,-5.48541,0.478596,0,0,560,185
0.608,0,566,1,30.2032,0.310354,18.7861,0,0,232,680
0.608,1,271,0,30.1382,0.0793912,18.7719,0,0,113,488
0.608,2,1256,0,29.8476,-0.247296,18.6714,0,0,585,597
0.608,3,387,0,29.737,-1.21202,18.6788,0,0,161,155
0.608,4,1050,0,30.1939,0.29597,18.7831,0,0,466,408
0.608,5,1067,0,30.1977,0.301838,18.7843,0,0,477,106
0.608,6,33,1,30.1997,0.256451,18.7859,0,0,18,485
0.608,7,847,1,30.0633,-0.0570834,18.757,0,0,363,676
0.608,8,531,0,30.2032,0.310354,18.7861,0,0,218,532
0.608,9,843,0,29.4342,-1.60412,18.5757,0,0,362,483
0.608,10,335,1,30.1852,0.221837,18.7829,0,0,137,680
0.608,11,1233,0,30.1982,0.311139,18.3028,0,0,574,478
0.608,12,1432,2,30.1705,0.31552,18.2907,0,0,689,578
0.608,13,3,1,30.0353,0.330531,18.2627,0,0,2,35
0.608,14,751,0,30.0174,-0.0487903,18.2582,0,0,319,390
0.608,15,1299,1,30.1969,0.308976,18.3024,0,0,610,578
0.608,16,56,0,30.1793,0.280834,18.2968,0,0,30,542
0.608,17,257,0,30.1982,0.311139,18.3028,0,0,107,80
0.608,18,530,0,30.1257,0.0666765,18.2862,0,0,217,532
0.608,19,682,1,29.366,-5.39752,3.55399,1,0,533,297
0.608,20,1242,0,29.6316,-1.64265,18.1981,0,0,577,102
0.608,21,1167,0,27.5558,-10,3.07997,1,0,522,680
0.608,22,1187,0,30.1933,0.311925,17.8196,0,0,552,296
0.608,23,75,0,30.1406,0.151365,17.809,0,0,37,679
0.608,24,140,0,30.1907,0.307726,17.8188,0,0,63,377
0.608,25,786,0,30.1919,0.309726,17.8192,0,0,336,101
0.608,26,571,0,30.1916,0.309189,17.8191,0,0,234,476
0.608,27,330,1,30.1588,0.244101,17.8085,0,0,135,339
0.608,28,449,0,30.1491,0.180215,17.8119,0,0,187,566
0.608,29,1,0,30.0857,0.134059,17.7867,0,0,1,6
0.608,30,843,0,24.6156,-7.96601,5.55113,1,0,223,565
0.608,31,49,0,30.1464,0.2072,17.8086,0,0,28,279
0.608,32,749,0,30.1862,0.309282,17.3359,0,0,318,22
0.608,33,269,0,30.1871,0.310775,17.3362,0,0,112,675
0.608,34,810,0,30.1011,0.164634,17.3106,0,0,345,46
0.608,35,1138,1,29.0906,-10,2.35505,1,0,283,122
0.608,36,1191,1,27.625,-10,1.82894,1,0,638,391
0.608,37,1124,0,30.1767,0.293182,17.3331,0,0,511,518
0.608,38,563,0,29.9837,-0.201635,17.279,0,0,231,297
0.608,39,561,0,29.3326,-0.965701,17.1297,0,0,229,571
0.608,40,1422,0,30.1822,0.311757,16.8532,0,0,681,675
0.608,41,901,0,30.1758,0.300478,16.8513,0,0,386,126
0.608,42,566,1,25.2436,-8.93033,0.879206,1,0,430,675
0.608,43,976,0,30.1733,0.181094,16.8517,0,0,423,237
0.608,44,1428,0,27.3095,-1.92552,16.0103,0,0,685,230
0.608,45,986,0,30.1387,0.176698,16.843,0,0,427,384
0.608,46,1037,0,30.1483,0.252445,16.8434,0,0,458,667
0.608,47,898,0,30.152,0.25904,16.8445,0,0,385,549
0.608,48,1343,0,30.1565,0.266877,16.8458,0,0,643,88
0.608,49,708,0,29.9574,-0.0822201,16.7881,0,0,296,676
0.608,50,1285,1,30.1808,0.309325,16.8528,0,0,602,558
0.608,51,311,0,30.1683,0.296477,16.3678,0,0,128,372
0.608,52,637,0,30.1705,0.300355,16.3684,0,0,262,206
0.608,53,988,0,30.0315,-0.0476703,16.3407,0,0,428,630
0.608,54,1030,0,30.1764,0.311063,16.3701,0,0,453,646
0.608,55,538,0,29.6642,-2.38543,16.2449,0,0,221,486
0.608,56,1164,0,30.1592,0.280177,16.3652,0,0,537,300
0.608,57,838,0,30.1245,0.125121,16.3626,0,0,359,565
0.608,58,654,0,30.1759,0.310182,16.3699,0,0,269,106
0.608,59,43,0,30.1304,0.237478,15.8759,0,0,24,559
0.608,60,550,0,29.6588,-1.54894,15.7775,0,0,226,578
0.608,61,542,1,30.1397,0.104915,15.8828,0,0,222,547
0.608,62,83,0,30.1732,0.315084,15.8877,0,0,40,530
0.608,63,990,0,29.8617,-0.233399,15.8008,0,0,429,486
0.608,64,1284,0,30.1474,0.262092,15.8823,0,0,601,482
0.608,65,1138,0,27.9081,-10,15.5499,0,0,521,611
0.608,66,945,0,30.1392,0.251984,15.8784,0,0,405,152
0.608,67,660,0,30.1716,0.312018,15.8873,0,0,271,600
0.608,68,177,0,30.1632,0.296635,15.885,0,0,76,117
0.608,69,428,0,30.1635,0.307045,15.4037,0,0,178,576
0.608,70,1187,1,26.7978,-10,0.969789,1,0,553,488
0.608,71,1011,1,30.1384,0.239113,15.3973,0,0,440,382
0.608,72,397,0,30.1665,0.31261,15.4045,0,0,164,577
0.608,73,37,1,30.1665,0.316145,15.4046,0,0,20,488
0.608,74,562,0,29.5497,-1.76888,15.2524,0,0,230,673
0.608,75,1269,0,30.0606,0.0104426,15.3804,0,0,594,482
0.608,76,394,0,28.6566,-4.05179,15.0727,0,0,163,31
0.608,77,386,0,29.9383,-0.227221,14.8762,0,0,160,483
0.608,78,1352,0,30.1545,0.299708,14.9201,0,0,645,41
0.608,79,81,0,29.9104,-0.493116,14.8828,0,0,39,383
0.608,80,549,0,30.1631,0.316673,14.9223,0,0,225,548
0.608,81,1102,0,27.4747,-2.99137,13.8531,0,0,500,285
0.608,82,661,0,29.8694,-0.490363,14.3876,0,0,272,599
0.608,83,625,1,30.1451,0.313849,14.4379,0,0,255,572
0.608,84,784,0,29.9291,-0.557094,13.9128,0,0,335,630
0.608,85,1423,0,30.1518,0.315795,13.9569,0,0,682,599
0.608,86,1261,1,30.1439,0.305694,13.9551,0,0,587,22
0.608,87,365,0,30.1488,0.30948,13.9561,0,0,151,369
0.608,88,790,0,30.1512,0.314608,13.9567,0,0,337,155
0.608,89,981,0,25.81,-10,12.9102,0,0,426,148
0.608,90,695,1,30.1513,0.314762,13.9567,0,0,290,515
0.608,91,1052,1,29.6653,-10,1.02276,1,0,364,3
0.608,92,596,0,30.0989,0.21407,13.4632,0,0,244,192
0.608,93,647,1,30.1386,0.298862,13.4725,0,0,265,64
0.608,94,537,0,30.1243,0.24042,13.471,0,0,220,299
0.608,95,1274,0,29.9816,-0.275196,13.4436,0,0,595,391
0.608,96,830,0,30.1459,0.31477,13.4742,0,0,354,18
0.608,97,330,0,25.8197,-3.50667,0.0314545,1,0,136,631
0.608,98,1246,0,30.1467,0.316605,13.4744,0,0,579,591
0.608,99,579,0,30.1419,0.317786,12.9921,0,0,238,3
0.608,100,975,0,30.0371,-1.26554,12.9877,0,0,422,683
0.608,101,1170,0,30.1408,0.315362,12.9919,0,0,541,142
0.608,102,1385,0,30.1271,0.284289,12.9888,0,0,660,365
0.608,103,1268,0,30.1415,0.316988,12.992,0,0,593,101
0.608,104,547,1,30.0535,-0.15317,12.9796,0,0,224,296
0.608,105,1046,0,29.6729,0.0171411,12.9044,0,0,464,296
0.608,106,1006,0,30.1339,0.311741,12.5092,0,0,438,233
0.608,107,1240,0,29.91,-0.456067,12.4703,0,0,576,300
0.608,108,1209,0,27.965,-2.09992,11.9257,0,0,563,569
0.608,109,605,0,30.1344,0.313,12.5093,0,0,247,7
0.608,110,34,1,28.1247,-10,12.1872,0,0,19,99
0.608,111,721,0,27.8817,-8.48182,11.704,0,0,303,483
0.608,112,933,0,30.1248,0.302468,12.0262,0,0,399,622
0.608,113,1052,0,30.1317,0.319558,12.0277,0,0,467,3
0.608,114,392,0,30.0936,0.192024,11.5396,0,0,162,611
0.608,115,1323,0,30.1254,0.317138,11.5453,0,0,626,118
0.608,116,220,0,30.1205,0.304693,11.5443,0,0,92,16
0.608,117,1401,0,30.1262,0.319273,11.5455,0,0,670,229
0.608,118,276,0,30.1274,0.322286,11.5457,0,0,115,677
0.608,119,1031,0,30.1214,0.320802,11.0635,0,0,454,599
0.608,120,328,0,30.1189,0.314208,11.063,0,0,134,615
0.608,121,584,0,30.0412,0.109969,11.048,0,0,240,636
0.608,122,1366,0,30.1073,0.283064,11.0608,0,0,651,556
0.608,123,268,0,30.0218,-0.118588,10.5663,0,0,111,64
0.608,124,226,0,30.1144,0.316383,10.5812,0,0,95,626
0.608,125,1267,0,30.1117,0.308907,10.5807,0,0,592,202
0.608,126,1104,0,30.1134,0.313786,10.5811,0,0,501,447
0.608,127,1409,0,29.2816,-10,2.75497,1,0,673,668
0.608,128,66,0,29.9638,-0.159752,10.0768,0,0,34,204
0.608,129,1100,1,29.9853,0.309524,10.0582,0,0,499,99
0.608,130,320,0,30.0974,0.296969,9.6165,0,0,132,630
0.608,131,445,0,30.0999,0.304687,9.61692,0,0,186,125
0.608,132,949,0,30.086,0.261599,9.61457,0,0,406,204
0.608,133,454,0,30.1037,0.316224,9.61755,0,0,189,263
0.608,134,766,0,30.0605,0.185613,9.61023,0,0,327,99
0.608,135,1191,1,28.6856,-3.50382,8.9198,0,0,554,226
0.608,136,940,0,30.0809,0.259664,9.13306,0,0,403,294
0.608,137,682,0,30.1001,0.32188,9.13613,0,0,282,485
0.608,138,60,0,30.0994,0.319776,9.13603,0,0,32,45
0.608,139,469,0,30.0993,0.3192,9.136,0,0,193,104
0.608,140,73,0,30.0926,0.314728,8.65418,0,0,36,636
0.608,141,535,0,30.0963,0.32716,8.65473,0,0,219,531
0.608,142,530,0,27.12,-10,8.20224,0,0,217,481
0.608,143,11,0,30.0956,0.325048,8.65464,0,0,8,19
0.608,144,764,0,30.0937,0.318549,8.65435,0,0,325,307
0.608,145,553,1,28.6695,-3.88932,8.45826,0,0,227,341
0.608,146,1299,0,29.9367,0.348608,8.60794,0,0,610,31
0.608,147,126,0,30.094,0.319546,8.65439,0,0,56,548
0.608,148,531,0,27.28,-10,7.76832,0,0,218,476
0.608,149,854,0,30.0797,0.228854,8.17232,0,0,366,395
0.608,150,330,0,29.9141,0.279528,8.12672,0,0,135,101
0.608,151,1337,0,30.0423,0.0802832,8.16809,0,0,637,97
0.608,152,297,0,30.0863,0.310961,8.17252,0,0,123,471
0.608,153,1294,0,30.0741,0.285956,7.6901,0,0,607,22
0.608,154,566,0,29.9263,0.353495,7.65015,0,0,232,566
0.608,155,1167,0,30.085,0.325784,7.69163,0,0,539,479
0.608,156,1282,0,30.0858,0.328797,7.69174,0,0,600,338
0.608,157,362,0,30.0821,0.31464,7.69124,0,0,149,83
0.608,158,775,0,29.2828,-2.71639,7.58144,0,0,331,133
0.608,159,749,0,27.44,-10,7.33184,0,0,318,299
0.608,160,831,0,29.9049,-0.361476,7.18746,0,0,355,246
0.608,161,1319,0,30.074,0.302885,7.20953,0,0,624,506
0.608,162,802,0,30.0737,0.301542,7.20949,0,0,342,306
0.608,163,931,0,30.0786,0.321604,7.21011,0,0,398,48
0.608,164,17,0,30.0786,0.321689,7.21012,0,0,12,15
0.608,165,480,0,30.074,0.302636,7.20952,0,0,196,79
0.608,166,33,0,29.9207,0.354364,7.17133,0,0,18,486
0.608,167,271,0,27.6,-10,6.8928,0,0,113,156
0.608,168,77,0,29.8718,-0.95926,6.7081,0,0,38,479
0.608,169,236,0,30.074,0.325133,6.72893,0,0,99,374
0.608,170,779,0,30.0737,0.323483,6.72889,0,0,333,105
0.608,171,185,1,30.0707,0.320449,6.72829,0,0,79,516
0.608,172,847,0,30.0014,-0.148389,6.7216,0,0,363,477
0.608,173,1138,1,29.2416,-3.18096,6.14377,0,0,521,673
0.608,174,1432,1,29.8829,-4.04184,6.23206,0,0,689,297
0.608,175,1129,1,29.9082,0.350304,6.21384,0,0,514,330
0.608,176,83,0,28.08,-10,5.56032,0,0,40,381
0.608,177,335,0,29.8976,0.305524,5.735,0,0,137,385
0.608,178,786,0,28.08,-10,5.56032,0,0,336,338
0.608,179,1192,0,30.0646,0.332092,5.76675,0,0,555,549
0.608,180,1238,0,29.7592,-1.61341,5.7365,0,0,575,532
0.608,181,1392,0,30.0575,0.32234,5.28554,0,0,665,462
0.608,182,1032,0,30.0589,0.33053,5.28568,0,0,455,298
0.608,183,648,0,30.0588,0.329864,5.28567,0,0,266,508
0.608,184,394,0,28.24,-10,5.11104,0,0,163,477
0.608,185,1045,1,29.9937,-0.0189502,5.27919,0,0,463,390
0.608,186,37,0,29.8844,0.27443,5.25576,0,0,20,156
0.608,187,1188,0,28.3695,-1.90597,5.11311,0,0,553,530
0.608,188,387,0,28.24,-10,5.11104,0,0,161,672
0.608,189,286,0,30.0588,0.330043,5.28567,0,0,119,301
0.608,190,563,0,28.24,-10,5.11104,0,0,231,340
0.608,191,428,0,28.24,-10,5.11104,0,0,178,100
0.608,192,990,0,28.4,-10,4.6592,0,0,429,298
0.608,193,81,0,28.4,-10,4.6592,0,0,39,340
0.608,194,1011,0,29.8812,0.266002,4.77778,0,0,440,482
0.608,195,760,0,30.0522,0.32265,4.80461,0,0,323,598
0.608,196,699,0,30.0411,0.282159,4.3233,0,0,292,635
0.608,197,544,0,28.56,-10,4.2048,0,0,223,392
0.608,198,1338,0,28.9322,-2.17154,4.21667,0,0,638,623
0.608,199,1242,0,28.56,-10,4.2048,0,0,577,338
0.608,200,1422,0,28.56,-10,4.2048,0,0,681,97
0.608,201,1154,0,28.7118,-6.67606,4.21013,0,0,533,678
0.608,202,784,0,28.72,-10,3.74784,0,0,335,481
0.608,203,848,0,28.9424,-6.1972,3.7574,0,0,364,340
0.608,204,751,0,28.72,-10,3.74784,0,0,319,384
0.608,205,960,0,29.9966,-0.10616,3.84,0,0,414,631
0.608,206,1424,0,28.97,-7.888,3.76535,0,0,683,485
0.608,207,157,0,30.037,0.328188,3.36238,0,0,68,280
0.608,208,257,0,28.88,-10,3.28832,0,0,107,14
0.608,209,254,0,30.0372,0.329614,3.36239,0,0,106,142
0.608,210,1004,0,28.9703,-7.4263,3.29089,0,0,437,640
0.608,211,957,0,30.0323,0.33388,2.88181,0,0,411,573
0.608,212,772,0,30.0251,0.259586,2.88141,0,0,330,439
0.608,213,1123,0,30.0241,-0.123331,2.88164,0,0,511,76
0.608,214,1269,0,29.04,-10,2.82624,0,0,594,567
0.608,215,1315,0,30.0318,0.329107,2.88178,0,0,622,517
0.608,216,672,0,30.0305,0.315541,2.88171,0,0,277,652
0.608,217,861,0,30.0294,0.304573,2.88165,0,0,369,644
0.608,218,44,0,30.0272,0.33792,2.40131,0,0,25,595
0.608,219,1233,0,29.2,-10,2.3616,0,0,574,378
0.608,220,75,0,29.2,-10,2.3616,0,0,37,568
0.608,221,547,0,29.8514,0.177084,2.38766,0,0,224,478
0.608,222,1140,0,29.2,-10,2.3616,0,0,522,339
0.608,223,269,0,29.2,-10,2.3616,0,0,112,677
0.608,224,880,0,30.0078,0.122379,1.92031,0,0,376,346
0.608,225,890,0,29.9987,-0.0215978,1.91995,0,0,382,378
0.608,226,542,0,30.0085,0.131629,1.92034,0,0,222,676
0.608,227,971,0,30.0215,0.334266,1.92086,0,0,420,220
0.608,228,561,0,29.36,-10,1.8944,0,0,229,481
0.608,229,719,0,30.0126,0.186301,1.92051,0,0,302,547
0.608,230,1285,0,29.8573,0.360534,1.91032,0,0,602,381
0.608,231,1046,0,29.52,-10,1.42464,0,0,464,100
0.608,232,695,0,29.8509,0.339409,1.43258,0,0,290,358
0.608,233,183,0,30.0162,0.335938,1.44052,0,0,78,628
0.608,234,386,0,29.52,-10,1.42464,0,0,160,382
0.608,235,241,0,30.0162,0.336508,1.44052,0,0,101,161
0.608,236,537,0,29.52,-10,1.42464,0,0,220,571
0.608,237,159,0,30.0124,0.257924,1.4404,0,0,69,330
0.608,238,993,0,29.68,-10,0.95232,0,0,430,547
0.608,239,1034,0,30.0031,0.0957624,0.960074,0,0,457,398
0.608,240,1371,0,30.0103,0.319938,0.960246,0,0,652,96
0.608,241,457,0,30.0107,0.334377,0.960257,0,0,190,661
0.608,242,1201,0,29.8265,-5.35844,0.95582,0,0,560,185
0.608,243,1240,0,29.84,-10,0.47744,0,0,576,631
0.608,244,647,0,29.84,-10,0.47744,0,0,265,136
0.608,245,1002,0,30.0053,0.328981,0.480084,0,0,435,513
0.608,246,1228,0,30.0038,0.23637,0.480061,0,0,572,391
0.608,247,550,0,29.84,-10,0.47744,0,0,226,385
0.608,248,683,0,29.842,-9.87239,0.477473,0,0,283,530
0.624,0,566,1,30.2082,0.309572,19.2694,0,0,232,680
0.624,1,271,0,30.1395,0.0793058,19.2541,0,0,113,488
0.624,2,1256,0,29.8437,-0.247479,19.1489,0,0,585,597
0.624,3,387,0,29.7165,-1.28305,19.1543,0,0,161,155
0.624,4,1050,0,30.1987,0.295211,19.2662,0,0,466,408
0.624,5,1067,0,30.2025,0.30107,19.2675,0,0,477,106
0.624,6,33,1,30.2038,0.255812,19.2692,0,0,18,485
0.624,7,847,1,30.062,-0.0823994,19.238,0,0,363,676
0.624,8,531,0,30.2082,0.309572,19.2694,0,0,218,532
0.624,9,843,0,29.409,-1.57339,19.0462,0,0,362,483
0.624,10,335,1,30.1886,0.218202,19.2659,0,0,137,680
0.624,11,1233,0,30.2032,0.310354,18.7861,0,0,574,478
0.624,12,1432,2,30.1755,0.314726,18.7735,0,0,689,578
0.624,13,3,1,30.0406,0.329707,18.7434,0,0,2,35
0.624,14,751,0,30.0167,-0.0476476,18.7384,0,0,319,390
0.624,15,1299,1,30.2018,0.308195,18.7856,0,0,610,578
0.624,16,56,0,30.1838,0.280095,18.7798,0,0,30,542
0.624,17,257,0,30.2032,0.310354,18.7861,0,0,107,80
0.624,18,530,0,30.1265,0.0530986,18.7683,0,0,217,532
0.624,19,682,1,29.2809,-5.31698,4.02248,1,0,533,297
0.624,20,1242,0,29.6054,-1.63466,18.6718,0,0,577,102
0.624,21,1167,0,27.3958,-10,3.5183,1,0,522,680
0.624,22,1187,0,30.1982,0.311139,18.3028,0,0,552,296
0.624,23,75,0,30.143,0.149738,18.2913,0,0,37,679
0.624,24,140,0,30.1956,0.306948,18.302,0,0,63,377
0.624,25,786,0,30.1968,0.308945,18.3024,0,0,336,101
0.624,26,571,0,30.1965,0.308408,18.3023,0,0,234,476
0.624,27,330,1,30.1627,0.243459,18.2911,0,0,135,339
0.624,28,449,0,30.1519,0.179852,18.2943,0,0,187,566
0.624,29,1,0,30.0878,0.13348,18.2681,0,0,1,6
0.624,30,843,0,24.4913,-7.77268,5.94299,1,0,223,565
0.624,31,49,0,30.1497,0.206739,18.291,0,0,28,279
0.624,32,749,0,30.1912,0.3085,17.819,0,0,318,22
0.624,33,269,0,30.1921,0.309991,17.8193,0,0,112,675
0.624,34,810,0,30.1038,0.164025,17.7922,0,0,345,46
0.624,35,1138,1,28.9306,-10,2.81794,1,0,283,122
0.624,36,1191,1,27.465,-10,2.26838,1,0,638,391
0.624,37,1124,0,30.1814,0.292425,17.816,0,0,511,518
0.624,38,563,0,29.98,-0.234722,17.7586,0,0,231,297
0.624,39,561,0,29.3174,-0.947132,17.5988,0,0,229,571
0.624,40,1422,0,30.1872,0.310971,17.3362,0,0,681,675
0.624,41,901,0,30.1806,0.29971,17.3342,0,0,386,126
0.624,42,566,1,25.1045,-8.69784,1.28088,1,0,430,675
0.624,43,976,0,30.1761,0.180745,17.3345,0,0,423,237
0.624,44,1428,0,27.2807,-1.80231,16.4468,0,0,685,230
0.624,45,986,0,30.1414,0.168833,17.3252,0,0,427,384
0.624,46,1037,0,30.1523,0.25174,17.3258,0,0,458,667
0.624,47,898,0,30.1562,0.258327,17.327,0,0,385,549
0.624,48,1343,0,30.1608,0.266155,17.3283,0,0,643,88
0.624,49,708,0,29.9561,-0.0825855,17.2674,0,0,296,676
0.624,50,1285,1,30.1858,0.308543,17.3358,0,0,602,558
0.624,51,311,0,30.173,0.295715,16.8506,0,0,128,372
0.624,52,637,0,30.1752,0.299587,16.8512,0,0,262,206
0.624,53,988,0,30.0308,-0.046891,16.8212,0,0,428,630
0.624,54,1030,0,30.1814,0.310278,16.853,0,0,453,646
0.624,55,538,0,29.627,-2.32159,16.7189,0,0,221,486
0.624,56,1164,0,30.1637,0.279437,16.8478,0,0,537,300
0.624,57,838,0,30.1265,0.125028,16.8446,0,0,359,565
0.624,58,654,0,30.1809,0.309399,16.8528,0,0,269,106
0.624,59,43,0,30.1342,0.236896,16.3581,0,0,24,559
0.624,60,550,0,29.6328,-1.6242,16.2517,0,0,226,578
0.624,61,542,1,30.1413,0.104253,16.365,0,0,222,547
0.624,62,83,0,30.1782,0.314292,16.3706,0,0,40,530
0.624,63,990,0,29.858,-0.231862,16.2785,0,0,429,486
0.624,64,1284,0,30.1516,0.26144,16.3647,0,0,601,482
0.624,65,1138,0,27.7481,-10,15.9938,0,0,521,611
0.624,66,945,0,30.1432,0.251278,16.3607,0,0,405,152
0.624,67,660,0,30.1765,0.311231,16.3701,0,0,271,600
0.624,68,177,0,30.168,0.295872,16.3677,0,0,76,117
0.624,69,428,0,30.1684,0.306266,15.8864,0,0,178,576
0.624,70,1187,1,26.6378,-10,1.39599,1,0,553,488
0.624,71,1011,1,30.1422,0.235738,15.8796,0,0,440,382
0.624,72,397,0,30.1585,-0.497104,15.887,0,0,164,577
0.624,73,37,1,30.1715,0.315351,15.8874,0,0,20,488
0.624,74,562,0,29.5196,-1.88278,15.7247,0,0,230,673
0.624,75,1269,0,30.0604,-0.0102328,15.8614,0,0,594,482
0.624,76,394,0,28.5902,-4.15043,15.5301,0,0,163,31
0.624,77,386,0,29.9347,-0.22479,15.3552,0,0,160,483
0.624,78,1352,0,30.1593,0.298939,15.4026,0,0,645,41
0.624,79,81,0,29.9026,-0.486496,15.3613,0,0,39,383
0.624,80,549,0,30.1682,0.315878,15.405,0,0,225,548
0.624,81,1102,0,27.4304,-2.77163,14.292,0,0,500,285
0.624,82,661,0,29.8616,-0.486748,14.8653,0,0,272,599
0.624,83,625,1,30.1501,0.313058,14.9203,0,0,255,572
0.624,84,784,0,29.9196,-0.599247,14.3915,0,0,335,630
0.624,85,1423,0,30.1568,0.315,14.4394,0,0,682,599
0.624,86,1261,1,30.1488,0.304916,14.4375,0,0,587,22
0.624,87,365,0,30.1537,0.308696,14.4386,0,0,151,369
0.624,88,790,0,30.1563,0.313816,14.4392,0,0,337,155
0.624,89,981,0,25.65,-10,13.3206,0,0,426,148
0.624,90,695,1,30.1563,0.313969,14.4392,0,0,290,515
0.624,91,1052,1,29.5053,-10,1.49484,1,0,364,3
0.624,92,596,0,30.1023,0.213587,13.9448,0,0,244,192
0.624,93,647,1,30.1434,0.298094,13.9548,0,0,265,64
0.624,94,537,0,30.1281,0.239846,13.953,0,0,220,299
0.624,95,1274,0,29.9771,-0.282227,13.9232,0,0,595,391
0.624,96,830,0,30.1509,0.313977,13.9566,0,0,354,18
0.624,97,330,1,25.6642,-9.72214,0.442082,1,0,136,631
0.624,98,1246,0,30.1518,0.315809,13.9569,0,0,579,591
0.624,99,579,0,30.1469,0.316987,13.4745,0,0,238,3
0.624,100,975,0,30.0172,-1.24316,13.4679,0,0,422,683
0.624,101,1170,0,30.1458,0.314568,13.4742,0,0,541,142
0.624,102,1385,0,30.1316,0.28354,13.4709,0,0,660,365
0.624,103,1268,0,30.1466,0.316192,13.4744,0,0,593,101
0.624,104,547,1,30.0509,-0.162607,13.4605,0,0,224,296
0.624,105,1045,0,29.6526,-1.27189,0.0968319,1,0,464,296
0.624,106,1006,0,30.1388,0.310952,12.9914,0,0,438,233
0.624,107,1240,0,29.9026,-0.460846,12.9487,0,0,576,300
0.624,108,1209,0,27.9331,-1.99842,12.3726,0,0,563,569
0.624,109,605,0,30.1394,0.312209,12.9916,0,0,247,7
0.624,110,34,1,27.9647,-10,12.6347,0,0,19,99
0.624,111,721,0,27.7475,-8.39178,12.148,0,0,303,483
0.624,112,933,0,30.1296,0.301692,12.5083,0,0,399,622
0.624,113,1052,0,30.1368,0.318756,12.5099,0,0,467,3
0.624,114,392,0,30.0965,0.184488,12.0211,0,0,162,611
0.624,115,1323,0,30.1304,0.316341,12.0274,0,0,626,118
0.624,116,220,0,30.1254,0.303913,12.0263,0,0,92,16
0.624,117,1401,0,30.1313,0.318472,12.0276,0,0,670,229
0.624,118,276,0,30.1325,0.321479,12.0278,0,0,115,677
0.624,119,1031,0,30.1265,0.319998,11.5455,0,0,454,599
0.624,120,328,0,30.1239,0.313415,11.545,0,0,134,615
0.624,121,584,0,30.0429,0.109788,11.5286,0,0,240,636
0.624,122,1366,0,30.1118,0.282313,11.5426,0,0,651,556
0.624,123,268,0,30.0195,-0.144141,11.0466,0,0,111,64
0.624,124,226,0,30.1194,0.315586,11.0631,0,0,95,626
0.624,125,1267,0,30.1166,0.308121,11.0626,0,0,592,202
0.624,126,1104,0,30.1184,0.312993,11.063,0,0,501,447
0.624,127,1409,0,29.1216,-10,3.22091,1,0,673,668
0.624,128,66,0,29.9613,-0.157572,10.5562,0,0,34,204
0.624,129,1100,1,29.9903,0.308724,10.538,0,0,499,99
0.624,130,320,0,30.1021,0.296199,10.0981,0,0,132,630
0.624,131,445,0,30.1048,0.303907,10.0986,0,0,186,125
0.624,132,949,0,30.0901,0.260874,10.096,0,0,406,204
0.624,133,454,0,30.1087,0.315426,10.0993,0,0,189,263
0.624,134,766,0,30.0635,0.185241,10.0913,0,0,327,99
0.624,135,1191,1,28.6324,-3.32475,9.37792,0,0,554,226
0.624,136,940,0,30.0851,0.25894,9.61442,0,0,403,294
0.624,137,682,0,30.1052,0.321073,9.61782,0,0,282,485
0.624,138,60,0,30.1045,0.318972,9.6177,0,0,32,45
0.624,139,469,0,30.1044,0.318397,9.61767,0,0,193,104
0.624,140,73,0,30.0976,0.313932,9.13574,0,0,36,636
0.624,141,535,0,30.1015,0.326344,9.13636,0,0,219,531
0.624,142,530,0,26.96,-10,8.6336,0,0,217,481
0.624,143,11,0,30.1008,0.324236,9.13625,0,0,8,19
0.624,144,764,0,30.0988,0.317747,9.13593,0,0,325,307
0.624,145,553,1,28.6104,-3.69476,8.91603,0,0,227,341
0.624,146,1299,0,29.9423,0.34775,9.08702,0,0,610,31
0.624,147,126,0,30.0991,0.318742,9.13598,0,0,56,548
0.624,148,531,0,27.1405,-8.71804,8.20257,0,0,218,476
0.624,149,854,0,30.0833,0.228281,8.65365,0,0,366,395
0.624,150,330,0,29.9185,0.278835,8.60542,0,0,135,101
0.624,151,1337,0,30.0436,0.0805032,8.64879,0,0,637,97
0.624,152,297,0,30.0913,0.310169,8.65398,0,0,123,471
0.624,153,1294,0,30.0786,0.285198,8.17136,0,0,607,22
0.624,154,566,0,29.932,0.352628,8.12906,0,0,232,566
0.624,155,1167,0,30.0902,0.324969,8.17307,0,0,539,479
0.624,156,1282,0,30.091,0.327978,8.17319,0,0,600,338
0.624,157,362,0,30.0871,0.313843,8.17263,0,0,149,83
0.624,158,775,0,29.2395,-2.70568,8.04927,0,0,331,133
0.624,159,749,0,27.28,-10,7.76832,0,0,318,299
0.624,160,831,0,29.8992,-0.356779,7.66584,0,0,355,246
0.624,161,1319,0,30.0789,0.302104,7.69079,0,0,624,506
0.624,162,802,0,30.0785,0.300763,7.69075,0,0,342,306
0.624,163,931,0,30.0837,0.320796,7.69145,0,0,398,48
0.624,164,17,0,30.0837,0.320881,7.69146,0,0,12,15
0.624,165,480,0,30.0788,0.301855,7.69078,0,0,196,79
0.624,166,33,0,29.9263,0.353495,7.65015,0,0,18,486
0.624,167,271,0,27.44,-10,7.33184,0,0,113,156
0.624,168,77,0,29.8555,-1.02057,7.18578,0,0,38,479
0.624,169,236,0,30.0792,0.324319,7.2102,0,0,99,374
0.624,170,779,0,30.0788,0.322671,7.21015,0,0,333,105
0.624,171,185,1,30.0758,0.319642,7.2095,0,0,79,516
0.624,172,847,0,29.9988,-0.164979,7.20158,0,0,363,477
0.624,173,1138,1,29.1902,-3.21776,6.61082,0,0,521,673
0.624,174,1432,0,29.8746,-0.516013,6.71005,0,0,689,297
0.624,175,1129,1,29.9138,0.349441,6.69246,0,0,514,330
0.624,176,83,0,27.92,-10,6.00704,0,0,40,381
0.624,177,335,0,29.9025,0.304768,6.21344,0,0,137,385
0.624,178,786,0,27.92,-10,6.00704,0,0,336,338
0.624,179,1192,0,30.0699,0.331266,6.24787,0,0,555,549
0.624,180,1238,0,29.7334,-1.61092,6.21224,0,0,575,532
0.624,181,1392,0,30.0626,0.321529,5.76654,0,0,665,462
0.624,182,1032,0,30.0642,0.329707,5.7667,0,0,455,298
0.624,183,648,0,30.0641,0.329041,5.76669,0,0,266,508
0.624,184,394,0,28.08,-10,5.56032,0,0,163,477
0.624,185,1045,1,29.9934,-0.0182063,5.75909,0,0,463,390
0.624,186,37,0,29.8888,0.273773,5.73398,0,0,20,156
0.624,187,1188,0,28.3402,-1.83092,5.56656,0,0,553,530
0.624,188,387,0,28.08,-10,5.56032,0,0,161,672
0.624,189,286,0,30.0641,0.32922,5.76669,0,0,119,301
0.624,190,563,0,28.08,-10,5.56032,0,0,231,340
0.624,191,428,0,28.08,-10,5.56032,0,0,178,100
0.624,192,990,0,28.24,-10,5.11104,0,0,429,298
0.624,193,81,0,28.24,-10,5.11104,0,0,39,340
0.624,194,1011,0,29.8854,0.261642,5.25595,0,0,440,482
0.624,195,760,0,30.0574,0.321838,5.28553,0,0,323,598
0.624,196,699,0,30.0456,0.281401,4.80403,0,0,292,635
0.624,197,544,0,28.4,-10,4.6592,0,0,223,392
0.624,198,1338,0,28.8986,-2.10082,4.67905,0,0,638,623
0.624,199,1242,0,28.4,-10,4.6592,0,0,577,338
0.624,200,1422,0,28.4,-10,4.6592,0,0,681,97
0.624,201,1154,0,28.6137,-6.13373,4.66795,0,0,533,678
0.624,202,784,0,28.56,-10,4.2048,0,0,335,481
0.624,203,848,0,28.8504,-5.74953,4.21901,0,0,364,340
0.624,204,751,0,28.56,-10,4.2048,0,0,319,384
0.624,205,960,0,29.9945,-0.13072,4.31991,0,0,414,631
0.624,206,1424,0,28.8445,-7.83997,4.22686,0,0,683,485
0.624,207,157,0,30.0423,0.327367,3.84305,0,0,68,280
0.624,208,257,0,28.72,-10,3.74784,0,0,107,14
0.624,209,254,0,30.0425,0.32879,3.84307,0,0,106,142
0.624,210,1004,0,28.8614,-6.81081,3.75268,0,0,437,640
0.624,211,957,0,30.0376,0.33305,3.36241,0,0,411,573
0.624,212,772,0,30.0292,0.258947,3.36187,0,0,330,439
0.624,213,1123,1,30.0292,0.323429,3.36211,0,0,511,76
0.624,214,1269,0,28.88,-10,3.28832,0,0,594,567
0.624,215,1315,0,30.037,0.328284,3.36238,0,0,622,517
0.624,216,672,0,30.0355,0.314738,3.36228,0,0,277,652
0.624,217,861,0,30.0343,0.303785,3.3622,0,0,369,644
0.624,218,44,0,30.0326,0.337082,2.88183,0,0,25,595
0.624,219,1233,0,29.04,-10,2.82624,0,0,574,378
0.624,220,75,0,29.04,-10,2.82624,0,0,37,568
0.624,221,547,0,29.8542,0.176196,2.86533,0,0,224,478
0.624,222,1140,0,29.04,-10,2.82624,0,0,522,339
0.624,223,269,0,29.04,-10,2.82624,0,0,112,677
0.624,224,880,0,30.0098,0.12236,2.40047,0,0,376,346
0.624,225,890,0,29.9983,-0.0220235,2.39992,0,0,382,378
0.624,226,542,0,30.0106,0.131329,2.40051,0,0,222,676
0.624,227,971,0,30.0268,0.333434,2.40129,0,0,420,220
0.624,228,561,0,29.2,-10,2.3616,0,0,229,481
0.624,229,719,0,30.0155,0.179328,2.40076,0,0,302,547
0.624,230,1285,0,29.8631,0.359652,2.38813,0,0,602,381
0.624,231,1046,0,29.36,-10,1.8944,0,0,464,100
0.624,232,695,0,29.8563,0.338556,1.91028,0,0,290,358
0.624,233,183,0,30.0215,0.335104,1.92086,0,0,78,628
0.624,234,386,0,29.36,-10,1.8944,0,0,160,382
0.624,235,241,0,30.0216,0.335672,1.92086,0,0,101,161
0.624,236,537,0,29.36,-10,1.8944,0,0,220,571
0.624,237,159,0,30.0165,0.257303,1.92066,0,0,69,330
0.624,238,993,0,29.52,-10,1.42464,0,0,430,547
0.624,239,1034,0,30.0046,0.0952044,1.44015,0,0,457,398
0.624,240,1371,0,30.0154,0.319126,1.44049,0,0,652,96
0.624,241,457,0,30.0161,0.333545,1.44051,0,0,190,661
0.624,242,1201,0,29.7427,-5.23431,1.4317,0,0,560,185
0.624,243,1240,0,29.68,-10,0.95232,0,0,576,631
0.624,244,647,0,29.8442,0.263829,0.954948,0,0,265,136
0.624,245,1002,0,30.0105,0.328156,0.960253,0,0,435,513
0.624,246,1228,0,30.0075,0.22921,0.96018,0,0,572,391
0.624,247,550,0,29.68,-10,0.95232,0,0,226,385
0.624,248,683,0,29.6856,-9.77503,0.952443,0,0,283,530
0.624,249,34,0,29.84,-10,0.47744,0,0,19,678
0.624,250,398,0,30.0053,0.332452,0.480085,0,0,165,53
0.624,251,1050,0,29.84,-10,0.47744,0,0,466,379
0.624,252,1183,0,30.0053,0.328361,0.480084,0,0,550,163
0.624,253,1333,0,30.0054,0.334341,0.480086,0,0,634,9
0.624,254,980,0,30.0051,0.319381,0.480082,0,0,425,115
0.64,0,566,1,30.2131,0.308791,19.7528,0,0,232,680
0.64,1,271,0,30.1407,0.0792197,19.7363,0,0,113,488
0.64,2,1256,0,29.8397,-0.247662,19.6264,0,0,585,597
0.64,3,387,0,29.6948,-1.35494,19.6294,0,0,161,155
0.64,4,1050,0,30.2034,0.294453,19.7495,0,0,466,408
0.64,5,1067,0,30.2073,0.300303,19.7508,0,0,477,106
0.64,6,33,1,30.2079,0.255174,19.7525,0,0,18,485
0.64,7,847,1,30.0602,-0.108406,19.719,0,0,363,676
0.64,8,531,0,30.2131,0.308791,19.7528,0,0,218,532
0.64,9,843,0,29.3843,-1.54372,19.5164,0,0,362,483
0.64,10,335,1,30.1921,0.21457,19.749,0,0,137,680
0.64,11,1233,0,30.2082,0.309572,19.2694,0,0,574,478
0.64,12,1432,2,30.1805,0.313935,19.2564,0,0,689,578
0.64,13,3,1,30.0458,0.328883,19.2241,0,0,2,35
0.64,14,751,0,30.0159,-0.046514,19.2187,0,0,319,390
0.64,15,1299,1,30.2067,0.307416,19.2689,0,0,610,578
0.64,16,56,0,30.1882,0.279358,19.2628,0,0,30,542
0.64,17,257,0,30.2082,0.309572,19.2694,0,0,107,80
0.64,18,530,0,30.1271,0.0392186,19.2503,0,0,217,532
0.64,19,682,1,29.1971,-5.23834,4.48964,1,0,533,297
0.64,20,1242,0,29.5794,-1.62679,19.145,0,0,577,102
0.64,21,1167,0,27.2358,-10,3.95407,1,0,522,680
0.64,22,1187,0,30.2032,0.310354,18.7861,0,0,552,296
0.64,23,75,0,30.1454,0.148044,18.7736,0,0,37,679
0.64,24,140,0,30.2005,0.306171,18.7852,0,0,63,377
0.64,25,786,0,30.2018,0.308164,18.7856,0,0,336,101
0.64,26,571,0,30.2014,0.307629,18.7855,0,0,234,476
0.64,27,330,1,30.1666,0.242817,18.7738,0,0,135,339
0.64,28,449,0,30.1548,0.17949,18.7768,0,0,187,566
0.64,29,1,0,30.09,0.132903,18.7495,0,0,1,6
0.64,30,843,0,24.3699,-7.58685,6.3329,1,0,223,565
0.64,31,49,0,30.153,0.20628,18.7735,0,0,28,279
0.64,32,749,0,30.1961,0.307721,18.3021,0,0,318,22
0.64,33,269,0,30.197,0.309209,18.3024,0,0,112,675
0.64,34,810,0,30.1064,0.163416,18.2739,0,0,345,46
0.64,35,1138,1,28.7706,-10,3.27827,1,0,283,122
0.64,36,1191,1,27.305,-10,2.70526,1,0,638,391
0.64,37,1124,0,30.1709,-0.652459,18.2987,0,0,511,518
0.64,38,563,0,29.9757,-0.268628,18.2383,0,0,231,297
0.64,39,561,0,29.3025,-0.928942,18.0676,0,0,229,571
0.64,40,1422,0,30.1922,0.310187,17.8193,0,0,681,675
0.64,41,901,0,30.1853,0.298944,17.8172,0,0,386,126
0.64,42,566,1,24.9688,-8.47514,1.68038,1,0,430,675
0.64,43,976,0,30.179,0.180396,17.8173,0,0,423,237
0.64,44,1428,0,27.2536,-1.68839,16.8828,0,0,685,230
0.64,45,986,0,30.144,0.160799,17.8075,0,0,427,384
0.64,46,1037,0,30.1563,0.251037,17.8083,0,0,458,667
0.64,47,898,0,30.1603,0.257616,17.8095,0,0,385,549
0.64,48,1343,0,30.165,0.265434,17.811,0,0,643,88
0.64,49,708,0,29.9548,-0.0829508,17.7466,0,0,296,676
0.64,50,1285,1,30.1907,0.307763,17.8188,0,0,602,558
0.64,51,311,0,30.1777,0.294954,17.3334,0,0,128,372
0.64,52,637,0,30.18,0.29882,17.3341,0,0,262,206
0.64,53,988,0,30.0301,-0.0461359,17.3017,0,0,428,630
0.64,54,1030,0,30.1863,0.309495,17.336,0,0,453,646
0.64,55,538,0,29.5909,-2.26001,17.1924,0,0,221,486
0.64,56,1164,0,30.1682,0.278698,17.3305,0,0,537,300
0.64,57,838,0,30.1285,0.124935,17.3266,0,0,359,565
0.64,58,654,0,30.1858,0.308617,17.3358,0,0,269,106
0.64,59,43,0,30.138,0.236315,16.8403,0,0,24,559
0.64,60,550,0,29.6056,-1.70007,16.7254,0,0,226,578
0.64,61,542,1,30.143,0.10358,16.8473,0,0,222,547
0.64,62,83,0,30.1833,0.313501,16.8535,0,0,40,530
0.64,63,990,0,29.8543,-0.230334,16.7562,0,0,429,486
0.64,64,1284,0,30.1557,0.260788,16.8472,0,0,601,482
0.64,65,1138,0,27.5881,-10,16.4352,0,0,521,611
0.64,66,945,0,30.1472,0.250574,16.8431,0,0,405,152
0.64,67,660,0,30.1815,0.310446,16.853,0,0,271,600
0.64,68,177,0,30.1727,0.295111,16.8505,0,0,76,117
0.64,69,428,0,30.1733,0.305488,16.3692,0,0,178,576
0.64,70,1187,1,26.4778,-10,1.81964,1,0,553,488
0.64,71,1011,1,30.1459,0.232366,16.362,0,0,440,382
0.64,72,397,0,30.1506,-0.49108,16.3695,0,0,164,577
0.64,73,37,1,30.1766,0.314558,16.3702,0,0,20,488
0.64,74,562,0,29.4877,-1.99755,16.1965,0,0,230,673
0.64,75,1269,0,30.0599,-0.0314674,16.3423,0,0,594,482
0.64,76,394,0,28.5222,-4.24773,15.9865,0,0,163,31
0.64,77,386,0,29.9312,-0.222407,15.8341,0,0,160,483
0.64,78,1352,0,30.1641,0.298172,15.8852,0,0,645,41
0.64,79,81,0,29.8949,-0.479959,15.8396,0,0,39,383
0.64,80,549,1,30.1732,0.315084,15.8877,0,0,225,548
0.64,81,1102,0,27.3892,-2.57238,14.7302,0,0,500,285
0.64,82,661,0,29.8539,-0.483158,15.343,0,0,272,599
0.64,83,625,1,30.1551,0.312268,15.4027,0,0,255,572
0.64,84,784,0,29.9093,-0.642135,14.8701,0,0,335,630
0.64,85,1423,0,30.1619,0.314208,14.922,0,0,682,599
0.64,86,1261,1,30.1536,0.304139,14.92,0,0,587,22
0.64,87,365,0,30.1587,0.307913,14.9211,0,0,151,369
0.64,88,790,0,30.1613,0.313025,14.9218,0,0,337,155
0.64,89,981,0,25.5509,-6.19306,13.7294,0,0,426,148
0.64,90,695,1,30.1613,0.313178,14.9218,0,0,290,515
0.64,91,1052,1,29.3453,-10,1.96437,1,0,364,3
0.64,92,596,0,30.1057,0.213106,14.4265,0,0,244,192
0.64,93,647,1,30.1482,0.297326,14.4372,0,0,265,64
0.64,94,537,0,30.132,0.239273,14.4352,0,0,220,299
0.64,95,1274,0,29.98,0.183848,14.4029,0,0,595,391
0.64,96,830,0,30.1559,0.313186,14.4391,0,0,354,18
0.64,97,330,1,25.5139,-9.39306,0.850304,1,0,136,631
0.64,98,1246,0,30.1568,0.315015,14.4394,0,0,579,591
0.64,99,579,0,30.152,0.316191,13.9569,0,0,238,3
0.64,100,975,0,29.9977,-1.22125,13.9479,0,0,422,683
0.64,101,1170,0,30.1508,0.313776,13.9566,0,0,541,142
0.64,102,1385,0,30.1362,0.282791,13.9531,0,0,660,365
0.64,103,1268,0,30.1516,0.315396,13.9568,0,0,593,101
0.64,104,547,1,30.0482,-0.171589,13.9412,0,0,224,296
0.64,105,1045,1,29.4926,-10,0.568713,1,0,464,296
0.64,106,1006,0,30.1438,0.310165,13.4737,0,0,438,233
0.64,107,1240,0,29.8952,-0.465598,13.4271,0,0,576,300
0.64,108,1209,0,27.9026,-1.90287,12.8191,0,0,563,569
0.64,109,605,0,30.1444,0.31142,13.4739,0,0,247,7
0.64,110,34,1,27.8047,-10,13.0795,0,0,19,99
0.64,111,721,0,27.6147,-8.29949,12.5898,0,0,303,483
0.64,112,933,0,30.1344,0.300919,12.9904,0,0,399,622
0.64,113,1052,0,30.1419,0.317956,12.9921,0,0,467,3
0.64,114,392,0,30.0993,0.17679,12.5027,0,0,162,611
0.64,115,1323,0,30.1355,0.315544,12.5096,0,0,626,118
0.64,116,220,0,30.1302,0.303136,12.5084,0,0,92,16
0.64,117,1401,0,30.1364,0.317672,12.5098,0,0,670,229
0.64,118,276,0,30.1377,0.320674,12.51,0,0,115,677
0.64,119,1031,0,30.1316,0.319195,12.0276,0,0,454,599
0.64,120,328,0,30.1289,0.312623,12.0271,0,0,134,615
0.64,121,584,0,30.0447,0.109607,12.0094,0,0,240,636
0.64,122,1366,0,30.1163,0.281565,12.0244,0,0,651,556
0.64,123,268,0,30.0167,-0.170291,11.5269,0,0,111,64
0.64,124,226,0,30.1244,0.31479,11.5451,0,0,95,626
0.64,125,1267,0,30.1215,0.307336,11.5445,0,0,592,202
0.64,126,1104,0,30.1234,0.312201,11.5449,0,0,501,447
0.64,127,1409,0,28.9616,-10,3.6843,1,0,673,668
0.64,128,66,0,29.9588,-0.155412,11.0355,0,0,34,204
0.64,129,1100,1,29.9952,0.307926,11.0179,0,0,499,99
0.64,130,320,0,30.1069,0.29543,10.5798,0,0,132,630
0.64,131,445,0,30.1096,0.303127,10.5804,0,0,186,125
0.64,132,949,0,30.0943,0.260149,10.5775,0,0,406,204
0.64,133,454,0,30.1137,0.314629,10.5811,0,0,189,263
0.64,134,766,0,30.0665,0.184869,10.5723,0,0,327,99
0.64,135,1191,1,28.5819,-3.15791,9.83523,0,0,554,226
0.64,136,940,0,30.0892,0.258218,10.0958,0,0,403,294
0.64,137,682,0,30.1103,0.320267,10.0996,0,0,282,485
0.64,138,60,0,30.1096,0.31817,10.0995,0,0,32,45
0.64,139,469,0,30.1094,0.317595,10.0994,0,0,193,104
0.64,140,73,0,30.1027,0.313137,9.61738,0,0,36,636
0.64,141,535,0,30.1067,0.325529,9.61806,0,0,219,531
0.64,142,530,0,26.8241,-8.49421,9.06279,0,0,217,481
0.64,143,11,0,30.106,0.323425,9.61795,0,0,8,19
0.64,144,764,0,30.1039,0.316947,9.61759,0,0,325,307
0.64,145,553,1,28.5542,-3.51495,9.37289,0,0,227,341
0.64,146,1299,0,29.9478,0.346893,9.56618,0,0,610,31
0.64,147,126,0,30.1042,0.31794,9.61765,0,0,56,548
0.64,148,531,0,27.0276,-7.05921,8.63501,0,0,218,476
0.64,149,854,0,30.087,0.227708,9.13504,0,0,366,395
0.64,150,330,0,29.923,0.278143,9.08419,0,0,135,101
0.64,151,1337,0,30.0449,0.0807205,9.12951,0,0,637,97
0.64,152,297,0,30.0962,0.309379,9.13552,0,0,123,471
0.64,153,1294,0,30.0832,0.284441,8.65269,0,0,607,22
0.64,154,566,0,29.9376,0.351763,8.60806,0,0,232,566
0.64,155,1167,0,30.0954,0.324157,8.6546,0,0,539,479
0.64,156,1282,0,30.0963,0.32716,8.65473,0,0,600,338
0.64,157,362,0,30.0921,0.313048,8.6541,0,0,149,83
0.64,158,775,0,29.1963,-2.69507,8.51641,0,0,331,133
0.64,159,749,0,27.12,-10,8.20224,0,0,318,299
0.64,160,831,0,29.8935,-0.352132,8.14414,0,0,355,246
0.64,161,1319,0,30.0837,0.301325,8.17213,0,0,624,506
0.64,162,802,0,30.0833,0.299985,8.17208,0,0,342,306
0.64,163,931,0,30.0888,0.319989,8.17287,0,0,398,48
0.64,164,17,0,30.0888,0.320074,8.17288,0,0,12,15
0.64,165,480,0,30.0836,0.301076,8.17212,0,0,196,79
0.64,166,33,0,29.932,0.352628,8.12906,0,0,18,486
0.64,167,271,0,27.3024,-8.5987,7.76868,0,0,113,156
0.64,168,77,0,29.8382,-1.08278,7.6632,0,0,38,479
0.64,169,236,0,30.0844,0.323507,7.69155,0,0,99,374
0.64,170,779,0,30.084,0.321861,7.69149,0,0,333,105
0.64,171,185,1,30.0809,0.318837,7.6908,0,0,79,516
0.64,172,847,0,29.9959,-0.180501,7.68152,0,0,363,477
0.64,173,1138,1,29.1381,-3.25155,7.07703,0,0,521,673
0.64,174,1432,0,29.8665,-0.50905,7.18792,0,0,689,297
0.64,175,1129,1,29.9193,0.348579,7.17117,0,0,514,330
0.64,176,83,0,27.76,-10,6.4512,0,0,40,381
0.64,177,335,0,29.9073,0.304013,6.69196,0,0,137,385
0.64,178,786,0,27.76,-10,6.4512,0,0,336,338
0.64,179,1192,0,30.0752,0.330441,6.72908,0,0,555,549
0.64,180,1238,0,29.7077,-1.6077,6.68756,0,0,575,532
0.64,181,1392,0,30.0677,0.32072,6.24762,0,0,665,462
0.64,182,1032,0,30.0694,0.328885,6.24782,0,0,455,298
0.64,183,648,0,30.0693,0.32822,6.2478,0,0,266,508
0.64,184,394,0,27.92,-10,6.00704,0,0,163,477
0.64,185,1045,1,29.9638,-1.85159,6.23851,0,0,463,390
0.64,186,37,0,29.8931,0.273117,6.21227,0,0,20,156
0.64,187,1188,0,28.3121,-1.75943,6.01955,0,0,553,530
0.64,188,387,0,27.92,-10,6.00704,0,0,161,672
0.64,189,286,0,30.0693,0.328399,6.2478,0,0,119,301
0.64,190,563,0,27.92,-10,6.00704,0,0,231,340
0.64,191,428,0,27.92,-10,6.00704,0,0,178,100
0.64,192,990,0,28.08,-10,5.56032,0,0,429,298
0.64,193,81,0,28.08,-10,5.56032,0,0,39,340
0.64,194,1011,0,29.8895,0.257515,5.73418,0,0,440,482
0.64,195,760,0,30.0625,0.321028,5.76653,0,0,323,598
0.64,196,699,0,30.0501,0.280644,5.28483,0,0,292,635
0.64,197,544,0,28.24,-10,5.11104,0,0,223,392
0.64,198,1338,0,28.866,-2.03294,5.14091,0,0,638,623
0.64,199,1242,0,28.24,-10,5.11104,0,0,577,338
0.64,200,1422,0,28.24,-10,5.11104,0,0,681,97
0.64,201,1154,0,28.5233,-5.65306,5.12432,0,0,533,678
0.64,202,784,0,28.4,-10,4.6592,0,0,335,481
0.64,203,848,0,28.7648,-5.34711,4.67924,0,0,364,340
0.64,204,751,0,28.4,-10,4.6592,0,0,319,384
0.64,205,960,0,29.9921,-0.155843,4.79978,0,0,414,631
0.64,206,1424,0,28.7199,-7.79066,4.68638,0,0,683,485
0.64,207,157,0,30.0475,0.326547,4.32381,0,0,68,280
0.64,208,257,0,28.56,-10,4.2048,0,0,107,14
0.64,209,254,0,30.0477,0.327969,4.32383,0,0,106,142
0.64,210,1004,0,28.7611,-6.26747,4.21285,0,0,437,640
0.64,211,957,0,30.0429,0.332221,3.8431,0,0,411,573
0.64,212,772,0,30.0334,0.258308,3.84241,0,0,330,439
0.64,213,1123,1,30.0344,0.322615,3.84266,0,0,511,76
0.64,214,1269,0,28.72,-10,3.74784,0,0,594,567
0.64,215,1315,0,30.0423,0.327463,3.84305,0,0,622,517
0.64,216,672,0,30.0405,0.313937,3.84293,0,0,277,652
0.64,217,861,0,30.0391,0.302998,3.84283,0,0,369,644
0.64,218,44,0,30.0379,0.336246,3.36243,0,0,25,595
0.64,219,1233,0,28.88,-10,3.28832,0,0,574,378
0.64,220,75,0,28.88,-10,3.28832,0,0,37,568
0.64,221,547,0,29.857,0.175289,3.34304,0,0,224,478
0.64,222,1140,0,28.88,-10,3.28832,0,0,522,339
0.64,223,269,0,28.88,-10,3.28832,0,0,112,677
0.64,224,880,0,30.0117,0.12234,2.88066,0,0,376,346
0.64,225,890,0,29.9979,-0.0224487,2.87989,0,0,382,378
0.64,226,542,0,30.0127,0.13103,2.88071,0,0,222,676
0.64,227,971,0,30.0321,0.332605,2.8818,0,0,420,220
0.64,228,561,0,29.04,-10,2.82624,0,0,229,481
0.64,229,719,0,30.0182,0.172306,2.88105,0,0,302,547
0.64,230,1285,0,29.8688,0.358773,2.86603,0,0,602,381
0.64,231,1046,0,29.2,-10,2.3616,0,0,464,100
0.64,232,695,0,29.8617,0.337705,2.38807,0,0,290,358
0.64,233,183,0,30.0269,0.334271,2.40129,0,0,78,628
0.64,234,386,0,29.2,-10,2.3616,0,0,160,382
0.64,235,241,0,30.0269,0.334839,2.40129,0,0,101,161
0.64,236,537,0,29.2,-10,2.3616,0,0,220,571
0.64,237,159,0,30.0206,0.256685,2.40099,0,0,69,330
0.64,238,993,0,29.3739,-9.13365,1.89462,0,0,430,547
0.64,239,1034,0,30.0061,0.0946473,1.92025,0,0,457,398
0.64,240,1371,0,30.0205,0.318317,1.92082,0,0,652,96
0.64,241,457,0,30.0214,0.332714,1.92086,0,0,190,661
0.64,242,1201,0,29.6609,-5.11305,1.90628,0,0,560,185
0.64,243,1240,0,29.52,-10,1.42464,0,0,576,631
0.64,244,647,0,29.8484,0.263059,1.43252,0,0,265,136
0.64,245,1002,0,30.0158,0.327333,1.4405,0,0,435,513
0.64,246,1228,0,30.011,0.221868,1.44036,0,0,572,391
0.64,247,550,0,29.52,-10,1.42464,0,0,226,385
0.64,248,683,0,29.5307,-9.6841,1.42493,0,0,283,530
0.64,249,34,0,29.68,-10,0.95232,0,0,19,678
0.64,250,398,0,30.0106,0.331622,0.960255,0,0,165,53
0.64,251,1050,0,29.68,-10,0.95232,0,0,466,379
0.64,252,1183,0,30.0105,0.327538,0.960252,0,0,550,163
0.64,253,1333,0,30.0107,0.333508,0.960257,0,0,634,9
0.64,254,980,0,30.0102,0.31857,0.960245,0,0,425,115
0.64,255,42,0,30.0038,0.23499,0.48006,0,0,23,402
0.64,256,346,0,30.0052,0.327871,0.480084,0,0,142,457
0.64,257,1088,0,30.0053,0.328917,0.480084,0,0,490,233
0.64,258,1003,0,30.0054,0.334635,0.480086,0,0,436,541
0.64,259,1227,0,29.84,-10,0.47744,0,0,571,672
0.64,260,549,0,29.84,-10,0.47744,0,0,225,390
0.656,0,566,1,30.218,0.308011,20.2363,0,0,232,680
0.656,1,271,0,30.142,0.0791322,20.2186,0,0,113,488
0.656,2,1256,0,29.8357,-0.247846,20.1037,0,0,585,597
0.656,3,387,0,29.672,-1.42764,20.1041,0,0,161,155
0.656,4,1050,0,30.2081,0.293697,20.2328,0,0,466,408
0.656,5,1067,0,30.2121,0.299538,20.2342,0,0,477,106
0.656,6,33,1,30.212,0.254538,20.2359,0,0,18,485
0.656,7,847,1,30.0581,-0.135096,20.1999,0,0,363,676
0.656,8,531,0,30.218,0.308011,20.2363,0,0,218,532
0.656,9,843,0,29.3601,-1.51505,19.9862,0,0,362,483
0.656,10,335,1,30.1955,0.210941,20.2321,0,0,137,680
0.656,11,1233,0,30.2131,0.308791,19.7528,0,0,574,478
0.656,12,1432,2,30.1855,0.313145,19.7394,0,0,689,578
0.656,13,3,1,30.0511,0.328062,19.7049,0,0,2,35
0.656,14,751,0,30.0152,-0.0453896,19.6989,0,0,319,390
0.656,15,1299,1,30.2116,0.306639,19.7523,0,0,610,578
0.656,16,56,0,30.1927,0.278623,19.7459,0,0,30,542
0.656,17,257,0,30.2131,0.308791,19.7528,0,0,107,80
0.656,18,530,0,30.1275,0.0250374,19.7323,0,0,217,532
0.656,19,682,1,29.1145,-5.16152,4.95547,1,0,533,297
0.656,20,1242,0,29.5535,-1.61904,19.6179,0,0,577,102
0.656,21,1167,0,27.0758,-10,4.38728,1,0,522,680
0.656,22,1187,0,30.2082,0.309572,19.2694,0,0,552,296
0.656,23,75,0,30.1477,0.146282,19.256,0,0,37,679
0.656,24,140,0,30.2054,0.305395,19.2685,0,0,63,377
0.656,25,786,0,30.2067,0.307385,19.2689,0,0,336,101
0.656,26,571,0,30.2063,0.306851,19.2688,0,0,234,476
0.656,27,330,1,30.1704,0.242175,19.2565,0,0,135,339
0.656,28,449,0,30.1577,0.179128,19.2593,0,0,187,566
0.656,29,1,0,30.0921,0.132326,19.231,0,0,1,6
0.656,30,843,0,24.2513,-7.40814,6.72092,1,0,223,565
0.656,31,49,0,30.1563,0.205821,19.256,0,0,28,279
0.656,32,749,0,30.201,0.306942,18.7853,0,0,318,22
0.656,33,269,0,30.202,0.308428,18.7857,0,0,112,675
0.656,34,810,0,30.109,0.162809,18.7557,0,0,345,46
0.656,35,1138,1,28.6106,-10,3.73604,1,0,283,122
0.656,36,1191,1,27.145,-10,3.13958,1,0,638,391
0.656,37,1124,0,30.1606,-0.644026,18.7813,0,0,511,518
0.656,38,563,0,29.9708,-0.303342,18.7178,0,0,231,297
0.656,39,561,0,29.288,-0.911118,18.5362,0,0,229,571
0.656,40,1422,0,30.1971,0.309404,18.3025,0,0,681,675
0.656,41,901,0,30.1901,0.298179,18.3002,0,0,386,126
0.656,42,566,1,24.8367,-8.26166,2.07777,1,0,430,675
0.656,43,976,0,30.1819,0.180047,18.3003,0,0,423,237
0.656,44,1428,0,27.2283,-1.58281,17.3185,0,0,685,230
0.656,45,986,0,30.1464,0.152598,18.2899,0,0,427,384
0.656,46,1037,0,30.1603,0.250335,18.2909,0,0,458,667
0.656,47,898,0,30.1644,0.256906,18.2922,0,0,385,549
0.656,48,1343,0,30.1693,0.264715,18.2937,0,0,643,88
0.656,49,708,0,29.9535,-0.083316,18.2259,0,0,296,676
0.656,50,1285,1,30.1956,0.306984,18.302,0,0,602,558
0.656,51,311,0,30.1825,0.294195,17.8163,0,0,128,372
0.656,52,637,0,30.1848,0.298055,17.817,0,0,262,206
0.656,53,988,0,30.0293,-0.0454054,17.7822,0,0,428,630
0.656,54,1030,0,30.1913,0.308713,17.819,0,0,453,646
0.656,55,538,0,29.5556,-2.2006,17.6653,0,0,221,486
0.656,56,1164,0,30.1726,0.277961,17.8133,0,0,537,300
0.656,57,838,0,30.1305,0.124841,17.8087,0,0,359,565
0.656,58,654,0,30.1907,0.307837,17.8189,0,0,269,106
0.656,59,43,0,30.1418,0.235188,17.3226,0,0,24,559
0.656,60,550,0,29.5774,-1.76261,17.1986,0,0,226,578
0.656,61,542,1,30.1446,0.102895,17.3296,0,0,222,547
0.656,62,83,0,30.1883,0.312712,17.3365,0,0,40,530
0.656,63,990,0,29.8434,-0.67975,17.2337,0,0,429,486
0.656,64,1284,0,30.1599,0.260138,17.3298,0,0,601,482
0.656,65,1138,0,27.4281,-10,16.8741,0,0,521,611
0.656,66,945,0,30.1512,0.249871,17.3255,0,0,405,152
0.656,67,660,0,30.1865,0.309662,17.336,0,0,271,600
0.656,68,177,0,30.1774,0.29435,17.3333,0,0,76,117
0.656,69,428,0,30.1782,0.304712,16.8521,0,0,178,576
0.656,70,1187,1,26.3178,-10,2.24072,1,0,553,488
0.656,71,1011,1,30.1496,0.228996,16.8443,0,0,440,382
0.656,72,397,0,30.1429,-0.485124,16.8517,0,0,164,577
0.656,73,37,1,30.1816,0.313767,16.8531,0,0,20,488
0.656,74,562,0,29.4539,-2.11301,16.6677,0,0,230,673
0.656,75,1269,0,30.059,-0.0532567,16.8233,0,0,594,482
0.656,76,394,0,28.4539,-4.26666,16.4417,0,0,163,31
0.656,77,386,0,29.9277,-0.220075,16.3129,0,0,160,483
0.656,78,1352,0,30.1688,0.297407,16.3679,0,0,645,41
0.656,79,81,0,29.8873,-0.473501,16.3178,0,0,39,383
0.656,80,549,1,30.1782,0.314292,16.3706,0,0,225,548
0.656,81,1102,0,27.351,-2.39111,15.1678,0,0,500,285
0.656,82,661,0,29.8462,-0.479589,15.8205,0,0,272,599
0.656,83,625,1,30.16,0.31148,15.8853,0,0,255,572
0.656,84,784,0,29.8983,-0.685744,15.3484,0,0,335,630
0.656,85,1423,0,30.1669,0.313417,15.4046,0,0,682,599
0.656,86,1261,1,30.1585,0.303364,15.4025,0,0,587,22
0.656,87,365,0,30.1636,0.307132,15.4037,0,0,151,369
0.656,88,790,0,30.1663,0.312236,15.4045,0,0,337,155
0.656,89,37,0,25.4993,-3.22391,0.101415,1,0,426,148
0.656,90,695,1,30.1663,0.312389,15.4045,0,0,290,515
0.656,91,1052,1,29.1853,-10,2.43133,1,0,364,3
0.656,92,596,0,30.1091,0.212625,14.9082,0,0,244,192
0.656,93,647,1,30.1529,0.296561,14.9196,0,0,265,64
0.656,94,537,0,30.1358,0.238702,14.9173,0,0,220,299
0.656,95,1274,0,29.9829,0.183464,14.8826,0,0,595,391
0.656,96,830,0,30.1609,0.312396,14.9217,0,0,354,18
0.656,97,330,1,25.3677,-9.14011,1.25619,1,0,136,631
0.656,98,1246,0,30.1619,0.314222,14.922,0,0,579,591
0.656,99,579,0,30.157,0.315396,14.4394,0,0,238,3
0.656,100,975,0,29.9785,-1.19977,14.4275,0,0,422,683
0.656,101,1170,0,30.1558,0.312985,14.4391,0,0,541,142
0.656,102,1385,0,30.1407,0.282045,14.4353,0,0,660,365
0.656,103,1268,0,30.1566,0.314603,14.4393,0,0,593,101
0.656,104,547,1,30.0453,-0.180142,14.422,0,0,224,296
0.656,105,1045,1,29.3326,-10,1.03803,1,0,464,296
0.656,106,1006,0,30.1487,0.30938,13.9561,0,0,438,233
0.656,107,1240,0,29.8877,-0.470318,13.9053,0,0,576,300
0.656,108,1209,0,27.8736,-1.81284,13.265,0,0,563,569
0.656,109,605,0,30.1493,0.310633,13.9563,0,0,247,7
0.656,110,34,1,27.6447,-10,13.5219,0,0,19,99
0.656,111,721,0,27.4834,-8.20536,13.0296,0,0,303,483
0.656,112,933,0,30.1392,0.300146,13.4727,0,0,399,622
0.656,113,1052,0,30.147,0.317158,13.4745,0,0,467,3
0.656,114,392,0,30.102,0.16893,12.9843,0,0,162,611
0.656,115,1323,0,30.1405,0.314749,12.9918,0,0,626,118
0.656,116,220,0,30.135,0.30236,12.9906,0,0,92,16
0.656,117,1401,0,30.1415,0.316873,12.992,0,0,670,229
0.656,118,276,0,30.1428,0.319871,12.9923,0,0,115,677
0.656,119,1031,1,30.1367,0.318394,12.5098,0,0,454,599
0.656,120,328,0,30.1339,0.311832,12.5092,0,0,134,615
0.656,121,584,0,30.0464,0.109426,12.4901,0,0,240,636
0.656,122,1366,0,30.1208,0.280818,12.5064,0,0,651,556
0.656,123,268,0,30.0136,-0.197032,12.0071,0,0,111,64
0.656,124,226,0,30.1295,0.313996,12.0272,0,0,95,626
0.656,125,1267,0,30.1264,0.306553,12.0266,0,0,592,202
0.656,126,1104,0,30.1284,0.311411,12.027,0,0,501,447
0.656,127,1409,0,28.8016,-10,4.14512,1,0,673,668
0.656,128,66,0,29.9564,-0.15327,11.5148,0,0,34,204
0.656,129,1100,1,30.0001,0.30713,11.4979,0,0,499,99
0.656,130,320,0,30.1116,0.294663,11.0616,0,0,132,630
0.656,131,445,0,30.1145,0.302349,11.0622,0,0,186,125
0.656,132,949,0,30.0984,0.259427,11.0591,0,0,406,204
0.656,133,454,0,30.1188,0.313835,11.063,0,0,189,263
0.656,134,766,0,30.0694,0.184497,11.0534,0,0,327,99
0.656,135,1191,1,28.5339,-3.0022,10.2918,0,0,554,226
0.656,136,940,0,30.0933,0.257496,10.5773,0,0,403,294
0.656,137,682,0,30.1155,0.319463,10.5814,0,0,282,485
0.656,138,60,0,30.1147,0.317369,10.5813,0,0,32,45
0.656,139,469,0,30.1145,0.316796,10.5813,0,0,193,104
0.656,140,73,0,30.1076,0.312344,10.0991,0,0,36,636
0.656,141,535,0,30.1119,0.324716,10.0999,0,0,219,531
0.656,142,530,0,26.7165,-6.72272,9.49025,0,0,217,481
0.656,143,11,1,30.1112,0.322615,10.0997,0,0,8,19
0.656,144,764,0,30.1089,0.316147,10.0993,0,0,325,307
0.656,145,553,1,28.5006,-3.3485,9.8289,0,0,227,341
0.656,146,1299,0,29.9534,0.346037,10.0454,0,0,610,31
0.656,147,126,0,30.1093,0.317139,10.0994,0,0,56,548
0.656,148,531,0,26.9343,-5.82609,9.06596,0,0,218,476
0.656,149,854,0,30.0906,0.227137,9.61649,0,0,366,395
0.656,150,330,0,29.9274,0.277453,9.56303,0,0,135,101
0.656,151,1337,0,30.0462,0.0809352,9.61025,0,0,637,97
0.656,152,297,0,30.1012,0.308591,9.61714,0,0,123,471
0.656,153,1294,0,30.0877,0.283686,9.1341,0,0,607,22
0.656,154,566,0,29.9432,0.350899,9.08715,0,0,232,566
0.656,155,1167,0,30.1005,0.323345,9.13621,0,0,539,479
0.656,156,1282,0,30.1015,0.326344,9.13636,0,0,600,338
0.656,157,362,0,30.0971,0.312254,9.13566,0,0,149,83
0.656,158,775,0,29.1534,-2.68457,8.98287,0,0,331,133
0.656,159,749,0,26.9623,-9.85392,8.63364,0,0,318,299
0.656,160,831,0,29.888,-0.347536,8.62235,0,0,355,246
0.656,161,1319,0,30.0885,0.300547,8.65355,0,0,624,506
0.656,162,802,0,30.0881,0.299209,8.65349,0,0,342,306
0.656,163,931,0,30.0939,0.319185,8.65438,0,0,398,48
0.656,164,17,0,30.0939,0.319269,8.65438,0,0,12,15
0.656,165,480,0,30.0884,0.300299,8.65354,0,0,196,79
0.656,166,33,0,29.9376,0.351763,8.60806,0,0,18,486
0.656,167,271,0,27.1875,-7.18115,8.20368,0,0,113,156
0.656,168,77,0,29.8198,-1.14584,8.14031,0,0,38,479
0.656,169,236,0,30.0896,0.322696,8.17298,0,0,99,374
0.656,170,779,0,30.0891,0.321053,8.17292,0,0,333,105
0.656,171,185,1,30.086,0.318033,8.17217,0,0,79,516
0.656,172,847,0,29.9928,-0.195029,8.1614,0,0,363,477
0.656,173,1138,1,29.0856,-3.28244,7.5424,0,0,521,673
0.656,174,1432,0,29.8584,-0.502174,7.66565,0,0,689,297
0.656,175,1129,1,29.9249,0.34772,7.64997,0,0,514,330
0.656,176,83,0,27.6,-10,6.8928,0,0,40,381
0.656,177,335,0,29.9122,0.30326,7.17056,0,0,137,385
0.656,178,786,0,27.6,-10,6.8928,0,0,336,338
0.656,179,1192,0,30.0805,0.329618,7.21036,0,0,555,549
0.656,180,1238,0,29.682,-1.60378,7.16247,0,0,575,532
0.656,181,1392,0,30.0728,0.319913,6.72879,0,0,665,462
0.656,182,1032,0,30.0747,0.328064,6.72901,0,0,455,298
0.656,183,648,0,30.0745,0.327401,6.72899,0,0,266,508
0.656,184,394,0,27.76,-10,6.4512,0,0,163,477
0.656,185,1045,0,29.9615,-0.143652,6.71789,0,0,463,390
0.656,186,37,0,29.8975,0.272463,6.69063,0,0,20,156
0.656,187,1188,0,28.285,-1.69129,6.47211,0,0,553,530
0.656,188,387,0,27.76,-10,6.4512,0,0,161,672
0.656,189,286,0,30.0746,0.327579,6.729,0,0,119,301
0.656,190,563,0,27.76,-10,6.4512,0,0,231,340
0.656,191,428,0,27.76,-10,6.4512,0,0,178,100
0.656,192,990,0,27.92,-10,6.00704,0,0,429,298
0.656,193,81,0,27.92,-10,6.00704,0,0,39,340
0.656,194,1011,0,29.8936,0.253602,6.21248,0,0,440,482
0.656,195,760,0,30.0676,0.32022,6.24761,0,0,323,598
0.656,196,699,0,30.0545,0.27989,5.7657,0,0,292,635
0.656,197,544,0,28.08,-10,5.56032,0,0,223,392
0.656,198,1338,0,28.8346,-1.96777,5.60226,0,0,638,623
0.656,199,1242,0,28.08,-10,5.56032,0,0,577,338
0.656,200,1422,0,28.08,-10,5.56032,0,0,681,97
0.656,201,1154,0,28.4397,-5.22477,5.57936,0,0,533,678
0.656,202,784,0,28.24,-10,5.11104,0,0,335,481
0.656,203,848,0,28.6851,-4.98384,5.1382,0,0,364,340
0.656,204,751,0,28.24,-10,5.11104,0,0,319,384
0.656,205,960,0,29.9891,-0.181524,5.27961,0,0,414,631
0.656,206,1424,0,28.596,-7.74005,5.14392,0,0,683,485
0.656,207,157,0,30.0527,0.32573,4.80466,0,0,68,280
0.656,208,257,0,28.4,-10,4.6592,0,0,107,14
0.656,209,254,0,30.0529,0.327149,4.80468,0,0,106,142
0.656,210,1004,0,28.6685,-5.78504,4.67155,0,0,437,640
0.656,211,957,0,30.0482,0.331394,4.32387,0,0,411,573
0.656,212,772,0,30.0375,0.257671,4.32301,0,0,330,439
0.656,213,1123,1,30.0396,0.321802,4.32329,0,0,511,76
0.656,214,1269,0,28.56,-10,4.2048,0,0,594,567
0.656,215,1315,0,30.0475,0.326643,4.32381,0,0,622,517
0.656,216,672,0,30.0456,0.313137,4.32366,0,0,277,652
0.656,217,861,0,30.044,0.302213,4.32353,0,0,369,644
0.656,218,44,0,30.0433,0.335412,3.84313,0,0,25,595
0.656,219,1233,0,28.72,-10,3.74784,0,0,574,378
0.656,220,75,0,28.72,-10,3.74784,0,0,37,568
0.656,221,547,0,29.8598,0.174363,3.8208,0,0,224,478
0.656,222,1140,0,28.72,-10,3.74784,0,0,522,339
0.656,223,269,0,28.72,-10,3.74784,0,0,112,677
0.656,224,880,0,30.0137,0.122318,3.36088,0,0,376,346
0.656,225,890,0,29.9976,-0.0228737,3.35985,0,0,382,378
0.656,226,542,0,30.0147,0.130731,3.36095,0,0,222,676
0.656,227,971,0,30.0374,0.331776,3.3624,0,0,420,220
0.656,228,561,0,28.88,-10,3.28832,0,0,229,481
0.656,229,719,0,30.0209,0.165241,3.36138,0,0,302,547
0.656,230,1285,0,29.8746,0.357895,3.34402,0,0,602,381
0.656,231,1046,0,29.2038,0.234484,2.82886,0,0,464,100
0.656,232,695,0,29.8671,0.336855,2.86594,0,0,290,358
0.656,233,183,0,30.0322,0.333439,2.88181,0,0,78,628
0.656,234,386,0,29.04,-10,2.82624,0,0,160,382
0.656,235,241,0,30.0323,0.334006,2.88181,0,0,101,161
0.656,236,537,0,29.04,-10,2.82624,0,0,220,571
0.656,237,159,0,30.0247,0.256067,2.88139,0,0,69,330
0.656,238,993,0,29.2402,-8.35601,2.36246,0,0,430,547
0.656,239,1034,0,30.0076,0.0940914,2.40037,0,0,457,398
0.656,240,1371,0,30.0255,0.317509,2.40123,0,0,652,96
0.656,241,457,0,30.0267,0.331885,2.40128,0,0,190,661
0.656,242,1201,0,29.581,-4.99466,2.37958,0,0,560,185
0.656,243,1240,0,29.36,-10,1.8944,0,0,576,631
0.656,244,647,0,29.8526,0.262291,1.91016,0,0,265,136
0.656,245,1002,0,30.021,0.326512,1.92084,0,0,435,513
0.656,246,1228,0,30.0144,0.214343,1.92059,0,0,572,391
0.656,247,550,0,29.36,-10,1.8944,0,0,226,385
0.656,248,683,0,29.3771,-9.59911,1.89497,0,0,283,530
0.656,249,34,0,29.52,-10,1.42464,0,0,19,678
0.656,250,398,0,30.0159,0.330794,1.44051,0,0,165,53
0.656,251,1050,0,29.52,-10,1.42464,0,0,466,379
0.656,252,1183,0,30.0157,0.326715,1.4405,0,0,550,163
0.656,253,1333,0,30.016,0.332677,1.44051,0,0,634,9
0.656,254,980,0,30.0153,0.317761,1.44049,0,0,425,115
0.656,255,42,0,30.0075,0.234281,0.96018,0,0,23,402
0.656,256,346,0,30.0105,0.327048,0.960252,0,0,142,457
0.656,257,1088,0,30.0105,0.328092,0.960252,0,0,490,233
0.656,258,1003,0,30.0107,0.333802,0.960257,0,0,436,541
0.656,259,1227,0,29.68,-10,0.95232,0,0,571,672
0.656,260,549,0,29.8458,0.363884,0.954973,0,0,225,390
0.656,261,1031,0,29.84,-10,0.47744,0,0,454,679
0.656,262,986,0,29.84,-10,0.47744,0,0,427,383
0.656,263,988,0,29.84,-10,0.47744,0,0,428,672
0.656,264,1230,0,29.9937,-0.393602,0.479899,0,0,573,569
0.656,265,11,0,29.84,-10,0.47744,0,0,8,57
0.672,0,566,1,30.2229,0.307233,20.7198,0,0,232,680
0.672,1,271,0,30.1433,0.0790441,20.7009,0,0,113,488
0.672,2,1256,0,29.8318,-0.248032,20.5811,0,0,585,597
0.672,3,387,0,29.6479,-1.50108,20.5785,0,0,161,155
0.672,4,1050,0,30.2128,0.292942,20.7162,0,0,466,408
0.672,5,1067,0,30.2169,0.298774,20.7177,0,0,477,106
0.672,6,33,1,30.216,0.253903,20.7194,0,0,18,485
0.672,7,847,1,30.0555,-0.162461,20.6808,0,0,363,676
0.672,8,531,0,30.2229,0.307233,20.7198,0,0,218,532
0.672,9,843,0,29.3363,-1.48735,20.4555,0,0,362,483
0.672,10,335,1,30.1988,0.207317,20.7153,0,0,137,680
0.672,11,1233,0,30.218,0.308011,20.2363,0,0,574,478
0.672,12,1432,2,30.1905,0.312357,20.2224,0,0,689,578
0.672,13,3,1,30.0563,0.327242,20.1858,0,0,2,35
0.672,14,751,0,30.0145,-0.044274,20.1792,0,0,319,390
0.672,15,1299,1,30.2165,0.305863,20.2358,0,0,610,578
0.672,16,56,0,30.1971,0.277889,20.229,0,0,30,542
0.672,17,257,0,30.218,0.308011,20.2363,0,0,107,80
0.672,18,530,0,30.1277,0.0105567,20.2144,0,0,217,532
0.672,19,682,1,29.0332,-5.08648,5.42,1,0,533,297
0.672,20,1242,0,29.5277,-1.61139,20.0903,0,0,577,102
0.672,21,1167,0,26.9158,-10,4.81794,1,0,522,680
0.672,22,1187,0,30.2131,0.308791,19.7528,0,0,552,296
0.672,23,75,0,30.1501,0.144451,19.7384,0,0,37,679
0.672,24,140,0,30.2103,0.304622,19.7518,0,0,63,377
0.672,25,786,0,30.2116,0.306608,19.7523,0,0,336,101
0.672,26,571,0,30.2112,0.306075,19.7522,0,0,234,476
0.672,27,330,1,30.1743,0.241533,19.7393,0,0,135,339
0.672,28,449,0,30.1605,0.178766,19.7419,0,0,187,566
0.672,29,1,0,30.0942,0.131751,19.7125,0,0,1,6
0.672,30,843,0,24.1356,-7.23615,7.10709,1,0,223,565
0.672,31,1325,0,30.1596,0.205363,0.265548,1,0,28,279
0.672,32,749,0,30.2059,0.306166,19.2686,0,0,318,22
0.672,33,269,0,30.2069,0.307649,19.269,0,0,112,675
0.672,34,810,0,30.1116,0.162203,19.2375,0,0,345,46
0.672,35,1138,1,28.4506,-10,4.19125,1,0,283,122
0.672,36,1191,1,26.985,-10,3.57134,1,0,638,391
0.672,37,1124,0,30.1505,-0.635702,19.2637,0,0,511,518
0.672,38,563,0,29.9654,-0.338848,19.1972,0,0,231,297
0.672,39,561,0,29.2737,-0.893652,19.0046,0,0,229,571
0.672,40,1422,0,30.2021,0.308623,18.7857,0,0,681,675
0.672,41,901,0,30.1949,0.297416,18.7834,0,0,386,126
0.672,42,566,1,24.7078,-8.05685,2.47309,1,0,430,675
0.672,43,976,0,30.1848,0.179699,18.7832,0,0,423,237
0.672,44,1428,0,27.2046,-1.48479,17.7538,0,0,685,230
0.672,45,986,0,30.1487,0.144229,18.7722,0,0,427,384
0.672,46,1037,0,30.1643,0.249634,18.7735,0,0,458,667
0.672,47,898,0,30.1685,0.256198,18.7749,0,0,385,549
0.672,48,1343,0,30.1735,0.263997,18.7765,0,0,643,88
0.672,49,708,0,29.9521,-0.0836815,18.7051,0,0,296,676
0.672,50,1285,1,30.2005,0.306207,18.7852,0,0,602,558
0.672,51,311,0,30.1871,0.293437,18.2993,0,0,128,372
0.672,52,637,0,30.1896,0.297292,18.3001,0,0,262,206
0.672,53,988,0,30.0286,-0.0446999,18.2626,0,0,428,630
0.672,54,1030,0,30.1962,0.307933,18.3022,0,0,453,646
0.672,55,538,0,29.5214,-2.14324,18.1376,0,0,221,486
0.672,56,1164,0,30.177,0.277226,18.2961,0,0,537,300
0.672,57,838,0,30.1325,0.124746,18.2909,0,0,359,565
0.672,58,654,0,30.1927,0.121212,18.3019,0,0,269,106
0.672,59,43,0,30.1455,0.234067,17.8049,0,0,24,559
0.672,60,550,0,29.5484,-1.81115,17.6714,0,0,226,578
0.672,61,542,1,30.1463,0.102201,17.812,0,0,222,547
0.672,62,83,0,30.1933,0.311925,17.8196,0,0,40,530
0.672,63,990,0,29.8315,-0.746753,17.711,0,0,429,486
0.672,64,1284,0,30.1641,0.25949,17.8124,0,0,601,482
0.672,65,1138,0,27.2681,-10,17.3104,0,0,521,611
0.672,66,945,0,30.1552,0.24917,17.808,0,0,405,152
0.672,67,660,0,30.1914,0.30888,17.8191,0,0,271,600
0.672,68,177,0,30.1821,0.293592,17.8162,0,0,76,117
0.672,69,428,0,30.1831,0.303938,17.335,0,0,178,576
0.672,70,1187,1,26.1578,-10,2.65925,1,0,553,488
0.672,71,1011,1,30.1532,0.22563,17.3268,0,0,440,382
0.672,72,397,0,30.1352,-0.479234,17.3339,0,0,164,577
0.672,73,37,1,30.1866,0.312977,17.3361,0,0,20,488
0.672,74,562,0,29.4182,-2.229,17.1384,0,0,230,673
0.672,75,1269,0,30.0582,-0.0525611,17.3042,0,0,594,482
0.672,76,394,0,28.3863,-4.2255,16.8959,0,0,163,31
0.672,77,386,0,29.9242,-0.217794,16.7917,0,0,160,483
0.672,78,1352,0,30.1736,0.296643,16.8507,0,0,645,41
0.672,79,81,0,29.873,-0.894747,16.7958,0,0,39,383
0.672,80,549,1,30.1833,0.313501,16.8535,0,0,225,548
0.672,81,1102,0,27.3154,-2.2257,15.6049,0,0,500,285
0.672,82,661,0,29.8386,-0.476045,16.298,0,0,272,599
0.672,83,625,1,30.165,0.310693,16.3679,0,0,255,572
0.672,84,784,0,29.8866,-0.730054,15.8266,0,0,335,630
0.672,85,1423,0,30.1719,0.312627,15.8874,0,0,682,599
0.672,86,1261,1,30.1633,0.30259,15.8851,0,0,587,22
0.672,87,365,0,30.1685,0.306353,15.8864,0,0,151,369
0.672,88,790,0,30.1712,0.311449,15.8872,0,0,337,155
0.672,89,37,1,25.3533,-9.12253,0.507068,1,0,426,148
0.672,90,695,1,30.1713,0.311601,15.8872,0,0,290,515
0.672,91,1052,1,29.0253,-10,2.89574,1,0,364,3
0.672,92,596,0,30.1125,0.212145,15.39,0,0,244,192
0.672,93,647,1,30.1576,0.295797,15.4022,0,0,265,64
0.672,94,537,0,30.1394,0.224955,15.3996,0,0,220,299
0.672,95,1274,0,29.9859,0.183081,15.3624,0,0,595,391
0.672,96,830,0,30.1659,0.311608,15.4044,0,0,354,18
0.672,97,330,1,25.2253,-8.89863,1.65979,1,0,136,631
0.672,98,1246,0,30.1669,0.313431,15.4046,0,0,579,591
0.672,99,579,0,30.1621,0.314602,14.922,0,0,238,3
0.672,100,975,0,29.9596,-1.17873,14.9069,0,0,422,683
0.672,101,1170,0,30.1608,0.312195,14.9217,0,0,541,142
0.672,102,1385,0,30.1452,0.2813,14.9177,0,0,660,365
0.672,103,1268,0,30.1617,0.313811,14.9219,0,0,593,101
0.672,104,547,1,30.0423,-0.188289,14.9026,0,0,224,296
0.672,105,1045,1,29.1726,-10,1.5048,1,0,464,296
0.672,106,1006,0,30.1537,0.308596,14.4386,0,0,438,233
0.672,107,1240,0,29.8801,-0.475003,14.3834,0,0,576,300
0.672,108,1209,0,27.846,-1.72788,13.7106,0,0,563,569
0.672,109,605,0,30.1543,0.309847,14.4387,0,0,247,7
0.672,110,34,1,27.4847,-10,13.9616,0,0,19,99
0.672,111,721,0,27.3536,-8.10979,13.4672,0,0,303,483
0.672,112,933,0,30.144,0.299376,13.955,0,0,399,622
0.672,113,1052,0,30.1521,0.316361,13.9569,0,0,467,3
0.672,114,392,0,30.1046,0.16091,13.466,0,0,162,611
0.672,115,1323,0,30.1455,0.313956,13.4741,0,0,626,118
0.672,116,220,0,30.1399,0.301586,13.4728,0,0,92,16
0.672,117,1401,0,30.1465,0.316077,13.4744,0,0,670,229
0.672,118,276,0,30.1479,0.319069,13.4747,0,0,115,677
0.672,119,1031,1,30.1418,0.317594,12.9921,0,0,454,599
0.672,120,328,0,30.1389,0.311043,12.9914,0,0,134,615
0.672,121,584,0,30.0482,0.109245,12.9709,0,0,240,636
0.672,122,1366,0,30.1253,0.280072,12.9884,0,0,651,556
0.672,123,268,0,30.01,-0.224356,12.4873,0,0,111,64
0.672,124,226,0,30.1345,0.313203,12.5094,0,0,95,626
0.672,125,1267,0,30.1313,0.305772,12.5087,0,0,592,202
0.672,126,1104,0,30.1334,0.310622,12.5091,0,0,501,447
0.672,127,1409,0,28.6416,-10,4.60339,1,0,673,668
0.672,128,66,0,29.954,-0.151148,11.9941,0,0,34,204
0.672,129,1100,1,30.005,0.306335,11.978,0,0,499,99
0.672,130,320,0,30.1163,0.293897,11.5435,0,0,132,630
0.672,131,445,0,30.1193,0.301573,11.5441,0,0,186,125
0.672,132,949,0,30.1026,0.258705,11.5407,0,0,406,204
0.672,133,454,0,30.1238,0.313042,11.545,0,0,189,263
0.672,134,766,0,30.0724,0.184126,11.5346,0,0,327,99
0.672,135,1191,1,28.4882,-2.85662,10.7476,0,0,554,226
0.672,136,940,0,30.0974,0.256777,11.0589,0,0,403,294
0.672,137,682,0,30.1206,0.318661,11.0634,0,0,282,485
0.672,138,60,0,30.1198,0.31657,11.0632,0,0,32,45
0.672,139,469,0,30.1196,0.315998,11.0632,0,0,193,104
0.672,140,73,0,30.1126,0.311553,10.5809,0,0,36,636
0.672,141,535,0,30.1171,0.323904,10.5817,0,0,219,531
0.672,142,530,0,26.6293,-5.45442,9.91632,0,0,217,481
0.672,143,11,1,30.1163,0.321808,10.5816,0,0,8,19
0.672,144,764,0,30.114,0.31535,10.5812,0,0,325,307
0.672,145,553,1,28.4495,-3.19421,10.2841,0,0,227,341
0.672,146,1299,0,29.9589,0.345183,10.5248,0,0,610,31
0.672,147,126,0,30.1143,0.316341,10.5812,0,0,56,548
0.672,148,531,0,26.8563,-4.88075,9.49566,0,0,218,476
0.672,149,854,0,30.0942,0.226567,10.098,0,0,366,395
0.672,150,330,0,29.9318,0.276763,10.0419,0,0,135,101
0.672,151,1337,0,30.0475,0.0811474,10.091,0,0,637,97
0.672,152,297,0,30.1061,0.307805,10.0988,0,0,123,471
0.672,153,1294,0,30.0923,0.282932,9.61557,0,0,607,22
0.672,154,566,0,29.9488,0.350037,9.56633,0,0,232,566
0.672,155,1167,0,30.1057,0.322536,9.6179,0,0,539,479
0.672,156,1282,0,30.1067,0.325529,9.61806,0,0,600,338
0.672,157,362,0,30.1021,0.311461,9.61729,0,0,149,83
0.672,158,775,0,29.1106,-2.67418,9.44864,0,0,331,133
0.672,159,749,0,26.8406,-7.60828,9.06309,0,0,318,299
0.672,160,831,0,29.8825,-0.342991,9.10047,0,0,355,246
0.672,161,1319,0,30.0933,0.299771,9.13504,0,0,624,506
0.672,162,802,0,30.0929,0.298435,9.13497,0,0,342,306
0.672,163,931,0,30.099,0.318381,9.13596,0,0,398,48
0.672,164,17,0,30.099,0.318466,9.13597,0,0,12,15
0.672,165,480,0,30.0932,0.299523,9.13503,0,0,196,79
0.672,166,33,0,29.9432,0.350899,9.08715,0,0,18,486
0.672,167,271,0,27.0901,-6.0866,8.63712,0,0,113,156
0.672,168,77,0,29.8005,-1.20972,8.61712,0,0,38,479
0.672,169,236,0,30.0947,0.321887,8.6545,0,0,99,374
0.672,170,779,0,30.0942,0.320247,8.65442,0,0,333,105
0.672,171,185,1,30.0911,0.317231,8.65363,0,0,79,516
0.672,172,847,0,29.9894,-0.208632,8.64123,0,0,363,477
0.672,173,1138,1,29.0326,-3.31051,8.00692,0,0,521,673
0.672,174,1432,0,29.8505,-0.495382,8.14326,0,0,689,297
0.672,175,1129,1,29.9305,0.346862,8.12886,0,0,514,330
0.672,176,83,0,27.44,-10,7.33184,0,0,40,381
0.672,177,335,0,29.917,0.302509,7.64923,0,0,137,385
0.672,178,786,0,27.4648,-8.44802,7.33224,0,0,336,338
0.672,179,1192,0,30.0858,0.328797,7.69174,0,0,555,549
0.672,180,1238,0,29.6564,-1.59922,7.63698,0,0,575,532
0.672,181,1392,0,30.078,0.319107,7.21004,0,0,665,462
0.672,182,1032,0,30.0799,0.327246,7.21029,0,0,455,298
0.672,183,648,0,30.0798,0.326584,7.21027,0,0,266,508
0.672,184,394,0,27.6,-10,6.8928,0,0,163,477
0.672,185,1045,0,29.9592,-0.14184,7.19724,0,0,463,390
0.672,186,37,0,29.9018,0.271809,7.16906,0,0,20,156
0.672,187,1188,0,28.259,-1.62628,6.92425,0,0,553,530
0.672,188,387,0,27.6,-10,6.8928,0,0,161,672
0.672,189,286,0,30.0798,0.326762,7.21027,0,0,119,301
0.672,190,563,0,27.6,-10,6.8928,0,0,231,340
0.672,191,428,0,27.6,-10,6.8928,0,0,178,100
0.672,192,990,0,27.76,-10,6.4512,0,0,429,298
0.672,193,81,0,27.76,-10,6.4512,0,0,39,340
0.672,194,1011,0,29.8976,0.249886,6.69084,0,0,440,482
0.672,195,760,0,30.0727,0.319413,6.72878,0,0,323,598
0.672,196,699,0,30.059,0.279136,6.24664,0,0,292,635
0.672,197,544,0,27.92,-10,6.00704,0,0,223,392
0.672,198,1338,0,28.8041,-1.90516,6.06312,0,0,638,623
0.672,199,1242,0,27.92,-10,6.00704,0,0,577,338
0.672,200,1422,0,27.92,-10,6.00704,0,0,681,97
0.672,201,1154,0,28.3622,-4.84127,6.03315,0,0,533,678
0.672,202,784,0,28.08,-10,5.56032,0,0,335,481
0.672,203,848,0,28.6106,-4.65467,5.59597,0,0,364,340
0.672,204,751,0,28.08,-10,5.56032,0,0,319,384
0.672,205,960,0,29.9858,-0.207756,5.75938,0,0,414,631
0.672,206,1424,0,28.473,-7.68815,5.59949,0,0,683,485
0.672,207,157,0,30.0579,0.324914,5.28558,0,0,68,280
0.672,208,257,0,28.2481,-9.49177,5.11117,0,0,107,14
0.672,209,254,0,30.0582,0.326331,5.28561,0,0,106,142
0.672,210,1004,0,28.5829,-5.35448,5.12887,0,0,437,640
0.672,211,957,0,30.0535,0.330568,4.80473,0,0,411,573
0.672,212,772,0,30.0416,0.257035,4.80367,0,0,330,439
0.672,213,1123,1,30.0447,0.320991,4.804,0,0,511,76
0.672,214,1269,0,28.4,-10,4.6592,0,0,594,567
0.672,215,1315,0,30.0527,0.325826,4.80466,0,0,622,517
0.672,216,672,0,30.0506,0.312339,4.80447,0,0,277,652
0.672,217,861,0,30.0488,0.30143,4.80431,0,0,369,644
0.672,218,44,0,30.0487,0.33458,4.32391,0,0,25,595
0.672,219,1233,0,28.56,-10,4.2048,0,0,574,378
0.672,220,75,0,28.56,-10,4.2048,0,0,37,568
0.672,221,547,0,29.8626,0.173421,4.2986,0,0,224,478
0.672,222,1140,0,28.56,-10,4.2048,0,0,522,339
0.672,223,269,0,28.56,-10,4.2048,0,0,112,677
0.672,224,880,0,30.0157,0.122296,3.84113,0,0,376,346
0.672,225,890,0,29.9972,-0.0232981,3.8398,0,0,382,378
0.672,226,542,0,30.0168,0.130431,3.84122,0,0,222,676
0.672,227,971,0,30.0427,0.33095,3.84309,0,0,420,220
0.672,228,561,0,28.72,-10,3.74784,0,0,229,481
0.672,229,719,0,30.0234,0.158137,3.84176,0,0,302,547
0.672,230,1285,0,29.8803,0.357018,3.8221,0,0,602,381
0.672,231,1046,0,29.0438,-10,3.29356,0,0,464,100
0.672,232,695,0,29.8725,0.336007,3.3439,0,0,290,358
0.672,233,183,0,30.0375,0.33261,3.36241,0,0,78,628
0.672,234,386,0,28.88,-10,3.28832,0,0,160,382
0.672,235,241,0,30.0376,0.333176,3.36241,0,0,101,161
0.672,236,537,0,28.88,-10,3.28832,0,0,220,571
0.672,237,159,0,30.0288,0.255451,3.36185,0,0,69,330
0.672,238,993,0,29.1174,-7.67346,2.82834,0,0,430,547
0.672,239,1034,0,30.0091,0.0935364,2.88051,0,0,457,398
0.672,240,1371,0,30.0306,0.316703,2.88172,0,0,652,96
0.672,241,457,0,30.032,0.331058,2.88179,0,0,190,661
0.672,242,1201,0,29.503,-4.87913,2.85162,0,0,560,185
0.672,243,1240,0,29.2,-10,2.3616,0,0,576,631
0.672,244,647,0,29.8568,0.261525,2.38787,0,0,265,136
0.672,245,1002,0,30.0262,0.325692,2.40126,0,0,435,513
0.672,246,1228,0,30.0177,0.206638,2.40087,0,0,572,391
0.672,247,550,0,29.2,-10,2.3616,0,0,226,385
0.672,248,683,0,29.2248,-9.5196,2.36256,0,0,283,530
0.672,249,34,0,29.36,-10,1.8944,0,0,19,678
0.672,250,398,0,30.0116,-0.272755,1.92069,0,0,165,53
0.672,251,1050,0,29.36,-10,1.8944,0,0,466,379
0.672,252,1183,0,30.0209,0.325895,1.92084,0,0,550,163
0.672,253,1333,0,30.0213,0.331847,1.92085,0,0,634,9
0.672,254,980,0,30.0204,0.316953,1.92082,0,0,425,115
0.672,255,42,0,30.0112,0.233574,1.44036,0,0,23,402
0.672,256,346,0,30.0157,0.326227,1.4405,0,0,142,457
0.672,257,1088,0,30.0157,0.32727,1.4405,0,0,490,233
0.672,258,1003,0,30.016,0.33297,1.44051,0,0,436,541
0.672,259,1227,0,29.52,-10,1.42464,0,0,571,672
0.672,260,549,0,29.8516,0.362997,1.4326,0,0,225,390
0.672,261,1031,0,29.8458,0.363604,0.954973,0,0,454,679
0.672,262,986,0,29.68,-10,0.95232,0,0,427,383
0.672,263,988,0,29.68,-10,0.95232,0,0,428,672
0.672,264,1230,0,29.9867,-0.436786,0.959687,0,0,573,569
0.672,265,11,0,29.8456,0.352415,0.95497,0,0,8,57
0.672,266,920,0,30.0044,0.27519,0.48007,0,0,394,518
0.672,267,1249,0,30.0047,0.292645,0.480075,0,0,581,432
0.672,268,535,0,29.84,-10,0.47744,0,0,219,531
0.672,269,403,0,30.0054,0.336539,0.480086,0,0,166,113
0.672,270,736,0,30.0054,0.337738,0.480086,0,0,310,508
0.688,0,566,1,30.2278,0.306457,21.2035,0,0,232,680
0.688,1,271,0,30.1445,0.0789549,21.1832,0,0,113,488
0.688,2,1256,0,29.8278,-0.248219,21.0583,0,0,585,597
0.688,3,387,0,29.6227,-1.57522,21.0525,0,0,161,155
0.688,4,1050,0,30.2174,0.292189,21.1997,0,0,466,408
0.688,5,1067,0,30.2217,0.298012,21.2012,0,0,477,106
0.688,6,33,1,30.2169,0.0524373,21.2028,0,0,18,485
0.688,7,847,1,30.0524,-0.190492,21.1617,0,0,363,676
0.688,8,531,0,30.2278,0.306457,21.2035,0,0,218,532
0.688,9,843,0,29.3129,-1.46056,20.9245,0,0,362,483
0.688,10,335,2,30.2037,0.305819,21.1986,0,0,137,680
0.688,11,1233,0,30.2229,0.307233,20.7198,0,0,574,478
0.688,12,1432,2,30.1955,0.31157,20.7056,0,0,689,578
0.688,13,3,1,30.0615,0.326423,20.6668,0,0,2,35
0.688,14,751,0,30.0138,-0.0431678,20.6594,0,0,319,390
0.688,15,1299,1,30.2214,0.305089,20.7193,0,0,610,578
0.688,16,56,0,30.2016,0.277156,20.7123,0,0,30,542
0.688,17,257,0,30.2229,0.307233,20.7198,0,0,107,80
0.688,18,530,0,30.1276,-0.00422247,20.6964,0,0,217,532
0.688,19,682,1,28.953,-5.01315,5.88325,1,0,533,297
0.688,20,1242,0,29.502,-1.60384,20.5624,0,0,577,102
0.688,21,1167,0,26.7558,-10,5.24603,1,0,522,680
0.688,22,1187,0,30.218,0.308011,20.2363,0,0,552,296
0.688,23,75,0,30.1523,0.142547,20.2208,0,0,37,679
0.688,24,140,0,30.2151,0.303849,20.2353,0,0,63,377
0.688,25,786,0,30.2165,0.305832,20.2357,0,0,336,101
0.688,26,571,0,30.2161,0.3053,20.2356,0,0,234,476
0.688,27,330,1,30.1782,0.240891,20.2221,0,0,135,339
0.688,28,449,0,30.1634,0.178405,20.2245,0,0,187,566
0.688,29,1,0,30.0963,0.131177,20.1941,0,0,1,6
0.688,30,843,0,24.0224,-7.07053,7.49145,1,0,223,565
0.688,31,1325,0,29.9996,-10,0.745542,1,0,28,279
0.688,32,749,0,30.2108,0.305391,19.752,0,0,318,22
0.688,33,269,0,30.2118,0.306871,19.7524,0,0,112,675
0.688,34,810,0,30.1142,0.161598,19.7193,0,0,345,46
0.688,35,1138,1,28.2906,-10,4.6439,1,0,283,122
0.688,36,1191,1,26.825,-10,4.00054,1,0,638,391
0.688,37,1124,0,30.1404,-0.627485,19.7459,0,0,511,518
0.688,38,563,0,29.9594,-0.375134,19.6766,0,0,231,297
0.688,39,561,0,29.2596,-0.876536,19.4728,0,0,229,571
0.688,40,1422,0,30.207,0.307843,19.269,0,0,681,675
0.688,41,901,0,30.1996,0.296654,19.2666,0,0,386,126
0.688,42,566,1,24.582,-7.86023,2.8664,1,0,430,675
0.688,43,976,0,30.1877,0.179352,19.2662,0,0,423,237
0.688,44,1428,0,27.0446,-10,18.1865,0,0,685,230
0.688,45,986,0,30.1509,0.135693,19.2547,0,0,427,384
0.688,46,1037,0,30.1683,0.248936,19.2562,0,0,458,667
0.688,47,898,0,30.1726,0.255491,19.2576,0,0,385,549
0.688,48,1343,0,30.1777,0.263281,19.2593,0,0,643,88
0.688,49,708,0,29.9508,-0.0840469,19.1844,0,0,296,676
0.688,50,1285,1,30.2054,0.305432,19.2685,0,0,602,558
0.688,51,311,0,30.1918,0.292681,18.7824,0,0,128,372
0.688,52,637,0,30.1943,0.29653,18.7832,0,0,262,206
0.688,53,988,0,30.0279,-0.0440194,18.7431,0,0,428,630
0.688,54,1030,0,30.2011,0.307154,18.7854,0,0,453,646
0.688,55,538,0,29.4879,-2.08786,18.6094,0,0,221,486
0.688,56,1164,0,30.1815,0.276492,18.779,0,0,537,300
0.688,57,838,0,30.1345,0.124651,18.773,0,0,359,565
0.688,58,654,1,30.1976,0.306751,18.7851,0,0,269,106
0.688,59,43,0,30.1492,0.232953,18.2873,0,0,24,559
0.688,60,550,0,29.5189,-1.84861,18.1437,0,0,226,578
0.688,61,542,1,30.1479,0.101496,18.2944,0,0,222,547
0.688,62,83,0,30.1982,0.311139,18.3028,0,0,40,530
0.688,63,990,0,29.8184,-0.815229,18.1881,0,0,429,486
0.688,64,1284,0,30.1682,0.258843,18.2951,0,0,601,482
0.688,65,1138,0,27.1081,-10,17.7441,0,0,521,611
0.688,66,945,0,30.1592,0.248471,18.2905,0,0,405,152
0.688,67,660,0,30.1963,0.3081,18.3022,0,0,271,600
0.688,68,177,0,30.1868,0.292835,18.2992,0,0,76,117
0.688,69,428,0,30.1879,0.303165,17.818,0,0,178,576
0.688,70,1187,1,25.9978,-10,3.07521,1,0,553,488
0.688,71,1011,1,30.1568,0.222268,17.8093,0,0,440,382
0.688,72,397,0,30.1276,-0.476599,17.8159,0,0,164,577
0.688,73,37,1,30.1916,0.31219,17.8192,0,0,20,488
0.688,74,562,0,29.3807,-2.34537,17.6085,0,0,230,673
0.688,75,1269,0,30.057,-0.0748891,17.7851,0,0,594,482
0.688,76,394,0,28.3856,-0.041674,17.3501,0,0,163,31
0.688,77,386,0,29.9207,-0.215562,17.2704,0,0,160,483
0.688,78,1352,0,30.1783,0.295881,17.3336,0,0,645,41
0.688,79,81,0,29.8574,-0.972223,17.2735,0,0,39,383
0.688,80,549,1,30.1883,0.312712,17.3365,0,0,225,548
0.688,81,1102,0,27.2822,-2.07431,16.0414,0,0,500,285
0.688,82,661,0,29.831,-0.472524,16.7753,0,0,272,599
0.688,83,625,1,30.17,0.309908,16.8507,0,0,255,572
0.688,84,784,0,29.8744,-0.767173,16.3046,0,0,335,630
0.688,85,1423,0,30.1769,0.311839,16.3702,0,0,682,599
0.688,86,1261,1,30.1682,0.301818,16.3678,0,0,587,22
0.688,87,365,0,30.1734,0.305576,16.3692,0,0,151,369
0.688,88,790,0,30.1762,0.310663,16.37,0,0,337,155
0.688,89,37,1,25.2112,-8.88181,0.910448,1,0,426,148
0.688,90,1039,1,30.1763,0.310815,0.186043,1,0,290,515
0.688,91,1052,1,28.8653,-10,3.35758,1,0,364,3
0.688,92,596,0,30.1159,0.211521,15.8719,0,0,244,192
0.688,93,647,1,30.1624,0.295034,15.8848,0,0,265,64
0.688,94,537,0,30.1429,0.21781,15.8818,0,0,220,299
0.688,95,1274,0,29.9888,0.182699,15.8422,0,0,595,391
0.688,96,830,0,30.1709,0.310821,15.8871,0,0,354,18
0.688,97,330,1,25.0866,-8.66749,2.06118,1,0,136,631
0.688,98,1246,0,30.1719,0.312642,15.8874,0,0,579,591
0.688,99,579,0,30.1671,0.313811,15.4047,0,0,238,3
0.688,100,975,0,29.9411,-1.15811,15.386,0,0,422,683
0.688,101,1170,0,30.1658,0.311408,15.4043,0,0,541,142
0.688,102,1385,0,30.1497,0.280557,15.4,0,0,660,365
0.688,103,1268,0,30.1667,0.31302,15.4046,0,0,593,101
0.688,104,547,1,30.0392,-0.196054,15.3833,0,0,224,296
0.688,105,1045,1,29.0126,-10,1.969,1,0,464,296
0.688,106,1006,0,30.1586,0.307814,14.9211,0,0,438,233
0.688,107,1240,0,29.8724,-0.479647,14.8613,0,0,576,300
0.688,108,1209,0,27.686,-10,14.1536,0,0,563,569
0.688,109,605,0,30.1592,0.309062,14.9213,0,0,247,7
0.688,110,34,1,27.3247,-10,14.3988,0,0,19,99
0.688,111,721,0,27.2254,-8.0131,13.9028,0,0,303,483
0.688,112,933,0,30.1488,0.298607,14.4374,0,0,399,622
0.688,113,1052,0,30.1571,0.315565,14.4394,0,0,467,3
0.688,114,392,0,30.1071,0.15273,13.9477,0,0,162,611
0.688,115,1323,0,30.1505,0.313165,13.9566,0,0,626,118
0.688,116,220,0,30.1447,0.300813,13.9551,0,0,92,16
0.688,117,1401,0,30.1516,0.315282,13.9568,0,0,670,229
0.688,118,276,0,30.153,0.318269,13.9571,0,0,115,677
0.688,119,1031,1,30.1468,0.316797,13.4745,0,0,454,599
0.688,120,328,0,30.1438,0.310256,13.4737,0,0,134,615
0.688,121,584,0,30.0499,0.109065,13.4517,0,0,240,636
0.688,122,1366,0,30.1297,0.279328,13.4705,0,0,651,556
0.688,123,268,0,30.006,-0.250769,12.9674,0,0,111,64
0.688,124,226,0,30.1395,0.312412,12.9916,0,0,95,626
0.688,125,1267,0,30.1362,0.304992,12.9908,0,0,592,202
0.688,126,1104,0,30.1383,0.309835,12.9913,0,0,501,447
0.688,127,1409,0,28.4816,-10,5.0591,1,0,673,668
0.688,128,66,0,29.9516,-0.149043,12.4733,0,0,34,204
0.688,129,1100,1,30.0099,0.305541,12.4582,0,0,499,99
0.688,130,320,0,30.121,0.293133,12.0254,0,0,132,630
0.688,131,445,0,30.1241,0.300799,12.0261,0,0,186,125
0.688,132,949,0,30.1067,0.257986,12.0224,0,0,406,204
0.688,133,454,0,30.1288,0.31225,12.0271,0,0,189,263
0.688,134,766,0,30.0753,0.183756,12.0158,0,0,327,99
0.688,135,1191,1,28.4446,-2.7203,11.2027,0,0,554,226
0.688,136,940,0,30.1015,0.256059,11.5405,0,0,403,294
0.688,137,682,0,30.1256,0.31786,11.5454,0,0,282,485
0.688,138,60,0,30.1248,0.315773,11.5452,0,0,32,45
0.688,139,469,0,30.1246,0.315201,11.5452,0,0,193,104
0.688,140,73,0,30.1176,0.310763,11.0628,0,0,36,636
0.688,141,535,0,30.1222,0.323094,11.0637,0,0,219,531
0.688,142,530,0,26.5571,-4.51111,10.3412,0,0,217,481
0.688,143,11,1,30.1214,0.321001,11.0635,0,0,8,19
0.688,144,764,0,30.119,0.314554,11.0631,0,0,325,307
0.688,145,553,1,28.4007,-3.051,10.7385,0,0,227,341
0.688,146,1299,0,29.9644,0.344331,11.0042,0,0,610,31
0.688,147,126,0,30.1194,0.315543,11.0631,0,0,56,548
0.688,148,531,0,26.79,-4.13799,9.9243,0,0,218,476
0.688,149,854,0,30.0978,0.225998,10.5796,0,0,366,395
0.688,150,330,0,29.9363,0.276076,10.5209,0,0,135,101
0.688,151,1337,0,30.0488,0.0813571,10.5718,0,0,637,97
0.688,152,297,0,30.111,0.30702,10.5806,0,0,123,471
0.688,153,1294,0,30.0968,0.28218,10.0971,0,0,607,22
0.688,154,566,0,29.9544,0.349176,10.0456,0,0,232,566
0.688,155,1167,0,30.1108,0.321728,10.0997,0,0,539,479
0.688,156,1282,0,30.1119,0.324716,10.0999,0,0,600,338
0.688,157,362,0,30.1071,0.310671,10.099,0,0,149,83
0.688,158,775,0,29.068,-2.6639,9.91373,0,0,331,133
0.688,159,749,0,26.7439,-6.0471,9.49099,0,0,318,299
0.688,160,831,0,29.8771,-0.338496,9.5785,0,0,355,246
0.688,161,1319,0,30.0981,0.298996,9.61661,0,0,624,506
0.688,162,802,0,30.0976,0.297662,9.61654,0,0,342,306
0.688,163,931,0,30.1041,0.31758,9.61763,0,0,398,48
0.688,164,17,0,30.1041,0.317664,9.61763,0,0,12,15
0.688,165,480,0,30.098,0.298748,9.6166,0,0,196,79
0.688,166,33,0,29.9488,0.350037,9.56633,0,0,18,486
0.688,167,271,0,27.0066,-5.22125,9.06923,0,0,113,156
0.688,168,77,0,29.7801,-1.27438,9.0936,0,0,38,479
0.688,169,236,0,30.0998,0.32108,9.13609,0,0,99,374
0.688,170,779,0,30.0993,0.319442,9.13601,0,0,333,105
0.688,171,185,1,30.0961,0.316431,9.13517,0,0,79,516
0.688,172,847,0,29.9859,-0.221373,9.12101,0,0,363,477
0.688,173,1138,1,28.9793,-3.33588,8.47059,0,0,521,673
0.688,174,1432,0,29.8427,-0.488674,8.62074,0,0,689,297
0.688,175,1129,1,29.936,0.346005,8.60783,0,0,514,330
0.688,176,83,0,27.28,-10,7.76832,0,0,40,381
0.688,177,335,0,29.9218,0.301758,8.12798,0,0,137,385
0.688,178,786,0,27.3511,-7.10553,7.76986,0,0,336,338
0.688,179,1192,0,30.091,0.327978,8.17319,0,0,555,549
0.688,180,1238,0,29.6309,-1.59406,8.11107,0,0,575,532
0.688,181,1392,0,30.083,0.318303,7.69137,0,0,665,462
0.688,182,1032,0,30.0851,0.326429,7.69165,0,0,455,298
0.688,183,648,0,30.085,0.325768,7.69163,0,0,266,508
0.688,184,394,0,27.44,-10,7.33184,0,0,163,477
0.688,185,1045,0,29.957,-0.140042,7.67655,0,0,463,390
0.688,186,37,0,29.9062,0.271158,7.64756,0,0,20,156
0.688,187,1188,0,28.234,-1.56422,7.376,0,0,553,530
0.688,188,387,0,27.44,-10,7.33184,0,0,161,672
0.688,189,286,0,30.085,0.325945,7.69163,0,0,119,301
0.688,190,563,0,27.44,-10,7.33184,0,0,231,340
0.688,191,428,0,27.44,-10,7.33184,0,0,178,100
0.688,192,990,0,27.6,-10,6.8928,0,0,429,298
0.688,193,81,0,27.6,-10,6.8928,0,0,39,340
0.688,194,1011,0,29.9015,0.246351,7.16926,0,0,440,482
0.688,195,760,0,30.0778,0.318608,7.21002,0,0,323,598
0.688,196,699,0,30.0635,0.278384,6.72766,0,0,292,635
0.688,197,544,0,27.76,-10,6.4512,0,0,223,392
0.688,198,1338,0,28.7745,-1.84497,6.52352,0,0,638,623
0.688,199,1242,0,27.76,-10,6.4512,0,0,577,338
0.688,200,1422,0,27.76,-10,6.4512,0,0,681,97
0.688,201,1154,0,28.2903,-4.49636,6.4858,0,0,533,678
0.688,202,784,0,27.92,-10,6.00704,0,0,335,481
0.688,203,848,0,28.5409,-4.35532,6.05263,0,0,364,340
0.688,204,751,0,27.9312,-9.30265,6.00722,0,0,319,384
0.688,205,960,0,29.9821,-0.234533,6.2391,0,0,414,631
0.688,206,1424,0,28.3509,-7.63498,6.0531,0,0,683,485
0.688,207,157,0,30.0631,0.324099,5.76659,0,0,68,280
0.688,208,257,0,28.1158,-8.27138,5.56102,0,0,107,14
0.688,209,254,0,30.0634,0.325514,5.76662,0,0,106,142
0.688,210,1004,0,28.5034,-4.96837,5.58493,0,0,437,640
0.688,211,957,0,30.0588,0.329745,5.28567,0,0,411,573
0.688,212,772,0,30.0457,0.256401,5.2844,0,0,330,439
0.688,213,1123,1,30.0498,0.320181,5.2848,0,0,511,76
0.688,214,1269,0,28.24,-10,5.11104,0,0,594,567
0.688,215,1315,0,30.0579,0.325009,5.28558,0,0,622,517
0.688,216,672,0,30.0555,0.311542,5.28535,0,0,277,652
0.688,217,861,0,30.0536,0.300648,5.28517,0,0,369,644
0.688,218,44,0,30.054,0.333749,4.80477,0,0,25,595
0.688,219,1233,0,28.4164,-8.97494,4.65946,0,0,574,378
0.688,220,75,0,28.4,-10,4.6592,0,0,37,568
0.688,221,547,0,29.8654,0.172463,4.77644,0,0,224,478
0.688,222,1140,0,28.4,-10,4.6592,0,0,522,339
0.688,223,269,0,28.4,-10,4.6592,0,0,112,677
0.688,224,880,0,30.0176,0.122272,4.32141,0,0,376,346
0.688,225,890,0,29.9968,-0.0237225,4.31975,0,0,382,378
0.688,226,542,0,30.0189,0.130132,4.32152,0,0,222,676
0.688,227,971,0,30.048,0.330125,4.32385,0,0,420,220
0.688,228,561,0,28.56,-10,4.2048,0,0,229,481
0.688,229,719,0,30.0258,0.151001,4.32217,0,0,302,547
0.688,230,1285,0,29.886,0.356144,4.30028,0,0,602,381
0.688,231,1046,0,28.8838,-10,3.7557,0,0,464,100
0.688,232,695,0,29.8778,0.335161,3.82195,0,0,290,358
0.688,233,183,0,30.0428,0.331782,3.84309,0,0,78,628
0.688,234,386,0,28.72,-10,3.74784,0,0,160,382
0.688,235,241,0,30.0429,0.332347,3.8431,0,0,101,161
0.688,236,537,0,28.72,-10,3.74784,0,0,220,571
0.688,237,159,0,30.0329,0.254836,3.84238,0,0,69,330
0.688,238,993,0,29.0043,-7.07053,3.29241,0,0,430,547
0.688,239,1034,0,30.0106,0.0929824,3.36068,0,0,457,398
0.688,240,1371,0,30.0357,0.315898,3.36229,0,0,652,96
0.688,241,457,0,30.0373,0.330232,3.36239,0,0,190,661
0.688,242,1201,0,29.4267,-4.76644,3.32245,0,0,560,185
0.688,243,1240,0,29.04,-10,2.82624,0,0,576,631
0.688,244,647,0,29.861,0.26076,2.86565,0,0,265,136
0.688,245,1002,0,30.0314,0.324874,2.88176,0,0,435,513
0.688,246,1228,0,30.0209,0.198751,2.88121,0,0,572,391
0.688,247,550,0,29.04,-10,2.82624,0,0,226,385
0.688,248,683,0,29.0737,-9.44515,2.82774,0,0,283,530
0.688,249,34,0,29.2,-10,2.3616,0,0,19,678
0.688,250,398,0,30.0072,-0.269386,2.40081,0,0,165,53
0.688,251,1050,0,29.2007,-9.95369,2.36161,0,0,466,379
0.688,252,1183,0,30.0261,0.325076,2.40126,0,0,550,163
0.688,253,1333,0,30.0266,0.33102,2.40128,0,0,634,9
0.688,254,980,0,30.0254,0.316147,2.40122,0,0,425,115
0.688,255,42,0,30.015,0.232868,1.9206,0,0,23,402
0.688,256,346,0,30.0209,0.325407,1.92084,0,0,142,457
0.688,257,1088,0,30.021,0.326448,1.92084,0,0,490,233
0.688,258,1003,0,30.0213,0.33214,1.92085,0,0,436,541
0.688,259,1227,0,29.36,-10,1.8944,0,0,571,672
0.688,260,549,0,29.8574,0.362111,1.91032,0,0,225,390
0.688,261,1031,0,29.8516,0.362718,1.4326,0,0,454,679
0.688,262,986,0,29.52,-10,1.42464,0,0,427,383
0.688,263,988,0,29.52,-10,1.42464,0,0,428,672
0.688,264,1230,0,29.979,-0.480957,1.43935,0,0,573,569
0.688,265,11,0,29.8513,0.351544,1.43259,0,0,8,57
0.688,266,920,0,30.0088,0.274503,0.960211,0,0,394,518
0.688,267,1249,0,30.0094,0.291869,0.960225,0,0,581,432
0.688,268,535,0,29.68,-10,0.95232,0,0,219,531
0.688,269,403,0,30.0108,0.335703,0.960258,0,0,166,113
0.688,270,736,0,30.0108,0.3369,0.960259,0,0,310,508
0.688,271,538,0,29.84,-10,0.47744,0,0,221,382
0.688,272,1246,0,29.84,-10,0.47744,0,0,579,495
0.704,0,566,1,30.2327,0.305682,21.6872,0,0,232,680
0.704,1,271,0,30.1458,0.0788649,21.6655,0,0,113,488
0.704,2,1256,0,29.8238,-0.248408,21.5355,0,0,585,597
0.704,3,387,0,29.5963,-1.65001,21.526,0,0,161,155
0.704,4,1050,0,30.2221,0.291437,21.6833,0,0,466,408
0.704,5,1067,0,30.2264,0.297252,21.6849,0,0,477,106
0.704,6,33,2,30.2218,0.307413,21.6864,0,0,18,485
0.704,7,847,1,30.0489,-0.219181,21.6424,0,0,363,676
0.704,8,531,0,30.2327,0.305682,21.6872,0,0,218,532
0.704,9,843,0,29.29,-1.43463,21.3932,0,0,362,483
0.704,10,335,2,30.2085,0.305044,21.6819,0,0,137,680
0.704,11,1233,0,30.2278,0.306457,21.2035,0,0,574,478
0.704,12,1432,2,30.2005,0.310785,21.1888,0,0,689,578
0.704,13,3,1,30.0667,0.325607,21.1479,0,0,2,35
0.704,14,751,0,30.0131,-0.0420701,21.1396,0,0,319,390
0.704,15,1299,1,30.2263,0.304317,21.2029,0,0,610,578
0.704,16,56,0,30.206,0.276426,21.1955,0,0,30,542
0.704,17,257,0,30.2278,0.306457,21.2035,0,0,107,80
0.704,18,530,0,30.1273,-0.0192981,21.1785,0,0,217,532
0.704,19,682,1,28.8739,-4.94148,6.34523,1,0,533,297
0.704,20,1242,0,29.4765,-1.59636,21.034,0,0,577,102
0.704,21,1167,0,26.5958,-10,5.67156,1,0,522,680
0.704,22,1187,0,30.2229,0.307233,20.7198,0,0,552,296
0.704,23,75,0,30.1546,0.140571,20.7033,0,0,37,679
0.704,24,140,0,30.22,0.303079,20.7188,0,0,63,377
0.704,25,786,0,30.2214,0.305058,20.7193,0,0,336,101
0.704,26,571,0,30.221,0.304527,20.7192,0,0,234,476
0.704,27,330,1,30.1832,0.313516,20.7051,0,0,135,339
0.704,28,449,0,30.1662,0.178044,20.7072,0,0,187,566
0.704,29,1,0,30.0984,0.130604,20.6756,0,0,1,6
0.704,30,843,0,23.9118,-6.91095,7.87404,1,0,223,565
0.704,31,1325,0,29.8396,-10,1.22298,1,0,28,279
0.704,32,749,0,30.2156,0.304617,20.2355,0,0,318,22
0.704,33,269,0,30.2167,0.306095,20.2358,0,0,112,675
0.704,34,810,0,30.1167,0.160995,20.2012,0,0,345,46
0.704,35,1138,1,28.1306,-10,5.09399,1,0,283,122
0.704,36,1191,1,26.665,-10,4.42717,1,0,638,391
0.704,37,1124,0,30.1305,-0.619373,20.228,0,0,511,518
0.704,38,563,0,29.9528,-0.412186,20.1558,0,0,231,297
0.704,39,561,0,29.2459,-0.859759,19.9407,0,0,229,571
0.704,40,1422,0,30.2119,0.307066,19.7524,0,0,681,675
0.704,41,901,0,30.2044,0.295894,19.7498,0,0,386,126
0.704,42,566,1,24.4592,-7.67133,3.25775,1,0,430,675
0.704,43,976,0,30.1905,0.179004,19.7493,0,0,423,237
0.704,44,1428,0,26.8846,-10,18.6166,0,0,685,230
0.704,45,986,0,30.1529,0.126991,19.7371,0,0,427,384
0.704,46,1037,0,30.1722,0.248238,19.7389,0,0,458,667
0.704,47,898,0,30.1767,0.254786,19.7404,0,0,385,549
0.704,48,1343,0,30.177,-0.0440304,19.7421,0,0,643,88
0.704,49,708,0,29.9494,-0.0844126,19.6635,0,0,296,676
0.704,50,1285,1,30.2103,0.304658,19.7518,0,0,602,558
0.704,51,311,0,30.1965,0.291926,19.2655,0,0,128,372
0.704,52,637,0,30.199,0.29577,19.2664,0,0,262,206
0.704,53,988,0,30.0272,-0.0433645,19.2235,0,0,428,630
0.704,54,1030,0,30.206,0.306377,19.2687,0,0,453,646
0.704,55,538,0,29.4554,-2.03434,19.0807,0,0,221,486
0.704,56,1164,0,30.1859,0.27576,19.262,0,0,537,300
0.704,57,838,0,30.1364,0.124554,19.2552,0,0,359,565
0.704,58,654,1,30.2025,0.305974,19.2683,0,0,269,106
0.704,59,43,0,30.1529,0.231845,18.7697,0,0,24,559
0.704,60,550,0,29.4888,-1.87716,18.6155,0,0,226,578
0.704,61,542,1,30.1495,0.100783,18.7767,0,0,222,547
0.704,62,83,0,30.2032,0.310354,18.7861,0,0,40,530
0.704,63,990,0,29.8043,-0.885112,18.665,0,0,429,486
0.704,64,1284,0,30.1723,0.258197,18.7778,0,0,601,482
0.704,65,1138,0,26.9481,-10,18.1753,0,0,521,611
0.704,66,945,0,30.1631,0.247773,18.7731,0,0,405,152
0.704,67,660,0,30.2012,0.307321,18.7854,0,0,271,600
0.704,68,177,0,30.1914,0.29208,18.7823,0,0,76,117
0.704,69,428,0,30.1927,0.302394,18.3011,0,0,178,576
0.704,70,1187,1,25.8388,-9.93462,3.48863,1,0,553,488
0.704,71,1011,1,30.1603,0.218912,18.2919,0,0,440,382
0.704,72,397,0,30.12,-0.473971,18.2979,0,0,164,577
0.704,73,37,1,30.1966,0.311403,18.3023,0,0,20,488
0.704,74,562,0,29.3413,-2.46195,18.078,0,0,230,673
0.704,75,1269,0,30.0554,-0.0977624,18.266,0,0,594,482
0.704,76,394,0,28.385,-0.0390131,17.8042,0,0,163,31
0.704,77,386,0,29.9173,-0.213381,17.7491,0,0,160,483
0.704,78,1352,0,30.1765,-0.113172,17.8164,0,0,645,41
0.704,79,81,0,29.8406,-1.05119,17.7509,0,0,39,383
0.704,80,549,1,30.1933,0.311925,17.8196,0,0,225,548
0.704,81,1102,0,27.2512,-1.93538,16.4774,0,0,500,285
0.704,82,661,0,29.8235,-0.469025,17.2524,0,0,272,599
0.704,83,625,1,30.1749,0.309125,17.3335,0,0,255,572
0.704,84,784,0,29.8616,-0.797806,16.7824,0,0,335,630
0.704,85,1423,0,30.1818,0.311053,16.8531,0,0,682,599
0.704,86,1261,1,30.173,0.301047,16.8506,0,0,587,22
0.704,87,365,0,30.1782,0.304799,16.8521,0,0,151,369
0.704,88,790,0,30.1812,0.309878,16.8529,0,0,337,155
0.704,89,37,1,25.0728,-8.65136,1.31161,1,0,426,148
0.704,90,1039,1,30.0787,-6.09832,0.667302,1,0,290,515
0.704,91,1052,1,28.7053,-10,3.81687,1,0,364,3
0.704,92,596,0,30.1209,0.311371,16.3538,0,0,244,192
0.704,93,647,1,30.1671,0.294273,16.3674,0,0,265,64
0.704,94,537,0,30.1462,0.210464,16.3642,0,0,220,299
0.704,95,1274,0,29.9917,0.182317,16.3221,0,0,595,391
0.704,96,830,0,30.1759,0.310037,16.3699,0,0,354,18
0.704,97,330,1,24.9515,-8.44606,2.4604,1,0,136,631
0.704,98,1246,0,30.1769,0.311853,16.3702,0,0,579,591
0.704,99,579,0,30.1721,0.313021,15.8874,0,0,238,3
0.704,100,975,0,29.9229,-1.1379,15.8647,0,0,422,683
0.704,101,1170,0,30.1708,0.310622,15.8871,0,0,541,142
0.704,102,1385,0,30.1541,0.279815,15.8825,0,0,660,365
0.704,103,1268,0,30.1717,0.312232,15.8873,0,0,593,101
0.704,104,547,1,30.0359,-0.203459,15.8638,0,0,224,296
0.704,105,1045,1,28.8526,-10,2.43064,1,0,464,296
0.704,106,1006,0,30.1635,0.307033,15.4037,0,0,438,233
0.704,107,1240,0,29.8646,-0.484248,15.3391,0,0,576,300
0.704,108,1209,0,27.526,-10,14.594,0,0,563,569
0.704,109,605,0,30.1642,0.30828,15.4039,0,0,247,7
0.704,110,34,1,27.1647,-10,14.8334,0,0,19,99
0.704,111,721,0,27.0988,-7.91562,14.3364,0,0,303,483
0.704,112,933,0,30.1535,0.297839,14.9198,0,0,399,622
0.704,113,1052,0,30.1621,0.314772,14.922,0,0,467,3
0.704,114,392,0,30.1094,0.144389,14.4295,0,0,162,611
0.704,115,1323,0,30.1555,0.312375,14.439,0,0,626,118
0.704,116,220,0,30.1495,0.300042,14.4375,0,0,92,16
0.704,117,1401,0,30.1566,0.314488,14.4393,0,0,670,229
0.704,118,276,0,30.1581,0.31747,14.4397,0,0,115,677
0.704,119,1031,1,30.1519,0.316,13.9569,0,0,454,599
0.704,120,328,0,30.1488,0.30947,13.9561,0,0,134,615
0.704,121,584,0,30.0517,0.108885,13.9325,0,0,240,636
0.704,122,1366,0,30.1342,0.278585,13.9526,0,0,651,556
0.704,123,268,0,30.0016,-0.274037,13.4474,0,0,111,64
0.704,124,226,0,30.1445,0.311623,13.4739,0,0,95,626
0.704,125,1267,0,30.1411,0.304214,13.4731,0,0,592,202
0.704,126,1104,0,30.1433,0.30905,13.4736,0,0,501,447
0.704,127,1409,0,28.3216,-10,5.51224,1,0,673,668
0.704,128,66,0,29.9492,-0.146958,12.9525,0,0,34,204
0.704,129,1100,1,30.0148,0.304749,12.9384,0,0,499,99
0.704,130,320,0,30.1257,0.292371,12.5074,0,0,132,630
0.704,131,445,0,30.1289,0.300026,12.5081,0,0,186,125
0.704,132,949,0,30.1108,0.257268,12.5042,0,0,406,204
0.704,133,454,0,30.1337,0.31146,12.5092,0,0,189,263
0.704,134,766,0,30.0782,0.183386,12.497,0,0,327,99
0.704,135,1191,1,28.403,-2.59938,11.6571,0,0,554,226
0.704,136,940,0,30.1056,0.255342,12.0222,0,0,403,294
0.704,137,682,0,30.1307,0.317061,12.0275,0,0,282,485
0.704,138,60,0,30.1299,0.314977,12.0273,0,0,32,45
0.704,139,469,0,30.1296,0.314407,12.0272,0,0,193,104
0.704,140,73,0,30.1226,0.309974,11.5448,0,0,36,636
0.704,141,535,0,30.1274,0.322286,11.5457,0,0,219,531
0.704,142,530,0,26.4965,-3.78849,10.7652,0,0,217,481
0.704,143,11,1,30.1266,0.320196,11.5456,0,0,8,19
0.704,144,764,0,30.124,0.31376,11.545,0,0,325,307
0.704,145,553,1,28.354,-2.9179,11.1922,0,0,227,341
0.704,146,1299,0,29.9699,0.34348,11.4837,0,0,610,31
0.704,147,126,0,30.1244,0.314747,11.5451,0,0,56,548
0.704,148,531,0,26.7334,-3.5425,10.352,0,0,218,476
0.704,149,854,0,30.1014,0.225431,11.0612,0,0,366,395
0.704,150,330,0,29.9407,0.275389,11,0,0,135,101
0.704,151,1337,0,30.0501,0.0815647,11.0526,0,0,637,97
0.704,152,297,0,30.1159,0.306237,11.0625,0,0,123,471
0.704,153,1294,0,30.1013,0.281429,10.5787,0,0,607,22
0.704,154,566,0,29.96,0.348317,10.525,0,0,232,566
0.704,155,1167,0,30.116,0.320922,10.5815,0,0,539,479
0.704,156,1282,0,30.1171,0.323904,10.5817,0,0,600,338
0.704,157,362,0,30.112,0.309882,10.5808,0,0,149,83
0.704,158,775,0,29.0255,-2.65372,10.3781,0,0,331,133
0.704,159,749,0,26.6653,-4.91072,9.91763,0,0,318,299
0.704,160,831,0,29.8717,-0.334048,10.0564,0,0,355,246
0.704,161,1319,0,30.1028,0.298223,10.0983,0,0,624,506
0.704,162,802,0,30.1024,0.296891,10.0982,0,0,342,306
0.704,163,931,0,30.1092,0.31678,10.0994,0,0,398,48
0.704,164,17,0,30.1092,0.316864,10.0994,0,0,12,15
0.704,165,480,0,30.1028,0.297976,10.0982,0,0,196,79
0.704,166,33,0,29.9544,0.349176,10.0456,0,0,18,486
0.704,167,271,0,26.9342,-4.52371,9.50018,0,0,113,156
0.704,168,77,0,29.7586,-1.33977,9.56974,0,0,38,479
0.704,169,236,0,30.105,0.320274,9.61777,0,0,99,374
0.704,170,779,0,30.1044,0.318639,9.61768,0,0,333,105
0.704,171,185,1,30.1012,0.315632,9.61679,0,0,79,516
0.704,172,847,0,29.9822,-0.23331,9.60072,0,0,363,477
0.704,173,1138,1,28.9255,-3.35866,8.9334,0,0,521,673
0.704,174,1432,0,29.835,-0.48205,9.0981,0,0,689,297
0.704,175,1129,1,29.9415,0.34515,9.0869,0,0,514,330
0.704,176,83,0,27.12,-10,8.20224,0,0,40,381
0.704,177,335,0,29.9267,0.30101,8.6068,0,0,137,385
0.704,178,786,0,27.2543,-6.05452,8.20592,0,0,336,338
0.704,179,1192,0,30.0963,0.32716,8.65473,0,0,555,549
0.704,180,1238,0,29.6055,-1.58834,8.58476,0,0,575,532
0.704,181,1392,0,30.0881,0.3175,8.17278,0,0,665,462
0.704,182,1032,0,30.0904,0.325613,8.1731,0,0,455,298
0.704,183,648,0,30.0902,0.324953,8.17307,0,0,266,508
0.704,184,394,0,27.28,-10,7.76832,0,0,163,477
0.704,185,1045,0,29.9548,-0.138259,8.15582,0,0,463,390
0.704,186,37,0,29.9105,0.270507,8.12613,0,0,20,156
0.704,187,1188,0,28.2099,-1.50493,7.82735,0,0,553,530
0.704,188,387,0,27.2991,-8.80331,7.76863,0,0,161,672
0.704,189,286,0,30.0902,0.325131,8.17308,0,0,119,301
0.704,190,563,0,27.2932,-9.17406,7.76853,0,0,231,340
0.704,191,428,0,27.28,-10,7.76832,0,0,178,100
0.704,192,990,0,27.44,-10,7.33184,0,0,429,298
0.704,193,81,0,27.44,-10,7.33184,0,0,39,340
0.704,194,1011,0,29.9054,0.242984,7.64775,0,0,440,482
0.704,195,760,0,30.0829,0.317805,7.69135,0,0,323,598
0.704,196,699,0,30.0679,0.277634,7.20875,0,0,292,635
0.704,197,544,0,27.6,-10,6.8928,0,0,223,392
0.704,198,1338,0,28.698,-4.78148,6.98269,0,0,638,623
0.704,199,1242,0,27.6,-10,6.8928,0,0,577,338
0.704,200,1422,0,27.6175,-8.90814,6.89308,0,0,681,97
0.704,201,1154,0,28.2233,-4.1849,6.93737,0,0,533,678
0.704,202,784,0,27.76,-10,6.4512,0,0,335,481
0.704,203,848,0,28.4756,-4.08221,6.50824,0,0,364,340
0.704,204,751,0,27.8014,-8.11121,6.45204,0,0,319,384
0.704,205,960,0,29.9779,-0.259849,6.71874,0,0,414,631
0.704,206,1424,0,28.2296,-7.58059,6.50477,0,0,683,485
0.704,207,157,0,30.0683,0.323286,6.24768,0,0,68,280
0.704,208,257,0,27.9995,-7.27099,6.00901,0,0,107,14
0.704,209,254,0,30.0686,0.324699,6.24772,0,0,106,142
0.704,210,1004,0,28.4294,-4.62063,6.0398,0,0,437,640
0.704,211,957,0,30.064,0.328922,5.76669,0,0,411,573
0.704,212,772,0,30.0498,0.255768,5.7652,0,0,330,439
0.704,213,1123,1,30.0549,0.319373,5.76568,0,0,511,76
0.704,214,1269,0,28.08,-10,5.56032,0,0,594,567
0.704,215,1315,0,30.0631,0.324195,5.76659,0,0,622,517
0.704,216,672,0,30.0605,0.310747,5.76632,0,0,277,652
0.704,217,861,0,30.0584,0.299867,5.7661,0,0,369,644
0.704,218,44,0,30.0593,0.332919,5.28572,0,0,25,595
0.704,219,1233,0,28.2895,-7.92883,5.1121,0,0,574,378
0.704,220,75,0,28.2552,-9.04929,5.11128,0,0,37,568
0.704,221,547,0,29.8681,0.171491,5.25433,0,0,224,478
0.704,222,1140,0,28.24,-10,5.11104,0,0,522,339
0.704,223,269,0,28.248,-9.50167,5.11117,0,0,112,677
0.704,224,880,0,30.0196,0.122247,4.80172,0,0,376,346
0.704,225,890,0,29.9964,-0.0241462,4.7997,0,0,382,378
0.704,226,542,0,30.021,0.129832,4.80185,0,0,222,676
0.704,227,971,0,30.0533,0.329301,4.80471,0,0,420,220
0.704,228,561,0,28.4,-10,4.6592,0,0,229,481
0.704,229,719,0,30.0281,0.143837,4.80262,0,0,302,547
0.704,230,1285,0,29.8917,0.35527,4.77855,0,0,602,381
0.704,231,1046,0,28.7238,-10,4.21528,0,0,464,100
0.704,232,695,0,29.8832,0.334316,4.30008,0,0,290,358
0.704,233,183,0,30.0481,0.330956,4.32386,0,0,78,628
0.704,234,386,0,28.56,-10,4.2048,0,0,160,382
0.704,235,241,0,30.0482,0.33152,4.32387,0,0,101,161
0.704,236,537,0,28.56,-10,4.2048,0,0,220,571
0.704,237,159,0,30.037,0.254222,4.32297,0,0,69,330
0.704,238,993,0,28.8997,-6.53486,3.75481,0,0,430,547
0.704,239,1034,0,30.0121,0.0924295,3.84088,0,0,457,398
0.704,240,1371,0,30.0407,0.315095,3.84294,0,0,652,96
0.704,241,457,0,30.0425,0.329408,3.84307,0,0,190,661
0.704,242,1201,0,29.3487,-4.87481,3.79203,0,0,560,185
0.704,243,1240,0,28.88,-10,3.28832,0,0,576,631
0.704,244,647,0,29.8651,0.259997,3.34349,0,0,265,136
0.704,245,1002,0,30.0366,0.324058,3.36235,0,0,435,513
0.704,246,1228,0,30.024,0.191447,3.36159,0,0,572,391
0.704,247,550,0,28.88,-10,3.28832,0,0,226,385
0.704,248,683,0,28.9237,-9.37539,3.29052,0,0,283,530
0.704,249,34,0,29.04,-10,2.82624,0,0,19,678
0.704,250,398,0,30.003,-0.266049,2.88086,0,0,165,53
0.704,251,1050,0,29.0576,-8.94638,2.82653,0,0,466,379
0.704,252,1183,0,30.0313,0.324259,2.88176,0,0,550,163
0.704,253,1333,0,30.0319,0.330193,2.88179,0,0,634,9
0.704,254,980,0,30.0305,0.315342,2.88171,0,0,425,115
0.704,255,42,0,30.0187,0.232164,2.4009,0,0,23,402
0.704,256,346,0,30.0261,0.324589,2.40125,0,0,142,457
0.704,257,1088,0,30.0262,0.325629,2.40126,0,0,490,233
0.704,258,1003,0,30.0266,0.331312,2.40128,0,0,436,541
0.704,259,1227,0,29.2,-10,2.3616,0,0,571,672
0.704,260,549,0,29.8632,0.361228,2.38813,0,0,225,390
0.704,261,1031,0,29.8574,0.361833,1.91032,0,0,454,679
0.704,262,986,0,29.36,-10,1.8944,0,0,427,383
0.704,263,988,0,29.36,-10,1.8944,0,0,428,672
0.704,264,1230,0,29.9706,-0.526089,1.91888,0,0,573,569
0.704,265,11,0,29.8569,0.350675,1.9103,0,0,8,57
0.704,266,920,0,30.0132,0.273818,1.44042,0,0,394,518
0.704,267,1249,0,30.014,0.291095,1.44045,0,0,581,432
0.704,268,535,0,29.52,-10,1.42464,0,0,219,531
0.704,269,403,0,30.0161,0.334868,1.44052,0,0,166,113
0.704,270,736,0,30.0162,0.336064,1.44052,0,0,310,508
0.704,271,538,0,29.68,-10,0.95232,0,0,221,382
0.704,272,1246,0,29.68,-10,0.95232,0,0,579,495
0.704,273,1172,0,29.9556,-2.77472,0.47929,0,0,542,375
0.704,274,33,0,29.84,-10,0.47744,0,0,18,461
0.704,275,1103,0,30.0051,0.320335,0.480082,0,0,500,334
0.704,276,268,0,29.84,-10,0.47744,0,0,111,687
0.704,277,84,0,30.0051,0.316537,0.480081,0,0,41,208
0.704,278,1353,0,30.0054,0.335582,0.480086,0,0,646,231
0.72,0,566,1,30.2376,0.304909,22.171,0,0,232,680
0.72,1,271,0,30.147,0.0787735,22.1479,0,0,113,488
0.72,2,1254,0,29.8198,-0.248598,0.443596,1,0,585,597
0.72,3,387,0,29.5687,-1.72538,21.9991,0,0,161,155
0.72,4,1050,0,30.2267,0.290687,22.1669,0,0,466,408
0.72,5,1067,0,30.2312,0.296492,22.1686,0,0,477,106
0.72,6,33,2,30.2267,0.306636,22.17,0,0,18,485
0.72,7,847,1,30.0449,-0.24852,22.1232,0,0,363,676
0.72,8,531,0,30.2376,0.304909,22.171,0,0,218,532
0.72,9,843,0,29.2674,-1.40952,21.8615,0,0,362,483
0.72,10,335,2,30.2134,0.304271,22.1653,0,0,137,680
0.72,11,1233,0,30.2327,0.305682,21.6872,0,0,574,478
0.72,12,1432,2,30.2054,0.310001,21.6721,0,0,689,578
0.72,13,3,1,30.0719,0.324792,21.6291,0,0,2,35
0.72,14,751,0,30.0125,-0.0409815,21.6198,0,0,319,390
0.72,15,1299,1,30.2311,0.303546,21.6866,0,0,610,578
0.72,16,56,0,30.2104,0.275696,21.6789,0,0,30,542
0.72,17,257,0,30.2327,0.305682,21.6872,0,0,107,80
0.72,18,530,0,30.1268,-0.0346689,21.6605,0,0,217,532
0.72,19,682,1,28.796,-4.87141,6.80597,1,0,533,297
0.72,20,1242,0,29.4511,-1.58896,21.5052,0,0,577,102
0.72,21,1167,0,26.4358,-10,6.09453,1,0,522,680
0.72,22,1187,0,30.2278,0.306457,21.2035,0,0,552,296
0.72,23,75,0,30.1568,0.13852,21.1858,0,0,37,679
0.72,24,140,0,30.2248,0.30231,21.2024,0,0,63,377
0.72,25,786,0,30.2262,0.304286,21.2029,0,0,336,101
0.72,26,571,0,30.2259,0.303755,21.2028,0,0,234,476
0.72,27,330,1,30.1882,0.312727,21.1881,0,0,135,339
0.72,28,449,0,30.1691,0.177684,21.1899,0,0,187,566
0.72,29,1,0,30.1005,0.130032,21.1572,0,0,1,6
0.72,30,843,0,23.8037,-6.7571,8.2549,1,0,223,565
0.72,31,1325,0,29.6796,-10,1.69785,1,0,28,279
0.72,32,749,0,30.2205,0.303845,20.719,0,0,318,22
0.72,33,269,0,30.2216,0.30532,20.7194,0,0,112,675
0.72,34,810,0,30.1193,0.160393,20.6831,0,0,345,46
0.72,35,1138,1,27.9706,-10,5.54152,1,0,283,122
0.72,36,1191,1,26.505,-10,4.85125,1,0,638,391
0.72,37,1124,0,30.1207,-0.611365,20.71,0,0,511,518
0.72,38,563,0,29.9456,-0.449989,20.635,0,0,231,297
0.72,39,561,0,29.2324,-0.843312,20.4084,0,0,229,571
0.72,40,1422,0,30.2168,0.306289,20.2359,0,0,681,675
0.72,41,901,0,30.2091,0.295136,20.2332,0,0,386,126
0.72,42,566,1,24.3394,-7.48973,3.64718,1,0,430,675
0.72,43,976,0,30.1934,0.178657,20.2324,0,0,423,237
0.72,44,1428,0,26.7246,-10,19.0442,0,0,685,230
0.72,45,986,0,30.1548,0.118123,20.2196,0,0,427,384
0.72,46,1037,0,30.1762,0.247543,20.2218,0,0,458,667
0.72,47,898,0,30.1807,0.254083,20.2233,0,0,385,549
0.72,48,1343,0,30.1763,-0.043033,20.225,0,0,643,88
0.72,49,708,0,29.9481,-0.084778,20.1427,0,0,296,676
0.72,50,1285,1,30.2151,0.303886,20.2353,0,0,602,558
0.72,51,311,0,30.2012,0.291173,19.7487,0,0,128,372
0.72,52,637,0,30.2038,0.295011,19.7496,0,0,262,206
0.72,53,988,0,30.0265,-0.0427349,19.7039,0,0,428,630
0.72,54,1030,0,30.2109,0.305602,19.7521,0,0,453,646
0.72,55,538,0,29.4237,-1.98261,19.5515,0,0,221,486
0.72,56,1164,0,30.1903,0.275029,19.745,0,0,537,300
0.72,57,838,0,30.1384,0.124457,19.7374,0,0,359,565
0.72,58,654,1,30.2074,0.305199,19.7517,0,0,269,106
0.72,59,43,0,30.1566,0.230743,19.2522,0,0,24,559
0.72,60,550,0,29.4585,-1.89842,19.0868,0,0,226,578
0.72,61,542,1,30.1511,0.100061,19.2592,0,0,222,547
0.72,62,83,0,30.2082,0.309572,19.2694,0,0,40,530
0.72,63,990,0,29.789,-0.956336,19.1416,0,0,429,486
0.72,64,1284,0,30.1764,0.257552,19.2606,0,0,601,482
0.72,65,1138,0,26.7881,-10,18.6039,0,0,521,611
0.72,66,945,0,30.1671,0.247076,19.2558,0,0,405,152
0.72,67,660,0,30.2061,0.306543,19.2687,0,0,271,600
0.72,68,177,0,30.1961,0.291326,19.2654,0,0,76,117
0.72,69,428,0,30.1976,0.301624,18.7842,0,0,178,576
0.72,70,1187,1,25.6843,-9.65752,3.89958,1,0,553,488
0.72,71,1011,1,30.1637,0.215562,18.7745,0,0,440,382
0.72,72,397,0,30.1125,-0.471348,18.7797,0,0,164,577
0.72,73,37,1,30.2015,0.310618,18.7855,0,0,20,488
0.72,74,562,0,29.3,-2.57858,18.5468,0,0,230,673
0.72,75,1269,0,30.0535,-0.121175,18.7469,0,0,594,482
0.72,76,394,0,28.3844,-0.0363868,18.2584,0,0,163,31
0.72,77,386,0,29.9139,-0.211251,18.2277,0,0,160,483
0.72,78,1352,0,30.1747,-0.111608,18.2992,0,0,645,41
0.72,79,81,0,29.8225,-1.13156,18.2281,0,0,39,383
0.72,80,549,1,30.1982,0.311139,18.3028,0,0,225,548
0.72,81,1102,0,27.2223,-1.80756,16.913,0,0,500,285
0.72,82,661,0,29.8161,-0.465549,17.7295,0,0,272,599
0.72,83,625,1,30.1799,0.308343,17.8163,0,0,255,572
0.72,84,784,0,29.8484,-0.823213,17.26,0,0,335,630
0.72,85,1423,0,30.1868,0.310268,17.3361,0,0,682,599
0.72,86,1261,1,30.1778,0.300278,17.3334,0,0,587,22
0.72,87,365,0,30.1831,0.304025,17.335,0,0,151,369
0.72,88,790,0,30.1861,0.309096,17.3359,0,0,337,155
0.72,89,37,1,24.9379,-8.43059,1.71062,1,0,426,148
0.72,90,1039,1,29.9827,-6.00053,1.14703,1,0,290,515
0.72,91,1052,1,28.5453,-10,4.27359,1,0,364,3
0.72,92,596,0,30.1258,0.310582,16.8358,0,0,244,192
0.72,93,647,1,30.1718,0.293514,16.8502,0,0,265,64
0.72,94,537,0,30.1495,0.202917,16.8466,0,0,220,299
0.72,95,1274,0,29.9936,0.119939,16.802,0,0,595,391
0.72,96,830,0,30.1808,0.309253,16.8528,0,0,354,18
0.72,97,330,1,24.8197,-8.23377,2.85752,1,0,136,631
0.72,98,1246,0,30.1818,0.311067,16.8531,0,0,579,591
0.72,99,579,0,30.1771,0.312232,16.3703,0,0,238,3
0.72,100,975,0,29.905,-1.11809,16.3432,0,0,422,683
0.72,101,1170,0,30.1757,0.309837,16.3699,0,0,541,142
0.72,102,1385,0,30.1586,0.279075,16.3651,0,0,660,365
0.72,103,1268,0,30.1767,0.311444,16.3701,0,0,593,101
0.72,104,547,1,30.0325,-0.210525,16.3444,0,0,224,296
0.72,105,1045,1,28.6926,-10,2.88972,1,0,464,296
0.72,106,1006,0,30.1684,0.306254,15.8864,0,0,438,233
0.72,107,1240,0,29.8568,-0.488803,15.8169,0,0,576,300
0.72,108,1209,0,27.366,-10,15.0318,0,0,563,569
0.72,109,605,0,30.1691,0.307498,15.8866,0,0,247,7
0.72,110,1338,1,27.0047,-10,0.159521,1,0,19,99
0.72,111,721,0,26.9737,-7.81761,14.768,0,0,303,483
0.72,112,933,0,30.1583,0.297074,15.4023,0,0,399,622
0.72,113,1052,0,30.1672,0.31398,15.4047,0,0,467,3
0.72,114,392,0,30.1115,0.135889,14.9113,0,0,162,611
0.72,115,1323,0,30.1605,0.311587,14.9216,0,0,626,118
0.72,116,220,0,30.1543,0.299273,14.92,0,0,92,16
0.72,117,1401,0,30.1605,0.244224,14.9219,0,0,670,229
0.72,118,276,0,30.1631,0.316673,14.9223,0,0,115,677
0.72,119,1031,1,30.1569,0.315206,14.4394,0,0,454,599
0.72,120,328,0,30.1537,0.308686,14.4386,0,0,134,615
0.72,121,584,0,30.0534,0.108705,14.4133,0,0,240,636
0.72,122,1366,0,30.1386,0.277844,14.4348,0,0,651,556
0.72,123,268,0,29.9969,-0.294626,13.9273,0,0,111,64
0.72,124,226,0,30.1494,0.310835,13.9563,0,0,95,626
0.72,125,1267,0,30.1459,0.303438,13.9554,0,0,592,202
0.72,126,1104,0,30.1482,0.308266,13.956,0,0,501,447
0.72,127,1409,0,28.1616,-10,5.96283,1,0,673,668
0.72,128,66,0,29.9469,-0.14489,13.4317,0,0,34,204
0.72,129,1100,1,30.0196,0.303959,13.4187,0,0,499,99
0.72,130,320,0,30.1303,0.29161,12.9895,0,0,132,630
0.72,131,445,0,30.1337,0.299254,12.9903,0,0,186,125
0.72,132,949,0,30.1143,0.217302,12.986,0,0,406,204
0.72,133,454,0,30.1387,0.310672,12.9914,0,0,189,263
0.72,134,766,0,30.0812,0.183016,12.9783,0,0,327,99
0.72,135,1191,1,28.4106,0.470445,12.1117,0,0,554,226
0.72,136,940,0,30.1097,0.254627,12.504,0,0,403,294
0.72,137,682,0,30.1358,0.316264,12.5096,0,0,282,485
0.72,138,60,0,30.1349,0.314183,12.5094,0,0,32,45
0.72,139,469,0,30.1347,0.313613,12.5094,0,0,193,104
0.72,140,73,0,30.1275,0.309187,12.0268,0,0,36,636
0.72,141,535,0,30.1325,0.321479,12.0278,0,0,219,531
0.72,142,530,0,26.4449,-3.22171,11.1883,0,0,217,481
0.72,143,11,1,30.1317,0.319393,12.0277,0,0,8,19
0.72,144,764,0,30.1291,0.312967,12.0271,0,0,325,307
0.72,145,553,1,28.3093,-2.79408,11.6451,0,0,227,341
0.72,146,1299,0,29.9754,0.342631,11.9633,0,0,610,31
0.72,147,126,0,30.1295,0.313953,12.0272,0,0,56,548
0.72,148,531,0,26.6845,-3.05696,10.779,0,0,218,476
0.72,149,854,0,30.105,0.224864,11.5429,0,0,366,395
0.72,150,330,0,29.9451,0.274704,11.4791,0,0,135,101
0.72,151,1337,0,30.0514,0.0817698,11.5334,0,0,637,97
0.72,152,297,0,30.1208,0.305455,11.5444,0,0,123,471
0.72,153,1294,0,30.1058,0.280681,11.0604,0,0,607,22
0.72,154,566,0,29.9655,0.34746,11.0044,0,0,232,566
0.72,155,1167,0,30.1211,0.320117,11.0635,0,0,539,479
0.72,156,1282,0,30.1222,0.323094,11.0637,0,0,600,338
0.72,157,362,0,30.117,0.309094,11.0627,0,0,149,83
0.72,158,775,0,28.9832,-2.64365,10.8419,0,0,331,133
0.72,159,749,0,26.6004,-4.0542,10.3432,0,0,318,299
0.72,160,831,0,29.8664,-0.32965,10.5343,0,0,355,246
0.72,161,1319,0,30.1076,0.297451,10.58,0,0,624,506
0.72,162,802,0,30.1071,0.296121,10.5799,0,0,342,306
0.72,163,931,0,30.1142,0.315981,10.5812,0,0,398,48
0.72,164,17,0,30.1142,0.316066,10.5812,0,0,12,15
0.72,165,480,0,30.1075,0.297204,10.58,0,0,196,79
0.72,166,33,1,29.96,0.348317,10.525,0,0,18,486
0.72,167,271,0,26.871,-3.95219,9.93011,0,0,113,156
0.72,168,77,0,29.7362,-1.40586,10.0455,0,0,38,479
0.72,169,236,0,30.1101,0.319469,10.0995,0,0,99,374
0.72,170,779,0,30.1095,0.317837,10.0994,0,0,333,105
0.72,171,185,1,30.1062,0.314835,10.0985,0,0,79,516
0.72,172,847,0,29.9782,-0.244497,10.0804,0,0,363,477
0.72,173,1138,1,28.8715,-3.37894,9.39534,0,0,521,673
0.72,174,1432,0,29.8274,-0.475505,9.57534,0,0,689,297
0.72,175,1129,1,29.947,0.344297,9.56605,0,0,514,330
0.72,176,83,0,26.9894,-8.16025,8.63407,0,0,40,381
0.72,177,335,0,29.9315,0.300263,9.08571,0,0,137,385
0.72,178,786,0,27.1708,-5.21407,8.64066,0,0,336,338
0.72,179,1192,0,30.1015,0.326344,9.13636,0,0,555,549
0.72,180,1238,0,29.5802,-1.5821,9.05804,0,0,575,532
0.72,181,1392,0,30.0932,0.316699,8.65427,0,0,665,462
0.72,182,1032,0,30.0956,0.3248,8.65463,0,0,455,298
0.72,183,648,0,30.0954,0.324141,8.6546,0,0,266,508
0.72,184,394,0,27.12,-10,8.20224,0,0,163,477
0.72,185,1045,0,29.9526,-0.136491,8.63507,0,0,463,390
0.72,186,37,0,29.9148,0.269858,8.60477,0,0,20,156
0.72,187,1188,0,28.1867,-1.44824,8.27834,0,0,553,530
0.72,188,387,0,27.1743,-7.8007,8.20342,0,0,161,672
0.72,189,286,0,30.0954,0.324318,8.6546,0,0,119,301
0.72,190,563,0,27.169,-7.76487,8.20324,0,0,231,340
0.72,191,428,0,27.12,-10,8.20224,0,0,178,100
0.72,192,990,0,27.28,-10,7.76832,0,0,429,298
0.72,193,81,0,27.28,-10,7.76832,0,0,39,340
0.72,194,1011,0,29.9093,0.239772,8.1263,0,0,440,482
0.72,195,760,0,30.088,0.317003,8.17276,0,0,323,598
0.72,196,699,0,30.0723,0.276886,7.6899,0,0,292,635
0.72,197,544,0,27.44,-10,7.33184,0,0,223,392
0.72,198,1338,0,28.6182,-4.98913,7.44058,0,0,638,623
0.72,199,1242,0,27.44,-10,7.33184,0,0,577,338
0.72,200,1422,0,27.497,-7.53007,7.33303,0,0,681,97
0.72,201,1154,0,28.1609,-3.90257,7.38794,0,0,533,678
0.72,202,784,0,27.6,-10,6.8928,0,0,335,481
0.72,203,848,0,28.4143,-3.83228,6.96286,0,0,364,340
0.72,204,751,0,27.6872,-7.13738,6.89504,0,0,319,384
0.72,205,960,0,29.9734,-0.282134,7.19832,0,0,414,631
0.72,206,1424,0,28.1092,-7.52502,6.95452,0,0,683,485
0.72,207,157,0,30.0734,0.322475,6.72886,0,0,68,280
0.72,208,257,0,27.8964,-6.43908,6.45536,0,0,107,14
0.72,209,254,0,30.0737,0.323885,6.7289,0,0,106,142
0.72,210,1004,0,28.3605,-4.30618,6.49357,0,0,437,640
0.72,211,957,0,30.0693,0.328102,6.2478,0,0,411,573
0.72,212,772,0,30.0539,0.255136,6.24606,0,0,330,439
0.72,213,1123,1,30.06,0.318566,6.24664,0,0,511,76
0.72,214,1269,0,27.92,-10,6.00704,0,0,594,567
0.72,215,1315,0,30.0683,0.323381,6.24769,0,0,622,517
0.72,216,672,0,30.0655,0.309954,6.24737,0,0,277,652
0.72,217,861,0,30.0632,0.299089,6.24711,0,0,369,644
0.72,218,44,0,30.0646,0.332092,5.76675,0,0,25,595
0.72,219,1233,0,28.1767,-7.05416,5.56292,0,0,574,378
0.72,220,75,0,28.1277,-7.96944,5.56133,0,0,37,568
0.72,221,547,0,29.8708,0.170506,5.73227,0,0,224,478
0.72,222,1140,0,28.08,-10,5.56032,0,0,522,339
0.72,223,269,0,28.1155,-8.27964,5.56102,0,0,112,677
0.72,224,880,0,30.0215,0.122222,5.28207,0,0,376,346
0.72,225,890,0,29.996,-0.0245694,5.27963,0,0,382,378
0.72,226,542,0,30.0231,0.129532,5.28222,0,0,222,676
0.72,227,971,0,30.0585,0.32848,5.28564,0,0,420,220
0.72,228,561,0,28.24,-10,5.11104,0,0,229,481
0.72,229,719,0,30.0303,0.136651,5.28311,0,0,302,547
0.72,230,1285,0,29.8973,0.354399,5.2569,0,0,602,381
0.72,231,1046,0,28.5678,-9.74949,4.67236,0,0,464,100
0.72,232,695,0,29.8885,0.333473,4.77829,0,0,290,358
0.72,233,183,0,30.0534,0.330131,4.80472,0,0,78,628
0.72,234,386,0,28.4,-10,4.6592,0,0,160,382
0.72,235,241,0,30.0535,0.330694,4.80473,0,0,101,161
0.72,236,537,0,28.4,-10,4.6592,0,0,220,571
0.72,237,159,0,30.041,0.253609,4.80362,0,0,69,330
0.72,238,993,0,28.8028,-6.05645,4.21565,0,0,430,547
0.72,239,1034,0,30.0135,0.0918776,4.32109,0,0,457,398
0.72,240,1371,0,30.0457,0.314294,4.32367,0,0,652,96
0.72,241,457,0,30.0478,0.328585,4.32384,0,0,190,661
0.72,242,1201,0,29.269,-4.98078,4.26033,0,0,560,185
0.72,243,1240,0,28.72,-10,3.74784,0,0,576,631
0.72,244,647,0,29.8693,0.259235,3.8214,0,0,265,136
0.72,245,1002,0,30.0417,0.323243,3.84301,0,0,435,513
0.72,246,1228,0,30.0269,0.184796,3.84202,0,0,572,391
0.72,247,550,0,28.72,-10,3.74784,0,0,226,385
0.72,248,683,0,28.7747,-9.30998,3.75092,0,0,283,530
0.72,249,34,0,28.88,-10,3.28832,0,0,19,678
0.72,250,398,0,29.9988,-0.262744,3.36084,0,0,165,53
0.72,251,1050,0,28.9282,-8.0853,3.28939,0,0,466,379
0.72,252,1183,0,30.0365,0.323443,3.36234,0,0,550,163
0.72,253,1333,0,30.0372,0.329369,3.36239,0,0,634,9
0.72,254,980,0,30.0355,0.31454,3.36228,0,0,425,115
0.72,255,42,0,30.0224,0.231461,2.88126,0,0,23,402
0.72,256,346,0,30.0313,0.323773,2.88176,0,0,142,457
0.72,257,1088,0,30.0314,0.324811,2.88176,0,0,490,233
0.72,258,1003,0,30.0319,0.330486,2.88179,0,0,436,541
0.72,259,1227,0,29.04,-10,2.82624,0,0,571,672
0.72,260,549,0,29.869,0.360346,2.86603,0,0,225,390
0.72,261,1031,0,29.8632,0.36095,2.38813,0,0,454,679
0.72,262,986,0,29.2,-10,2.3616,0,0,427,383
0.72,263,988,0,29.2,-10,2.3616,0,0,428,672
0.72,264,1230,0,29.9614,-0.572162,2.39826,0,0,573,569
0.72,265,11,0,29.8625,0.349808,2.3881,0,0,8,57
0.72,266,920,0,30.0175,0.273135,1.9207,0,0,394,518
0.72,267,1249,0,30.0187,0.290322,1.92075,0,0,581,432
0.72,268,535,0,29.36,-10,1.8944,0,0,219,531
0.72,269,403,0,30.0215,0.334036,1.92086,0,0,166,113
0.72,270,736,0,30.0215,0.335229,1.92086,0,0,310,508
0.72,271,538,0,29.52,-10,1.42464,0,0,221,382
0.72,272,1246,0,29.52,-10,1.42464,0,0,579,495
0.72,273,1172,0,29.9125,-2.69185,0.95789,0,0,542,375
0.72,274,33,1,29.8459,0.365808,0.954974,0,0,18,461
0.72,275,1103,0,30.0102,0.319522,0.960246,0,0,500,334
0.72,276,268,0,29.68,-10,0.95232,0,0,111,687
0.72,277,84,0,30.0101,0.31573,0.960243,0,0,41,208
0.72,278,1353,0,30.0107,0.334747,0.960258,0,0,646,231
0.72,279,1038,0,30.0047,0.293928,0.480075,0,0,459,64
0.72,280,530,0,29.84,-10,0.47744,0,0,217,562
0.72,281,344,0,30.0054,0.336011,0.480086,0,0,140,295
0.72,282,711,0,30.005,0.3115,0.48008,0,0,297,603
0.72,283,779,0,29.84,-10,0.47744,0,0,333,687
0.72,284,331,0,29.8532,-9.17552,0.477651,0,0,136,332
0.736,0,566,1,30.2425,0.304138,22.6549,0,0,232,680
0.736,1,271,0,30.1483,0.078681,22.6303,0,0,113,488
0.736,2,1254,0,29.7181,-6.35968,0.919086,1,0,585,597
0.736,3,387,0,29.5399,-1.80129,22.4717,0,0,161,155
0.736,4,1050,0,30.2314,0.289939,22.6506,0,0,466,408
0.736,5,1067,0,30.2359,0.295735,22.6523,0,0,477,106
0.736,6,33,2,30.2316,0.305861,22.6537,0,0,18,485
0.736,7,847,1,30.0405,-0.2785,22.6038,0,0,363,676
0.736,8,531,0,30.2425,0.304138,22.6549,0,0,218,532
0.736,9,843,0,29.2453,-1.3852,22.3294,0,0,362,483
0.736,10,335,2,30.2183,0.3035,22.6488,0,0,137,680
0.736,11,1233,0,30.2376,0.304909,22.171,0,0,574,478
0.736,12,1432,2,30.2104,0.30922,22.1554,0,0,689,578
0.736,13,3,1,30.0771,0.323978,22.1103,0,0,2,35
0.736,14,751,0,30.0118,-0.0399013,22.1,0,0,319,390
0.736,15,1299,1,30.236,0.302777,22.1704,0,0,610,578
0.736,16,56,0,30.2148,0.274968,22.1624,0,0,30,542
0.736,17,257,0,30.2376,0.304909,22.171,0,0,107,80
0.736,18,530,0,30.126,-0.0503333,22.1425,0,0,217,532
0.736,19,682,1,28.7191,-4.8029,7.26547,1,0,533,297
0.736,20,1242,0,29.4258,-1.58162,21.976,0,0,577,102
0.736,21,1167,0,26.2758,-10,6.51495,1,0,522,680
0.736,22,1187,0,30.2327,0.305682,21.6872,0,0,552,296
0.736,23,75,0,30.159,0.136393,21.6684,0,0,37,679
0.736,24,140,0,30.2296,0.301542,21.6861,0,0,63,377
0.736,25,786,0,30.2311,0.303515,21.6866,0,0,336,101
0.736,26,571,0,30.2307,0.302985,21.6865,0,0,234,476
0.736,27,330,1,30.1932,0.311939,21.6712,0,0,135,339
0.736,28,449,0,30.1719,0.177325,21.6726,0,0,187,566
0.736,29,1,0,30.1025,0.129461,21.6389,0,0,1,6
0.736,30,843,0,23.698,-6.60869,8.63407,1,0,223,565
0.736,31,1325,0,29.5196,-10,2.17016,1,0,28,279
0.736,32,749,0,30.2254,0.303075,21.2026,0,0,318,22
0.736,33,269,0,30.2264,0.304548,21.203,0,0,112,675
0.736,34,810,0,30.1219,0.159792,21.165,0,0,345,46
0.736,35,1138,1,27.8106,-10,5.98649,1,0,283,122
0.736,36,1191,1,26.345,-10,5.27277,1,0,638,391
0.736,37,1124,0,30.1111,-0.60346,21.1917,0,0,511,518
0.736,38,563,0,29.9378,-0.48853,21.114,0,0,231,297
0.736,39,561,0,29.2192,-0.827188,20.8759,0,0,229,571
0.736,40,1422,0,30.2217,0.305514,20.7194,0,0,681,675
0.736,41,901,0,30.2138,0.294379,20.7166,0,0,386,126
0.736,42,566,1,24.2224,-7.31503,4.03474,1,0,430,675
0.736,43,976,0,30.1962,0.17831,20.7155,0,0,423,237
0.736,44,1428,0,26.5646,-10,19.4692,0,0,685,230
0.736,45,986,0,30.1566,0.109089,20.7021,0,0,427,384
0.736,46,1037,0,30.1802,0.246848,20.7046,0,0,458,667
0.736,47,898,0,30.1848,0.253381,20.7063,0,0,385,549
0.736,48,1343,0,30.1756,-0.0420431,20.7078,0,0,643,88
0.736,49,708,0,29.9467,-0.0851436,20.6219,0,0,296,676
0.736,50,1285,1,30.22,0.303115,20.7188,0,0,602,558
0.736,51,311,0,30.2058,0.290422,20.232,0,0,128,372
0.736,52,637,0,30.2085,0.294254,20.233,0,0,262,206
0.736,53,988,0,30.0259,-0.0421315,20.1843,0,0,428,630
0.736,54,1030,0,30.2158,0.304828,20.2355,0,0,453,646
0.736,55,538,0,29.3928,-1.9326,20.0218,0,0,221,486
0.736,56,1164,0,30.1947,0.2743,20.2282,0,0,537,300
0.736,57,838,0,30.1404,0.12436,20.2196,0,0,359,565
0.736,58,654,1,30.2122,0.304426,20.2351,0,0,269,106
0.736,59,43,0,30.1603,0.229647,19.7348,0,0,24,559
0.736,60,550,0,29.4278,-1.91369,19.5577,0,0,226,578
0.736,61,542,1,30.1527,0.0993312,19.7416,0,0,222,547
0.736,62,83,0,30.212,0.242185,19.7528,0,0,40,530
0.736,63,990,0,29.7725,-1.02884,19.618,0,0,429,486
0.736,64,1284,0,30.1806,0.256909,19.7435,0,0,601,482
0.736,65,1138,0,26.6281,-10,19.0299,0,0,521,611
0.736,66,945,0,30.171,0.246381,19.7385,0,0,405,152
0.736,67,660,0,30.211,0.305768,19.7521,0,0,271,600
0.736,68,177,0,30.2008,0.290574,19.7486,0,0,76,117
0.736,69,428,0,30.2024,0.300856,19.2675,0,0,178,576
0.736,70,1187,1,25.534,-9.39301,4.30812,1,0,553,488
0.736,71,1011,1,30.1671,0.212219,19.2572,0,0,440,382
0.736,72,397,0,30.105,-0.468732,19.2613,0,0,164,577
0.736,73,37,1,30.2065,0.309835,19.2688,0,0,20,488
0.736,74,562,0,29.2569,-2.69514,19.0149,0,0,230,673
0.736,75,1269,0,30.0512,-0.144503,19.2277,0,0,594,482
0.736,76,394,0,28.3599,-1.53109,18.7121,0,0,163,31
0.736,77,386,0,29.9106,-0.209171,18.7063,0,0,160,483
0.736,78,1352,0,30.1729,-0.110057,18.7819,0,0,645,41
0.736,79,81,0,29.8031,-1.21324,18.7049,0,0,39,383
0.736,80,549,1,30.2032,0.310354,18.7861,0,0,225,548
0.736,81,1102,0,27.1953,-1.68969,17.3481,0,0,500,285
0.736,82,661,0,29.8087,-0.462096,18.2064,0,0,272,599
0.736,83,625,1,30.1848,0.307563,18.2993,0,0,255,572
0.736,84,784,0,29.8349,-0.844343,17.7373,0,0,335,630
0.736,85,1423,0,30.1918,0.309485,17.8192,0,0,682,599
0.736,86,1261,1,30.1826,0.299511,17.8163,0,0,587,22
0.736,87,365,0,30.188,0.303252,17.818,0,0,151,369
0.736,88,790,0,30.191,0.308315,17.819,0,0,337,155
0.736,89,37,1,24.8064,-8.21891,2.10752,1,0,426,148
0.736,90,1039,1,29.8882,-5.90523,1.62524,1,0,290,515
0.736,91,1052,1,28.3853,-10,4.72776,1,0,364,3
0.736,92,596,0,30.1308,0.309795,17.3179,0,0,244,192
0.736,93,647,1,30.1764,0.292756,17.333,0,0,265,64
0.736,94,537,0,30.1526,0.195169,17.329,0,0,220,299
0.736,95,1274,0,29.9953,0.105267,17.2819,0,0,595,391
0.736,96,830,0,30.1857,0.308472,17.3358,0,0,354,18
0.736,97,330,1,24.6912,-8.03009,3.25257,1,0,136,631
0.736,98,1246,0,30.1868,0.310283,17.3361,0,0,579,591
0.736,99,579,0,30.1821,0.311445,16.8532,0,0,238,3
0.736,100,975,0,29.8874,-1.09867,16.8214,0,0,422,683
0.736,101,1170,1,30.1807,0.309054,16.8528,0,0,541,142
0.736,102,1385,0,30.1631,0.278337,16.8477,0,0,660,365
0.736,103,1268,0,30.1816,0.310659,16.8531,0,0,593,101
0.736,104,547,1,30.0291,-0.21727,16.8248,0,0,224,296
0.736,105,1045,1,28.5326,-10,3.34624,1,0,464,296
0.736,106,1006,0,30.1733,0.305476,16.3692,0,0,438,233
0.736,107,1240,0,29.8489,-0.493309,16.2944,0,0,576,300
0.736,108,1209,0,27.206,-10,15.4671,0,0,563,569
0.736,109,605,0,30.174,0.306719,16.3694,0,0,247,7
0.736,110,1338,1,26.8447,-10,0.589037,1,0,19,99
0.736,111,721,0,26.8502,-7.7193,15.1976,0,0,303,483
0.736,112,933,0,30.163,0.296309,15.885,0,0,399,622
0.736,113,1052,0,30.1722,0.313189,15.8875,0,0,467,3
0.736,114,392,0,30.1136,0.127229,15.3931,0,0,162,611
0.736,115,1323,0,30.1655,0.3108,15.4043,0,0,626,118
0.736,116,220,0,30.159,0.298505,15.4025,0,0,92,16
0.736,117,1401,0,30.1644,0.243623,15.4045,0,0,670,229
0.736,118,276,0,30.1682,0.315878,15.405,0,0,115,677
0.736,119,1031,1,30.162,0.314413,14.922,0,0,454,599
0.736,120,328,0,30.1587,0.307904,14.9211,0,0,134,615
0.736,121,584,0,30.0552,0.108525,14.8942,0,0,240,636
0.736,122,1366,0,30.1431,0.277105,14.9171,0,0,651,556
0.736,123,268,0,29.9919,-0.312911,14.4072,0,0,111,64
0.736,124,226,0,30.1544,0.310049,14.4388,0,0,95,626
0.736,125,1267,0,30.1508,0.302663,14.4379,0,0,592,202
0.736,126,1104,0,30.1531,0.307484,14.4384,0,0,501,447
0.736,127,1409,0,28.0016,-10,6.41085,1,0,673,668
0.736,128,66,0,29.9446,-0.142841,13.9108,0,0,34,204
0.736,129,1100,1,30.0245,0.303171,13.8991,0,0,499,99
0.736,130,320,0,30.135,0.290851,13.4717,0,0,132,630
0.736,131,445,0,30.1385,0.298484,13.4725,0,0,186,125
0.736,132,949,0,30.1178,0.216817,13.4679,0,0,406,204
0.736,133,454,0,30.1437,0.309885,13.4737,0,0,189,263
0.736,134,766,0,30.0841,0.182647,13.4597,0,0,327,99
0.736,135,1191,1,28.2506,-10,12.5637,0,0,554,226
0.736,136,940,0,30.1138,0.253913,12.9858,0,0,403,294
0.736,137,682,0,30.1408,0.315468,12.9919,0,0,282,485
0.736,138,60,0,30.1399,0.31339,12.9917,0,0,32,45
0.736,139,469,0,30.1397,0.312822,12.9916,0,0,193,104
0.736,140,73,0,30.1324,0.308402,12.5089,0,0,36,636
0.736,141,535,0,30.1377,0.320674,12.51,0,0,219,531
0.736,142,530,0,26.4006,-2.76846,11.6107,0,0,217,481
0.736,143,11,1,30.1368,0.318592,12.5099,0,0,8,19
0.736,144,764,0,30.134,0.312177,12.5093,0,0,325,307
0.736,145,553,1,28.2664,-2.67877,12.0974,0,0,227,341
0.736,146,1299,0,29.9808,0.341784,12.443,0,0,610,31
0.736,147,126,0,30.1345,0.313161,12.5093,0,0,56,548
0.736,148,531,0,26.642,-2.65536,11.2053,0,0,218,476
0.736,149,854,0,30.1086,0.224299,12.0246,0,0,366,395
0.736,150,330,0,29.9494,0.274021,11.9583,0,0,135,101
0.736,151,1337,0,30.0527,0.0819726,12.0143,0,0,637,97
0.736,152,297,0,30.1257,0.304675,12.0264,0,0,123,471
0.736,153,1294,0,30.1101,0.271268,11.5422,0,0,607,22
0.736,154,566,0,29.9711,0.346604,11.4839,0,0,232,566
0.736,155,1167,0,30.1262,0.319314,11.5455,0,0,539,479
0.736,156,1282,0,30.1274,0.322286,11.5457,0,0,600,338
0.736,157,362,0,30.1219,0.308308,11.5446,0,0,149,83
0.736,158,775,0,28.9411,-2.63368,11.3049,0,0,331,133
0.736,159,749,0,26.5462,-3.39059,10.768,0,0,318,299
0.736,160,831,0,29.8612,-0.3253,11.0121,0,0,355,246
0.736,161,1319,0,30.1123,0.296681,11.0618,0,0,624,506
0.736,162,802,0,30.1118,0.295353,11.0617,0,0,342,306
0.736,163,931,0,30.1193,0.315184,11.0631,0,0,398,48
0.736,164,17,0,30.1193,0.315269,11.0631,0,0,12,15
0.736,165,480,0,30.1123,0.296435,11.0618,0,0,196,79
0.736,166,33,0,29.9655,0.34746,11.0044,0,0,18,486
0.736,167,271,0,26.8153,-3.47743,10.3592,0,0,113,156
0.736,168,77,0,29.7126,-1.4726,10.5209,0,0,38,479
0.736,169,236,0,30.1152,0.318667,10.5814,0,0,99,374
0.736,170,779,0,30.1146,0.317037,10.5813,0,0,333,105
0.736,171,185,1,30.1112,0.314039,10.5803,0,0,79,516
0.736,172,847,0,29.9742,-0.254982,10.56,0,0,363,477
0.736,173,1138,1,28.8171,-3.39682,9.85641,0,0,521,673
0.736,174,1432,0,29.8199,-0.469041,10.0525,0,0,689,297
0.736,175,1129,1,29.9525,0.343446,10.0453,0,0,514,330
0.736,176,83,0,26.8846,-6.55068,9.06423,0,0,40,381
0.736,177,335,0,29.9363,0.299517,9.56469,0,0,137,385
0.736,178,786,0,27.0984,-4.53006,9.07423,0,0,336,338
0.736,179,1192,0,30.1067,0.325529,9.61806,0,0,555,549
0.736,180,1238,0,29.555,-1.57536,9.53092,0,0,575,532
0.736,181,1392,0,30.0982,0.3159,9.13584,0,0,665,462
0.736,182,1032,0,30.1007,0.323987,9.13624,0,0,455,298
0.736,183,648,0,30.1005,0.323329,9.13621,0,0,266,508
0.736,184,394,0,26.96,-10,8.6336,0,0,163,477
0.736,185,1045,0,29.9504,-0.134737,9.11427,0,0,463,390
0.736,186,37,0,29.9191,0.26921,9.08347,0,0,20,156
0.736,187,1188,0,28.1644,-1.394,8.72897,0,0,553,530
0.736,188,387,0,27.0625,-6.98867,8.63642,0,0,161,672
0.736,189,286,0,30.1006,0.323506,9.13621,0,0,119,301
0.736,190,563,0,27.0622,-6.67119,8.63623,0,0,231,340
0.736,191,428,0,26.9884,-8.22678,8.63406,0,0,178,100
0.736,192,990,0,27.12,-10,8.20224,0,0,429,298
0.736,193,81,0,27.12,-10,8.20224,0,0,39,340
0.736,194,1011,0,29.9131,0.236703,8.60491,0,0,440,482
0.736,195,760,0,30.093,0.316203,8.65425,0,0,323,598
0.736,196,699,0,30.0768,0.276139,8.17113,0,0,292,635
0.736,197,544,0,27.28,-10,7.76832,0,0,223,392
0.736,198,1338,0,28.6268,0.537457,7.89861,0,0,638,623
0.736,199,1242,0,27.2937,-9.14261,7.76854,0,0,577,338
0.736,200,1422,0,27.3939,-6.44511,7.77133,0,0,681,97
0.736,201,1154,0,28.1025,-3.64577,7.83758,0,0,533,678
0.736,202,784,0,27.44,-10,7.33184,0,0,335,481
0.736,203,848,0,28.3566,-3.60289,7.41657,0,0,364,340
0.736,204,751,0,27.5859,-6.32958,7.33641,0,0,319,384
0.736,205,960,0,29.9686,-0.301849,7.67781,0,0,414,631
0.736,206,1424,0,27.9897,-7.46836,7.40235,0,0,683,485
0.736,207,157,0,30.0786,0.321665,7.21012,0,0,68,280
0.736,208,257,0,27.8046,-5.73875,6.90023,0,0,107,14
0.736,209,254,0,30.0789,0.323073,7.21016,0,0,106,142
0.736,210,1004,0,28.2962,-4.02081,6.94631,0,0,437,640
0.736,211,957,0,30.0745,0.327283,6.72899,0,0,411,573
0.736,212,772,0,30.0579,0.254506,6.72699,0,0,330,439
0.736,213,1123,1,30.0651,0.317762,6.72768,0,0,511,76
0.736,214,1269,0,27.76,-10,6.4512,0,0,594,567
0.736,215,1315,0,30.0734,0.32257,6.72886,0,0,622,517
0.736,216,672,0,30.0704,0.309162,6.7285,0,0,277,652
0.736,217,861,0,30.068,0.298312,6.7282,0,0,369,644
0.736,218,44,0,30.0699,0.331266,6.24787,0,0,25,595
0.736,219,1233,0,28.0756,-6.31426,6.01213,0,0,574,378
0.736,220,75,0,28.0145,-7.07238,6.00956,0,0,37,568
0.736,221,547,0,29.8735,0.169508,6.21024,0,0,224,478
0.736,222,1140,0,27.92,-10,6.00704,0,0,522,339
0.736,223,269,0,27.9991,-7.278,6.009,0,0,112,677
0.736,224,880,0,30.0235,0.122195,5.76244,0,0,376,346
0.736,225,890,0,29.9956,-0.0249924,5.75956,0,0,382,378
0.736,226,542,0,30.0251,0.129232,5.76262,0,0,222,676
0.736,227,971,0,30.0638,0.32766,5.76666,0,0,420,220
0.736,228,561,0,28.08,-10,5.56032,0,0,229,481
0.736,229,719,0,30.0324,0.129448,5.76362,0,0,302,547
0.736,230,1285,0,29.903,0.353529,5.73535,0,0,602,381
0.736,231,1046,0,28.4284,-8.71214,5.12722,0,0,464,100
0.736,232,695,0,29.8938,0.332632,5.2566,0,0,290,358
0.736,233,183,0,30.0587,0.329308,5.28566,0,0,78,628
0.736,234,386,0,28.24,-10,5.11104,0,0,160,382
0.736,235,241,0,30.0588,0.32987,5.28567,0,0,101,161
0.736,236,537,0,28.24,-10,5.11104,0,0,220,571
0.736,237,159,0,30.0451,0.252998,5.28434,0,0,69,330
0.736,238,993,0,28.7128,-5.62716,4.67506,0,0,430,547
0.736,239,1034,0,30.015,0.0913267,4.80133,0,0,457,398
0.736,240,1371,0,30.0507,0.313494,4.80448,0,0,652,96
0.736,241,457,0,30.053,0.327764,4.80468,0,0,190,661
0.736,242,1201,0,29.1877,-5.08431,4.72734,0,0,560,185
0.736,243,1240,0,28.56,-10,4.2048,0,0,576,631
0.736,244,647,0,29.8734,0.258475,4.29938,0,0,265,136
0.736,245,1002,0,30.0469,0.32243,4.32376,0,0,435,513
0.736,246,1228,0,30.0298,0.178711,4.3225,0,0,572,391
0.736,247,550,0,28.56,-10,4.2048,0,0,226,385
0.736,248,683,0,28.6267,-9.2486,4.20895,0,0,283,530
0.736,249,34,0,28.72,-10,3.74784,0,0,19,678
0.736,250,398,0,29.9946,-0.25947,3.84075,0,0,165,53
0.736,251,1050,0,28.8108,-7.34246,3.75036,0,0,466,379
0.736,252,1183,0,30.0417,0.32263,3.84301,0,0,550,163
0.736,253,1333,0,30.0424,0.328546,3.84306,0,0,634,9
0.736,254,980,0,30.0405,0.313738,3.84293,0,0,425,115
0.736,255,42,0,30.0261,0.230759,3.36167,0,0,23,402
0.736,256,346,0,30.0364,0.322958,3.36234,0,0,142,457
0.736,257,1088,0,30.0366,0.323994,3.36235,0,0,490,233
0.736,258,1003,0,30.0372,0.329661,3.36239,0,0,436,541
0.736,259,1227,0,28.88,-10,3.28832,0,0,571,672
0.736,260,549,0,29.8747,0.359465,3.34403,0,0,225,390
0.736,261,1031,0,29.8689,0.360068,2.86603,0,0,454,679
0.736,262,986,0,29.04,-10,2.82624,0,0,427,383
0.736,263,988,0,29.04,-10,2.82624,0,0,428,672
0.736,264,1230,0,29.9515,-0.619148,2.87749,0,0,573,569
0.736,265,11,0,29.8681,0.348943,2.86599,0,0,8,57
0.736,266,920,0,30.0219,0.272453,2.40105,0,0,394,518
0.736,267,1249,0,30.0233,0.28955,2.40112,0,0,581,432
0.736,268,535,0,29.2,-10,2.3616,0,0,219,531
0.736,269,403,0,30.0268,0.333204,2.40129,0,0,166,113
0.736,270,736,0,30.0269,0.334396,2.40129,0,0,310,508
0.736,271,538,0,29.36,-10,1.8944,0,0,221,382
0.736,272,1246,0,29.36,-10,1.8944,0,0,579,495
0.736,273,1172,0,29.8707,-2.61224,1.43582,0,0,542,375
0.736,274,33,1,29.6859,-10,1.42995,0,0,18,461
0.736,275,1103,0,30.0153,0.318712,1.44049,0,0,500,334
0.736,276,268,0,29.52,-10,1.42464,0,0,111,687
0.736,277,84,0,30.0152,0.314925,1.44049,0,0,41,208
0.736,278,1353,0,30.0161,0.333915,1.44051,0,0,646,231
0.736,279,1038,0,30.0094,0.29315,0.960226,0,0,459,64
0.736,280,530,0,29.68,-10,0.95232,0,0,217,562
0.736,281,344,0,30.0107,0.335176,0.960258,0,0,140,295
0.736,282,711,0,30.01,0.3107,0.960239,0,0,297,603
0.736,283,779,0,29.68,-10,0.95232,0,0,333,687
0.736,284,331,0,29.7176,-8.47321,0.953133,0,0,136,332
0.736,285,832,0,30.0039,0.243737,0.480062,0,0,356,293
0.736,286,31,0,30.0032,0.20103,0.480051,0,0,17,55
0.736,287,1170,0,29.84,-10,0.47744,0,0,541,617
0.736,288,1317,0,29.9991,-0.0569073,0.479985,0,0,623,400
0.736,289,981,0,29.84,-10,0.47744,0,0,426,461
0.736,290,1086,0,29.9754,-1.53721,0.479607,0,0,489,560
0.736,291,726,0,29.9908,-0.577893,0.479852,0,0,305,312
0.752,0,566,1,30.2473,0.303368,23.1389,0,0,232,680
0.752,1,271,0,30.1496,0.0785877,23.1127,0,0,113,488
0.752,2,1254,0,29.618,-6.25463,1.39297,1,0,585,597
0.752,3,387,0,29.5099,-1.87768,22.9439,0,0,161,155
0.752,4,1050,0,30.236,0.289192,23.1344,0,0,466,408
0.752,5,1067,0,30.2406,0.294979,23.1362,0,0,477,106
0.752,6,33,2,30.2365,0.305087,23.1375,0,0,18,485
0.752,7,847,1,30.0355,-0.309114,23.0844,0,0,363,676
0.752,8,531,0,30.2473,0.303368,23.1389,0,0,218,532
0.752,9,843,0,29.2235,-1.36163,22.797,0,0,362,483
0.752,10,335,2,30.2231,0.30273,23.1324,0,0,137,680
0.752,11,1233,0,30.2425,0.304138,22.6549,0,0,574,478
0.752,12,1432,2,30.2153,0.308439,22.6389,0,0,689,578
0.752,13,3,1,30.0823,0.323166,22.5916,0,0,2,35
0.752,14,751,0,30.0112,-0.0388299,22.5802,0,0,319,390
0.752,15,1299,1,30.2408,0.302009,22.6542,0,0,610,578
0.752,16,56,0,30.2192,0.274242,22.6459,0,0,30,542
0.752,17,257,0,30.2425,0.304138,22.6549,0,0,107,80
0.752,18,530,0,30.1249,-0.0662901,22.6245,0,0,217,532
0.752,19,682,1,28.6433,-4.73589,7.72376,1,0,533,297
0.752,20,1242,0,29.3868,-2.4372,22.4462,0,0,577,102
0.752,21,1167,0,26.1158,-10,6.9328,1,0,522,680
0.752,22,1187,0,30.2376,0.304909,22.171,0,0,552,296
0.752,23,75,0,30.1611,0.134188,22.1509,0,0,37,679
0.752,24,140,0,30.2344,0.300776,22.1698,0,0,63,377
0.752,25,786,0,30.2359,0.302746,22.1704,0,0,336,101
0.752,26,571,0,30.2355,0.302217,22.1702,0,0,234,476
0.752,27,330,1,30.1981,0.311153,22.1543,0,0,135,339
0.752,28,449,0,30.1748,0.176966,22.1554,0,0,187,566
0.752,29,1,0,30.1046,0.128891,22.1206,0,0,1,6
0.752,30,843,0,23.5945,-6.46546,9.01158,1,0,223,565
0.752,31,1325,0,29.3596,-10,2.63992,1,0,28,279
0.752,32,749,0,30.2302,0.302306,21.6863,0,0,318,22
0.752,33,269,0,30.2313,0.303776,21.6867,0,0,112,675
0.752,34,810,0,30.1244,0.159193,21.647,0,0,345,46
0.752,35,1138,1,27.6506,-10,6.4289,1,0,283,122
0.752,36,1191,1,26.185,-10,5.69173,1,0,638,391
0.752,37,1124,0,30.1015,-0.595656,21.6734,0,0,511,518
0.752,38,563,0,29.9293,-0.527793,21.5928,0,0,231,297
0.752,39,561,0,29.2062,-0.811377,21.3432,0,0,229,571
0.752,40,1422,0,30.2266,0.304741,21.203,0,0,681,675
0.752,41,901,0,30.2185,0.293624,21.2001,0,0,386,126
0.752,42,566,1,24.108,-7.14686,4.42047,1,0,430,675
0.752,43,976,0,30.1991,0.177964,21.1987,0,0,423,237
0.752,44,1428,0,26.4046,-10,19.8917,0,0,685,230
0.752,45,986,0,30.1582,0.0998889,21.1846,0,0,427,384
0.752,46,1037,0,30.1841,0.246156,21.1876,0,0,458,667
0.752,47,898,0,30.1888,0.25268,21.1893,0,0,385,549
0.752,48,1343,0,30.175,-0.0410605,21.1906,0,0,643,88
0.752,49,708,0,29.9453,-0.0855093,21.101,0,0,296,676
0.752,50,1285,1,30.2248,0.302346,21.2024,0,0,602,558
0.752,51,311,0,30.2104,0.289672,20.7154,0,0,128,372
0.752,52,637,0,30.2132,0.293499,20.7164,0,0,262,206
0.752,53,988,0,30.0252,-0.0415542,20.6647,0,0,428,630
0.752,54,1030,0,30.2207,0.304055,20.719,0,0,453,646
0.752,55,538,0,29.3626,-1.88421,20.4916,0,0,221,486
0.752,56,1164,0,30.199,0.273573,20.7113,0,0,537,300
0.752,57,838,0,30.1424,0.124262,20.7019,0,0,359,565
0.752,58,654,1,30.2171,0.303654,20.7185,0,0,269,106
0.752,59,43,0,30.164,0.228557,20.2174,0,0,24,559
0.752,60,550,0,29.3971,-1.92395,20.028,0,0,226,578
0.752,61,542,1,30.1543,0.0985935,20.2241,0,0,222,547
0.752,62,83,0,30.2159,0.240844,20.2362,0,0,40,530
0.752,63,990,0,29.7548,-1.10254,20.094,0,0,429,486
0.752,64,1284,0,30.1847,0.256267,20.2265,0,0,601,482
0.752,65,1138,0,26.4681,-10,19.4534,0,0,521,611
0.752,66,945,0,30.1749,0.245688,20.2213,0,0,405,152
0.752,67,660,0,30.2159,0.304993,20.2356,0,0,271,600
0.752,68,177,0,30.2054,0.289824,20.2319,0,0,76,117
0.752,69,428,0,30.2072,0.300089,19.7508,0,0,178,576
0.752,70,1187,1,25.3878,-9.14029,4.71433,1,0,553,488
0.752,71,1011,2,30.1721,0.310768,19.7399,0,0,440,382
0.752,72,397,0,30.0975,-0.466123,19.7429,0,0,164,577
0.752,73,37,1,30.2114,0.309054,19.7522,0,0,20,488
0.752,74,562,0,29.2119,-2.81147,19.4823,0,0,230,673
0.752,75,1269,0,30.0485,-0.165706,19.7085,0,0,594,482
0.752,76,394,0,28.3326,-1.7079,19.1655,0,0,163,31
0.752,77,386,0,29.9073,-0.207141,19.1848,0,0,160,483
0.752,78,1352,0,30.1712,-0.108518,19.2647,0,0,645,41
0.752,79,81,0,29.7824,-1.29615,19.1815,0,0,39,383
0.752,80,549,1,30.2082,0.309572,19.2694,0,0,225,548
0.752,81,1102,0,27.17,-1.58074,17.7828,0,0,500,285
0.752,82,661,0,29.8013,-0.458665,18.6832,0,0,272,599
0.752,83,625,1,30.1897,0.306784,18.7823,0,0,255,572
0.752,84,784,0,29.8211,-0.861922,18.2145,0,0,335,630
0.752,85,1423,0,30.1967,0.308703,18.3023,0,0,682,599
0.752,86,1261,1,30.1873,0.298745,18.2993,0,0,587,22
0.752,87,365,0,30.1928,0.302481,18.3011,0,0,151,369
0.752,88,790,0,30.196,0.307535,18.3021,0,0,337,155
0.752,89,37,1,24.6782,-8.01581,2.50237,1,0,426,148
0.752,90,1039,1,29.7952,-5.81233,2.10196,1,0,290,515
0.752,91,1052,1,28.2253,-10,5.17936,1,0,364,3
0.752,92,596,0,30.1357,0.309009,17.8001,0,0,244,192
0.752,93,647,1,30.1811,0.292,17.8159,0,0,265,64
0.752,94,537,0,30.1556,0.187222,17.8115,0,0,220,299
0.752,95,1274,0,29.9968,0.0913301,17.7619,0,0,595,391
0.752,96,830,0,30.1907,0.307692,17.8188,0,0,354,18
0.752,97,330,1,24.5659,-7.83454,3.64563,1,0,136,631
0.752,98,1246,0,30.1918,0.309499,17.8192,0,0,579,591
0.752,99,579,0,30.187,0.31066,17.3362,0,0,238,3
0.752,100,975,0,29.8701,-1.07962,17.2993,0,0,422,683
0.752,101,1170,1,30.1856,0.308272,17.3357,0,0,541,142
0.752,102,1385,0,30.1675,0.2776,17.3303,0,0,660,365
0.752,103,1268,0,30.1866,0.309875,17.336,0,0,593,101
0.752,104,547,1,30.0255,-0.223713,17.3052,0,0,224,296
0.752,105,1045,1,28.3726,-10,3.8002,1,0,464,296
0.752,106,1006,0,30.1782,0.3047,16.8521,0,0,438,233
0.752,107,1240,0,29.8391,-0.615124,16.7719,0,0,576,300
0.752,108,1209,0,27.046,-10,15.8999,0,0,563,569
0.752,109,605,0,30.1789,0.305941,16.8523,0,0,247,7
0.752,110,1338,1,26.6847,-10,1.01599,1,0,19,99
0.752,111,721,0,26.7282,-7.62093,15.6252,0,0,303,483
0.752,112,933,0,30.1678,0.295547,16.3676,0,0,399,622
0.752,113,1052,0,30.1772,0.3124,16.3703,0,0,467,3
0.752,114,392,0,30.1155,0.11841,15.8749,0,0,162,611
0.752,115,1323,0,30.1705,0.310015,15.887,0,0,626,118
0.752,116,220,0,30.1638,0.297739,15.8852,0,0,92,16
0.752,117,1401,0,30.1683,0.243023,15.8872,0,0,670,229
0.752,118,276,0,30.1732,0.315084,15.8877,0,0,115,677
0.752,119,1031,1,30.167,0.313621,15.4047,0,0,454,599
0.752,120,328,0,30.1636,0.307123,15.4037,0,0,134,615
0.752,121,584,0,30.0569,0.108346,15.3751,0,0,240,636
0.752,122,1366,0,30.1475,0.276367,15.3995,0,0,651,556
0.752,123,268,0,29.9866,-0.329199,14.887,0,0,111,64
0.752,124,226,0,30.1593,0.309264,14.9213,0,0,95,626
0.752,125,1267,0,30.1556,0.301889,14.9203,0,0,592,202
0.752,126,1104,0,30.158,0.306703,14.921,0,0,501,447
0.752,127,1409,0,27.8416,-10,6.85632,1,0,673,668
0.752,128,66,0,29.9424,-0.140809,14.3899,0,0,34,204
0.752,129,1100,1,30.0293,0.302384,14.3796,0,0,499,99
0.752,130,320,0,30.1396,0.290093,13.9539,0,0,132,630
0.752,131,445,0,30.1432,0.297716,13.9548,0,0,186,125
0.752,132,949,0,30.1212,0.216333,13.9499,0,0,406,204
0.752,133,454,0,30.1486,0.3091,13.9561,0,0,189,263
0.752,134,766,0,30.087,0.182279,13.9411,0,0,327,99
0.752,135,1191,1,28.0906,-10,13.0132,0,0,554,226
0.752,136,940,0,30.1092,-0.282354,13.4675,0,0,403,294
0.752,137,682,0,30.1459,0.314674,13.4742,0,0,282,485
0.752,138,60,0,30.1449,0.312599,13.474,0,0,32,45
0.752,139,469,0,30.1447,0.312032,13.4739,0,0,193,104
0.752,140,73,0,30.1374,0.307619,12.9911,0,0,36,636
0.752,141,535,0,30.1428,0.319871,12.9923,0,0,219,531
0.752,142,530,0,26.3622,-2.40013,12.0325,0,0,217,481
0.752,143,11,1,30.1419,0.317792,12.9921,0,0,8,19
0.752,144,764,0,30.139,0.311387,12.9915,0,0,325,307
0.752,145,553,1,28.2253,-2.5713,12.549,0,0,227,341
0.752,146,1299,0,29.9863,0.340939,12.9228,0,0,610,31
0.752,147,126,0,30.1395,0.31237,12.9916,0,0,56,548
0.752,148,531,0,26.6049,-2.31906,11.6309,0,0,218,476
0.752,149,854,0,30.1122,0.223736,12.5064,0,0,366,395
0.752,150,330,0,29.9538,0.273339,12.4375,0,0,135,101
0.752,151,1337,0,30.0541,0.0821727,12.4951,0,0,637,97
0.752,152,297,0,30.1305,0.303896,12.5085,0,0,123,471
0.752,153,1294,0,30.1144,0.270591,12.024,0,0,607,22
0.752,154,566,0,29.9766,0.34575,11.9636,0,0,232,566
0.752,155,1167,0,30.1313,0.318512,12.0276,0,0,539,479
0.752,156,1282,0,30.1325,0.321479,12.0278,0,0,600,338
0.752,157,362,0,30.1268,0.307524,12.0266,0,0,149,83
0.752,158,775,0,28.8991,-2.62381,11.7673,0,0,331,133
0.752,159,749,0,26.5003,-2.86483,11.192,0,0,318,299
0.752,160,831,0,29.8561,-0.320996,11.4898,0,0,355,246
0.752,161,1319,0,30.1171,0.295913,11.5436,0,0,624,506
0.752,162,802,0,30.1166,0.294586,11.5435,0,0,342,306
0.752,163,931,0,30.1243,0.314389,11.5451,0,0,398,48
0.752,164,17,0,30.1243,0.314474,11.5451,0,0,12,15
0.752,165,480,0,30.117,0.295667,11.5436,0,0,196,79
0.752,166,33,0,29.9711,0.346604,11.4839,0,0,18,486
0.752,167,271,0,26.7661,-3.07828,10.7874,0,0,113,156
0.752,168,77,0,29.688,-1.53995,10.9959,0,0,38,479
0.752,169,236,0,30.1203,0.317866,11.0633,0,0,99,374
0.752,170,779,0,30.1197,0.316239,11.0632,0,0,333,105
0.752,171,185,1,30.1162,0.313245,11.0621,0,0,79,516
0.752,172,847,0,29.9699,-0.264811,11.0395,0,0,363,477
0.752,173,1138,1,28.7625,-3.4124,10.3166,0,0,521,673
0.752,174,1432,0,29.8125,-0.462656,10.5295,0,0,689,297
0.752,175,1129,1,29.958,0.342596,10.5246,0,0,514,330
0.752,176,83,0,26.7986,-5.3752,9.493,0,0,40,381
0.752,177,335,0,29.941,0.298773,10.0437,0,0,137,385
0.752,178,786,0,27.0349,-3.96502,9.50679,0,0,336,338
0.752,179,1192,0,30.1119,0.324716,10.0999,0,0,555,549
0.752,180,1238,0,29.5299,-1.56817,10.0034,0,0,575,532
0.752,181,1392,0,30.1033,0.315102,9.61749,0,0,665,462
0.752,182,1032,0,30.1059,0.323177,9.61793,0,0,455,298
0.752,183,648,0,30.1057,0.32252,9.6179,0,0,266,508
0.752,184,394,0,26.8,-10,9.0624,0,0,163,477
0.752,185,1045,0,29.9483,-0.132997,9.59345,0,0,463,390
0.752,186,37,0,29.9234,0.268563,9.56225,0,0,20,156
0.752,187,1188,0,28.1429,-1.34208,9.17926,0,0,553,530
0.752,188,387,0,26.9614,-6.3223,9.0678,0,0,161,672
0.752,189,286,0,30.1058,0.322696,9.61791,0,0,119,301
0.752,190,563,0,26.9694,-5.80392,9.06774,0,0,231,340
0.752,191,428,0,26.8828,-6.60029,9.06418,0,0,178,100
0.752,192,990,0,26.96,-10,8.6336,0,0,429,298
0.752,193,81,0,26.96,-10,8.6336,0,0,39,340
0.752,194,1011,0,29.9168,0.233768,9.08358,0,0,440,482
0.752,195,760,0,30.0981,0.315404,9.13581,0,0,323,598
0.752,196,699,0,30.0812,0.275393,8.65243,0,0,292,635
0.752,197,544,0,27.12,-10,8.20224,0,0,223,392
0.752,198,1338,0,28.6024,-1.52778,8.35624,0,0,638,623
0.752,199,1242,0,27.1639,-8.11682,8.20316,0,0,577,338
0.752,200,1422,0,27.3047,-5.57336,8.20821,0,0,681,97
0.752,201,1154,0,28.0479,-3.41143,8.28635,0,0,533,678
0.752,202,784,0,27.28,-10,7.76832,0,0,335,481
0.752,203,848,0,28.3024,-3.39182,7.86941,0,0,364,340
0.752,204,751,0,27.4955,-5.65102,7.77634,0,0,319,384
0.752,205,960,0,29.9635,-0.319367,8.15723,0,0,414,631
0.752,206,1424,0,27.8711,-7.41065,7.84829,0,0,683,485
0.752,207,157,0,30.0837,0.320857,7.69146,0,0,68,280
0.752,208,257,0,27.7223,-5.14287,7.34379,0,0,107,14
0.752,209,254,0,30.0841,0.322263,7.6915,0,0,106,142
0.752,210,1004,0,28.236,-3.76093,7.39808,0,0,437,640
0.752,211,957,0,30.0797,0.326466,7.21027,0,0,411,573
0.752,212,772,0,30.062,0.253877,7.20798,0,0,330,439
0.752,213,1123,1,30.0702,0.316958,7.20881,0,0,511,76
0.752,214,1269,0,27.6,-10,6.8928,0,0,594,567
0.752,215,1315,0,30.0786,0.32176,7.21012,0,0,622,517
0.752,216,672,0,30.0753,0.308372,7.2097,0,0,277,652
0.752,217,861,0,30.0727,0.297536,7.20936,0,0,369,644
0.752,218,44,0,30.0752,0.330441,6.72908,0,0,25,595
0.752,219,1233,0,27.9847,-5.68196,6.45989,0,0,574,378
0.752,220,75,0,27.9135,-6.31785,6.45618,0,0,37,568
0.752,221,547,0,29.8762,0.168499,6.68826,0,0,224,478
0.752,222,1140,0,27.76,-10,6.4512,0,0,522,339
0.752,223,269,0,27.8959,-6.44514,6.45534,0,0,112,677
0.752,224,880,0,30.0254,0.122167,6.24285,0,0,376,346
0.752,225,890,0,29.9952,-0.0254148,6.23949,0,0,382,378
0.752,226,542,0,30.0272,0.128932,6.24306,0,0,222,676
0.752,227,971,0,30.069,0.326841,6.24777,0,0,420,220
0.752,228,561,0,27.92,-10,6.00704,0,0,229,481
0.752,229,719,0,30.0343,0.122232,6.24417,0,0,302,547
0.752,230,1285,0,29.9086,0.352661,6.21389,0,0,602,381
0.752,231,1046,0,28.303,-7.83559,5.58007,0,0,464,100
0.752,232,695,0,29.8991,0.331792,5.73498,0,0,290,358
0.752,233,183,0,30.0639,0.328486,5.76668,0,0,78,628
0.752,234,386,0,28.08,-10,5.56032,0,0,160,382
0.752,235,241,0,30.0641,0.329048,5.76669,0,0,101,161
0.752,236,537,0,28.08,-10,5.56032,0,0,220,571
0.752,237,159,0,30.0491,0.252388,5.76513,0,0,69,330
0.752,238,993,0,28.6289,-5.24026,5.13312,0,0,430,547
0.752,239,1034,0,30.0165,0.0907768,5.2816,0,0,457,398
0.752,240,1371,0,30.0557,0.312695,5.28537,0,0,652,96
0.752,241,457,0,30.0583,0.326945,5.28562,0,0,190,661
0.752,242,1201,0,29.1047,-5.18539,5.19301,0,0,560,185
0.752,243,1240,0,28.4,-10,4.6592,0,0,576,631
0.752,244,647,0,29.8776,0.257716,4.77742,0,0,265,136
0.752,245,1002,0,30.052,0.321618,4.8046,0,0,435,513
0.752,246,1228,0,30.0326,0.173123,4.80302,0,0,572,391
0.752,247,550,0,28.4,-10,4.6592,0,0,226,385
0.752,248,683,0,28.4797,-9.19095,4.66462,0,0,283,530
0.752,249,34,0,28.56,-10,4.2048,0,0,19,678
0.752,250,398,0,29.9905,-0.256228,4.3206,0,0,165,53
0.752,251,1050,0,28.7036,-6.69641,4.20962,0,0,466,379
0.752,252,1183,0,30.0468,0.321817,4.32376,0,0,550,163
0.752,253,1333,0,30.0477,0.327725,4.32383,0,0,634,9
0.752,254,980,0,30.0455,0.312939,4.32365,0,0,425,115
0.752,255,42,0,30.0298,0.230059,3.84215,0,0,23,402
0.752,256,346,0,30.0416,0.322145,3.843,0,0,142,457
0.752,257,1088,0,30.0417,0.32318,3.84301,0,0,490,233
0.752,258,1003,0,30.0425,0.328838,3.84307,0,0,436,541
0.752,259,1227,0,28.72,-10,3.74784,0,0,571,672
0.752,260,549,0,29.8805,0.358586,3.82212,0,0,225,390
0.752,261,1031,0,29.8747,0.359188,3.34403,0,0,454,679
0.752,262,986,0,28.8857,-9.64245,3.28841,0,0,427,383
0.752,263,988,0,28.88,-10,3.28832,0,0,428,672
0.752,264,1230,0,29.9409,-0.667027,3.35654,0,0,573,569
0.752,265,11,0,29.8736,0.348079,3.34397,0,0,8,57
0.752,266,920,0,30.0263,0.271772,2.88147,0,0,394,518
0.752,267,1249,0,30.0279,0.288781,2.88157,0,0,581,432
0.752,268,535,0,29.04,-10,2.82624,0,0,219,531
0.752,269,403,0,30.0321,0.332375,2.8818,0,0,166,113
0.752,270,736,0,30.0322,0.333565,2.88181,0,0,310,508
0.752,271,538,0,29.2,-10,2.3616,0,0,221,382
0.752,272,1246,0,29.2,-10,2.3616,0,0,579,495
0.752,273,1172,0,29.8302,-2.53571,1.9131,0,0,542,375
0.752,274,33,2,29.5469,-8.68303,1.9027,0,0,18,461
0.752,275,1103,0,30.0204,0.317903,1.92082,0,0,500,334
0.752,276,268,0,29.36,-10,1.8944,0,0,111,687
0.752,277,84,0,30.0202,0.314121,1.92081,0,0,41,208
0.752,278,1353,0,30.0214,0.333083,1.92086,0,0,646,231
0.752,279,1038,0,30.0141,0.292374,1.44045,0,0,459,64
0.752,280,530,0,29.52,-10,1.42464,0,0,217,562
0.752,281,344,0,30.0161,0.334342,1.44052,0,0,140,295
0.752,282,711,0,30.0149,0.309902,1.44048,0,0,297,603
0.752,283,779,0,29.52,-10,1.42464,0,0,333,687
0.752,284,331,0,29.592,-7.84904,1.42661,0,0,136,332
0.752,285,832,0,30.0078,0.243158,0.960187,0,0,356,293
0.752,286,31,0,30.0064,0.200359,0.960154,0,0,17,55
0.752,287,1170,0,29.8458,0.362698,0.954973,0,0,541,617
0.752,288,1317,0,29.9982,-0.055684,0.959957,0,0,623,400
0.752,289,981,0,29.6917,-9.26632,0.952508,0,0,426,461
0.752,290,1086,1,29.9808,0.335649,0.959299,0,0,489,560
0.752,291,726,0,29.9815,-0.577403,0.959556,0,0,305,312
0.752,292,38,0,30.0053,0.333873,0.480085,0,0,21,90
0.752,293,1303,0,30.0043,0.270924,0.480069,0,0,614,352
0.752,294,1335,0,30.0052,0.325972,0.480083,0,0,635,51
0.752,295,1238,0,29.84,-10,0.47744,0,0,575,392
0.768,0,566,1,30.2522,0.302599,23.6229,0,0,232,680
0.768,1,271,0,30.1508,0.0784931,23.5951,0,0,113,488
0.768,2,1254,0,29.5196,-6.15236,1.86529,1,0,585,597
0.768,3,387,0,29.4786,-1.9545,23.4155,0,0,161,155
0.768,4,1050,0,30.2406,0.288447,23.6182,0,0,466,408
0.768,5,1067,0,30.2453,0.294225,23.6201,0,0,477,106
0.768,6,33,1,30.2366,0.00928038,23.6213,0,0,18,485
0.768,7,847,1,30.0301,-0.34035,23.5649,0,0,363,676
0.768,8,531,0,30.2522,0.302599,23.6229,0,0,218,532
0.768,9,843,0,29.2021,-1.33877,23.2642,0,0,362,483
0.768,10,335,2,30.2279,0.301962,23.616,0,0,137,680
0.768,11,1233,0,30.2473,0.303368,23.1389,0,0,574,478
0.768,12,1432,2,30.2202,0.30766,23.1224,0,0,689,578
0.768,13,3,1,30.0875,0.322356,23.073,0,0,2,35
0.768,14,751,0,30.0106,-0.0377669,23.0603,0,0,319,390
0.768,15,1299,1,30.2456,0.301243,23.1382,0,0,610,578
0.768,16,56,0,30.2236,0.273517,23.1294,0,0,30,542
0.768,17,257,0,30.2473,0.303368,23.1389,0,0,107,80
0.768,18,530,0,30.1236,-0.0825374,23.1065,0,0,217,532
0.768,19,682,1,28.5686,-4.67034,8.18086,1,0,533,297
0.768,20,1242,0,29.3453,-2.59271,22.9157,0,0,577,102
0.768,21,1167,0,25.9558,-10,7.34809,1,0,522,680
0.768,22,1187,0,30.2425,0.304138,22.6549,0,0,552,296
0.768,23,75,0,30.1632,0.131903,22.6335,0,0,37,679
0.768,24,140,0,30.2392,0.300012,22.6536,0,0,63,377
0.768,25,786,0,30.2408,0.301978,22.6542,0,0,336,101
0.768,26,571,0,30.2404,0.30145,22.6541,0,0,234,476
0.768,27,330,1,30.2031,0.310369,22.6376,0,0,135,339
0.768,28,449,0,30.1776,0.176607,22.6383,0,0,187,566
0.768,29,1,0,30.1066,0.128323,22.6023,0,0,1,6
0.768,30,843,0,23.4933,-6.32714,9.38748,1,0,223,565
0.768,31,1325,0,29.1996,-10,3.10711,1,0,28,279
0.768,32,749,0,30.235,0.301539,22.17,0,0,318,22
0.768,33,269,0,30.2362,0.303007,22.1705,0,0,112,675
0.768,34,810,0,30.1269,0.158595,22.129,0,0,345,46
0.768,35,1138,1,27.4906,-10,6.86875,1,0,283,122
0.768,36,1191,1,26.025,-10,6.10813,1,0,638,391
0.768,37,1124,0,30.0921,-0.58795,22.1548,0,0,511,518
0.768,38,563,0,29.9203,-0.567766,22.0716,0,0,231,297
0.768,39,561,0,29.1934,-0.795874,21.8103,0,0,229,571
0.768,40,1422,0,30.2314,0.30397,21.6867,0,0,681,675
0.768,41,901,0,30.2232,0.29287,21.6837,0,0,386,126
0.768,42,566,1,23.9963,-6.98488,4.80441,1,0,430,675
0.768,43,976,0,30.2019,0.177618,21.6819,0,0,423,237
0.768,44,1246,0,26.2446,-10,0.019636,1,0,685,230
0.768,45,986,0,30.1596,0.0905239,21.6672,0,0,427,384
0.768,46,1037,0,30.188,0.245464,21.6706,0,0,458,667
0.768,47,898,0,30.1928,0.251981,21.6724,0,0,385,549
0.768,48,1343,0,30.1743,-0.0400858,21.6733,0,0,643,88
0.768,49,708,0,29.944,-0.0858749,21.5801,0,0,296,676
0.768,50,1285,1,30.2297,0.301578,21.6861,0,0,602,558
0.768,51,311,0,30.2151,0.288923,21.1988,0,0,128,372
0.768,52,637,0,30.2178,0.292745,21.1999,0,0,262,206
0.768,53,988,0,30.0245,-0.0410027,21.1451,0,0,428,630
0.768,54,1030,0,30.2255,0.303285,21.2026,0,0,453,646
0.768,55,538,0,29.3332,-1.83738,20.9609,0,0,221,486
0.768,56,1164,0,30.2034,0.272847,21.1946,0,0,537,300
0.768,57,838,0,30.1444,0.124163,21.1842,0,0,359,565
0.768,58,654,1,30.222,0.302884,21.2021,0,0,269,106
0.768,59,43,0,30.1676,0.227473,20.7001,0,0,24,559
0.768,60,550,0,29.3662,-1.93002,20.4979,0,0,226,578
0.768,61,542,1,30.1559,0.0978483,20.7066,0,0,222,547
0.768,62,83,0,30.2197,0.239474,20.7197,0,0,40,530
0.768,63,990,0,29.736,-1.17739,20.5698,0,0,429,486
0.768,64,1284,0,30.1887,0.255627,20.7095,0,0,601,482
0.768,65,1138,0,26.3081,-10,19.8744,0,0,521,611
0.768,66,945,0,30.1789,0.244996,20.7042,0,0,405,152
0.768,67,660,0,30.2208,0.304221,20.7191,0,0,271,600
0.768,68,177,0,30.21,0.289075,20.7153,0,0,76,117
0.768,69,428,0,30.212,0.299324,20.2342,0,0,178,576
0.768,70,1187,1,25.2454,-8.89861,5.11825,1,0,553,488
0.768,71,1011,2,30.177,0.309983,20.2228,0,0,440,382
0.768,72,397,0,30.0901,-0.46352,20.2243,0,0,164,577
0.768,73,37,1,30.2164,0.308273,20.2357,0,0,20,488
0.768,74,562,0,29.1651,-2.92744,19.9489,0,0,230,673
0.768,75,1269,0,30.0456,-0.185031,20.1892,0,0,594,482
0.768,76,394,0,28.3027,-1.86964,19.6183,0,0,163,31
0.768,77,386,0,29.904,-0.205163,19.6633,0,0,160,483
0.768,78,1352,0,30.1695,-0.106991,19.7474,0,0,645,41
0.768,79,81,0,29.7603,-1.3802,19.6576,0,0,39,383
0.768,80,549,1,30.2131,0.308791,19.7528,0,0,225,548
0.768,81,1102,0,27.1463,-1.47983,18.2172,0,0,500,285
0.768,82,661,0,29.7941,-0.455255,19.16,0,0,272,599
0.768,83,625,1,30.1946,0.306007,19.2654,0,0,255,572
0.768,84,784,0,29.8071,-0.876523,18.6914,0,0,335,630
0.768,85,1423,0,30.2016,0.307923,18.7855,0,0,682,599
0.768,86,1261,1,30.1921,0.297981,18.7824,0,0,587,22
0.768,87,365,0,30.1976,0.301711,18.7843,0,0,151,369
0.768,88,790,0,30.2009,0.306757,18.7853,0,0,337,155
0.768,89,37,1,24.553,-7.82078,2.89522,1,0,426,148
0.768,90,1039,1,29.7037,-5.72175,2.57722,1,0,290,515
0.768,91,1052,1,28.0653,-10,5.62841,1,0,364,3
0.768,92,596,0,30.1407,0.308225,18.2824,0,0,244,192
0.768,93,647,1,30.1858,0.291246,18.2989,0,0,265,64
0.768,94,537,0,30.1585,0.179075,18.294,0,0,220,299
0.768,95,1274,0,29.998,0.0780922,18.2418,0,0,595,391
0.768,96,830,0,30.1956,0.306913,18.302,0,0,354,18
0.768,97,330,1,24.4435,-7.64664,4.03673,1,0,136,631
0.768,98,1246,0,30.1967,0.308718,18.3023,0,0,579,591
0.768,99,579,0,30.192,0.309876,17.8193,0,0,238,3
0.768,100,975,0,29.8532,-1.06094,17.777,0,0,422,683
0.768,101,1170,1,30.1905,0.307493,17.8188,0,0,541,142
0.768,102,1385,0,30.1719,0.276864,17.8131,0,0,660,365
0.768,103,1268,0,30.1915,0.309092,17.8191,0,0,593,101
0.768,104,547,1,30.0218,-0.22987,17.7856,0,0,224,296
0.768,105,1045,1,28.2126,-10,4.2516,1,0,464,296
0.768,106,1006,0,30.1831,0.303926,17.335,0,0,438,233
0.768,107,1240,0,29.8282,-0.67869,17.2491,0,0,576,300
0.768,108,1209,0,26.886,-10,16.33,0,0,563,569
0.768,109,605,0,30.1838,0.305165,17.3352,0,0,247,7
0.768,110,1338,1,26.5247,-10,1.44039,1,0,19,99
0.768,111,721,0,26.6079,-7.52267,16.051,0,0,303,483
0.768,112,933,0,30.1725,0.294785,16.8504,0,0,399,622
0.768,113,1052,0,30.1822,0.311613,16.8532,0,0,467,3
0.768,114,392,0,30.1172,0.109432,16.3568,0,0,162,611
0.768,115,1323,0,30.1754,0.309231,16.3698,0,0,626,118
0.768,116,220,0,30.1686,0.296974,16.3679,0,0,92,16
0.768,117,1401,0,30.1722,0.242425,16.3699,0,0,670,229
0.768,118,276,0,30.1782,0.314292,16.3706,0,0,115,677
0.768,119,1031,1,30.172,0.312832,15.8874,0,0,454,599
0.768,120,328,0,30.1685,0.306344,15.8864,0,0,134,615
0.768,121,584,0,30.0586,0.108166,15.8561,0,0,240,636
0.768,122,1366,0,30.1519,0.275631,15.8819,0,0,651,556
0.768,123,268,0,29.9811,-0.343742,15.3667,0,0,111,64
0.768,124,226,0,30.1643,0.308481,15.4039,0,0,95,626
0.768,125,1267,0,29.9956,-10,15.4003,0,0,592,202
0.768,126,1104,0,30.1629,0.305924,15.4036,0,0,501,447
0.768,127,1409,0,27.6816,-10,7.29923,1,0,673,668
0.768,128,66,0,29.9402,-0.138795,14.8689,0,0,34,204
0.768,129,1100,1,30.0342,0.301598,14.8601,0,0,499,99
0.768,130,320,0,30.1442,0.289337,14.4362,0,0,132,630
0.768,131,445,0,30.146,0.172193,14.4371,0,0,186,125
0.768,132,949,0,30.1247,0.21585,14.4319,0,0,406,204
0.768,133,454,0,30.1536,0.308317,14.4385,0,0,189,263
0.768,134,766,0,30.0899,0.181911,14.4225,0,0,327,99
0.768,135,1191,1,28.0988,0.514486,13.4628,0,0,554,226
0.768,136,940,0,30.1048,-0.279274,13.9492,0,0,403,294
0.768,137,682,0,30.1509,0.313881,13.9566,0,0,282,485
0.768,138,60,0,30.1499,0.31181,13.9564,0,0,32,45
0.768,139,469,0,30.1496,0.311243,13.9563,0,0,193,104
0.768,140,73,0,30.1423,0.306837,13.4734,0,0,36,636
0.768,141,535,0,30.1479,0.319069,13.4747,0,0,219,531
0.768,142,530,0,26.3287,-2.09673,12.4538,0,0,217,481
0.768,143,11,1,30.1469,0.316994,13.4745,0,0,8,19
0.768,144,764,0,30.144,0.310599,13.4738,0,0,325,307
0.768,145,553,1,28.1857,-2.47105,13,0,0,227,341
0.768,146,1299,0,29.9917,0.340095,13.4027,0,0,610,31
0.768,147,126,0,30.1444,0.311581,13.4739,0,0,56,548
0.768,148,531,0,26.5723,-2.0344,12.0561,0,0,218,476
0.768,149,854,0,30.1158,0.223173,12.9883,0,0,366,395
0.768,150,330,0,29.9582,0.272658,12.9169,0,0,135,101
0.768,151,1337,0,30.0554,0.0823708,12.976,0,0,637,97
0.768,152,297,0,30.1354,0.303119,12.9907,0,0,123,471
0.768,153,1294,0,30.1188,0.269915,12.5059,0,0,607,22
0.768,154,566,0,29.9821,0.344897,12.4433,0,0,232,566
0.768,155,1167,0,30.1364,0.317712,12.5098,0,0,539,479
0.768,156,1282,0,30.1377,0.320674,12.51,0,0,600,338
0.768,157,362,0,30.1312,0.271473,12.5087,0,0,149,83
0.768,158,775,0,28.8573,-2.61404,12.229,0,0,331,133
0.768,159,749,0,26.4613,-2.44048,11.6154,0,0,318,299
0.768,160,831,0,29.851,-0.316738,11.9674,0,0,355,246
0.768,161,1319,0,30.1218,0.295146,12.0256,0,0,624,506
0.768,162,802,0,30.1213,0.293821,12.0255,0,0,342,306
0.768,163,931,0,30.1293,0.313596,12.0272,0,0,398,48
0.768,164,17,0,30.1293,0.31368,12.0272,0,0,12,15
0.768,165,480,0,30.1217,0.2949,12.0256,0,0,196,79
0.768,166,33,0,29.9766,0.34575,11.9636,0,0,18,486
0.768,167,271,0,26.7223,-2.73921,11.215,0,0,113,156
0.768,168,77,0,29.6622,-1.60788,11.4705,0,0,38,479
0.768,169,236,0,30.1253,0.317067,11.5453,0,0,99,374
0.768,170,779,0,30.1247,0.315442,11.5452,0,0,333,105
0.768,171,185,1,30.1212,0.312453,11.5441,0,0,79,516
0.768,172,847,0,29.9655,-0.274024,11.5189,0,0,363,477
0.768,173,1138,1,28.7077,-3.4258,10.7759,0,0,521,673
0.768,174,1432,0,29.8052,-0.456349,11.0063,0,0,689,297
0.768,175,126,1,29.9635,0.341748,0.453036,1,0,514,330
0.768,176,83,0,26.7269,-4.48063,9.92064,0,0,40,381
0.768,177,335,0,29.9458,0.29803,10.5229,0,0,137,385
0.768,178,786,0,26.979,-3.49227,9.93846,0,0,336,338
0.768,179,1192,0,30.1171,0.323904,10.5817,0,0,555,549
0.768,180,1238,0,29.5049,-1.56056,10.4755,0,0,575,532
0.768,181,1392,0,30.1083,0.314306,10.0992,0,0,665,462
0.768,182,1032,0,30.1111,0.322368,10.0997,0,0,455,298
0.768,183,648,0,30.1108,0.321712,10.0997,0,0,266,508
0.768,184,394,0,26.64,-10,9.48864,0,0,163,477
0.768,185,1045,0,29.9462,-0.131272,10.0726,0,0,463,390
0.768,186,37,0,29.9277,0.267918,10.0411,0,0,20,156
0.768,187,1188,0,28.1222,-1.29234,9.62921,0,0,553,530
0.768,188,387,0,26.8691,-5.76953,9.4977,0,0,161,672
0.768,189,286,0,30.1109,0.321888,10.0997,0,0,119,301
0.768,190,563,0,26.8877,-5.10402,9.49794,0,0,231,340
0.768,191,428,0,26.7963,-5.40438,9.49292,0,0,178,100
0.768,192,990,0,26.8232,-8.5475,9.06277,0,0,429,298
0.768,193,81,0,26.8,-10,9.0624,0,0,39,340
0.768,194,1011,1,29.9224,0.349932,9.56234,0,0,440,482
0.768,195,760,0,30.1031,0.314607,9.61747,0,0,323,598
0.768,196,699,0,30.0856,0.27465,9.1338,0,0,292,635
0.768,197,544,0,26.96,-10,8.6336,0,0,223,392
0.768,198,1338,0,28.5787,-1.4814,8.8135,0,0,638,623
0.768,199,1242,0,27.046,-7.36256,8.6359,0,0,577,338
0.768,200,1422,0,27.2269,-4.86094,8.64384,0,0,681,97
0.768,201,1154,0,27.9968,-3.19695,8.7343,0,0,533,678
0.768,202,784,0,27.12,-10,8.20224,0,0,335,481
0.768,203,848,0,28.2512,-3.1971,8.32143,0,0,364,340
0.768,204,751,0,27.4143,-5.07475,8.21497,0,0,319,384
0.768,205,960,0,29.9581,-0.334989,8.63656,0,0,414,631
0.768,206,1424,0,27.7535,-7.35197,8.29235,0,0,683,485
0.768,207,157,0,30.0888,0.32005,8.17288,0,0,68,280
0.768,208,257,0,27.6482,-4.6311,7.78616,0,0,107,14
0.768,209,254,0,30.0892,0.321454,8.17293,0,0,106,142
0.768,210,1004,0,28.1796,-3.52353,7.84896,0,0,437,640
0.768,211,957,0,30.0849,0.32565,7.69163,0,0,411,573
0.768,212,772,0,30.0661,0.253249,7.68904,0,0,330,439
0.768,213,1123,1,30.0752,0.316157,7.69001,0,0,511,76
0.768,214,1269,0,27.4595,-8.78126,7.33215,0,0,594,567
0.768,215,1315,0,30.0837,0.320952,7.69146,0,0,622,517
0.768,216,672,0,30.0803,0.307583,7.69099,0,0,277,652
0.768,217,861,0,30.0775,0.296762,7.6906,0,0,369,644
0.768,218,44,0,30.0805,0.329618,7.21036,0,0,25,595
0.768,219,1233,0,27.9025,-5.13679,6.90633,0,0,574,378
0.768,220,75,0,27.8226,-5.67629,6.90134,0,0,37,568
0.768,221,547,0,29.8789,0.167479,7.16633,0,0,224,478
0.768,222,1140,0,27.6,-10,6.8928,0,0,522,339
0.768,223,269,0,27.804,-5.74405,6.9002,0,0,112,677
0.768,224,880,0,30.0274,0.122137,6.72329,0,0,376,346
0.768,225,890,0,29.9948,-0.0258371,6.7194,0,0,382,378
0.768,226,542,0,30.0293,0.128631,6.72353,0,0,222,676
0.768,227,971,0,30.0742,0.326024,6.72896,0,0,420,220
0.768,228,561,0,27.76,-10,6.4512,0,0,229,481
0.768,229,719,0,30.0362,0.115008,6.72475,0,0,302,547
0.768,230,1285,0,29.9143,0.351794,6.69252,0,0,602,381
0.768,231,1046,0,28.1896,-7.08713,6.0311,0,0,464,100
0.768,232,695,0,29.9044,0.330954,6.21345,0,0,290,358
0.768,233,183,0,30.0692,0.327666,6.24779,0,0,78,628
0.768,234,386,0,27.92,-10,6.00704,0,0,160,382
0.768,235,241,0,30.0693,0.328227,6.2478,0,0,101,161
0.768,236,537,0,27.92,-10,6.00704,0,0,220,571
0.768,237,159,0,30.0531,0.251779,6.24598,0,0,69,330
0.768,238,993,0,28.5507,-4.89019,5.58993,0,0,430,547
0.768,239,1034,0,30.0179,0.0902282,5.76188,0,0,457,398
0.768,240,1371,0,30.0607,0.311899,5.76635,0,0,652,96
0.768,241,457,0,30.0635,0.326127,5.76663,0,0,190,661
0.768,242,1201,0,29.0201,-5.28399,5.65733,0,0,560,185
0.768,243,1240,0,28.24,-10,5.11104,0,0,576,631
0.768,244,647,0,29.8817,0.256959,5.25552,0,0,265,136
0.768,245,1002,0,30.0572,0.320808,5.28551,0,0,435,513
0.768,246,1228,0,30.0352,0.167971,5.28358,0,0,572,391
0.768,247,550,0,28.24,-10,5.11104,0,0,226,385
0.768,248,683,0,28.3335,-9.13679,5.11796,0,0,283,530
0.768,249,34,0,28.4,-10,4.6592,0,0,19,678
0.768,250,398,0,29.9865,-0.253017,4.80039,0,0,165,53
0.768,251,1050,0,28.6055,-6.13049,4.6673,0,0,466,379
0.768,252,1183,0,30.0519,0.321007,4.80459,0,0,550,163
0.768,253,1333,0,30.0529,0.326905,4.80467,0,0,634,9
0.768,254,980,0,30.0505,0.312141,4.80446,0,0,425,115
0.768,255,42,0,30.0334,0.229361,4.32269,0,0,23,402
0.768,256,346,0,30.0467,0.321333,4.32375,0,0,142,457
0.768,257,1088,0,30.0469,0.322367,4.32376,0,0,490,233
0.768,258,1003,0,30.0477,0.328016,4.32383,0,0,436,541
0.768,259,1227,0,28.56,-10,4.2048,0,0,571,672
0.768,260,549,0,29.8862,0.357709,4.30029,0,0,225,390
0.768,261,1031,0,29.8804,0.35831,3.82211,0,0,454,679
0.768,262,986,0,28.7475,-8.64069,3.74837,0,0,427,383
0.768,263,988,0,28.72,-10,3.74784,0,0,428,672
0.768,264,1230,0,29.9294,-0.715773,3.83541,0,0,573,569
0.768,265,11,0,29.8792,0.347217,3.82203,0,0,8,57
0.768,266,920,0,30.0306,0.271093,3.36196,0,0,394,518
0.768,267,1249,0,30.0325,0.288013,3.36209,0,0,581,432
0.768,268,535,0,28.88,-10,3.28832,0,0,219,531
0.768,269,403,0,30.0374,0.331547,3.3624,0,0,166,113
0.768,270,736,0,30.0375,0.332735,3.36241,0,0,310,508
0.768,271,538,0,29.04,-10,2.82624,0,0,221,382
0.768,272,1246,0,29.04,-10,2.82624,0,0,579,495
0.768,273,1172,0,29.7908,-2.46211,2.38976,0,0,542,375
0.768,274,33,1,29.5535,0.409714,2.37555,0,0,18,461
0.768,275,1103,0,30.0255,0.317095,2.40123,0,0,500,334
0.768,276,268,0,29.2,-10,2.3616,0,0,111,687
0.768,277,84,0,30.0252,0.313319,2.40121,0,0,41,208
0.768,278,1353,0,30.0267,0.332254,2.40128,0,0,646,231
0.768,279,1038,0,30.0187,0.2916,1.92075,0,0,459,64
0.768,280,530,0,29.36,-10,1.8944,0,0,217,562
0.768,281,344,0,30.0214,0.33351,1.92086,0,0,140,295
0.768,282,711,0,30.0199,0.309104,1.9208,0,0,297,603
0.768,283,779,0,29.36,-10,1.8944,0,0,333,687
0.768,284,331,0,29.4754,-7.29139,1.89821,0,0,136,332
0.768,285,832,0,30.0117,0.24258,1.44037,0,0,356,293
0.768,286,31,0,30.0096,0.199688,1.44031,0,0,17,55
0.768,287,1170,0,29.8516,0.361813,1.4326,0,0,541,617
0.768,288,1317,0,29.9973,-0.0544706,1.43991,0,0,623,400
0.768,289,981,0,29.5553,-8.52965,1.42539,0,0,426,461
0.768,290,1086,1,29.9861,0.334812,1.43908,0,0,489,560
0.768,291,726,0,29.9723,-0.576919,1.43911,0,0,305,312
0.768,292,38,0,30.0107,0.333041,0.960256,0,0,21,90
0.768,293,1303,0,30.0087,0.270254,0.960208,0,0,614,352
0.768,294,1335,0,30.0104,0.325152,0.96025,0,0,635,51
0.768,295,1238,0,29.68,-10,0.95232,0,0,575,392
0.768,296,347,0,30.0046,0.288677,0.480074,0,0,143,126
0.768,297,813,0,30.0052,0.323585,0.480083,0,0,346,87
0.768,298,1067,0,29.868,-8.24738,0.477889,0,0,477,500
0.768,299,1079,0,29.9131,-5.4339,0.478609,0,0,484,644
0.768,300,1142,0,30.0054,0.338741,0.480087,0,0,523,341
0.784,0,566,1,30.257,0.301833,24.107,0,0,232,680
0.784,1,271,0,30.1521,0.0783978,24.0775,0,0,113,488
0.784,2,1254,0,29.4227,-6.05276,2.33605,1,0,585,597
0.784,3,387,0,29.4461,-2.03171,23.8867,0,0,161,155
0.784,4,1050,0,30.2452,0.287703,24.1021,0,0,466,408
0.784,5,1067,0,30.25,0.293473,24.1041,0,0,477,106
0.784,6,33,2,30.2415,0.304292,24.1051,0,0,18,485
0.784,7,847,1,30.0241,-0.372202,24.0452,0,0,363,676
0.784,8,531,0,30.257,0.301833,24.107,0,0,218,532
0.784,9,843,0,29.181,-1.31659,23.7311,0,0,362,483
0.784,10,335,2,30.2328,0.301195,24.0997,0,0,137,680
0.784,11,1233,0,30.2522,0.302599,23.6229,0,0,574,478
0.784,12,1432,2,30.2251,0.306883,23.606,0,0,689,578
0.784,13,3,1,30.0926,0.321547,23.5545,0,0,2,35
0.784,14,751,0,30.01,-0.0367127,23.5405,0,0,319,390
0.784,15,1299,1,30.2504,0.300478,23.6222,0,0,610,578
0.784,16,56,0,30.2279,0.272795,23.6131,0,0,30,542
0.784,17,257,0,30.2522,0.302599,23.6229,0,0,107,80
0.784,18,530,0,30.122,-0.0990742,23.5884,0,0,217,532
0.784,19,682,1,28.4949,-4.60621,8.63678,1,0,533,297
0.784,20,1242,0,29.3013,-2.74801,23.3846,0,0,577,102
0.784,21,1167,0,25.7958,-10,7.76082,1,0,522,680
0.784,22,1187,0,30.2473,0.303368,23.1389,0,0,552,296
0.784,23,75,0,30.1653,0.129538,23.1162,0,0,37,679
0.784,24,140,0,30.244,0.299249,23.1375,0,0,63,377
0.784,25,786,0,30.2456,0.301212,23.1382,0,0,336,101
0.784,26,571,0,30.2452,0.300685,23.138,0,0,234,476
0.784,27,330,1,30.2081,0.309586,23.1209,0,0,135,339
0.784,28,449,0,30.1804,0.176134,23.1212,0,0,187,566
0.784,29,1,0,30.1087,0.127756,23.084,0,0,1,6
0.784,30,843,0,23.3942,-6.19351,9.76178,1,0,223,565
0.784,31,1325,0,29.0396,-10,3.57175,1,0,28,279
0.784,32,749,0,30.2398,0.300774,22.6539,0,0,318,22
0.784,33,269,0,30.241,0.302238,22.6543,0,0,112,675
0.784,34,810,0,30.1295,0.157998,22.6111,0,0,345,46
0.784,35,1138,1,27.3306,-10,7.30604,1,0,283,122
0.784,36,1191,1,25.865,-10,6.52197,1,0,638,391
0.784,37,1124,0,30.0829,-0.580342,22.6362,0,0,511,518
0.784,38,563,0,29.9105,-0.608431,22.5501,0,0,231,297
0.784,39,561,0,29.181,-0.78067,22.2772,0,0,229,571
0.784,40,1422,0,30.2363,0.303199,22.1705,0,0,681,675
0.784,41,901,0,30.2278,0.292118,22.1673,0,0,386,126
0.784,42,566,1,23.887,-6.82878,5.1866,1,0,430,675
0.784,43,976,0,30.2048,0.177273,22.1652,0,0,423,237
0.784,44,1246,0,26.0846,-10,0.436989,1,0,685,230
0.784,45,986,0,30.1609,0.0809944,22.1497,0,0,427,384
0.784,46,1037,0,30.1919,0.244775,22.1537,0,0,458,667
0.784,47,898,0,30.1969,0.251284,22.1555,0,0,385,549
0.784,48,1343,0,30.1737,-0.0391184,22.1561,0,0,643,88
0.784,49,708,0,29.9426,-0.0862408,22.0592,0,0,296,676
0.784,50,1285,1,30.2345,0.300812,22.1698,0,0,602,558
0.784,51,311,0,30.2197,0.288177,21.6824,0,0,128,372
0.784,52,637,0,30.2225,0.291992,21.6834,0,0,262,206
0.784,53,988,0,30.0239,-0.0404781,21.6255,0,0,428,630
0.784,54,1030,0,30.2304,0.302515,21.6863,0,0,453,646
0.784,55,538,0,29.3045,-1.79205,21.4298,0,0,221,486
0.784,56,1164,0,30.2078,0.272122,21.6779,0,0,537,300
0.784,57,838,0,30.1464,0.124063,21.6666,0,0,359,565
0.784,58,654,1,30.2268,0.302115,21.6857,0,0,269,106
0.784,59,43,0,30.1712,0.226396,21.1828,0,0,24,559
0.784,60,550,0,29.3353,-1.93254,20.9673,0,0,226,578
0.784,61,542,1,30.1574,0.0970965,21.1891,0,0,222,547
0.784,62,83,0,30.2235,0.238075,21.2033,0,0,40,530
0.784,63,990,0,29.716,-1.25331,21.0453,0,0,429,486
0.784,64,1284,0,30.1928,0.254988,21.1926,0,0,601,482
0.784,65,1138,0,26.1481,-10,20.2927,0,0,521,611
0.784,66,945,0,30.1828,0.244305,21.1871,0,0,405,152
0.784,67,660,0,30.2256,0.30345,21.2027,0,0,271,600
0.784,68,177,0,30.2146,0.288327,21.1987,0,0,76,117
0.784,69,428,0,30.2168,0.298561,20.7176,0,0,178,576
0.784,70,1187,1,25.1067,-8.66729,5.51996,1,0,553,488
0.784,71,1011,2,30.182,0.3092,20.7057,0,0,440,382
0.784,72,397,0,30.0827,-0.460924,20.7057,0,0,164,577
0.784,73,37,1,30.2213,0.307495,20.7192,0,0,20,488
0.784,74,562,0,29.1164,-3.04293,20.4148,0,0,230,673
0.784,75,1269,0,30.0423,-0.20269,20.6699,0,0,594,482
0.784,76,394,0,28.2705,-2.01447,20.0706,0,0,163,31
0.784,77,386,0,29.9007,-0.203235,20.1417,0,0,160,483
0.784,78,1352,0,30.1678,-0.105476,20.2301,0,0,645,41
0.784,79,81,0,29.7368,-1.46531,20.1334,0,0,39,383
0.784,80,549,1,30.218,0.308011,20.2363,0,0,225,548
0.784,81,1102,0,27.1241,-1.38618,18.6511,0,0,500,285
0.784,82,661,0,29.7868,-0.451868,19.6365,0,0,272,599
0.784,83,625,1,30.1995,0.305232,19.7486,0,0,255,572
0.784,84,784,0,29.7929,-0.888598,19.1681,0,0,335,630
0.784,85,1423,0,30.2065,0.307145,19.2688,0,0,682,599
0.784,86,1261,1,30.1969,0.297218,19.2656,0,0,587,22
0.784,87,365,0,30.2024,0.300943,19.2675,0,0,151,369
0.784,88,790,0,30.2058,0.305981,19.2686,0,0,337,155
0.784,89,37,1,24.4309,-7.6334,3.28612,1,0,426,148
0.784,90,1039,1,29.6135,-5.6334,3.05104,1,0,290,515
0.784,91,1052,1,27.9053,-10,6.07489,1,0,364,3
0.784,92,596,0,30.1456,0.307442,18.7647,0,0,244,192
0.784,93,647,1,30.1904,0.290493,18.7819,0,0,265,64
0.784,94,537,0,30.1612,0.17073,18.7766,0,0,220,299
0.784,95,1274,0,29.9991,0.0655167,18.7218,0,0,595,391
0.784,96,830,0,30.2005,0.306136,18.7852,0,0,354,18
0.784,97,330,1,24.3241,-7.46599,4.42591,1,0,136,631
0.784,98,1246,0,30.2016,0.307938,18.7855,0,0,579,591
0.784,99,579,0,30.1969,0.309094,18.3024,0,0,238,3
0.784,100,975,0,29.8365,-1.04263,18.2544,0,0,422,683
0.784,101,1170,1,30.1954,0.306715,18.3019,0,0,541,142
0.784,102,1385,0,30.1764,0.27613,18.2959,0,0,660,365
0.784,103,1268,0,30.1965,0.308311,18.3022,0,0,593,101
0.784,104,547,1,30.018,-0.235759,18.2659,0,0,224,296
0.784,105,1045,1,28.0526,-10,4.70045,1,0,464,296
0.784,106,1006,0,30.1879,0.303153,17.818,0,0,438,233
0.784,107,1240,0,29.8163,-0.743705,17.7262,0,0,576,300
0.784,108,1209,0,26.726,-10,16.7576,0,0,563,569
0.784,109,605,0,30.1887,0.30439,17.8182,0,0,247,7
0.784,110,1338,1,26.3647,-10,1.86222,1,0,19,99
0.784,111,721,0,26.4891,-7.4247,16.4748,0,0,303,483
0.784,112,933,0,30.1772,0.294026,17.3332,0,0,399,622
0.784,113,1052,0,30.1871,0.310827,17.3362,0,0,467,3
0.784,114,392,0,30.1188,0.100295,16.8387,0,0,162,611
0.784,115,1323,0,30.1803,0.308449,16.8527,0,0,626,118
0.784,116,220,0,30.1733,0.296211,16.8506,0,0,92,16
0.784,117,1401,0,30.176,0.241828,16.8528,0,0,670,229
0.784,118,276,0,30.1833,0.313501,16.8535,0,0,115,677
0.784,119,1031,1,30.177,0.312043,16.3702,0,0,454,599
0.784,120,328,0,30.1734,0.305566,16.3692,0,0,134,615
0.784,121,584,0,30.0604,0.107987,16.337,0,0,240,636
0.784,122,1366,0,30.1563,0.274896,16.3644,0,0,651,556
0.784,123,268,0,29.9754,-0.356755,15.8463,0,0,111,64
0.784,124,226,0,30.1692,0.3077,15.8866,0,0,95,626
0.784,125,1267,0,29.8356,-10,15.8776,0,0,592,202
0.784,126,1104,0,30.1678,0.305147,15.8863,0,0,501,447
0.784,127,1409,0,27.5216,-10,7.73957,1,0,673,668
0.784,128,66,0,29.938,-0.136799,15.3479,0,0,34,204
0.784,129,1100,1,30.039,0.300814,15.3407,0,0,499,99
0.784,130,320,0,30.1489,0.288583,14.9186,0,0,132,630
0.784,131,445,1,30.1507,0.296503,14.9195,0,0,186,125
0.784,132,949,0,30.1281,0.215368,14.9139,0,0,406,204
0.784,133,454,0,30.1585,0.307535,14.9211,0,0,189,263
0.784,134,766,0,30.0928,0.181544,14.904,0,0,327,99
0.784,135,33,1,27.9388,-10,0.221772,1,0,554,226
0.784,136,940,0,30.1004,-0.276222,14.4308,0,0,403,294
0.784,137,682,0,30.1559,0.31309,14.4391,0,0,282,485
0.784,138,60,0,30.1549,0.311022,14.4389,0,0,32,45
0.784,139,469,0,30.129,-1.2893,14.4384,0,0,193,104
0.784,140,73,0,30.1472,0.306056,13.9557,0,0,36,636
0.784,141,535,0,30.153,0.318269,13.9571,0,0,219,531
0.784,142,530,0,26.2992,-1.84391,12.8745,0,0,217,481
0.784,143,11,1,30.152,0.316198,13.9569,0,0,8,19
0.784,144,764,0,30.149,0.309813,13.9562,0,0,325,307
0.784,145,847,1,28.1477,-2.37748,0.377318,1,0,227,341
0.784,146,1299,0,29.9972,0.339252,13.8826,0,0,610,31
0.784,147,126,0,30.1494,0.310793,13.9563,0,0,56,548
0.784,148,531,0,26.5437,-1.79116,12.4808,0,0,218,476
0.784,149,854,0,30.1193,0.222612,13.4702,0,0,366,395
0.784,150,330,0,29.9625,0.271979,13.3963,0,0,135,101
0.784,151,1337,0,30.0567,0.0825663,13.4569,0,0,637,97
0.784,152,297,0,30.1402,0.302344,13.4729,0,0,123,471
0.784,153,1294,0,30.1231,0.269241,12.9879,0,0,607,22
0.784,154,566,0,29.9876,0.344047,12.9231,0,0,232,566
0.784,155,1167,0,30.1415,0.316914,12.992,0,0,539,479
0.784,156,1282,0,30.1428,0.319871,12.9923,0,0,600,338
0.784,157,362,0,30.1355,0.27079,12.9909,0,0,149,83
0.784,158,775,0,28.8156,-2.60437,12.6901,0,0,331,133
0.784,159,749,0,26.4278,-2.0926,12.0382,0,0,318,299
0.784,160,831,0,29.846,-0.312527,12.4449,0,0,355,246
0.784,161,1319,0,30.1265,0.294381,12.5076,0,0,624,506
0.784,162,802,0,30.1259,0.293058,12.5075,0,0,342,306
0.784,163,931,0,30.1343,0.312804,12.5093,0,0,398,48
0.784,164,17,0,30.1343,0.312888,12.5093,0,0,12,15
0.784,165,480,0,30.1264,0.294135,12.5076,0,0,196,79
0.784,166,33,0,29.9821,0.344897,12.4433,0,0,18,486
0.784,167,271,0,26.6831,-2.44851,11.6419,0,0,113,156
0.784,168,77,0,29.6354,-1.67633,11.9447,0,0,38,479
0.784,169,236,0,30.1304,0.316269,12.0274,0,0,99,374
0.784,170,779,0,30.1297,0.314647,12.0273,0,0,333,105
0.784,171,185,1,30.1262,0.311662,12.0261,0,0,79,516
0.784,172,847,0,29.961,-0.282659,11.9983,0,0,363,477
0.784,173,1138,1,28.6527,-3.4371,11.2344,0,0,521,673
0.784,174,1432,0,29.798,-0.450118,11.4831,0,0,689,297
0.784,175,126,1,29.8035,-10,0.929892,1,0,514,330
0.784,176,83,0,26.6664,-3.78202,10.3473,0,0,40,381
0.784,177,335,0,29.9506,0.297289,11.0021,0,0,137,385
0.784,178,786,0,26.9296,-3.09235,10.3693,0,0,336,338
0.784,179,1192,0,30.1222,0.323094,11.0637,0,0,555,549
0.784,180,1238,0,29.4801,-1.55255,10.9472,0,0,575,532
0.784,181,1392,0,30.1133,0.313511,10.581,0,0,665,462
0.784,182,1032,0,30.1162,0.32156,10.5816,0,0,455,298
0.784,183,648,0,30.116,0.320906,10.5815,0,0,266,508
0.784,184,394,0,26.48,-10,9.91232,0,0,163,477
0.784,185,1045,0,29.9441,-0.12956,10.5517,0,0,463,390
0.784,186,37,0,29.932,0.267274,10.52,0,0,20,156
0.784,187,1188,0,28.1023,-1.24466,10.0789,0,0,553,530
0.784,188,387,0,26.7841,-5.30687,9.92625,0,0,161,672
0.784,189,286,0,30.116,0.321082,10.5815,0,0,119,301
0.784,190,563,0,26.8152,-4.53092,9.92699,0,0,231,340
0.784,191,428,0,26.7244,-4.49563,9.92051,0,0,178,100
0.784,192,990,0,26.7072,-7.24993,9.49009,0,0,429,298
0.784,193,81,0,26.6518,-9.25955,9.48883,0,0,39,340
0.784,194,1011,1,29.9266,0.26039,10.0412,0,0,440,482
0.784,195,760,0,30.1081,0.313812,10.0992,0,0,323,598
0.784,196,699,0,30.0899,0.273907,9.61524,0,0,292,635
0.784,197,544,0,26.8,-10,9.0624,0,0,223,392
0.784,198,1338,0,28.5557,-1.43664,9.27039,0,0,638,623
0.784,199,1242,0,26.9381,-6.74636,9.06691,0,0,577,338
0.784,200,1422,0,27.1586,-4.27031,9.07838,0,0,681,97
0.784,201,1154,0,27.9488,-3.0001,9.18148,0,0,533,678
0.784,202,784,0,26.96,-10,8.6336,0,0,335,481
0.784,203,848,0,28.2029,-3.01706,8.77268,0,0,364,340
0.784,204,751,0,27.341,-4.58065,8.65242,0,0,319,384
0.784,205,960,0,29.9525,-0.348961,9.1158,0,0,414,631
0.784,206,1424,0,27.6368,-7.2924,8.73454,0,0,683,485
0.784,207,157,0,30.0939,0.319245,8.65438,0,0,68,280
0.784,208,257,0,27.5812,-4.18793,8.22746,0,0,107,14
0.784,209,254,0,30.0943,0.320647,8.65444,0,0,106,142
0.784,210,1004,0,28.1267,-3.30603,8.29898,0,0,437,640
0.784,211,957,0,30.0901,0.324836,8.17307,0,0,411,573
0.784,212,772,0,30.0701,0.252622,8.17016,0,0,330,439
0.784,213,1123,1,30.0803,0.315357,8.17129,0,0,511,76
0.784,214,1269,0,27.3396,-7.49563,7.76959,0,0,594,567
0.784,215,1315,0,30.0889,0.320145,8.17288,0,0,622,517
0.784,216,672,0,30.0852,0.306796,8.17235,0,0,277,652
0.784,217,861,0,30.0822,0.29599,8.17192,0,0,369,644
0.784,218,44,0,30.0858,0.328797,7.69174,0,0,25,595
0.784,219,1233,0,27.8279,-4.66301,7.35158,0,0,574,378
0.784,220,75,0,27.7406,-5.12564,7.34519,0,0,37,568
0.784,221,547,0,29.8816,0.166449,7.64443,0,0,224,478
0.784,222,1140,0,27.44,-10,7.33184,0,0,522,339
0.784,223,269,0,27.7217,-5.14755,7.34375,0,0,112,677
0.784,224,880,0,30.0293,0.122107,7.20376,0,0,376,346
0.784,225,890,0,29.9944,-0.0262589,7.19931,0,0,382,378
0.784,226,542,0,30.0313,0.128331,7.20403,0,0,222,676
0.784,227,971,0,30.0794,0.325209,7.21023,0,0,420,220
0.784,228,561,0,27.6,-10,6.8928,0,0,229,481
0.784,229,719,0,30.0379,0.107778,7.20536,0,0,302,547
0.784,230,1285,0,29.9199,0.350929,7.17124,0,0,602,381
0.784,231,1046,0,28.0865,-6.44212,6.48048,0,0,464,100
0.784,232,695,0,29.9097,0.330118,6.69201,0,0,290,358
0.784,233,183,0,30.0744,0.326848,6.72898,0,0,78,628
0.784,234,386,0,27.76,-10,6.4512,0,0,160,382
0.784,235,241,0,30.0745,0.327408,6.72899,0,0,101,161
0.784,236,537,0,27.76,-10,6.4512,0,0,220,571
0.784,237,159,0,30.0572,0.251171,6.72689,0,0,69,330
0.784,238,993,0,28.4775,-4.57226,6.04557,0,0,430,547
0.784,239,1034,0,30.0193,0.0896802,6.24219,0,0,457,398
0.784,240,1371,0,30.0657,0.311104,6.2474,0,0,652,96
0.784,241,457,0,30.0687,0.325311,6.24773,0,0,190,661
0.784,242,1201,0,28.9341,-5.3801,6.12028,0,0,560,185
0.784,243,1240,0,28.08,-10,5.56032,0,0,576,631
0.784,244,647,0,29.8858,0.256204,5.73369,0,0,265,136
0.784,245,1002,0,30.0623,0.32,5.76651,0,0,435,513
0.784,246,1228,0,30.0379,0.163206,5.76419,0,0,572,391
0.784,247,550,0,28.08,-10,5.56032,0,0,226,385
0.784,248,683,0,28.1881,-9.08586,5.56897,0,0,283,530
0.784,249,34,0,28.24,-10,5.11104,0,0,19,678
0.784,250,398,0,29.9825,-0.249836,5.28011,0,0,165,53
0.784,251,1050,0,28.5154,-5.63156,5.12355,0,0,466,379
0.784,252,1183,0,30.0571,0.320197,5.2855,0,0,550,163
0.784,253,1333,0,30.0581,0.326087,5.2856,0,0,634,9
0.784,254,980,0,30.0555,0.311345,5.28535,0,0,425,115
0.784,255,42,0,30.0371,0.228664,4.80328,0,0,23,402
0.784,256,346,0,30.0519,0.320523,4.80458,0,0,142,457
0.784,257,1088,0,30.052,0.321555,4.8046,0,0,490,233
0.784,258,1003,0,30.0529,0.327196,4.80468,0,0,436,541
0.784,259,1227,0,28.4,-10,4.6592,0,0,571,672
0.784,260,549,0,29.8919,0.356834,4.77856,0,0,225,390
0.784,261,1031,0,29.8861,0.357433,4.30029,0,0,454,679
0.784,262,986,0,28.6228,-7.78975,4.20634,0,0,427,383
0.784,263,988,0,28.5752,-9.05171,4.20504,0,0,428,672
0.784,264,1230,0,29.9172,-0.76536,4.31409,0,0,573,569
0.784,265,11,0,29.8847,0.346356,4.30019,0,0,8,57
0.784,266,920,0,30.0349,0.270415,3.84252,0,0,394,518
0.784,267,1249,0,30.0371,0.287246,3.84268,0,0,581,432
0.784,268,535,0,28.72,-10,3.74784,0,0,219,531
0.784,269,403,0,30.0427,0.330721,3.84308,0,0,166,113
0.784,270,736,0,30.0429,0.331907,3.84309,0,0,310,508
0.784,271,538,0,28.88,-10,3.28832,0,0,221,382
0.784,272,1246,0,28.88,-10,3.28832,0,0,579,495
0.784,273,1172,0,29.7525,-2.39128,2.8658,0,0,542,375
0.784,274,33,1,29.4258,-7.9797,2.84637,0,0,18,461
0.784,275,1103,0,30.0306,0.31629,2.88172,0,0,500,334
0.784,276,268,0,29.04,-10,2.82624,0,0,111,687
0.784,277,84,0,30.0302,0.312518,2.88169,0,0,41,208
0.784,278,1353,0,30.032,0.331426,2.8818,0,0,646,231
0.784,279,1038,0,30.0234,0.290827,2.40112,0,0,459,64
0.784,280,530,0,29.2,-10,2.3616,0,0,217,562
0.784,281,344,0,30.0268,0.33268,2.40129,0,0,140,295
0.784,282,711,0,30.0248,0.308309,2.40119,0,0,297,603
0.784,283,779,0,29.2,-10,2.3616,0,0,333,687
0.784,284,331,0,29.3667,-6.79077,2.36808,0,0,136,332
0.784,285,832,0,30.0155,0.242003,1.92062,0,0,356,293
0.784,286,31,0,30.0128,0.19902,1.92051,0,0,17,55
0.784,287,1170,0,29.8574,0.360929,1.91032,0,0,541,617
0.784,288,1317,0,29.9965,-0.0532663,1.91986,0,0,623,400
0.784,289,981,0,29.4292,-7.878,1.89626,0,0,426,461
0.784,290,1086,1,29.9915,0.333977,1.91894,0,0,489,560
0.784,291,726,0,29.9631,-0.57644,1.91852,0,0,305,312
0.784,292,38,0,30.016,0.33221,1.44051,0,0,21,90
0.784,293,1303,0,30.013,0.269586,1.44042,0,0,614,352
0.784,294,1335,0,30.0156,0.324333,1.4405,0,0,635,51
0.784,295,1238,0,29.52,-10,1.42464,0,0,575,392
0.784,296,347,0,30.0092,0.287906,0.960222,0,0,143,126
0.784,297,813,0,30.0103,0.322768,0.960248,0,0,346,87
0.784,298,1067,0,29.7459,-7.63601,0.953823,0,0,477,500
0.784,299,1079,1,29.9181,0.315991,0.957299,0,0,484,644
0.784,300,1142,0,30.0108,0.337901,0.96026,0,0,523,341
0.784,301,704,0,30.0054,0.336836,0.480086,0,0,294,445
0.784,302,1211,0,30.0054,0.339167,0.480087,0,0,564,186
0.784,303,475,0,30.0047,0.292349,0.480075,0,0,195,513
0.784,304,601,0,30.005,0.313514,0.48008,0,0,246,646
0.8,0,566,1,30.2618,0.301067,24.5912,0,0,232,680
0.8,1,271,0,30.1533,0.0783008,24.56,0,0,113,488
0.8,2,1254,0,29.3274,-5.95573,2.80529,1,0,585,597
0.8,3,387,0,29.4123,-2.10924,24.3573,0,0,161,155
0.8,4,1050,0,30.2498,0.286961,24.5861,0,0,466,408
0.8,5,1067,0,30.2547,0.292722,24.5882,0,0,477,106
0.8,6,33,2,30.2464,0.303521,24.5891,0,0,18,485
0.8,7,847,1,30.0177,-0.404659,24.5255,0,0,363,676
0.8,8,531,0,30.2618,0.301067,24.5912,0,0,218,532
0.8,9,843,0,29.1603,-1.29506,24.1977,0,0,362,483
0.8,10,335,2,30.2376,0.30043,24.5835,0,0,137,680
0.8,11,1233,0,30.257,0.301833,24.107,0,0,574,478
0.8,12,1432,2,30.23,0.306108,24.0897,0,0,689,578
0.8,13,3,1,30.0977,0.32074,24.036,0,0,2,35
0.8,14,751,0,30.0094,-0.035667,24.0206,0,0,319,390
0.8,15,1299,1,30.2552,0.299715,24.1063,0,0,610,578
0.8,16,56,0,30.2323,0.272073,24.0968,0,0,30,542
0.8,17,257,0,30.257,0.301833,24.107,0,0,107,80
0.8,18,530,0,30.1202,-0.114629,24.0704,0,0,217,532
0.8,19,682,1,28.4222,-4.54345,9.09154,1,0,533,297
0.8,20,1242,0,29.2549,-2.90277,23.8526,0,0,577,102
0.8,21,1167,0,25.6358,-10,8.171,1,0,522,680
0.8,22,1187,0,30.2522,0.302599,23.6229,0,0,552,296
0.8,23,75,0,30.1674,0.127089,23.5989,0,0,37,679
0.8,24,140,0,30.2488,0.298488,23.6215,0,0,63,377
0.8,25,786,0,30.2504,0.300447,23.6222,0,0,336,101
0.8,26,571,0,30.25,0.299921,23.622,0,0,234,476
0.8,27,330,1,30.213,0.308805,23.6043,0,0,135,339
0.8,28,449,0,30.1854,0.310358,23.6041,0,0,187,566
0.8,29,1,0,30.1107,0.12719,23.5658,0,0,1,6
0.8,30,843,0,23.2972,-6.06434,10.1345,1,0,223,565
0.8,31,1325,0,28.8796,-10,4.03382,1,0,28,279
0.8,32,749,0,30.2446,0.30001,23.1378,0,0,318,22
0.8,33,269,0,30.2458,0.301472,23.1383,0,0,112,675
0.8,34,810,0,30.132,0.157403,23.0932,0,0,345,46
0.8,35,1138,1,27.1706,-10,7.74077,1,0,283,122
0.8,36,1191,1,25.705,-10,6.93325,1,0,638,391
0.8,37,1124,0,30.0737,-0.57283,23.1173,0,0,511,518
0.8,38,563,0,29.9001,-0.649774,23.0285,0,0,231,297
0.8,39,561,0,29.1687,-0.765755,22.7439,0,0,229,571
0.8,40,1422,0,30.2411,0.302431,22.6544,0,0,681,675
0.8,41,901,0,30.2325,0.291367,22.651,0,0,386,126
0.8,42,566,1,23.7802,-6.67823,5.56708,1,0,430,675
0.8,43,976,0,30.2076,0.176928,22.6485,0,0,423,237
0.8,44,1246,0,25.9246,-10,0.851782,1,0,685,230
0.8,45,986,0,30.1621,0.0713004,22.6323,0,0,427,384
0.8,46,1037,0,30.1958,0.244087,22.6368,0,0,458,667
0.8,47,898,0,30.2009,0.250587,22.6388,0,0,385,549
0.8,48,1343,0,30.1731,-0.0381583,22.6389,0,0,643,88
0.8,49,708,0,29.9412,-0.0866065,22.5382,0,0,296,676
0.8,50,1285,1,30.2393,0.300048,22.6537,0,0,602,558
0.8,51,311,0,30.2243,0.287431,22.1659,0,0,128,372
0.8,52,637,0,30.2272,0.291242,22.167,0,0,262,206
0.8,53,988,0,30.0233,-0.03998,22.1059,0,0,428,630
0.8,54,1030,0,30.2352,0.301748,22.1701,0,0,453,646
0.8,55,538,0,29.2766,-1.74815,21.8982,0,0,221,486
0.8,56,1164,0,30.2121,0.271399,22.1613,0,0,537,300
0.8,57,838,0,30.1484,0.123963,22.149,0,0,359,565
0.8,58,654,1,30.2316,0.301348,22.1694,0,0,269,106
0.8,59,43,0,30.1748,0.225324,21.6656,0,0,24,559
0.8,60,550,0,29.3043,-1.93205,21.4361,0,0,226,578
0.8,61,542,1,30.1589,0.0963379,21.6716,0,0,222,547
0.8,62,83,0,30.2273,0.236646,21.687,0,0,40,530
0.8,63,990,0,29.6948,-1.32135,21.5204,0,0,429,486
0.8,64,1284,0,30.1969,0.25435,21.6757,0,0,601,482
0.8,65,1138,0,25.9881,-10,20.7085,0,0,521,611
0.8,66,945,0,30.1867,0.243616,21.6701,0,0,405,152
0.8,67,660,0,30.2305,0.302681,21.6864,0,0,271,600
0.8,68,177,0,30.2192,0.287581,21.6822,0,0,76,117
0.8,69,428,0,30.2215,0.297799,21.2012,0,0,178,576
0.8,70,1187,1,24.9716,-8.44572,5.91951,1,0,553,488
0.8,71,1011,2,30.1869,0.308419,21.1887,0,0,440,382
0.8,72,397,0,30.0754,-0.458334,21.1869,0,0,164,577
0.8,73,37,1,30.2262,0.306718,21.2028,0,0,20,488
0.8,74,562,0,29.0659,-3.1578,20.8798,0,0,230,673
0.8,75,1269,0,30.0388,-0.218863,21.1505,0,0,594,482
0.8,76,394,0,28.2362,-2.14309,20.5224,0,0,163,31
0.8,77,386,0,29.8975,-0.201359,20.6201,0,0,160,483
0.8,78,1352,0,30.1661,-0.103972,20.7127,0,0,645,41
0.8,79,81,0,29.712,-1.55138,20.6088,0,0,39,383
0.8,80,549,1,30.2229,0.307233,20.7198,0,0,225,548
0.8,81,1102,0,27.1033,-1.2991,19.0848,0,0,500,285
0.8,82,661,0,29.7797,-0.448503,20.113,0,0,272,599
0.8,83,625,1,30.2043,0.304458,20.2319,0,0,255,572
0.8,84,784,0,29.7785,-0.898514,19.6445,0,0,335,630
0.8,85,1423,0,30.2114,0.306368,19.7522,0,0,682,599
0.8,86,1261,1,30.2016,0.296457,19.7488,0,0,587,22
0.8,87,365,0,30.2072,0.300176,19.7508,0,0,151,369
0.8,88,790,0,30.2107,0.305206,19.752,0,0,337,155
0.8,89,37,1,24.3116,-7.45322,3.6751,1,0,426,148
0.8,90,1039,1,29.5248,-5.54721,3.52343,1,0,290,515
0.8,91,1052,1,27.7453,-10,6.51882,1,0,364,3
0.8,92,596,0,30.1505,0.306661,19.2471,0,0,244,192
0.8,93,647,1,30.1951,0.289741,19.265,0,0,265,64
0.8,94,537,0,30.1638,0.162186,19.2592,0,0,220,299
0.8,95,1274,0,29.9999,0.0535678,19.2018,0,0,595,391
0.8,96,830,0,30.2054,0.305361,19.2685,0,0,354,18
0.8,97,330,1,24.2074,-7.29219,4.81323,1,0,136,631
0.8,98,1246,0,30.2065,0.307159,19.2688,0,0,579,591
0.8,99,579,0,30.2019,0.308313,18.7856,0,0,238,3
0.8,100,975,0,29.8201,-1.02466,18.7315,0,0,422,683
0.8,101,1170,1,30.2003,0.305938,18.7851,0,0,541,142
0.8,102,1385,0,30.1808,0.275398,18.7788,0,0,660,365
0.8,103,1268,0,30.2014,0.307532,18.7855,0,0,593,101
0.8,104,547,1,30.0142,-0.241393,18.7461,0,0,224,296
0.8,105,1045,1,27.8926,-10,5.14673,1,0,464,296
0.8,106,1006,0,30.1927,0.302382,18.3011,0,0,438,233
0.8,107,1240,0,29.8034,-0.81011,18.203,0,0,576,300
0.8,108,1209,0,26.566,-10,17.1827,0,0,563,569
0.8,109,605,0,30.1935,0.303617,18.3013,0,0,247,7
0.8,110,1338,1,26.2047,-10,2.2815,1,0,19,99
0.8,111,721,0,26.3718,-7.32716,16.8967,0,0,303,483
0.8,112,933,0,30.1819,0.293268,17.8161,0,0,399,622
0.8,113,1052,0,30.1921,0.310043,17.8193,0,0,467,3
0.8,114,392,0,30.1203,0.0910007,17.3206,0,0,162,611
0.8,115,1323,0,30.1853,0.307669,17.3356,0,0,626,118
0.8,116,220,0,30.178,0.295449,17.3335,0,0,92,16
0.8,117,1401,0,30.1799,0.241232,17.3356,0,0,670,229
0.8,118,276,0,30.1883,0.312712,17.3365,0,0,115,677
0.8,119,1031,1,30.182,0.311257,16.8532,0,0,454,599
0.8,120,328,0,30.1782,0.30479,16.8521,0,0,134,615
0.8,121,584,0,30.0621,0.107808,16.818,0,0,240,636
0.8,122,1366,0,30.1607,0.274163,16.847,0,0,651,556
0.8,123,268,0,29.9695,-0.368414,16.3258,0,0,111,64
0.8,124,226,0,30.1741,0.30692,16.3694,0,0,95,626
0.8,125,1267,0,29.6756,-10,16.3524,0,0,592,202
0.8,126,1104,0,30.1727,0.304371,16.369,0,0,501,447
0.8,127,1409,0,27.3616,-10,8.17736,1,0,673,668
0.8,128,66,0,29.9358,-0.13482,15.8269,0,0,34,204
0.8,129,1100,1,30.0438,0.300032,15.8214,0,0,499,99
0.8,130,320,0,30.1535,0.287829,15.4011,0,0,132,630
0.8,131,445,1,30.1555,0.295739,15.402,0,0,186,125
0.8,132,949,0,30.1316,0.214887,15.396,0,0,406,204
0.8,133,454,0,30.1634,0.306755,15.4037,0,0,189,263
0.8,134,766,0,30.0957,0.181176,15.3855,0,0,327,99
0.8,135,33,1,27.7788,-10,0.666233,1,0,554,226
0.8,136,940,0,30.096,-0.273198,14.9124,0,0,403,294
0.8,137,682,0,30.1609,0.3123,14.9217,0,0,282,485
0.8,138,60,0,30.1598,0.310236,14.9214,0,0,32,45
0.8,139,469,0,30.1087,-1.26739,14.9201,0,0,193,104
0.8,140,73,0,30.1521,0.305278,14.4382,0,0,36,636
0.8,141,535,0,30.1581,0.31747,14.4397,0,0,219,531
0.8,142,530,0,26.2731,-1.63115,13.2949,0,0,217,481
0.8,143,11,1,30.157,0.315403,14.4394,0,0,8,19
0.8,144,764,0,30.1539,0.309029,14.4386,0,0,325,307
0.8,145,847,1,27.9877,-10,0.825121,1,0,227,341
0.8,146,1299,0,30.0026,0.338411,14.3627,0,0,610,31
0.8,147,129,0,30.1544,0.310007,0.137751,1,0,56,548
0.8,148,531,0,26.5184,-1.58157,12.9051,0,0,218,476
0.8,149,854,0,30.1229,0.222052,13.9521,0,0,366,395
0.8,150,330,0,29.9669,0.271301,13.8757,0,0,135,101
0.8,151,1337,0,30.058,0.0827594,13.9378,0,0,637,97
0.8,152,297,0,30.1451,0.30157,13.9552,0,0,123,471
0.8,153,1294,0,30.1274,0.268568,13.4699,0,0,607,22
0.8,154,566,0,29.9931,0.343198,13.403,0,0,232,566
0.8,155,1167,0,30.1465,0.316117,13.4744,0,0,539,479
0.8,156,1282,0,30.1479,0.319069,13.4747,0,0,600,338
0.8,157,362,0,30.1398,0.270109,13.4732,0,0,149,83
0.8,158,775,0,28.7741,-2.5948,13.1505,0,0,331,133
0.8,159,749,0,26.3989,-1.80354,12.4606,0,0,318,299
0.8,160,831,0,29.8411,-0.308361,12.9224,0,0,355,246
0.8,161,1319,0,30.1312,0.293618,12.9897,0,0,624,506
0.8,162,802,0,30.1306,0.292296,12.9896,0,0,342,306
0.8,163,931,0,30.1393,0.312013,12.9915,0,0,398,48
0.8,164,17,0,30.1393,0.312097,12.9916,0,0,12,15
0.8,165,480,0,30.1311,0.293372,12.9897,0,0,196,79
0.8,166,33,0,29.9876,0.344047,12.9231,0,0,18,486
0.8,167,271,0,26.6479,-2.19724,12.0683,0,0,113,156
0.8,168,77,0,29.6076,-1.73867,12.4184,0,0,38,479
0.8,169,236,0,30.1354,0.315472,12.5096,0,0,99,374
0.8,170,779,0,30.1348,0.313853,12.5094,0,0,333,105
0.8,171,185,1,30.1312,0.310873,12.5082,0,0,79,516
0.8,172,847,0,29.9564,-0.290752,12.4776,0,0,363,477
0.8,173,1138,1,28.5976,-3.4464,11.6919,0,0,521,673
0.8,174,1432,0,29.7909,-0.443962,11.9598,0,0,689,297
0.8,175,126,1,29.6435,-10,1.40419,1,0,514,330
0.8,176,83,0,26.6148,-3.22484,10.7731,0,0,40,381
0.8,177,335,0,29.9553,0.296549,11.4814,0,0,137,385
0.8,178,786,0,26.8856,-2.75073,10.7995,0,0,336,338
0.8,179,1192,0,30.1274,0.322286,11.5457,0,0,555,549
0.8,180,1238,0,29.4554,-1.54418,11.4184,0,0,575,532
0.8,181,1392,0,30.1183,0.312718,11.0629,0,0,665,462
0.8,182,1032,0,30.1213,0.320755,11.0635,0,0,455,298
0.8,183,648,0,30.1211,0.320101,11.0635,0,0,266,508
0.8,184,394,0,26.32,-10,10.3334,0,0,163,477
0.8,185,1045,0,29.9421,-0.127863,11.0308,0,0,463,390
0.8,186,37,0,29.9363,0.266631,10.999,0,0,20,156
0.8,187,1188,0,28.0831,-1.19893,10.5282,0,0,553,530
0.8,188,387,0,26.7055,-4.91674,10.3535,0,0,161,672
0.8,189,286,0,30.1212,0.320277,11.0635,0,0,119,301
0.8,190,563,0,26.7503,-4.05588,10.355,0,0,231,340
0.8,191,428,0,26.6638,-3.7868,10.3471,0,0,178,100
0.8,192,990,0,26.6071,-6.2601,9.9158,0,0,429,298
0.8,193,81,0,26.5293,-7.65659,9.9133,0,0,39,340
0.8,194,1011,1,29.9307,0.257305,10.5201,0,0,440,482
0.8,195,760,0,30.1132,0.313018,10.581,0,0,323,598
0.8,196,699,0,30.0943,0.273167,10.0967,0,0,292,635
0.8,197,544,0,26.64,-10,9.48864,0,0,223,392
0.8,198,1338,0,28.5334,-1.39344,9.72693,0,0,638,623
0.8,199,1242,0,26.8383,-6.23902,9.49632,0,0,577,338
0.8,200,1422,0,27.0982,-3.77458,9.51195,0,0,681,97
0.8,201,1154,0,27.9037,-2.81895,9.62794,0,0,533,678
0.8,202,784,0,26.8,-10,9.0624,0,0,335,481
0.8,203,848,0,28.1573,-2.85023,9.22319,0,0,364,340
0.8,204,751,0,27.2746,-4.15341,9.08882,0,0,319,384
0.8,205,960,0,29.9467,-0.361488,9.59495,0,0,414,631
0.8,206,1424,0,27.5211,-7.23201,9.17487,0,0,683,485
0.8,207,157,0,30.099,0.318442,9.13597,0,0,68,280
0.8,208,257,0,27.5204,-3.80134,8.66779,0,0,107,14
0.8,209,254,0,30.0995,0.319842,9.13603,0,0,106,142
0.8,210,1004,0,28.077,-3.10621,8.74822,0,0,437,640
0.8,211,957,0,30.0953,0.324023,8.65459,0,0,411,573
0.8,212,772,0,30.0741,0.251997,8.65135,0,0,330,439
0.8,213,1123,1,30.0853,0.314559,8.65266,0,0,511,76
0.8,214,1269,0,27.2359,-6.4792,8.20536,0,0,594,567
0.8,215,1315,0,30.094,0.31934,8.65438,0,0,622,517
0.8,216,672,0,30.0901,0.306011,8.65379,0,0,277,652
0.8,217,861,0,30.0869,0.29522,8.65331,0,0,369,644
0.8,218,44,0,30.091,0.327978,8.17319,0,0,25,595
0.8,219,1233,0,27.76,-4.24836,7.79574,0,0,574,378
0.8,220,75,0,27.6662,-4.64906,7.78785,0,0,37,568
0.8,221,547,0,29.8842,0.165411,8.12258,0,0,224,478
0.8,222,1140,0,27.28,-10,7.76832,0,0,522,339
0.8,223,269,0,27.6475,-4.63529,7.78611,0,0,112,677
0.8,224,880,0,30.0313,0.122075,7.68426,0,0,376,346
0.8,225,890,0,29.994,-0.0266804,7.67922,0,0,382,378
0.8,226,542,0,30.0334,0.12803,7.68456,0,0,222,676
0.8,227,971,0,30.0846,0.324395,7.69158,0,0,420,220
0.8,228,561,0,27.442,-9.87227,7.33187,0,0,229,481
0.8,229,719,0,30.0395,0.100548,7.68599,0,0,302,547
0.8,230,1285,0,29.9255,0.350066,7.65004,0,0,602,381
0.8,231,1046,0,27.9924,-5.88175,6.92836,0,0,464,100
0.8,232,695,0,29.915,0.329283,7.17065,0,0,290,358
0.8,233,183,0,30.0796,0.326031,7.21025,0,0,78,628
0.8,234,386,0,27.609,-9.43504,6.89295,0,0,160,382
0.8,235,241,0,30.0798,0.32659,7.21027,0,0,101,161
0.8,236,537,0,27.6,-10,6.8928,0,0,220,571
0.8,237,159,0,30.0612,0.250564,7.20787,0,0,69,330
0.8,238,993,0,28.409,-4.28255,6.50011,0,0,430,547
0.8,239,1034,0,30.0208,0.0891334,6.72252,0,0,457,398
0.8,240,1371,0,30.0707,0.31031,6.72853,0,0,652,96
0.8,241,457,0,30.0739,0.324497,6.72891,0,0,190,661
0.8,242,1201,0,28.8465,-5.47372,6.58182,0,0,560,185
0.8,243,1240,0,27.92,-10,6.00704,0,0,576,631
0.8,244,647,0,29.8898,0.25545,6.21193,0,0,265,136
0.8,245,1002,0,30.0674,0.319193,6.24759,0,0,435,513
0.8,246,1228,0,30.0404,0.158785,6.24483,0,0,572,391
0.8,247,550,0,27.92,-10,6.00704,0,0,226,385
0.8,248,683,0,28.0435,-9.03792,6.01766,0,0,283,530
0.8,249,34,0,28.08,-10,5.56032,0,0,19,678
0.8,250,398,0,29.9785,-0.246686,5.75976,0,0,165,53
0.8,251,1050,0,28.4324,-5.18914,5.57847,0,0,466,379
0.8,252,1183,0,30.0622,0.31939,5.7665,0,0,550,163
0.8,253,1333,0,30.0633,0.325271,5.76662,0,0,634,9
0.8,254,980,0,30.0605,0.31055,5.76632,0,0,425,115
0.8,255,42,0,30.0407,0.227968,5.28393,0,0,23,402
0.8,256,346,0,30.057,0.319715,5.28549,0,0,142,457
0.8,257,1088,0,30.0572,0.320745,5.28551,0,0,490,233
0.8,258,1003,0,30.0582,0.326378,5.28561,0,0,436,541
0.8,259,1227,0,28.24,-10,5.11104,0,0,571,672
0.8,260,549,0,29.8976,0.35596,5.25693,0,0,225,390
0.8,261,1031,0,29.8918,0.356558,4.77856,0,0,454,679
0.8,262,986,0,28.5099,-7.05988,4.6625,0,0,427,383
0.8,263,988,0,28.4452,-8.12418,4.66017,0,0,428,672
0.8,264,1230,0,29.9041,-0.815764,4.79255,0,0,573,569
0.8,265,11,0,29.8902,0.345497,4.77843,0,0,8,57
0.8,266,920,0,30.0392,0.269738,4.32315,0,0,394,518
0.8,267,1249,0,30.0417,0.286481,4.32335,0,0,581,432
0.8,268,535,0,28.56,-10,4.2048,0,0,219,531
0.8,269,403,0,30.048,0.329896,4.32385,0,0,166,113
0.8,270,736,0,30.0482,0.33108,4.32386,0,0,310,508
0.8,271,538,0,28.72,-10,3.74784,0,0,221,382
0.8,272,1246,0,28.72,-10,3.74784,0,0,579,495
0.8,273,1172,0,29.7153,-2.32309,3.34124,0,0,542,375
0.8,274,33,1,29.4326,0.427482,3.31729,0,0,18,461
0.8,275,1103,0,30.0356,0.315486,3.36228,0,0,500,334
0.8,276,268,0,28.88,-10,3.28832,0,0,111,687
0.8,277,84,0,30.0352,0.311719,3.36226,0,0,41,208
0.8,278,1353,0,30.0373,0.330599,3.36239,0,0,646,231
0.8,279,1038,0,30.028,0.290056,2.88157,0,0,459,64
0.8,280,530,0,29.04,-10,2.82624,0,0,217,562
0.8,281,344,0,30.0321,0.331851,2.8818,0,0,140,295
0.8,282,711,0,30.0297,0.307515,2.88167,0,0,297,603
0.8,283,779,0,29.04,-10,2.82624,0,0,333,687
0.8,284,331,0,29.2653,-6.33937,2.83632,0,0,136,332
0.8,285,832,0,30.0194,0.241428,2.40093,0,0,356,293
0.8,286,31,0,30.016,0.198352,2.40077,0,0,17,55
0.8,287,1170,0,29.8631,0.360047,2.38813,0,0,541,617
0.8,288,1317,0,29.9956,-0.0520717,2.39979,0,0,623,400
0.8,289,981,0,29.3124,-7.29826,2.36526,0,0,426,461
0.8,290,1086,1,29.8315,-10,2.39624,0,0,489,560
0.8,291,726,0,29.9538,-0.575967,2.39778,0,0,305,312
0.8,292,38,0,30.0213,0.331382,1.92085,0,0,21,90
0.8,293,1303,0,30.0173,0.268919,1.92069,0,0,614,352
0.8,294,1335,0,30.0208,0.323516,1.92083,0,0,635,51
0.8,295,1238,0,29.36,-10,1.8944,0,0,575,392
0.8,296,347,0,30.0138,0.287136,1.44044,0,0,143,126
0.8,297,813,0,30.0155,0.321953,1.4405,0,0,346,87
0.8,298,1067,0,29.6324,-7.08998,1.42794,0,0,477,500
0.8,299,1079,1,29.9232,0.315174,1.43607,0,0,484,644
0.8,300,1142,0,30.0162,0.337063,1.44052,0,0,523,341
0.8,301,704,0,30.0108,0.336,0.960259,0,0,294,445
0.8,302,1211,0,30.0108,0.338327,0.96026,0,0,564,186
0.8,303,475,0,30.0093,0.291616,0.960224,0,0,195,513
0.8,304,601,0,30.01,0.312711,0.960241,0,0,246,646
0.8,305,469,0,29.84,-10,0.47744,0,0,193,71
0.8,306,428,0,29.84,-10,0.47744,0,0,178,264
0.8,307,686,0,30.0049,0.306875,0.480079,0,0,285,54
0.816,0,566,1,30.2666,0.300303,25.0755,0,0,232,680
0.816,1,271,0,30.1546,0.078203,25.0424,0,0,113,488
0.816,2,1254,0,29.2337,-5.86119,3.27303,1,0,585,597
0.816,3,387,0,29.3773,-2.18704,24.8273,0,0,161,155
0.816,4,1050,0,30.2544,0.286221,25.0702,0,0,466,408
0.816,5,1067,0,30.2594,0.291972,25.0723,0,0,477,106
0.816,6,33,2,30.2512,0.302753,25.0731,0,0,18,485
0.816,7,847,1,30.0107,-0.437712,25.0057,0,0,363,676
0.816,8,531,0,30.2666,0.300303,25.0755,0,0,218,532
0.816,9,843,0,29.1399,-1.27415,24.6639,0,0,362,483
0.816,10,335,2,30.2424,0.299666,25.0674,0,0,137,680
0.816,11,1233,0,30.2618,0.301067,24.5912,0,0,574,478
0.816,12,1432,2,30.2349,0.305334,24.5734,0,0,689,578
0.816,13,3,1,30.1029,0.319935,24.5177,0,0,2,35
0.816,14,751,0,30.0089,-0.03463,24.5008,0,0,319,390
0.816,15,1299,1,30.26,0.298954,24.5904,0,0,610,578
0.816,16,56,0,30.2366,0.271353,24.5806,0,0,30,542
0.816,17,257,0,30.2618,0.301067,24.5912,0,0,107,80
0.816,18,530,0,30.1181,-0.127633,24.5522,0,0,217,532
0.816,19,682,1,28.3505,-4.48202,9.54514,1,0,533,297
0.816,20,1242,0,29.206,-3.0567,24.3199,0,0,577,102
0.816,21,1167,0,25.4758,-10,8.57861,1,0,522,680
0.816,22,1187,0,30.257,0.301833,24.107,0,0,552,296
0.816,23,75,0,30.1693,0.120758,24.0816,0,0,37,679
0.816,24,140,0,30.2536,0.297728,24.1056,0,0,63,377
0.816,25,786,0,30.2552,0.299684,24.1063,0,0,336,101
0.816,26,571,0,30.2548,0.299159,24.1061,0,0,234,476
0.816,27,330,1,30.2179,0.308026,24.0878,0,0,135,339
0.816,28,449,0,30.1903,0.309575,24.0872,0,0,187,566
0.816,29,1,0,30.1128,0.126625,24.0476,0,0,1,6
0.816,30,843,0,23.2022,-5.93942,10.5058,1,0,223,565
0.816,31,1325,0,28.7196,-10,4.49333,1,0,28,279
0.816,32,749,0,30.2494,0.299247,23.6218,0,0,318,22
0.816,33,269,0,30.2506,0.300707,23.6223,0,0,112,675
0.816,34,810,0,30.1345,0.156808,23.5754,0,0,345,46
0.816,35,1138,1,27.0106,-10,8.17294,1,0,283,122
0.816,36,1191,1,25.545,-10,7.34197,1,0,638,391
0.816,37,1124,0,30.0646,-0.565413,23.5984,0,0,511,518
0.816,38,563,0,29.8891,-0.691181,23.5068,0,0,231,297
0.816,39,561,0,29.1567,-0.751125,23.2104,0,0,229,571
0.816,40,1422,0,30.246,0.301664,23.1383,0,0,681,675
0.816,41,901,0,30.2372,0.290618,23.1348,0,0,386,126
0.816,42,566,1,23.6756,-6.53298,5.94589,1,0,430,675
0.816,43,976,0,30.2104,0.176584,23.1319,0,0,423,237
0.816,44,1246,0,25.7646,-10,1.26401,1,0,685,230
0.816,45,986,0,30.163,0.0614423,23.1149,0,0,427,384
0.816,46,1037,0,30.1997,0.2434,23.12,0,0,458,667
0.816,47,898,0,30.2049,0.249893,23.122,0,0,385,549
0.816,48,1343,0,30.1725,-0.0372056,23.1217,0,0,643,88
0.816,49,708,0,29.9398,-0.0869721,23.0173,0,0,296,676
0.816,50,1285,1,30.2441,0.299285,23.1376,0,0,602,558
0.816,51,311,0,30.2289,0.286688,22.6496,0,0,128,372
0.816,52,637,0,30.2318,0.290492,22.6508,0,0,262,206
0.816,53,988,0,30.0226,-0.0395096,22.5863,0,0,428,630
0.816,54,1030,0,30.24,0.300982,22.6539,0,0,453,646
0.816,55,538,0,29.2493,-1.70562,22.3662,0,0,221,486
0.816,56,1164,0,30.2164,0.270678,22.6448,0,0,537,300
0.816,57,838,0,30.1504,0.123863,22.6314,0,0,359,565
0.816,58,654,1,30.2364,0.300583,22.6532,0,0,269,106
0.816,59,43,0,30.1784,0.224258,22.1485,0,0,24,559
0.816,60,550,0,29.2735,-1.92899,21.9045,0,0,226,578
0.816,61,542,1,30.1605,0.0955737,22.1542,0,0,222,547
0.816,62,83,0,30.2311,0.238641,22.1707,0,0,40,530
0.816,63,990,0,29.6727,-1.3812,21.9951,0,0,429,486
0.816,64,1284,0,30.201,0.253713,22.159,0,0,601,482
0.816,65,1154,0,25.8281,-10,0.148784,1,0,521,611
0.816,66,945,0,30.1906,0.242929,22.1532,0,0,405,152
0.816,67,660,0,30.2353,0.301913,22.1701,0,0,271,600
0.816,68,177,0,30.2238,0.286837,22.1658,0,0,76,117
0.816,69,428,0,30.2263,0.297039,21.6848,0,0,178,576
0.816,70,1187,1,24.8398,-8.23332,6.31694,1,0,553,488
0.816,71,1011,2,30.1918,0.307639,21.6717,0,0,440,382
0.816,72,397,0,30.0681,-0.455752,21.668,0,0,164,577
0.816,73,37,1,30.2311,0.305943,21.6865,0,0,20,488
0.816,74,562,0,29.0135,-3.26951,21.3441,0,0,230,673
0.816,75,1269,0,30.0351,-0.233707,21.6311,0,0,594,482
0.816,76,394,0,28.2001,-2.25636,20.9736,0,0,163,31
0.816,77,386,0,29.8943,-0.199534,21.0984,0,0,160,483
0.816,78,1352,0,30.1645,-0.102481,21.1954,0,0,645,41
0.816,79,81,0,29.6858,-1.63834,21.0838,0,0,39,383
0.816,80,549,1,30.2278,0.306457,21.2035,0,0,225,548
0.816,81,1102,0,27.0838,-1.218,19.5181,0,0,500,285
0.816,82,661,0,29.7725,-0.445161,20.5894,0,0,272,599
0.816,83,625,1,30.2092,0.303686,20.7152,0,0,255,572
0.816,84,784,0,29.764,-0.906573,20.1207,0,0,335,630
0.816,85,1423,0,30.2163,0.305593,20.2357,0,0,682,599
0.816,86,1261,1,30.2063,0.295697,20.2321,0,0,587,22
0.816,87,365,0,30.212,0.299411,20.2342,0,0,151,369
0.816,88,790,0,30.2155,0.304433,20.2354,0,0,337,155
0.816,89,37,1,24.1952,-7.27986,4.06223,1,0,426,148
0.816,90,1039,1,29.4374,-5.46311,3.99443,1,0,290,515
0.816,91,1052,1,27.5853,-10,6.96019,1,0,364,3
0.816,92,596,0,30.1554,0.305881,19.7296,0,0,244,192
0.816,93,647,1,30.1997,0.288991,19.7482,0,0,265,64
0.816,94,537,0,30.1662,0.153444,19.7419,0,0,220,299
0.816,95,1274,0,30.0006,0.0422119,19.6818,0,0,595,391
0.816,96,830,0,30.2102,0.304587,19.7518,0,0,354,18
0.816,97,330,1,24.0934,-7.12488,5.19872,1,0,136,631
0.816,98,1246,0,30.2114,0.306383,19.7522,0,0,579,591
0.816,99,579,0,30.2068,0.307534,19.2689,0,0,238,3
0.816,100,975,0,29.804,-1.00704,19.2083,0,0,422,683
0.816,101,1170,1,30.2052,0.305163,19.2684,0,0,541,142
0.816,102,1385,0,30.1852,0.274667,19.2618,0,0,660,365
0.816,103,1268,0,30.2063,0.306754,19.2688,0,0,593,101
0.816,104,547,1,30.0099,-0.268906,19.2262,0,0,224,296
0.816,105,1045,1,27.7326,-10,5.59045,1,0,464,296
0.816,106,1006,0,30.1976,0.301612,18.7842,0,0,438,233
0.816,107,1240,0,29.7893,-0.877846,18.6797,0,0,576,300
0.816,108,1209,0,26.406,-10,17.6052,0,0,563,569
0.816,109,605,0,30.1984,0.302846,18.7845,0,0,247,7
0.816,110,1338,1,26.0447,-10,2.69822,1,0,19,99
0.816,111,721,0,26.2562,-7.23018,17.3168,0,0,303,483
0.816,112,933,0,30.1866,0.292512,18.2991,0,0,399,622
0.816,113,1052,0,30.197,0.309261,18.3024,0,0,467,3
0.816,114,392,0,30.1216,0.0815481,17.8026,0,0,162,611
0.816,115,1323,0,30.1902,0.30689,17.8187,0,0,626,118
0.816,116,220,0,30.1827,0.294689,17.8164,0,0,92,16
0.816,117,1401,0,30.1837,0.240637,17.8186,0,0,670,229
0.816,118,276,0,30.1933,0.311925,17.8196,0,0,115,677
0.816,119,1031,1,30.1869,0.310472,17.3361,0,0,454,599
0.816,120,328,0,30.1831,0.304016,17.335,0,0,134,615
0.816,121,584,0,30.0638,0.10784,17.2991,0,0,240,636
0.816,122,1366,0,30.1651,0.273432,17.3296,0,0,651,556
0.816,123,268,0,29.9634,-0.378874,16.8052,0,0,111,64
0.816,124,226,0,30.179,0.306142,16.8523,0,0,95,626
0.816,125,1267,0,29.5156,-10,16.8247,0,0,592,202
0.816,126,1104,0,30.1776,0.303597,16.8519,0,0,501,447
0.816,127,1409,0,27.2016,-10,8.61258,1,0,673,668
0.816,128,66,0,29.9337,-0.132857,16.3058,0,0,34,204
0.816,129,1100,1,30.0486,0.299252,16.3022,0,0,499,99
0.816,130,320,0,30.1581,0.287078,15.8836,0,0,132,630
0.816,131,445,1,30.1602,0.294976,15.8846,0,0,186,125
0.816,132,949,0,30.135,0.214407,15.8782,0,0,406,204
0.816,133,454,0,30.1683,0.305976,15.8864,0,0,189,263
0.816,134,766,0,30.0986,0.18081,15.8671,0,0,327,99
0.816,135,33,1,27.6188,-10,1.10813,1,0,554,226
0.816,136,940,0,30.0917,-0.270201,15.3938,0,0,403,294
0.816,137,682,0,30.1659,0.311512,15.4044,0,0,282,485
0.816,138,60,0,30.1648,0.309452,15.4041,0,0,32,45
0.816,139,469,0,30.0888,-1.24591,15.4016,0,0,193,104
0.816,140,73,0,30.1569,0.3045,14.9207,0,0,36,636
0.816,141,535,0,30.1631,0.316673,14.9223,0,0,219,531
0.816,142,530,0,26.2499,-1.45046,13.7149,0,0,217,481
0.816,143,11,1,30.1621,0.314609,14.922,0,0,8,19
0.816,144,764,0,30.1588,0.308246,14.9212,0,0,325,307
0.816,145,847,1,27.8277,-10,1.27036,1,0,227,341
0.816,146,1299,0,30.008,0.337572,14.8428,0,0,610,31
0.816,147,129,0,29.9944,-10,0.617661,1,0,56,548
0.816,148,531,0,26.496,-1.3996,13.329,0,0,218,476
0.816,149,854,0,30.1264,0.221493,14.4342,0,0,366,395
0.816,150,330,0,29.9712,0.270625,14.3553,0,0,135,101
0.816,151,1337,0,30.0593,0.0829507,14.4188,0,0,637,97
0.816,152,297,0,30.1499,0.300798,14.4376,0,0,123,471
0.816,153,1294,0,30.1318,0.27633,13.952,0,0,607,22
0.816,154,566,0,29.9986,0.34235,13.883,0,0,232,566
0.816,155,1167,0,30.1516,0.315322,13.9568,0,0,539,479
0.816,156,1282,0,30.153,0.318269,13.9571,0,0,600,338
0.816,157,362,0,30.1441,0.269429,13.9555,0,0,149,83
0.816,158,775,0,28.7327,-2.58533,13.6102,0,0,331,133
0.816,159,749,0,26.374,-1.56056,12.8826,0,0,318,299
0.816,160,831,0,29.8362,-0.304239,13.3998,0,0,355,246
0.816,161,1319,0,30.1359,0.292856,13.4719,0,0,624,506
0.816,162,802,0,30.1353,0.291536,13.4718,0,0,342,306
0.816,163,931,0,30.1443,0.311225,13.4739,0,0,398,48
0.816,164,17,0,30.1443,0.311308,13.4739,0,0,12,15
0.816,165,480,0,30.1358,0.292611,13.4719,0,0,196,79
0.816,166,33,0,29.9931,0.343198,13.403,0,0,18,486
0.816,167,271,0,26.6163,-1.97846,12.4941,0,0,113,156
0.816,168,77,0,29.579,-1.78685,12.8917,0,0,38,479
0.816,169,236,0,30.1405,0.314678,12.9918,0,0,99,374
0.816,170,779,0,30.1398,0.313061,12.9916,0,0,333,105
0.816,171,185,1,30.1362,0.310086,12.9904,0,0,79,516
0.816,172,847,0,29.9516,-0.298335,12.9568,0,0,363,477
0.816,173,1138,1,28.5423,-3.4538,12.1486,0,0,521,673
0.816,174,1432,0,29.7839,-0.437881,12.4363,0,0,689,297
0.816,175,126,1,29.4835,-10,1.87592,1,0,514,330
0.816,176,83,0,26.5705,-2.7726,11.1983,0,0,40,381
0.816,177,335,0,29.96,0.295811,11.9607,0,0,137,385
0.816,178,786,0,26.8463,-2.45641,11.229,0,0,336,338
0.816,179,1192,0,30.1325,0.321479,12.0278,0,0,555,549
0.816,180,1238,0,29.4308,-1.53547,11.8893,0,0,575,532
0.816,181,1392,0,30.1233,0.311927,11.5449,0,0,665,462
0.816,182,1032,0,30.1265,0.31995,11.5455,0,0,455,298
0.816,183,648,0,30.1262,0.319298,11.5455,0,0,266,508
0.816,184,394,0,26.16,-10,10.752,0,0,163,477
0.816,185,1045,0,29.9401,-0.126179,11.5098,0,0,463,390
0.816,186,37,0,29.9405,0.265989,11.478,0,0,20,156
0.816,187,1188,0,28.0647,-1.15505,10.9772,0,0,553,530
0.816,188,387,0,26.6321,-4.58582,10.7797,0,0,161,672
0.816,189,286,0,30.1263,0.319473,11.5455,0,0,119,301
0.816,190,563,0,26.6918,-3.65804,10.7821,0,0,231,340
0.816,191,428,0,26.6122,-3.22202,10.7729,0,0,178,100
0.816,192,990,0,26.5193,-5.487,10.3401,0,0,429,298
0.816,193,81,0,26.4255,-6.48898,10.3361,0,0,39,340
0.816,194,1011,1,29.9347,0.254226,10.999,0,0,440,482
0.816,195,760,0,30.1182,0.312226,11.0629,0,0,323,598
0.816,196,699,0,30.0987,0.272427,10.5783,0,0,292,635
0.816,197,544,0,26.48,-10,9.91232,0,0,223,392
0.816,198,1338,0,28.5118,-1.35171,10.1831,0,0,638,623
0.816,199,1242,0,26.7452,-5.8189,9.92424,0,0,577,338
0.816,200,1422,0,27.0445,-3.35401,9.94466,0,0,681,97
0.816,201,1154,0,27.8613,-2.65185,10.0737,0,0,533,678
0.816,202,784,0,26.6545,-9.09592,9.48887,0,0,335,481
0.816,203,848,0,28.1142,-2.69532,9.67302,0,0,364,340
0.816,204,751,0,27.2141,-3.7812,9.52424,0,0,319,384
0.816,205,960,0,29.9408,-0.372743,10.074,0,0,414,631
0.816,206,1424,0,27.4063,-7.17089,9.61337,0,0,683,485
0.816,207,157,0,30.1041,0.31764,9.61763,0,0,68,280
0.816,208,257,0,27.465,-3.46187,9.10723,0,0,107,14
0.816,209,254,0,30.1046,0.319038,9.61771,0,0,106,142
0.816,210,1004,0,28.0303,-2.92216,9.1967,0,0,437,640
0.816,211,957,0,30.1005,0.323212,9.1362,0,0,411,573
0.816,212,772,0,30.0781,0.251373,9.1326,0,0,330,439
0.816,213,1123,1,30.0903,0.313762,9.1341,0,0,511,76
0.816,214,1269,0,27.1453,-5.65993,8.63969,0,0,594,567
0.816,215,1315,0,30.0991,0.318536,9.13597,0,0,622,517
0.816,216,672,0,30.095,0.305227,9.13531,0,0,277,652
0.816,217,861,0,30.0916,0.294451,9.13478,0,0,369,644
0.816,218,44,0,30.0963,0.32716,8.65473,0,0,25,595
0.816,219,1233,0,27.6978,-3.88315,8.2389,0,0,574,378
0.816,220,75,0,27.5985,-4.23353,8.22942,0,0,37,568
0.816,221,547,0,29.8869,0.164364,8.60077,0,0,224,478
0.816,222,1140,0,27.12,-10,8.20224,0,0,522,339
0.816,223,269,0,27.5804,-4.19172,8.22739,0,0,112,677
0.816,224,880,0,30.0333,0.122043,8.16479,0,0,376,346
0.816,225,890,0,29.9935,-0.0271016,8.15911,0,0,382,378
0.816,226,542,0,30.0354,0.127729,8.16513,0,0,222,676
0.816,227,971,0,30.0898,0.323583,8.17302,0,0,420,220
0.816,228,561,0,27.3021,-8.74727,7.76871,0,0,229,481
0.816,229,719,0,30.041,0.0933202,8.16664,0,0,302,547
0.816,230,1285,0,29.9311,0.349204,8.12894,0,0,602,381
0.816,231,1046,0,27.9062,-5.39137,7.37486,0,0,464,100
0.816,232,695,0,29.9202,0.32845,7.64937,0,0,290,358
0.816,233,183,0,30.0848,0.325216,7.69161,0,0,78,628
0.816,234,386,0,27.4789,-8.13392,7.33261,0,0,160,382
0.816,235,241,0,30.085,0.325774,7.69163,0,0,101,161
0.816,236,537,0,27.4585,-8.84592,7.33214,0,0,220,571
0.816,237,159,0,30.0652,0.249959,7.68892,0,0,69,330
0.816,238,993,0,28.3447,-4.01772,6.95363,0,0,430,547
0.816,239,1034,0,30.0222,0.0885875,7.20288,0,0,457,398
0.816,240,1371,0,30.0756,0.309519,7.20974,0,0,652,96
0.816,241,457,0,30.0791,0.323684,7.21018,0,0,190,661
0.816,242,1201,0,28.7575,-5.56484,7.04194,0,0,560,185
0.816,243,1240,0,27.76,-10,6.4512,0,0,576,631
0.816,244,647,0,29.8939,0.254697,6.69024,0,0,265,136
0.816,245,1002,0,30.0725,0.318388,6.72875,0,0,435,513
0.816,246,1228,0,30.0429,0.154673,6.72552,0,0,572,391
0.816,247,550,0,27.76,-10,6.4512,0,0,226,385
0.816,248,683,0,27.8996,-8.99279,6.46406,0,0,283,530
0.816,249,34,0,27.92,-10,6.00704,0,0,19,678
0.816,250,398,0,29.9746,-0.243565,6.23936,0,0,165,53
0.816,251,1050,0,28.3557,-4.79475,6.03216,0,0,466,379
0.816,252,1183,0,30.0673,0.318584,6.24757,0,0,550,163
0.816,253,1333,0,30.0685,0.324456,6.24771,0,0,634,9
0.816,254,980,0,30.0654,0.309757,6.24736,0,0,425,115
0.816,255,42,0,30.0444,0.227275,5.76464,0,0,23,402
0.816,256,346,0,30.0621,0.318908,5.76649,0,0,142,457
0.816,257,1088,0,30.0623,0.319937,5.76651,0,0,490,233
0.816,258,1003,0,30.0634,0.325561,5.76662,0,0,436,541
0.816,259,1227,0,28.08,-10,5.56032,0,0,571,672
0.816,260,549,0,29.9033,0.355088,5.73538,0,0,225,390
0.816,261,1031,0,29.8975,0.355684,5.25692,0,0,454,679
0.816,262,986,0,28.407,-6.42851,5.11701,0,0,427,383
0.816,263,988,0,28.3278,-7.33418,5.11341,0,0,428,672
0.816,264,1230,0,29.8902,-0.86696,5.2708,0,0,573,569
0.816,265,11,0,29.8958,0.34464,5.25677,0,0,8,57
0.816,266,920,0,30.0435,0.269063,4.80385,0,0,394,518
0.816,267,1249,0,30.0463,0.285718,4.80409,0,0,581,432
0.816,268,535,0,28.4,-10,4.6592,0,0,219,531
0.816,269,403,0,30.0532,0.329073,4.8047,0,0,166,113
0.816,270,736,0,30.0534,0.330255,4.80472,0,0,310,508
0.816,271,538,0,28.56,-10,4.2048,0,0,221,382
0.816,272,1246,0,28.56,-10,4.2048,0,0,579,495
0.816,273,1172,0,29.6792,-2.25739,3.81611,0,0,542,375
0.816,274,33,1,29.4395,0.426484,3.78832,0,0,18,461
0.816,275,1103,0,30.0406,0.314683,3.84293,0,0,500,334
0.816,276,268,0,28.72,-10,3.74784,0,0,111,687
0.816,277,84,0,30.0402,0.310922,3.8429,0,0,41,208
0.816,278,1353,0,30.0426,0.329775,3.84308,0,0,646,231
0.816,279,1038,0,30.0327,0.289286,3.3621,0,0,459,64
0.816,280,530,0,28.88,-10,3.28832,0,0,217,562
0.816,281,344,0,30.0374,0.331024,3.3624,0,0,140,295
0.816,282,711,0,30.0346,0.306723,3.36222,0,0,297,603
0.816,283,779,0,28.88,-10,3.28832,0,0,333,687
0.816,284,331,0,29.1704,-5.93072,3.30305,0,0,136,332
0.816,285,832,0,30.0233,0.240853,2.88131,0,0,356,293
0.816,286,31,0,30.0191,0.197686,2.88107,0,0,17,55
0.816,287,1170,0,29.8689,0.359167,2.86603,0,0,541,617
0.816,288,1317,0,29.9948,-0.0508868,2.87971,0,0,623,400
0.816,289,981,0,29.204,-6.77983,2.83252,0,0,426,461
0.816,290,1086,0,29.8101,-1.33815,2.87321,0,0,489,560
0.816,291,726,0,29.9446,-0.5755,2.8769,0,0,305,312
0.816,292,38,0,30.0266,0.330554,2.40128,0,0,21,90
0.816,293,1303,0,30.0216,0.268253,2.40104,0,0,614,352
0.816,294,1335,0,30.0259,0.3227,2.40125,0,0,635,51
0.816,295,1238,0,29.2,-10,2.3616,0,0,575,392
0.816,296,347,0,30.0184,0.286368,1.92074,0,0,143,126
0.816,297,813,0,30.0206,0.32114,1.92083,0,0,346,87
0.816,298,1067,0,29.5268,-6.59994,1.90037,0,0,477,500
0.816,299,1079,1,29.9282,0.31436,1.91492,0,0,484,644
0.816,300,1142,0,30.0216,0.336227,1.92087,0,0,523,341
0.816,301,704,0,30.0161,0.335165,1.44052,0,0,294,445
0.816,302,1211,0,30.0162,0.337488,1.44052,0,0,564,186
0.816,303,475,0,30.014,0.290885,1.44045,0,0,195,513
0.816,304,601,0,30.015,0.311909,1.44048,0,0,246,646
0.816,305,469,0,29.68,-10,0.95232,0,0,193,71
0.816,306,428,0,29.68,-10,0.95232,0,0,178,264
0.816,307,686,0,30.0098,0.306081,0.960236,0,0,285,54
0.816,308,1422,0,29.84,-10,0.47744,0,0,681,476
0.816,309,77,0,29.84,-10,0.47744,0,0,38,678
0.816,310,15,0,29.9978,-0.134431,0.479966,0,0,10,569
0.816,311,83,0,29.84,-10,0.47744,0,0,40,100
0.816,312,1259,0,30.0043,0.271377,0.480069,0,0,586,14
0.816,313,586,0,30.0038,0.237867,0.480061,0,0,240,412
0.831999,0,566,1,30.2714,0.299541,25.5598,0,0,232,680
0.831999,1,271,0,30.1558,0.078104,25.5249,0,0,113,488
0.831999,2,1254,0,29.1414,-5.76904,3.73929,1,0,585,597
0.831999,3,387,0,29.3411,-2.26508,25.2968,0,0,161,155
0.831999,4,1050,0,30.259,0.285482,25.5543,0,0,466,408
0.831999,5,1067,0,30.264,0.291224,25.5566,0,0,477,106
0.831999,6,33,2,30.256,0.301985,25.5572,0,0,18,485
0.831999,7,847,1,30.0031,-0.471352,25.4857,0,0,363,676
0.831999,8,531,0,30.2714,0.299541,25.5598,0,0,218,532
0.831999,9,843,0,29.1198,-1.25385,25.1298,0,0,362,483
0.831999,10,335,2,30.2471,0.298904,25.5514,0,0,137,680
0.831999,11,1233,0,30.2666,0.300303,25.0755,0,0,574,478
0.831999,12,1432,2,30.2398,0.304561,25.0573,0,0,689,578
0.831999,13,3,1,30.108,0.319131,24.9994,0,0,2,35
0.831999,14,751,0,30.0084,-0.0336014,24.9809,0,0,319,390
0.831999,15,1299,1,30.2648,0.298194,25.0747,0,0,610,578
0.831999,16,56,0,30.241,0.270635,25.0644,0,0,30,542
0.831999,17,257,0,30.2666,0.300303,25.0755,0,0,107,80
0.831999,18,530,0,30.1159,-0.138735,25.0341,0,0,217,532
0.831999,19,682,1,28.2797,-4.42188,9.99762,1,0,533,297
0.831999,20,1242,0,29.1546,-3.20951,24.7864,0,0,577,102
0.831999,21,1167,0,25.3158,-10,8.98366,1,0,522,680
0.831999,22,1187,0,30.2618,0.301067,24.5912,0,0,552,296
0.831999,23,75,0,30.171,0.107256,24.5643,0,0,37,679
0.831999,24,140,0,30.2583,0.29697,24.5897,0,0,63,377
0.831999,25,786,0,30.26,0.298923,24.5904,0,0,336,101
0.831999,26,571,0,30.2595,0.298399,24.5902,0,0,234,476
0.831999,27,330,1,30.2228,0.307248,24.5714,0,0,135,339
0.831999,28,449,0,30.1953,0.308793,24.5703,0,0,187,566
0.831999,29,1,0,30.1148,0.126062,24.5294,0,0,1,6
0.831999,30,843,0,23.1091,-5.81856,10.8755,1,0,223,565
0.831999,31,1325,0,28.5596,-10,4.95029,1,0,28,279
0.831999,32,749,0,30.2542,0.298486,24.1058,0,0,318,22
0.831999,33,269,0,30.2554,0.299943,24.1064,0,0,112,675
0.831999,34,810,0,30.137,0.156215,24.0576,0,0,345,46
0.831999,35,1138,1,26.8506,-10,8.60255,1,0,283,122
0.831999,36,1191,1,25.385,-10,7.74813,1,0,638,391
0.831999,37,1124,0,30.0557,-0.558088,24.0793,0,0,511,518
0.831999,38,563,0,29.8774,-0.727835,23.9848,0,0,231,297
0.831999,39,561,0,29.1449,-0.736772,23.6768,0,0,229,571
0.831999,40,1422,0,30.2508,0.300899,23.6223,0,0,681,675
0.831999,41,901,0,30.2418,0.289871,23.6187,0,0,386,126
0.831999,42,566,1,23.5733,-6.39276,6.32306,1,0,430,675
0.831999,43,976,0,30.2132,0.17624,23.6153,0,0,423,237
0.831999,44,1246,0,25.6046,-10,1.67369,1,0,685,230
0.831999,45,986,0,30.1639,0.0514207,23.5976,0,0,427,384
0.831999,46,1037,0,30.2036,0.242714,23.6033,0,0,458,667
0.831999,47,898,0,30.2089,0.2492,23.6054,0,0,385,549
0.831999,48,1343,0,30.1719,-0.0362601,23.6044,0,0,643,88
0.831999,49,708,0,29.9384,-0.0873374,23.4963,0,0,296,676
0.831999,50,1285,1,30.2488,0.298524,23.6215,0,0,602,558
0.831999,51,311,0,30.2334,0.285946,23.1333,0,0,128,372
0.831999,52,637,0,30.2365,0.289745,23.1345,0,0,262,206
0.831999,53,988,0,30.022,-0.0390664,23.0666,0,0,428,630
0.831999,54,1030,0,30.2448,0.300217,23.1378,0,0,453,646
0.831999,55,538,0,29.2226,-1.6644,22.8337,0,0,221,486
0.831999,56,1164,0,30.2208,0.269958,23.1283,0,0,537,300
0.831999,57,838,0,30.1523,0.123761,23.1138,0,0,359,565
0.831999,58,654,1,30.2412,0.299819,23.1371,0,0,269,106
0.831999,59,43,0,30.182,0.223199,22.6314,0,0,24,559
0.831999,60,550,0,29.2625,-0.685999,22.3727,0,0,226,578
0.831999,61,542,1,30.162,0.094771,22.6368,0,0,222,547
0.831999,62,83,0,30.2349,0.233477,22.6544,0,0,40,530
0.831999,63,990,0,29.6498,-1.43379,22.4695,0,0,429,486
0.831999,64,1284,0,30.205,0.253078,22.6422,0,0,601,482
0.831999,65,1154,0,25.6681,-10,0.559473,1,0,521,611
0.831999,66,945,0,30.1944,0.242242,22.6363,0,0,405,152
0.831999,67,660,0,30.2401,0.301146,22.654,0,0,271,600
0.831999,68,177,0,30.2284,0.286094,22.6494,0,0,76,117
0.831999,69,428,0,30.231,0.29628,22.1685,0,0,178,576
0.831999,70,1187,1,24.7114,-8.02956,6.71233,1,0,553,488
0.831999,71,1011,2,30.1968,0.30686,22.1549,0,0,440,382
0.831999,72,397,0,30.0608,-0.453177,22.1489,0,0,164,577
0.831999,73,37,1,30.236,0.305169,22.1703,0,0,20,488
0.831999,74,562,0,28.9598,-3.35871,21.8074,0,0,230,673
0.831999,75,1269,0,30.0311,-0.247354,22.1116,0,0,594,482
0.831999,76,394,0,28.1624,-2.35523,21.4242,0,0,163,31
0.831999,77,386,0,29.8912,-0.197759,21.5766,0,0,160,483
0.831999,78,1352,0,30.1629,-0.101001,21.678,0,0,645,41
0.831999,79,81,0,29.6582,-1.72609,21.5583,0,0,39,383
0.831999,80,549,1,30.2327,0.305682,21.6872,0,0,225,548
0.831999,81,1102,0,27.0656,-1.14232,19.9512,0,0,500,285
0.831999,82,661,0,29.7655,-0.44184,21.0656,0,0,272,599
0.831999,83,625,1,30.214,0.302915,21.1987,0,0,255,572
0.831999,84,784,0,29.7494,-0.91302,20.5967,0,0,335,630
0.831999,85,1423,0,30.2212,0.304819,20.7192,0,0,682,599
0.831999,86,1261,1,30.2111,0.29494,20.7155,0,0,587,22
0.831999,87,365,0,30.2168,0.298648,20.7177,0,0,151,369
0.831999,88,790,0,30.2204,0.303661,20.7189,0,0,337,155
0.831999,89,37,1,24.0814,-7.11296,4.44753,1,0,426,148
0.831999,90,1039,1,29.3513,-5.38102,4.46405,1,0,290,515
0.831999,91,1052,1,27.4253,-10,7.39899,1,0,364,3
0.831999,92,596,0,30.1603,0.305104,20.2122,0,0,244,192
0.831999,93,647,1,30.2043,0.288243,20.2315,0,0,265,64
0.831999,94,537,0,30.1685,0.144505,20.2246,0,0,220,299
0.831999,95,1274,0,30.0011,0.0314154,20.1618,0,0,595,391
0.831999,96,830,0,30.2151,0.303815,20.2353,0,0,354,18
0.831999,97,330,1,23.982,-6.96371,5.58244,1,0,136,631
0.831999,98,1246,0,30.2163,0.305607,20.2357,0,0,579,591
0.831999,99,579,0,30.2117,0.306756,19.7523,0,0,238,3
0.831999,100,975,0,29.7881,-0.989746,19.685,0,0,422,683
0.831999,101,1170,1,30.2101,0.30439,19.7518,0,0,541,142
0.831999,102,1385,0,30.1895,0.273938,19.7448,0,0,660,365
0.831999,103,1268,0,30.2112,0.305978,19.7521,0,0,593,101
0.831999,104,547,1,30.0051,-0.296957,19.7063,0,0,224,296
0.831999,105,1045,1,27.5726,-10,6.03161,1,0,464,296
0.831999,106,1006,0,30.2024,0.300844,19.2675,0,0,438,233
0.831999,107,1240,0,29.7742,-0.946852,19.156,0,0,576,300
0.831999,108,1209,0,26.246,-10,18.0251,0,0,563,569
0.831999,109,605,0,30.2032,0.302076,19.2677,0,0,247,7
0.831999,110,1338,1,25.8847,-10,3.11237,1,0,19,99
0.831999,111,721,0,26.142,-7.13388,17.7351,0,0,303,483
0.831999,112,933,0,30.1912,0.291757,18.7822,0,0,399,622
0.831999,113,1052,0,30.202,0.30848,18.7857,0,0,467,3
0.831999,114,392,0,30.1227,0.0719378,18.2845,0,0,162,611
0.831999,115,1323,0,30.1951,0.306113,18.3018,0,0,626,118
0.831999,116,220,0,30.1875,0.293931,18.2994,0,0,92,16
0.831999,117,1401,0,30.1876,0.240043,18.3016,0,0,670,229
0.831999,118,276,0,30.1982,0.311139,18.3028,0,0,115,677
0.831999,119,1031,1,30.1919,0.309688,17.8192,0,0,454,599
0.831999,120,328,0,30.188,0.303243,17.818,0,0,134,615
0.831999,121,584,0,30.0655,0.10787,17.7801,0,0,240,636
0.831999,122,1366,0,30.1694,0.272701,17.8123,0,0,651,556
0.831999,123,268,0,29.9572,-0.38826,17.2845,0,0,111,64
0.831999,124,226,0,30.1839,0.305365,17.3352,0,0,95,626
0.831999,125,1267,0,29.3556,-10,17.2944,0,0,592,202
0.831999,126,1104,0,30.1824,0.302824,17.3348,0,0,501,447
0.831999,127,1409,0,27.0416,-10,9.04525,1,0,673,668
0.831999,128,66,0,29.9316,-0.130913,16.7847,0,0,34,204
0.831999,129,1100,1,30.0533,0.298473,16.7831,0,0,499,99
0.831999,130,320,0,30.1626,0.286328,16.3662,0,0,132,630
0.831999,131,445,1,30.1649,0.294215,16.3672,0,0,186,125
0.831999,132,949,0,30.1384,0.213927,16.3604,0,0,406,204
0.831999,133,454,0,30.1732,0.305199,16.3692,0,0,189,263
0.831999,134,766,0,30.1015,0.180444,16.3487,0,0,327,99
0.831999,135,33,1,27.4588,-10,1.54747,1,0,554,226
0.831999,136,940,0,30.0874,-0.267231,15.8752,0,0,403,294
0.831999,137,682,0,30.1708,0.310726,15.8871,0,0,282,485
0.831999,138,60,0,30.1697,0.308669,15.8868,0,0,32,45
0.831999,139,469,0,30.0692,-1.22485,15.8827,0,0,193,104
0.831999,140,73,0,30.1618,0.303725,15.4033,0,0,36,636
0.831999,141,535,0,30.1682,0.315878,15.405,0,0,219,531
0.831999,142,530,0,26.2291,-1.29563,14.1346,0,0,217,481
0.831999,143,11,1,30.1671,0.313817,15.4047,0,0,8,19
0.831999,144,764,0,30.1637,0.307464,15.4038,0,0,325,307
0.831999,145,847,1,27.6677,-10,1.71305,1,0,227,341
0.831999,146,1299,0,30.0134,0.336734,15.323,0,0,610,31
0.831999,147,129,0,29.8344,-10,1.09501,1,0,56,548
0.831999,148,531,0,26.4761,-1.24056,13.7526,0,0,218,476
0.831999,149,854,0,30.13,0.220935,14.9162,0,0,366,395
0.831999,150,330,0,29.9755,0.26995,14.8349,0,0,135,101
0.831999,151,1337,0,30.0607,0.0831393,14.8998,0,0,637,97
0.831999,152,297,0,30.1547,0.300027,14.9201,0,0,123,471
0.831999,153,1294,0,30.1362,0.275592,14.4342,0,0,607,22
0.831999,154,566,0,30.0041,0.341504,14.363,0,0,232,566
0.831999,155,1167,0,30.1566,0.314529,14.4393,0,0,539,479
0.831999,156,1282,0,30.1581,0.31747,14.4397,0,0,600,338
0.831999,157,362,0,30.1484,0.268751,14.4378,0,0,149,83
0.831999,158,775,0,28.6915,-2.57596,14.0692,0,0,331,133
0.831999,159,749,0,26.3523,-1.35424,13.3042,0,0,318,299
0.831999,160,831,0,29.8314,-0.300162,13.8771,0,0,355,246
0.831999,161,1319,0,30.1406,0.292095,13.9541,0,0,624,506
0.831999,162,802,0,30.1399,0.290777,13.954,0,0,342,306
0.831999,163,931,0,30.1493,0.310437,13.9562,0,0,398,48
0.831999,164,17,0,30.1493,0.310521,13.9562,0,0,12,15
0.831999,165,480,0,30.1405,0.291851,13.9541,0,0,196,79
0.831999,166,33,0,29.9986,0.34235,13.883,0,0,18,486
0.831999,167,271,0,26.5877,-1.78674,12.9195,0,0,113,156
0.831999,168,77,0,29.5498,-1.82447,13.3645,0,0,38,479
0.831999,169,236,0,30.1455,0.313885,13.4741,0,0,99,374
0.831999,170,779,0,29.9798,-10,13.4713,0,0,333,105
0.831999,171,185,1,30.1411,0.3093,13.4726,0,0,79,516
0.831999,172,847,0,29.9507,-0.0582339,13.436,0,0,363,477
0.831999,173,1138,1,28.487,-3.45938,12.6044,0,0,521,673
0.831999,174,1432,0,29.7769,-0.431873,12.9127,0,0,689,297
0.831999,175,126,1,29.3235,-10,2.3451,1,0,514,330
0.831999,176,83,0,26.5321,-2.3997,11.6228,0,0,40,381
0.831999,177,335,0,29.9648,0.295074,12.4402,0,0,137,385
0.831999,178,786,0,26.811,-2.20089,11.658,0,0,336,338
0.831999,179,1192,0,30.1377,0.320674,12.51,0,0,555,549
0.831999,180,1238,0,29.4064,-1.52644,12.3598,0,0,575,532
0.831999,181,1392,0,30.1283,0.311137,12.027,0,0,665,462
0.831999,182,1032,0,30.1316,0.319148,12.0276,0,0,455,298
0.831999,183,648,0,30.1313,0.318497,12.0276,0,0,266,508
0.831999,184,394,0,26,-10,11.168,0,0,163,477
0.831999,185,1045,0,29.9381,-0.124509,11.9888,0,0,463,390
0.831999,186,37,0,29.9448,0.265349,11.9571,0,0,20,156
0.831999,187,1188,0,28.0469,-1.11291,11.426,0,0,553,530
0.831999,188,387,0,26.5632,-4.30376,11.2047,0,0,161,672
0.831999,189,286,0,30.1314,0.318672,12.0276,0,0,119,301
0.831999,190,563,0,26.6386,-3.32186,11.2083,0,0,231,340
0.831999,191,428,0,26.568,-2.76396,11.198,0,0,178,100
0.831999,192,990,0,26.4413,-4.87133,10.7632,0,0,429,298
0.831999,193,81,0,26.3357,-5.61232,10.7575,0,0,39,340
0.831999,194,1011,1,29.9388,0.251154,11.478,0,0,440,482
0.831999,195,760,0,30.1231,0.311435,11.5449,0,0,323,598
0.831999,196,699,0,30.103,0.27169,11.06,0,0,292,635
0.831999,197,544,0,26.32,-10,10.3334,0,0,223,392
0.831999,198,1338,0,28.4908,-1.31139,10.639,0,0,638,623
0.831999,199,1242,0,26.6577,-5.46965,10.3508,0,0,577,338
0.831999,200,1422,0,26.9966,-2.99383,10.3766,0,0,681,97
0.831999,201,1154,0,27.8213,-2.49735,10.5189,0,0,533,678
0.831999,202,784,0,26.5354,-7.44173,9.91344,0,0,335,481
0.831999,203,848,0,28.0734,-2.5512,10.1222,0,0,364,340
0.831999,204,751,0,27.1588,-3.45474,9.95878,0,0,319,384
0.831999,205,960,0,29.9346,-0.38287,10.553,0,0,414,631
0.831999,206,1424,0,27.2926,-7.10911,10.0501,0,0,683,485
0.831999,207,157,0,30.1092,0.31684,10.0994,0,0,68,280
0.831999,208,257,0,27.4144,-3.162,9.54586,0,0,107,14
0.831999,209,254,0,30.1097,0.318235,10.0995,0,0,106,142
0.831999,210,1004,0,27.9863,-2.75224,9.64448,0,0,437,640
0.831999,211,957,0,30.1057,0.322403,9.61789,0,0,411,573
0.831999,212,772,0,30.0822,0.25075,9.61391,0,0,330,439
0.831999,213,1123,1,30.0953,0.312967,9.61563,0,0,511,76
0.831999,214,1269,0,27.0655,-4.9888,9.07273,0,0,594,567
0.831999,215,1315,0,30.1041,0.317735,9.61764,0,0,622,517
0.831999,216,672,0,30.0998,0.304445,9.61691,0,0,277,652
0.831999,217,861,0,30.0963,0.293683,9.61632,0,0,369,644
0.831999,218,44,0,30.1015,0.326344,9.13636,0,0,25,595
0.831999,219,1233,0,27.6409,-3.55964,8.68116,0,0,574,378
0.831999,220,75,0,27.5366,-3.86908,8.67001,0,0,37,568
0.831999,221,547,0,29.8895,0.163309,9.079,0,0,224,478
0.831999,222,1140,0,26.96,-10,8.6336,0,0,522,339
0.831999,223,269,0,27.5196,-3.80478,8.66771,0,0,112,677
0.831999,224,880,0,30.0352,0.122009,8.64535,0,0,376,346
0.831999,225,890,0,29.9931,-0.0275224,8.639,0,0,382,378
0.831999,226,542,0,30.0374,0.127428,8.64573,0,0,222,676
0.831999,227,971,0,30.095,0.322772,8.65454,0,0,420,220
0.831999,228,561,0,27.1771,-7.81347,8.20354,0,0,229,481
0.831999,229,719,0,30.0424,0.0860987,8.64732,0,0,302,547
0.831999,230,1285,0,29.9366,0.348345,8.60793,0,0,602,381
0.831999,231,1046,0,27.8268,-4.95944,7.82009,0,0,464,100
0.831999,232,695,0,29.9255,0.327618,8.12818,0,0,290,358
0.831999,233,183,0,30.09,0.324403,8.17305,0,0,78,628
0.831999,234,386,0,27.3655,-7.0896,7.77046,0,0,160,382
0.831999,235,241,0,30.0902,0.32496,8.17307,0,0,101,161
0.831999,236,537,0,27.3395,-7.43381,7.76957,0,0,220,571
0.831999,237,159,0,30.0692,0.249355,8.17002,0,0,69,330
0.831999,238,993,0,28.2843,-3.77493,7.40618,0,0,430,547
0.831999,239,1034,0,30.0236,0.0880427,7.68326,0,0,457,398
0.831999,240,1371,0,30.0806,0.308728,7.69103,0,0,652,96
0.831999,241,457,0,30.0842,0.322872,7.69153,0,0,190,661
0.831999,242,1201,0,28.667,-5.65348,7.50061,0,0,560,185
0.831999,243,1240,0,27.6,-10,6.8928,0,0,576,631
0.831999,244,647,0,29.898,0.253946,7.1686,0,0,265,136
0.831999,245,1002,0,30.0776,0.317584,7.20999,0,0,435,513
0.831999,246,1228,0,30.0453,0.150837,7.20624,0,0,572,391
0.831999,247,550,0,27.6,-10,6.8928,0,0,226,385
0.831999,248,683,0,27.7564,-8.95026,6.90816,0,0,283,530
0.831999,249,34,0,27.7684,-9.47726,6.45133,0,0,19,678
0.831999,250,398,0,29.9708,-0.240474,6.71889,0,0,165,53
0.831999,251,1050,0,28.2846,-4.44149,6.48471,0,0,466,379
0.831999,252,1183,0,30.0724,0.31778,6.72873,0,0,550,163
0.831999,253,1333,0,30.0737,0.323643,6.72889,0,0,634,9
0.831999,254,980,0,30.0704,0.308965,6.72849,0,0,425,115
0.831999,255,42,0,30.048,0.226582,6.24541,0,0,23,402
0.831999,256,346,0,30.0672,0.318103,6.24756,0,0,142,457
0.831999,257,1088,0,30.0674,0.31913,6.24759,0,0,490,233
0.831999,258,1003,0,30.0686,0.324745,6.24772,0,0,436,541
0.831999,259,1227,0,27.92,-10,6.00704,0,0,571,672
0.831999,260,549,0,29.9089,0.354217,6.21392,0,0,225,390
0.831999,261,1031,0,29.9032,0.354813,5.73537,0,0,454,679
0.831999,262,986,0,28.313,-5.87825,5.57001,0,0,427,383
0.831999,263,988,0,28.2214,-6.65492,5.56495,0,0,428,672
0.831999,264,1230,0,29.8755,-0.918922,5.74881,0,0,573,569
0.831999,265,11,0,29.9013,0.343784,5.73519,0,0,8,57
0.831999,266,920,0,30.0478,0.26839,5.28461,0,0,394,518
0.831999,267,1249,0,30.0508,0.284956,5.2849,0,0,581,432
0.831999,268,535,0,28.24,-10,5.11104,0,0,219,531
0.831999,269,403,0,30.0585,0.328252,5.28564,0,0,166,113
0.831999,270,736,0,30.0587,0.329432,5.28566,0,0,310,508
0.831999,271,538,0,28.4,-10,4.6592,0,0,221,382
0.831999,272,1246,0,28.402,-9.87249,4.65923,0,0,579,495
0.831999,273,1172,0,29.6408,-2.4004,4.29036,0,0,542,375
0.831999,274,33,1,29.4463,0.425488,4.25946,0,0,18,461
0.831999,275,1103,0,30.0457,0.313882,4.32367,0,0,500,334
0.831999,276,268,0,28.56,-10,4.2048,0,0,111,687
0.831999,277,84,0,30.0451,0.310126,4.32362,0,0,41,208
0.831999,278,1353,0,30.0478,0.328952,4.32384,0,0,646,231
0.831999,279,1038,0,30.0373,0.288518,3.84269,0,0,459,64
0.831999,280,530,0,28.72,-10,3.74784,0,0,217,562
0.831999,281,344,0,30.0426,0.330198,3.84308,0,0,140,295
0.831999,282,711,0,30.0395,0.305933,3.84285,0,0,297,603
0.831999,283,779,0,28.72,-10,3.74784,0,0,333,687
0.831999,284,331,0,29.0814,-5.55939,3.76835,0,0,136,332
0.831999,285,832,0,30.0271,0.24028,3.36174,0,0,356,293
0.831999,286,31,0,30.0223,0.197022,3.36143,0,0,17,55
0.831999,287,1170,0,29.8746,0.358289,3.34402,0,0,541,617
0.831999,288,1317,0,29.994,-0.0497112,3.35961,0,0,623,400
0.831999,289,981,0,29.1029,-6.31404,3.29817,0,0,426,461
0.831999,290,1086,0,29.7891,-1.31224,3.34983,0,0,489,560
0.831999,291,726,0,29.9354,-0.575038,3.35586,0,0,305,312
0.831999,292,38,0,30.0319,0.329729,2.88179,0,0,21,90
0.831999,293,1303,0,30.0258,0.267588,2.88145,0,0,614,352
0.831999,294,1335,0,30.0311,0.321887,2.88175,0,0,635,51
0.831999,295,1238,0,29.04,-10,2.82624,0,0,575,392
0.831999,296,347,0,30.023,0.285602,2.4011,0,0,143,126
0.831999,297,813,0,30.0258,0.320328,2.40124,0,0,346,87
0.831999,298,1067,0,29.4283,-6.15824,2.37122,0,0,477,500
0.831999,299,1079,1,29.9332,0.313547,2.39385,0,0,484,644
0.831999,300,1142,0,30.027,0.335392,2.4013,0,0,523,341
0.831999,301,704,0,30.0215,0.334331,1.92086,0,0,294,445
0.831999,302,1211,0,30.0216,0.336651,1.92087,0,0,564,186
0.831999,303,475,0,30.0186,0.290155,1.92075,0,0,195,513
0.831999,304,601,0,30.02,0.31111,1.9208,0,0,246,646
0.831999,305,469,0,29.52,-10,1.42464,0,0,193,71
0.831999,306,428,0,29.52,-10,1.42464,0,0,178,264
0.831999,307,686,0,30.0147,0.305288,1.44047,0,0,285,54
0.831999,308,1422,0,29.68,-10,0.95232,0,0,681,476
0.831999,309,77,0,29.68,-10,0.95232,0,0,38,678
0.831999,310,15,1,30.0033,0.338838,0.960018,0,0,10,569
0.831999,311,83,0,29.68,-10,0.95232,0,0,40,100
0.831999,312,1259,0,30.0087,0.270626,0.960208,0,0,586,14
0.831999,313,586,0,30.0076,0.237155,0.960183,0,0,240,412
0.831999,314,848,0,29.84,-10,0.47744,0,0,364,273
0.831999,315,778,0,30.0054,0.337746,0.480086,0,0,332,141
0.831999,316,363,0,29.84,-10,0.47744,0,0,150,626
0.831999,317,579,0,29.84,-10,0.47744,0,0,238,402
0.831999,318,271,0,29.84,-10,0.47744,0,0,113,531
0.831999,319,706,0,30.0046,0.287693,0.480074,0,0,295,410
0.847999,0,566,1,30.2762,0.298781,26.0442,0,0,232,680
0.847999,1,271,0,30.1571,0.0780039,26.0074,0,0,113,488
0.847999,2,1254,0,29.0505,-5.6792,4.2041,1,0,585,597
0.847999,3,387,0,29.3036,-2.34329,25.7656,0,0,161,155
0.847999,4,1050,0,30.2635,0.284744,26.0386,0,0,466,408
0.847999,5,1067,0,30.2687,0.290478,26.0409,0,0,477,106
0.847999,6,33,2,30.2609,0.30122,26.0414,0,0,18,485
0.847999,7,847,1,29.995,-0.505569,25.9657,0,0,363,676
0.847999,8,531,0,30.2762,0.298781,26.0442,0,0,218,532
0.847999,9,843,0,29.1001,-1.23062,25.5954,0,0,362,483
0.847999,10,335,2,30.2519,0.298144,26.0354,0,0,137,680
0.847999,11,1233,0,30.2714,0.299541,25.5598,0,0,574,478
0.847999,12,1432,2,30.2447,0.30379,25.5412,0,0,689,578
0.847999,13,17,1,30.1131,0.318329,0.12523,1,0,2,35
0.847999,14,751,0,30.0078,-0.0325808,25.461,0,0,319,390
0.847999,15,1299,1,30.2695,0.297436,25.559,0,0,610,578
0.847999,16,56,0,30.2453,0.269918,25.5484,0,0,30,542
0.847999,17,257,0,30.2714,0.299541,25.5598,0,0,107,80
0.847999,18,530,0,30.1135,-0.148382,25.5159,0,0,217,532
0.847999,19,682,1,28.2099,-4.36299,10.449,1,0,533,297
0.847999,20,1242,0,29.1009,-3.36093,25.252,0,0,577,102
0.847999,21,1167,0,25.1558,-10,9.38615,1,0,522,680
0.847999,22,1187,0,30.2666,0.300303,25.0755,0,0,552,296
0.847999,23,75,0,30.1725,0.0933643,25.0471,0,0,37,679
0.847999,24,140,0,30.2631,0.296214,25.0739,0,0,63,377
0.847999,25,786,0,30.2648,0.298163,25.0746,0,0,336,101
0.847999,26,571,0,30.2643,0.29764,25.0745,0,0,234,476
0.847999,27,330,1,30.2278,0.306471,25.055,0,0,135,339
0.847999,28,449,0,30.2002,0.308013,25.0535,0,0,187,566
0.847999,29,1,0,30.1168,0.125499,25.0113,0,0,1,6
0.847999,30,843,0,23.0178,-5.70156,11.2438,1,0,223,565
0.847999,31,1325,0,28.3996,-10,5.40468,1,0,28,279
0.847999,32,749,0,30.259,0.297727,24.59,0,0,318,22
0.847999,33,269,0,30.2602,0.299182,24.5905,0,0,112,675
0.847999,34,810,0,30.1395,0.155624,24.5398,0,0,345,46
0.847999,35,1138,1,26.6906,-10,9.0296,1,0,283,122
0.847999,36,1191,1,25.225,-10,8.15173,1,0,638,391
0.847999,37,1124,0,30.0469,-0.550854,24.56,0,0,511,518
0.847999,38,563,0,29.8653,-0.760398,24.4626,0,0,231,297
0.847999,39,561,0,29.1333,-0.722689,24.1429,0,0,229,571
0.847999,40,1422,0,30.2556,0.300135,24.1064,0,0,681,675
0.847999,41,901,0,30.2464,0.289125,24.1026,0,0,386,126
0.847999,42,566,1,23.4732,-6.25732,6.69864,1,0,430,675
0.847999,43,976,0,30.2161,0.175897,24.0987,0,0,423,237
0.847999,44,1246,0,25.4446,-10,2.0808,1,0,685,230
0.847999,45,986,0,30.1645,0.0412356,24.0802,0,0,427,384
0.847999,46,1037,0,30.2075,0.242031,24.0866,0,0,458,667
0.847999,47,898,0,30.2128,0.248509,24.0888,0,0,385,549
0.847999,48,1343,0,30.1714,-0.035322,24.0871,0,0,643,88
0.847999,49,708,0,29.937,-0.087703,23.9753,0,0,296,676
0.847999,50,1285,1,30.2536,0.297764,24.1056,0,0,602,558
0.847999,51,311,0,30.238,0.285205,23.6172,0,0,128,372
0.847999,52,637,0,30.2411,0.288998,23.6184,0,0,262,206
0.847999,53,988,0,30.0214,-0.0386505,23.547,0,0,428,630
0.847999,54,1030,0,30.2496,0.299455,23.6218,0,0,453,646
0.847999,55,538,0,29.1967,-1.62444,23.3009,0,0,221,486
0.847999,56,1164,0,30.2251,0.269239,23.6119,0,0,537,300
0.847999,57,838,0,30.1543,0.123659,23.5963,0,0,359,565
0.847999,58,654,1,30.246,0.299057,23.621,0,0,269,106
0.847999,59,43,0,30.1855,0.222145,23.1144,0,0,24,559
0.847999,60,550,0,29.2502,-0.769709,22.8407,0,0,226,578
0.847999,61,542,1,30.1635,0.0939299,23.1194,0,0,222,547
0.847999,62,83,0,30.2385,0.228175,23.1382,0,0,40,530
0.847999,63,990,0,29.6261,-1.47991,22.9436,0,0,429,486
0.847999,64,1284,0,30.209,0.252445,23.1256,0,0,601,482
0.847999,65,1154,0,25.5081,-10,0.967602,1,0,521,611
0.847999,66,945,0,30.1983,0.241558,23.1194,0,0,405,152
0.847999,67,660,0,30.2449,0.300382,23.1379,0,0,271,600
0.847999,68,177,0,30.233,0.285353,23.1332,0,0,76,117
0.847999,69,428,0,30.2357,0.295523,22.6523,0,0,178,576
0.847999,70,1187,1,24.586,-7.83393,7.1057,1,0,553,488
0.847999,71,1011,2,30.2017,0.306084,22.6381,0,0,440,382
0.847999,72,397,0,30.0536,-0.450608,22.6298,0,0,164,577
0.847999,73,37,1,30.2408,0.304397,22.6542,0,0,20,488
0.847999,74,562,0,28.9049,-3.42878,22.2699,0,0,230,673
0.847999,75,1269,0,30.027,-0.25992,22.592,0,0,594,482
0.847999,76,394,0,28.1233,-2.44067,21.8742,0,0,163,31
0.847999,77,386,0,29.888,-0.196037,22.0548,0,0,160,483
0.847999,78,1352,0,30.1613,-0.0995335,22.1606,0,0,645,41
0.847999,79,81,0,29.6292,-1.81455,22.0324,0,0,39,383
0.847999,80,549,1,30.2376,0.304909,22.171,0,0,225,548
0.847999,81,1104,0,27.0484,-1.07161,0.0649569,1,0,500,285
0.847999,82,661,0,29.7584,-0.43854,21.5418,0,0,272,599
0.847999,83,625,1,30.2189,0.302146,21.6822,0,0,255,572
0.847999,84,784,0,29.7347,-0.918063,21.0725,0,0,335,630
0.847999,85,1423,0,30.2261,0.304047,21.2028,0,0,682,599
0.847999,86,1261,1,30.2158,0.294183,21.1989,0,0,587,22
0.847999,87,365,0,30.2216,0.297886,21.2012,0,0,151,369
0.847999,88,790,0,30.2252,0.302891,21.2025,0,0,337,155
0.847999,89,37,1,23.9701,-6.95218,4.83105,1,0,426,148
0.847999,90,1039,1,29.2665,-5.30088,4.93232,1,0,290,515
0.847999,91,1052,1,27.2653,-10,7.83524,1,0,364,3
0.847999,92,596,0,30.1651,0.304327,20.6948,0,0,244,192
0.847999,93,647,1,30.2089,0.287496,20.7149,0,0,265,64
0.847999,94,537,0,30.1707,0.13537,20.7073,0,0,220,299
0.847999,95,1274,0,30.0014,0.0211471,20.6419,0,0,595,391
0.847999,96,830,0,30.2199,0.303044,20.7188,0,0,354,18
0.847999,97,330,1,23.8731,-6.80836,5.96441,1,0,136,631
0.847999,98,1246,0,30.2212,0.304834,20.7192,0,0,579,591
0.847999,99,579,0,30.2166,0.305981,20.2358,0,0,238,3
0.847999,100,975,0,29.7726,-0.972778,20.1613,0,0,422,683
0.847999,101,1170,1,30.215,0.303618,20.2352,0,0,541,142
0.847999,102,1385,0,30.1939,0.27321,20.2279,0,0,660,365
0.847999,103,1268,0,30.2161,0.305204,20.2356,0,0,593,101
0.847999,104,547,1,29.9999,-0.325539,20.1863,0,0,224,296
0.847999,105,1045,1,27.4126,-10,6.47021,1,0,464,296
0.847999,106,1006,0,30.2072,0.300077,19.7508,0,0,438,233
0.847999,107,1240,0,29.7579,-1.01707,19.6322,0,0,576,300
0.847999,108,1209,0,26.086,-10,18.4425,0,0,563,569
0.847999,109,605,0,30.208,0.301307,19.7511,0,0,247,7
0.847999,110,1338,1,25.7247,-10,3.52397,1,0,19,99
0.847999,111,721,0,26.0294,-7.03837,18.1516,0,0,303,483
0.847999,112,933,0,30.1959,0.291004,19.2653,0,0,399,622
0.847999,113,1052,0,30.2069,0.307701,19.269,0,0,467,3
0.847999,114,392,0,30.1237,0.0621705,18.7665,0,0,162,611
0.847999,115,1323,1,30.2,0.305337,18.785,0,0,626,118
0.847999,116,220,0,30.1921,0.293174,18.7825,0,0,92,16
0.847999,117,1401,0,30.1914,0.239451,18.7846,0,0,670,229
0.847999,118,276,0,30.2032,0.310354,18.7861,0,0,115,677
0.847999,119,1031,1,30.1968,0.308906,18.3024,0,0,454,599
0.847999,120,328,0,30.1928,0.302471,18.3011,0,0,134,615
0.847999,121,584,0,30.0673,0.107899,18.2612,0,0,240,636
0.847999,122,1366,0,30.1738,0.271973,18.2951,0,0,651,556
0.847999,123,268,0,29.9509,-0.396687,17.7638,0,0,111,64
0.847999,124,226,0,30.1888,0.30459,17.8183,0,0,95,626
0.847999,125,1267,0,29.1956,-10,17.7615,0,0,592,202
0.847999,126,1104,0,30.1872,0.302053,17.8178,0,0,501,447
0.847999,127,1409,0,26.8816,-10,9.47536,1,0,673,668
0.847999,128,66,0,29.9295,-0.128985,17.2636,0,0,34,204
0.847999,129,1100,1,30.0581,0.297695,17.264,0,0,499,99
0.847999,130,320,0,30.1672,0.28558,16.8489,0,0,132,630
0.847999,131,445,1,30.1696,0.293456,16.8499,0,0,186,125
0.847999,132,949,0,30.1418,0.213448,16.8427,0,0,406,204
0.847999,133,454,0,30.178,0.304423,16.852,0,0,189,263
0.847999,134,766,0,30.1044,0.180078,16.8304,0,0,327,99
0.847999,135,33,1,27.2988,-10,1.98425,1,0,554,226
0.847999,136,940,0,30.0832,-0.264288,16.3566,0,0,403,294
0.847999,137,682,0,30.1758,0.309941,16.3699,0,0,282,485
0.847999,138,60,0,30.1747,0.307887,16.3696,0,0,32,45
0.847999,139,469,0,30.0499,-1.20421,16.3635,0,0,193,104
0.847999,140,73,0,30.1666,0.302951,15.8859,0,0,36,636
0.847999,141,535,0,30.1732,0.315084,15.8877,0,0,219,531
0.847999,142,530,0,26.2105,-1.16192,14.5539,0,0,217,481
0.847999,143,11,1,30.1721,0.313027,15.8874,0,0,8,19
0.847999,144,764,0,30.1687,0.306685,15.8865,0,0,325,307
0.847999,145,847,1,27.5077,-10,2.15317,1,0,227,341
0.847999,146,1299,0,30.0187,0.335898,15.8033,0,0,610,31
0.847999,147,129,0,29.6744,-10,1.5698,1,0,56,548
0.847999,148,531,0,26.4585,-1.10071,14.176,0,0,218,476
0.847999,149,854,0,30.1335,0.220379,15.3984,0,0,366,395
0.847999,150,330,0,29.9798,0.269276,15.3146,0,0,135,101
0.847999,151,1337,0,30.062,0.0833259,15.3808,0,0,637,97
0.847999,152,297,0,30.1595,0.299258,15.4027,0,0,123,471
0.847999,153,1294,0,30.1406,0.274855,14.9165,0,0,607,22
0.847999,154,566,0,30.0095,0.34066,14.8432,0,0,232,566
0.847999,155,1167,0,30.1616,0.313737,14.9219,0,0,539,479
0.847999,156,1282,0,30.1631,0.316673,14.9223,0,0,600,338
0.847999,157,362,0,30.1527,0.268074,14.9203,0,0,149,83
0.847999,158,775,0,28.6504,-2.56667,14.5277,0,0,331,133
0.847999,159,749,0,26.3335,-1.17746,13.7255,0,0,318,299
0.847999,160,831,0,29.8267,-0.296129,14.3543,0,0,355,246
0.847999,161,1319,0,30.1452,0.291336,14.4365,0,0,624,506
0.847999,162,802,0,30.1446,0.29002,14.4363,0,0,342,306
0.847999,163,931,0,30.1542,0.309652,14.4387,0,0,398,48
0.847999,164,17,0,30.1542,0.309735,14.4387,0,0,12,15
0.847999,165,480,0,30.1451,0.291092,14.4364,0,0,196,79
0.847999,166,33,0,30.0041,0.341504,14.363,0,0,18,486
0.847999,167,271,0,26.5618,-1.61772,13.3445,0,0,113,156
0.847999,168,77,0,29.5201,-1.85399,13.8368,0,0,38,479
0.847999,169,236,0,30.1505,0.313093,13.9565,0,0,99,374
0.847999,170,779,0,29.8198,-10,13.9484,0,0,333,105
0.847999,171,185,1,30.146,0.308515,13.955,0,0,79,516
0.847999,172,847,0,29.9493,-0.08639,13.9152,0,0,363,477
0.847999,173,1138,1,28.4316,-3.46324,13.0593,0,0,521,673
0.847999,174,1432,0,29.7701,-0.425937,13.3891,0,0,689,297
0.847999,175,126,1,29.1635,-10,2.81171,1,0,514,330
0.847999,176,83,0,26.4986,-2.08889,12.0468,0,0,40,381
0.847999,177,335,0,29.9695,0.294339,12.9197,0,0,137,385
0.847999,178,786,0,26.7794,-1.97754,12.0865,0,0,336,338
0.847999,179,1192,0,30.1428,0.319871,12.9923,0,0,555,549
0.847999,180,1238,0,29.3821,-1.51713,12.83,0,0,575,532
0.847999,181,1392,0,30.1333,0.310349,12.5091,0,0,665,462
0.847999,182,1032,0,30.1367,0.318347,12.5098,0,0,455,298
0.847999,183,648,0,30.1364,0.317697,12.5098,0,0,266,508
0.847999,184,394,0,25.84,-10,11.5814,0,0,163,477
0.847999,185,1045,0,29.9361,-0.122853,12.4678,0,0,463,390
0.847999,186,37,0,29.949,0.26471,12.4363,0,0,20,156
0.847999,187,1188,0,28.0297,-1.07243,11.8744,0,0,553,530
0.847999,188,387,0,26.4982,-4.06248,11.6286,0,0,161,672
0.847999,189,286,0,30.1365,0.317872,12.5098,0,0,119,301
0.847999,190,563,0,26.5901,-3.03523,11.6337,0,0,231,340
0.847999,191,428,0,26.5298,-2.38684,11.6225,0,0,178,100
0.847999,192,990,0,26.3714,-4.373,11.1851,0,0,429,298
0.847999,193,81,0,26.2567,-4.93878,11.1776,0,0,39,340
0.847999,194,1011,1,29.9427,0.24809,11.9571,0,0,440,482
0.847999,195,760,0,30.1281,0.310646,12.0269,0,0,323,598
0.847999,196,699,0,30.1073,0.270954,11.5417,0,0,292,635
0.847999,197,843,0,26.16,-10,0.234001,1,0,223,392
0.847999,198,1338,0,28.4704,-1.27242,11.0945,0,0,638,623
0.847999,199,1242,0,26.5748,-5.1787,10.776,0,0,577,338
0.847999,200,1422,0,26.9537,-2.6828,10.8079,0,0,681,97
0.847999,201,1154,0,27.7836,-2.3542,10.9634,0,0,533,678
0.847999,202,784,0,26.4358,-6.22756,10.3364,0,0,335,481
0.847999,203,848,0,28.0347,-2.41687,10.5707,0,0,364,340
0.847999,204,751,0,27.1081,-3.16667,10.3925,0,0,319,384
0.847999,205,960,0,29.9284,-0.391993,11.0318,0,0,414,631
0.847999,206,1424,0,27.1799,-7.04675,10.4849,0,0,683,485
0.847999,207,157,0,30.1142,0.316042,10.5812,0,0,68,280
0.847999,208,257,0,27.3681,-2.89569,9.98375,0,0,107,14
0.847999,209,254,0,30.1147,0.317435,10.5813,0,0,106,142
0.847999,210,1004,0,27.9447,-2.595,10.0916,0,0,437,640
0.847999,211,957,0,30.1108,0.321595,10.0997,0,0,411,573
0.847999,212,772,0,30.0862,0.250129,10.0953,0,0,330,439
0.847999,213,1123,1,30.1003,0.312173,10.0972,0,0,511,76
0.847999,214,1269,0,26.9946,-4.43144,9.50465,0,0,594,567
0.847999,215,14,0,30.1092,0.316935,0.472383,1,0,622,517
0.847999,216,672,0,30.1047,0.303664,10.0986,0,0,277,652
0.847999,217,861,0,30.101,0.292917,10.0979,0,0,369,644
0.847999,218,44,0,30.1067,0.325529,9.61806,0,0,25,595
0.847999,219,1233,0,27.5885,-3.27159,9.12257,0,0,574,378
0.847999,220,75,0,27.4798,-3.54799,9.10969,0,0,37,568
0.847999,221,547,0,29.8921,0.162581,9.55727,0,0,224,478
0.847999,222,1140,0,26.8,-10,9.0624,0,0,522,339
0.847999,223,269,0,27.4641,-3.46504,9.10713,0,0,112,677
0.847999,224,880,0,30.0372,0.121975,9.12595,0,0,376,346
0.847999,225,890,0,29.9927,-0.0279427,9.11889,0,0,382,378
0.847999,226,542,0,30.0395,0.127126,9.12636,0,0,222,676
0.847999,227,971,0,30.1001,0.321963,9.13614,0,0,420,220
0.847999,228,561,0,27.0646,-7.02829,8.63657,0,0,229,481
0.847999,229,719,0,30.0436,0.078887,9.12802,0,0,302,547
0.847999,230,1285,0,29.9422,0.347486,9.087,0,0,602,381
0.847999,231,1046,0,27.7536,-4.57676,8.26415,0,0,464,100
0.847999,232,695,0,29.9307,0.326788,8.60707,0,0,290,358
0.847999,233,183,0,30.0952,0.323591,8.65457,0,0,78,628
0.847999,234,386,0,27.2657,-6.23666,8.20671,0,0,160,382
0.847999,235,241,0,30.0954,0.324147,8.6546,0,0,101,161
0.847999,236,537,0,27.2382,-6.33438,8.20538,0,0,220,571
0.847999,237,159,0,30.0731,0.248752,8.65119,0,0,69,330
0.847999,238,993,0,28.2275,-3.55173,7.85782,0,0,430,547
0.847999,239,1034,0,30.025,0.0874986,8.16366,0,0,457,398
0.847999,240,1371,0,30.0855,0.30794,8.17239,0,0,652,96
0.847999,241,457,0,30.0894,0.322063,8.17296,0,0,190,661
0.847999,242,1201,0,28.5752,-5.73965,7.95782,0,0,560,185
0.847999,243,1240,0,27.44,-10,7.33184,0,0,576,631
0.847999,244,647,0,29.902,0.253197,7.64704,0,0,265,136
0.847999,245,1002,0,30.0827,0.316782,7.69131,0,0,435,513
0.847999,246,1228,0,30.0476,0.147251,7.68701,0,0,572,391
0.847999,247,550,0,27.4535,-9.15802,7.33206,0,0,226,385
0.847999,248,683,0,27.6139,-8.91016,7.34998,0,0,283,530
0.847999,249,34,0,27.6289,-8.71627,6.8934,0,0,19,678
0.847999,250,398,0,29.967,-0.237412,7.19836,0,0,165,53
0.847999,251,1050,0,28.2186,-4.12367,6.93621,0,0,466,379
0.847999,252,1183,0,30.0774,0.316977,7.20997,0,0,550,163
0.847999,253,1333,0,30.0789,0.322831,7.21015,0,0,634,9
0.847999,254,980,0,30.0753,0.308175,7.2097,0,0,425,115
0.847999,255,42,0,30.0516,0.225891,6.72623,0,0,23,402
0.847999,256,346,0,30.0723,0.317299,6.72872,0,0,142,457
0.847999,257,1088,0,30.0725,0.318325,6.72875,0,0,490,233
0.847999,258,1003,0,30.0738,0.323932,6.7289,0,0,436,541
0.847999,259,1227,0,27.76,-10,6.4512,0,0,571,672
0.847999,260,549,0,29.9146,0.353348,6.69255,0,0,225,390
0.847999,261,1031,0,29.9089,0.353943,6.21392,0,0,454,679
0.847999,262,986,0,28.2266,-5.39546,6.02164,0,0,427,383
0.847999,263,988,0,28.1243,-6.06598,6.01494,0,0,428,672
0.847999,264,1230,0,29.86,-0.971625,6.22657,0,0,573,569
0.847999,265,11,0,29.9067,0.34293,6.21369,0,0,8,57
0.847999,266,920,0,30.0521,0.267717,5.76545,0,0,394,518
0.847999,267,1249,0,30.0554,0.284196,5.76579,0,0,581,432
0.847999,268,535,0,28.08,-10,5.56032,0,0,219,531
0.847999,269,403,0,30.0637,0.327432,5.76666,0,0,166,113
0.847999,270,736,0,30.064,0.328611,5.76668,0,0,310,508
0.847999,271,538,0,28.24,-10,5.11104,0,0,221,382
0.847999,272,1246,0,28.264,-8.62752,5.11146,0,0,579,495
0.847999,273,1172,0,29.6001,-2.54364,4.76397,0,0,542,375
0.847999,274,33,1,29.4531,0.424494,4.73071,0,0,18,461
0.847999,275,1103,0,30.0507,0.313083,4.80448,0,0,500,334
0.847999,276,268,0,28.4,-10,4.6592,0,0,111,687
0.847999,277,84,0,30.0501,0.309332,4.80442,0,0,41,208
0.847999,278,1353,0,30.0531,0.32813,4.80469,0,0,646,231
0.847999,279,1038,0,30.0419,0.287751,4.32336,0,0,459,64
0.847999,280,530,0,28.56,-10,4.2048,0,0,217,562
0.847999,281,344,0,30.0479,0.329375,4.32385,0,0,140,295
0.847999,282,711,0,30.0444,0.305144,4.32356,0,0,297,603
0.847999,283,779,0,28.56,-10,4.2048,0,0,333,687
0.847999,284,331,0,28.9979,-5.22082,4.23232,0,0,136,332
0.847999,285,832,0,30.0309,0.239708,3.84223,0,0,356,293
0.847999,286,31,0,30.0254,0.196358,3.84184,0,0,17,55
0.847999,287,1170,0,29.8803,0.357412,3.82211,0,0,541,617
0.847999,288,1317,0,29.9933,-0.0485453,3.8395,0,0,623,400
0.847999,289,981,0,29.0086,-5.89374,3.76231,0,0,426,461
0.847999,290,1086,0,29.7685,-1.28693,3.82613,0,0,489,560
0.847999,291,726,0,29.9358,0.0203163,3.83484,0,0,305,312
0.847999,292,38,0,30.0371,0.328905,3.36238,0,0,21,90
0.847999,293,1303,0,30.0301,0.266925,3.36193,0,0,614,352
0.847999,294,1335,0,30.0362,0.321075,3.36233,0,0,635,51
0.847999,295,1238,0,28.88,-10,3.28832,0,0,575,392
0.847999,296,347,0,30.0275,0.284837,2.88155,0,0,143,126
0.847999,297,813,0,30.0309,0.319517,2.88173,0,0,346,87
0.847999,298,1067,0,29.3362,-5.75848,2.8406,0,0,477,500
0.847999,299,1079,1,29.9382,0.312736,2.87286,0,0,484,644
0.847999,300,1142,0,30.0323,0.334559,2.88181,0,0,523,341
0.847999,301,704,0,30.0268,0.333499,2.40129,0,0,294,445
0.847999,302,1211,0,30.027,0.335816,2.4013,0,0,564,186
0.847999,303,475,0,30.0233,0.289427,2.40112,0,0,195,513
0.847999,304,601,0,30.025,0.310312,2.4012,0,0,246,646
0.847999,305,469,0,29.36,-10,1.8944,0,0,193,71
0.847999,306,428,0,29.36,-10,1.8944,0,0,178,264
0.847999,307,686,0,30.0196,0.304498,1.92078,0,0,285,54
0.847999,308,1422,0,29.52,-10,1.42464,0,0,681,476
0.847999,309,77,0,29.52,-10,1.42464,0,0,38,678
0.847999,310,15,1,30.0087,0.337998,1.44016,0,0,10,569
0.847999,311,83,0,29.52,-10,1.42464,0,0,40,100
0.847999,312,1259,0,30.013,0.269877,1.44042,0,0,586,14
0.847999,313,586,0,30.0114,0.236444,1.44036,0,0,240,412
0.847999,314,848,0,29.68,-10,0.95232,0,0,364,273
0.847999,315,778,0,30.0108,0.336908,0.960259,0,0,332,141
0.847999,316,363,1,29.8024,-2.35158,0.954278,0,0,150,626
0.847999,317,579,0,29.68,-10,0.95232,0,0,238,402
0.847999,318,271,0,29.68,-10,0.95232,0,0,113,531
0.847999,319,706,0,30.0092,0.286923,0.960221,0,0,295,410
0.847999,320,728,0,30.0054,0.337594,0.480086,0,0,306,58
0.847999,321,744,0,30.0053,0.331515,0.480085,0,0,316,137
0.847999,322,39,0,30.0054,0.33785,0.480087,0,0,22,235
0.847999,323,140,0,29.8881,-6.99099,0.47821,0,0,63,103
0.847999,324,1323,0,29.84,-10,0.47744,0,0,626,683
0.863999,0,566,1,30.281,0.298022,26.5287,0,0,232,680
0.863999,1,271,0,30.1583,0.0779034,26.49,0,0,113,488
0.863999,2,1254,0,28.961,-5.59158,4.66748,1,0,585,597
0.863999,3,387,0,29.2649,-2.42164,26.2339,0,0,161,155
0.863999,4,1050,0,30.2681,0.284008,26.5229,0,0,466,408
0.863999,5,1070,0,30.2733,0.289733,0.439242,1,0,477,106
0.863999,6,33,2,30.2657,0.300456,26.5256,0,0,18,485
0.863999,7,847,1,29.9864,-0.540354,26.4454,0,0,363,676
0.863999,8,531,0,30.281,0.298022,26.5287,0,0,218,532
0.863999,9,843,0,29.0808,-1.20835,26.0607,0,0,362,483
0.863999,10,335,2,30.2567,0.297385,26.5195,0,0,137,680
0.863999,11,1233,0,30.2762,0.298781,26.0442,0,0,574,478
0.863999,12,1432,2,30.2495,0.303021,26.0252,0,0,689,578
0.863999,13,17,1,29.9531,-10,0.604479,1,0,2,35
0.863999,14,751,0,30.0073,-0.0315687,25.9412,0,0,319,390
0.863999,15,1299,1,30.2743,0.296679,26.0434,0,0,610,578
0.863999,16,56,0,30.2496,0.269203,26.0324,0,0,30,542
0.863999,17,257,0,30.2762,0.298781,26.0442,0,0,107,80
0.863999,18,530,0,30.111,-0.156893,25.9977,0,0,217,532
0.863999,19,682,1,28.1411,-4.30532,10.8992,1,0,533,297
0.863999,20,1242,0,29.0447,-3.5107,25.7167,0,0,577,102
0.863999,21,1167,0,24.9958,-10,9.78609,1,0,522,680
0.863999,22,1187,0,30.2714,0.299541,25.5598,0,0,552,296
0.863999,23,75,0,30.1738,0.0790859,25.5299,0,0,37,679
0.863999,24,140,0,30.2678,0.295459,25.5582,0,0,63,377
0.863999,25,786,0,30.2695,0.297405,25.559,0,0,336,101
0.863999,26,571,0,30.2691,0.296882,25.5588,0,0,234,476
0.863999,27,330,1,30.2326,0.305697,25.5387,0,0,135,339
0.863999,28,449,0,30.2051,0.307235,25.5368,0,0,187,566
0.863999,29,1,0,30.1188,0.124938,25.4932,0,0,1,6
0.863999,30,843,0,22.9284,-5.58827,11.6107,1,0,223,565
0.863999,31,1325,0,28.2396,-10,5.85652,1,0,28,279
0.863999,32,749,0,30.2637,0.296969,25.0742,0,0,318,22
0.863999,33,269,0,30.265,0.298421,25.0748,0,0,112,675
0.863999,34,810,0,30.142,0.155033,25.0221,0,0,345,46
0.863999,35,1138,1,26.5306,-10,9.45409,1,0,283,122
0.863999,36,1191,1,25.065,-10,8.55277,1,0,638,391
0.863999,37,1124,0,30.0382,-0.543711,25.0406,0,0,511,518
0.863999,38,563,0,29.8526,-0.789411,24.9403,0,0,231,297
0.863999,39,561,0,29.122,-0.708871,24.6088,0,0,229,571
0.863999,40,1422,0,30.2604,0.299373,24.5906,0,0,681,675
0.863999,41,901,0,30.251,0.288381,24.5866,0,0,386,126
0.863999,42,566,1,23.3752,-6.12644,7.07264,1,0,430,675
0.863999,43,976,0,30.2189,0.175554,24.5822,0,0,423,237
0.863999,44,1246,0,25.2846,-10,2.48535,1,0,685,230
0.863999,45,986,0,30.165,0.0308875,24.5628,0,0,427,384
0.863999,46,1037,0,30.2114,0.241348,24.57,0,0,458,667
0.863999,47,898,0,30.2168,0.247819,24.5723,0,0,385,549
0.863999,48,1343,0,30.1708,-0.0343907,24.5699,0,0,643,88
0.863999,49,708,0,29.9356,-0.0880688,24.4542,0,0,296,676
0.863999,50,1285,1,30.2584,0.297006,24.5897,0,0,602,558
0.863999,51,311,0,30.2426,0.284467,24.101,0,0,128,372
0.863999,52,637,0,30.2457,0.288254,24.1023,0,0,262,206
0.863999,53,988,0,30.0208,-0.0382625,24.0273,0,0,428,630
0.863999,54,1030,0,30.2544,0.298694,24.1059,0,0,453,646
0.863999,55,538,0,29.1713,-1.58569,23.7676,0,0,221,486
0.863999,56,1164,0,30.2294,0.268522,24.0956,0,0,537,300
0.863999,57,838,0,30.1563,0.123557,24.0788,0,0,359,565
0.863999,58,654,1,30.2508,0.298296,24.105,0,0,269,106
0.863999,59,43,0,30.1891,0.221098,23.5974,0,0,24,559
0.863999,60,550,0,29.2365,-0.855415,23.3085,0,0,226,578
0.863999,61,542,1,30.165,0.0930489,23.602,0,0,222,547
0.863999,62,83,0,30.2421,0.222737,23.6221,0,0,40,530
0.863999,63,990,0,29.6018,-1.52025,23.4172,0,0,429,486
0.863999,64,1284,0,30.2131,0.251812,23.609,0,0,601,482
0.863999,65,1154,0,25.3481,-10,1.37317,1,0,521,611
0.863999,66,945,0,30.2022,0.240875,23.6027,0,0,405,152
0.863999,67,660,0,30.2497,0.299619,23.6219,0,0,271,600
0.863999,68,177,0,30.2375,0.284613,23.617,0,0,76,117
0.863999,69,428,0,30.2405,0.294768,23.1361,0,0,178,576
0.863999,70,1187,1,24.4637,-7.64599,7.49712,1,0,553,488
0.863999,71,1011,2,30.2065,0.305308,23.1214,0,0,440,382
0.863999,72,397,0,30.0465,-0.448047,23.1105,0,0,164,577
0.863999,73,37,1,30.2457,0.303627,23.1381,0,0,20,488
0.863999,74,562,0,28.8492,-3.48252,22.7315,0,0,230,673
0.863999,75,1269,0,30.0226,-0.271509,23.0724,0,0,594,482
0.863999,76,394,0,28.0831,-2.51366,22.3235,0,0,163,31
0.863999,77,386,0,29.8849,-0.194366,22.533,0,0,160,483
0.863999,78,1352,0,30.1597,-0.0980766,22.6431,0,0,645,41
0.863999,79,81,0,29.5987,-1.90364,22.506,0,0,39,383
0.863999,80,549,1,30.2425,0.304138,22.6549,0,0,225,548
0.863999,81,1104,1,26.9939,-3.40871,0.496859,1,0,500,285
0.863999,82,661,0,29.7515,-0.435261,22.0178,0,0,272,599
0.863999,83,625,1,30.2237,0.301378,22.1657,0,0,255,572
0.863999,84,784,0,29.72,-0.921877,21.548,0,0,335,630
0.863999,85,1423,0,30.2309,0.303277,21.6865,0,0,682,599
0.863999,86,1261,1,30.2205,0.293428,21.6824,0,0,587,22
0.863999,87,365,0,30.2263,0.297126,21.6848,0,0,151,369
0.863999,88,790,0,30.2301,0.302123,21.6862,0,0,337,155
0.863999,89,37,1,23.8614,-6.79721,5.21283,1,0,426,148
0.863999,90,1039,1,29.1829,-5.22261,5.39924,1,0,290,515
0.863999,91,1052,1,27.1053,-10,8.26892,1,0,364,3
0.863999,92,596,0,30.17,0.303553,21.1775,0,0,244,192
0.863999,93,647,1,30.2135,0.286751,21.1983,0,0,265,64
0.863999,94,537,0,30.1727,0.126038,21.1901,0,0,220,299
0.863999,95,1274,0,30.0016,0.0113788,21.1219,0,0,595,391
0.863999,96,830,0,30.2248,0.302275,21.2024,0,0,354,18
0.863999,97,330,1,23.7665,-6.65855,6.34467,1,0,136,631
0.863999,98,1246,0,30.2261,0.304062,21.2029,0,0,579,591
0.863999,99,579,0,30.2215,0.305206,20.7193,0,0,238,3
0.863999,100,975,0,29.7573,-0.95613,20.6374,0,0,422,683
0.863999,101,1170,1,30.2198,0.302848,20.7187,0,0,541,142
0.863999,102,1385,0,30.1983,0.272484,20.7111,0,0,660,365
0.863999,103,1268,0,30.2209,0.304431,20.7191,0,0,593,101
0.863999,104,547,1,29.9942,-0.354646,20.6662,0,0,224,296
0.863999,105,1045,1,27.2526,-10,6.90625,1,0,464,296
0.863999,106,1006,0,30.212,0.299312,20.2342,0,0,438,233
0.863999,107,1240,0,29.7405,-1.08843,20.108,0,0,576,300
0.863999,108,1209,0,25.926,-10,18.8573,0,0,563,569
0.863999,109,605,0,30.2128,0.30054,20.2345,0,0,247,7
0.863999,110,1338,1,25.5647,-10,3.933,1,0,19,99
0.863999,111,721,0,25.9309,-6.15879,18.5665,0,0,303,483
0.863999,112,933,0,30.2005,0.290252,19.7485,0,0,399,622
0.863999,113,1052,0,30.2118,0.306923,19.7524,0,0,467,3
0.863999,114,392,0,30.1246,0.0522459,19.2485,0,0,162,611
0.863999,115,1323,1,30.2048,0.304563,19.2683,0,0,626,118
0.863999,116,220,0,30.1968,0.292419,19.2656,0,0,92,16
0.863999,117,1401,0,30.1952,0.23886,19.2678,0,0,670,229
0.863999,118,276,0,30.2082,0.309572,19.2694,0,0,115,677
0.863999,119,1031,1,30.2018,0.308126,18.7856,0,0,454,599
0.863999,120,328,0,30.1976,0.301702,18.7843,0,0,134,615
0.863999,121,584,0,30.069,0.107927,18.7423,0,0,240,636
0.863999,122,1366,0,30.1781,0.271246,18.778,0,0,651,556
0.863999,123,268,0,29.9444,-0.40425,18.2429,0,0,111,64
0.863999,124,226,0,30.1936,0.303816,18.3014,0,0,95,626
0.863999,125,1267,0,29.0356,-10,18.2261,0,0,592,202
0.863999,126,1104,1,30.192,0.301284,18.3009,0,0,501,447
0.863999,127,1409,0,26.7216,-10,9.9029,1,0,673,668
0.863999,128,66,0,29.9275,-0.127074,17.7424,0,0,34,204
0.863999,129,1100,1,30.0628,0.296919,17.745,0,0,499,99
0.863999,130,320,0,30.1718,0.284833,17.3316,0,0,132,630
0.863999,131,445,1,30.1743,0.292698,17.3327,0,0,186,125
0.863999,132,949,0,30.1452,0.21297,17.325,0,0,406,204
0.863999,133,454,0,30.1829,0.303649,17.3349,0,0,189,263
0.863999,134,766,0,30.1073,0.179713,17.3121,0,0,327,99
0.863999,135,33,0,27.1388,-10,2.41848,1,0,554,226
0.863999,136,940,0,30.079,-0.261371,16.8378,0,0,403,294
0.863999,137,682,0,30.1807,0.309158,16.8528,0,0,282,485
0.863999,138,60,0,30.1796,0.307107,16.8525,0,0,32,45
0.863999,139,469,0,30.031,-1.18398,16.844,0,0,193,104
0.863999,140,73,0,30.1715,0.302178,16.3687,0,0,36,636
0.863999,141,535,0,30.1782,0.314292,16.3706,0,0,219,531
0.863999,142,530,0,26.1938,-1.04564,14.9731,0,0,217,481
0.863999,143,11,1,30.1771,0.312239,16.3703,0,0,8,19
0.863999,144,764,0,30.1736,0.305906,16.3693,0,0,325,307
0.863999,145,847,1,27.3477,-10,2.59073,1,0,227,341
0.863999,146,1299,0,30.0241,0.335064,16.2837,0,0,610,31
0.863999,147,129,0,29.5144,-10,2.04203,1,0,56,548
0.863999,148,531,0,26.4429,-0.977067,14.5991,0,0,218,476
0.863999,149,854,0,30.137,0.219823,15.8806,0,0,366,395
0.863999,150,330,0,29.9841,0.268604,15.7943,0,0,135,101
0.863999,151,1337,0,30.0633,0.08351,15.8618,0,0,637,97
0.863999,152,297,0,30.1642,0.298491,15.8853,0,0,123,471
0.863999,153,1294,0,30.145,0.27412,15.3988,0,0,607,22
0.863999,154,566,0,30.0149,0.339817,15.3234,0,0,232,566
0.863999,155,1167,0,30.1666,0.312947,15.4046,0,0,539,479
0.863999,156,1282,0,30.1682,0.315878,15.405,0,0,600,338
0.863999,157,362,0,30.157,0.267398,15.4028,0,0,149,83
0.863999,158,775,0,28.6095,-2.55749,14.9854,0,0,331,133
0.863999,159,749,0,26.3171,-1.02477,14.1466,0,0,318,299
0.863999,160,831,0,29.822,-0.292139,14.8315,0,0,355,246
0.863999,161,1319,0,30.1499,0.290579,14.9189,0,0,624,506
0.863999,162,802,0,30.1492,0.289265,14.9187,0,0,342,306
0.863999,163,931,0,30.1591,0.308868,14.9213,0,0,398,48
0.863999,164,17,0,30.1592,0.308951,14.9213,0,0,12,15
0.863999,165,480,0,30.1498,0.290335,14.9188,0,0,196,79
0.863999,166,33,0,30.0095,0.34066,14.8432,0,0,18,486
0.863999,167,271,0,26.5383,-1.46793,13.7691,0,0,113,156
0.863999,168,77,0,29.4901,-1.87721,14.3086,0,0,38,479
0.863999,169,236,0,30.1555,0.312304,14.439,0,0,99,374
0.863999,170,779,0,29.6598,-10,14.423,0,0,333,105
0.863999,171,185,1,30.151,0.307733,14.4374,0,0,79,516
0.863999,172,847,0,29.9474,-0.115356,14.3944,0,0,363,477
0.863999,173,1138,1,28.3761,-3.46546,13.5133,0,0,521,673
0.863999,174,1432,0,29.7634,-0.420072,13.8653,0,0,689,297
0.863999,175,126,1,29.0035,-10,3.27577,1,0,514,330
0.863999,176,83,0,26.4694,-1.82699,12.4703,0,0,40,381
0.863999,177,335,0,29.9742,0.293606,13.3993,0,0,137,385
0.863999,178,786,0,26.7509,-1.78109,12.5145,0,0,336,338
0.863999,179,1192,0,30.1479,0.319069,13.4747,0,0,555,549
0.863999,180,1238,0,29.358,-1.50754,13.2997,0,0,575,532
0.863999,181,1392,0,30.1382,0.309562,12.9913,0,0,665,462
0.863999,182,1032,0,30.1417,0.317548,12.9921,0,0,455,298
0.863999,183,648,0,30.1415,0.316899,12.992,0,0,266,508
0.863999,184,394,0,25.68,-10,11.9923,0,0,163,477
0.863999,185,1045,0,29.9342,-0.121209,12.9467,0,0,463,390
0.863999,186,37,0,29.9532,0.264072,12.9156,0,0,20,156
0.863999,187,1188,0,28.0132,-1.03352,12.3227,0,0,553,530
0.863999,188,387,0,26.4365,-3.85557,12.0516,0,0,161,672
0.863999,189,286,0,30.1415,0.317073,12.992,0,0,119,301
0.863999,190,563,0,26.5455,-2.7889,12.0584,0,0,231,340
0.863999,191,428,0,26.4967,-2.07232,12.0464,0,0,178,100
0.863999,192,990,0,26.308,-3.96404,11.606,0,0,429,298
0.863999,193,81,0,26.1861,-4.41208,11.5966,0,0,39,340
0.863999,194,1011,1,29.9467,0.245034,12.4363,0,0,440,482
0.863999,195,760,0,30.1331,0.309858,12.509,0,0,323,598
0.863999,196,699,0,30.1117,0.270219,12.0235,0,0,292,635
0.863999,197,843,0,26,-10,0.650001,1,0,223,392
0.863999,198,1338,0,28.4507,-1.23474,11.5497,0,0,638,623
0.863999,199,1242,0,26.4958,-4.9363,11.1999,0,0,577,338
0.863999,200,1422,0,26.9151,-2.41219,11.2385,0,0,681,97
0.863999,201,1154,0,27.7481,-2.2213,11.4074,0,0,533,678
0.863999,202,784,0,26.3509,-5.30635,10.758,0,0,335,481
0.863999,203,848,0,27.9981,-2.29144,11.0187,0,0,364,340
0.863999,204,751,0,27.0615,-2.91106,10.8255,0,0,319,384
0.863999,205,960,0,29.922,-0.400219,11.5106,0,0,414,631
0.863999,206,1424,0,27.0681,-6.9839,10.918,0,0,683,485
0.863999,207,157,0,30.1193,0.315245,11.0631,0,0,68,280
0.863999,208,257,0,27.3256,-2.658,10.421,0,0,107,14
0.863999,209,254,0,30.1198,0.316636,11.0632,0,0,106,142
0.863999,210,1004,0,27.9056,-2.4492,10.5381,0,0,437,640
0.863999,211,957,0,30.1159,0.320789,10.5815,0,0,411,573
0.863999,212,772,0,30.0902,0.249509,10.5767,0,0,330,439
0.863999,213,1123,1,30.1053,0.311381,10.5789,0,0,511,76
0.863999,214,1269,0,26.9312,-3.96302,9.93555,0,0,594,567
0.863999,215,14,0,29.9492,-10,0.951571,1,0,622,517
0.863999,216,672,0,30.1095,0.302885,10.5803,0,0,277,652
0.863999,217,861,0,30.1057,0.292153,10.5796,0,0,369,644
0.863999,218,44,0,30.1119,0.324716,10.0999,0,0,25,595
0.863999,219,1233,0,27.5403,-3.01388,9.56322,0,0,574,378
0.863999,220,75,0,27.4276,-3.26362,9.54853,0,0,37,568
0.863999,221,547,0,29.8947,0.161817,10.0356,0,0,224,478
0.863999,222,1140,0,26.64,-10,9.48864,0,0,522,339
0.863999,223,269,0,27.4135,-3.16493,9.54575,0,0,112,677
0.863999,224,880,0,30.0391,0.121939,9.60658,0,0,376,346
0.863999,225,890,0,29.9922,-0.0283629,9.59876,0,0,382,378
0.863999,226,542,0,30.0415,0.126825,9.60702,0,0,222,676
0.863999,227,971,0,30.1053,0.321156,9.61782,0,0,420,220
0.863999,228,561,0,26.9629,-6.36066,9.06798,0,0,229,481
0.863999,229,719,0,30.0448,0.0716874,9.60874,0,0,302,547
0.863999,230,1285,0,29.9477,0.34663,9.56617,0,0,602,381
0.863999,231,1046,0,27.6858,-4.23593,8.70712,0,0,464,100
0.863999,232,695,0,29.9359,0.32596,9.08605,0,0,290,358
0.863999,233,183,0,30.1004,0.322781,9.13618,0,0,78,628
0.863999,234,386,0,27.1772,-5.5297,8.64154,0,0,160,382
0.863999,235,241,0,30.1005,0.323336,9.13621,0,0,101,161
0.863999,236,537,0,27.1508,-5.45938,8.63979,0,0,220,571
0.863999,237,159,0,30.0771,0.24815,9.13243,0,0,69,330
0.863999,238,993,0,28.174,-3.34602,8.3086,0,0,430,547
0.863999,239,1034,0,30.0264,0.0869558,8.64408,0,0,457,398
0.863999,240,1371,0,30.0904,0.307153,8.65384,0,0,652,96
0.863999,241,457,0,30.0945,0.321255,8.65447,0,0,190,661
0.863999,242,1201,0,28.482,-5.82336,8.41353,0,0,560,185
0.863999,243,1240,0,27.28,-10,7.76832,0,0,576,631
0.863999,244,647,0,29.9061,0.25245,8.12553,0,0,265,136
0.863999,245,1002,0,30.0877,0.315982,8.17271,0,0,435,513
0.863999,246,1228,0,30.0499,0.143891,8.16781,0,0,572,391
0.863999,247,550,0,27.3229,-8.16148,7.76922,0,0,226,385
0.863999,248,683,0,27.4719,-8.87232,7.78953,0,0,283,530
0.863999,249,34,0,27.5001,-8.04974,7.3334,0,0,19,678
0.863999,250,398,0,29.9632,-0.234378,7.67777,0,0,165,53
0.863999,251,1050,0,28.1572,-3.8366,7.38673,0,0,466,379
0.863999,252,1183,0,30.0825,0.316176,7.69129,0,0,550,163
0.863999,253,1333,0,30.084,0.322021,7.6915,0,0,634,9
0.863999,254,980,0,30.0802,0.307387,7.69098,0,0,425,115
0.863999,255,42,0,30.0552,0.225201,7.20712,0,0,23,402
0.863999,256,346,0,30.0773,0.316498,7.20995,0,0,142,457
0.863999,257,1088,0,30.0776,0.317522,7.20999,0,0,490,233
0.863999,258,1003,0,30.0789,0.32312,7.21016,0,0,436,541
0.863999,259,1227,0,27.6,-10,6.8928,0,0,571,672
0.863999,260,549,0,29.9202,0.352481,7.17128,0,0,225,390
0.863999,261,1031,0,29.9145,0.353074,6.69255,0,0,454,679
0.863999,262,986,0,28.1471,-4.9693,6.472,0,0,427,383
0.863999,263,988,0,28.0355,-5.55153,6.46351,0,0,428,672
0.863999,264,1230,0,29.8436,-1.02504,6.70406,0,0,573,569
0.863999,265,11,0,29.9122,0.342078,6.69229,0,0,8,57
0.863999,266,920,0,30.0564,0.267046,6.24635,0,0,394,518
0.863999,267,1249,0,30.0599,0.283438,6.24675,0,0,581,432
0.863999,268,535,0,27.92,-10,6.00704,0,0,219,531
0.863999,269,403,0,30.069,0.326614,6.24776,0,0,166,113
0.863999,270,736,0,30.0692,0.32779,6.24779,0,0,310,508
0.863999,271,538,0,28.0894,-9.41416,5.56047,0,0,221,382
0.863999,272,1246,0,28.1423,-7.60372,5.56173,0,0,579,495
0.863999,273,1172,0,29.5571,-2.68684,5.23688,0,0,542,375
0.863999,274,33,1,29.4598,0.423501,5.20207,0,0,18,461
0.863999,275,1103,0,30.0557,0.312285,5.28537,0,0,500,334
0.863999,276,268,0,28.24,-10,5.11104,0,0,111,687
0.863999,277,84,0,30.055,0.308539,5.2853,0,0,41,208
0.863999,278,1353,0,30.0583,0.32731,5.28562,0,0,646,231
0.863999,279,1038,0,30.0465,0.286986,4.80411,0,0,459,64
0.863999,280,530,0,28.4,-10,4.6592,0,0,217,562
0.863999,281,344,0,30.0532,0.328552,4.8047,0,0,140,295
0.863999,282,711,0,30.0493,0.304356,4.80435,0,0,297,603
0.863999,283,779,0,28.4,-10,4.6592,0,0,333,687
0.863999,284,331,0,28.9193,-4.91116,4.69503,0,0,136,332
0.863999,285,832,0,30.0348,0.239137,4.32279,0,0,356,293
0.863999,286,31,0,30.0286,0.195696,4.3223,0,0,17,55
0.863999,287,1170,0,29.886,0.356536,4.30028,0,0,541,617
0.863999,288,1317,0,29.9925,-0.0473891,4.31938,0,0,623,400
0.863999,289,981,0,28.9204,-5.51301,4.22503,0,0,426,461
0.863999,290,1086,0,29.7483,-1.26219,4.3021,0,0,489,560
0.863999,291,726,0,29.9361,0.0209916,4.31381,0,0,305,312
0.863999,292,38,0,30.0424,0.328083,3.84306,0,0,21,90
0.863999,293,1303,0,30.0317,0.0965542,3.84244,0,0,614,352
0.863999,294,1335,0,30.0414,0.320264,3.84299,0,0,635,51
0.863999,295,1238,0,28.72,-10,3.74784,0,0,575,392
0.863999,296,347,0,30.0321,0.284074,3.36206,0,0,143,126
0.863999,297,813,0,30.036,0.318709,3.36231,0,0,346,87
0.863999,298,1067,0,29.2498,-5.39534,3.3086,0,0,477,500
0.863999,299,1079,1,29.9432,0.311927,3.35195,0,0,484,644
0.863999,300,1142,0,30.0377,0.333728,3.36242,0,0,523,341
0.863999,301,704,0,30.0321,0.332669,2.8818,0,0,294,445
0.863999,302,1211,0,30.0324,0.334982,2.88182,0,0,564,186
0.863999,303,475,0,30.0279,0.2887,2.88157,0,0,195,513
0.863999,304,601,0,30.0299,0.309515,2.88168,0,0,246,646
0.863999,305,469,0,29.2,-10,2.3616,0,0,193,71
0.863999,306,428,0,29.2,-10,2.3616,0,0,178,264
0.863999,307,686,0,30.0244,0.303708,2.40117,0,0,285,54
0.863999,308,1422,0,29.36,-10,1.8944,0,0,681,476
0.863999,309,77,0,29.36,-10,1.8944,0,0,38,678
0.863999,310,15,1,30.0141,0.33716,1.92038,0,0,10,569
0.863999,311,83,0,29.36,-10,1.8944,0,0,40,100
0.863999,312,1259,0,30.0173,0.26913,1.92069,0,0,586,14
0.863999,313,586,0,30.0152,0.235736,1.92061,0,0,240,412
0.863999,314,848,0,29.52,-10,1.42464,0,0,364,273
0.863999,315,778,0,30.0162,0.336071,1.44052,0,0,332,141
0.863999,316,363,2,29.8083,0.367631,1.43121,0,0,150,626
0.863999,317,579,0,29.52,-10,1.42464,0,0,238,402
0.863999,318,271,0,29.52,-10,1.42464,0,0,113,531
0.863999,319,706,0,30.0138,0.286155,1.44044,0,0,295,410
0.863999,320,728,0,30.0108,0.336756,0.960259,0,0,306,58
0.863999,321,744,0,30.0106,0.330687,0.960254,0,0,316,137
0.863999,322,39,0,30.0108,0.337012,0.960259,0,0,22,235
0.863999,323,140,0,29.7835,-6.54043,0.954746,0,0,63,103
0.863999,324,1323,0,29.8449,0.303652,0.954958,0,0,626,683
0.863999,325,1162,0,30.0053,0.331734,0.480085,0,0,536,212
0.863999,326,531,0,29.84,-10,0.47744,0,0,218,339
0.879999,0,566,1,30.2857,0.297264,27.0133,0,0,232,680
0.879999,1,271,0,30.1596,0.0778016,26.9725,0,0,113,488
0.879999,2,1254,0,28.8729,-5.50611,5.12944,1,0,585,597
0.879999,3,387,0,29.2249,-2.50007,26.7015,0,0,161,155
0.879999,4,1050,0,30.2726,0.283274,27.0072,0,0,466,408
0.879999,5,1070,1,30.1133,-10,0.921055,1,0,477,106
0.879999,6,33,2,30.2705,0.299694,27.0099,0,0,18,485
0.879999,7,847,1,29.9772,-0.575696,26.9251,0,0,363,676
0.879999,8,531,0,30.2857,0.297264,27.0133,0,0,218,532
0.879999,9,843,0,29.0618,-1.187,26.5257,0,0,362,483
0.879999,10,335,2,30.2614,0.296628,27.0037,0,0,137,680
0.879999,11,1233,0,30.281,0.298022,26.5287,0,0,574,478
0.879999,12,1432,2,30.2543,0.302253,26.5092,0,0,689,578
0.879999,13,17,1,29.7931,-10,1.08117,1,0,2,35
0.879999,14,751,0,30.0014,-0.370708,26.4212,0,0,319,390
0.879999,15,1299,1,30.279,0.295924,26.5278,0,0,610,578
0.879999,16,56,0,30.2539,0.268489,26.5164,0,0,30,542
0.879999,17,257,0,30.281,0.298022,26.5287,0,0,107,80
0.879999,18,530,0,30.1084,-0.164503,26.4794,0,0,217,532
0.879999,19,682,1,28.0731,-4.24882,11.3484,1,0,533,297
0.879999,20,1242,0,28.9861,-3.65862,26.1805,0,0,577,102
0.879999,21,1167,0,24.8358,-10,10.1835,1,0,522,680
0.879999,22,1187,0,30.2762,0.298781,26.0442,0,0,552,296
0.879999,23,75,0,30.1748,0.0644225,26.0126,0,0,37,679
0.879999,24,140,0,30.2725,0.294706,26.0426,0,0,63,377
0.879999,25,786,0,30.2743,0.296648,26.0434,0,0,336,101
0.879999,26,571,0,30.2738,0.296127,26.0431,0,0,234,476
0.879999,27,330,1,30.2375,0.304924,26.0226,0,0,135,339
0.879999,28,449,0,30.21,0.306458,26.0202,0,0,187,566
0.879999,29,1,0,30.1208,0.124377,25.9751,0,0,1,6
0.879999,30,843,0,22.8408,-5.47851,11.9761,1,0,223,565
0.879999,31,1325,0,28.0796,-10,6.30579,1,0,28,279
0.879999,32,749,0,30.2684,0.296213,25.5585,0,0,318,22
0.879999,33,269,0,30.2697,0.297663,25.5591,0,0,112,675
0.879999,34,810,0,30.1444,0.154444,25.5044,0,0,345,46
0.879999,35,1138,1,26.3706,-10,9.87602,1,0,283,122
0.879999,36,1191,1,24.9251,-8.74446,8.95157,1,0,638,391
0.879999,37,1124,0,30.0296,-0.536657,25.5211,0,0,511,518
0.879999,38,563,0,29.8396,-0.815322,25.4177,0,0,231,297
0.879999,39,561,0,29.1109,-0.69531,25.0746,0,0,229,571
0.879999,40,1422,0,30.2651,0.298612,25.0748,0,0,681,675
0.879999,41,901,0,30.2556,0.287638,25.0707,0,0,386,126
0.879999,42,566,1,23.2792,-5.9999,7.44511,1,0,430,675
0.879999,43,976,0,30.2217,0.175211,25.0658,0,0,423,237
0.879999,44,1246,0,25.1246,-10,2.88735,1,0,685,230
0.879999,45,986,0,30.1653,0.0203769,25.0455,0,0,427,384
0.879999,46,1037,0,30.2152,0.240668,25.0534,0,0,458,667
0.879999,47,898,0,30.2208,0.24713,25.0558,0,0,385,549
0.879999,48,1343,0,30.1703,-0.0334668,25.0526,0,0,643,88
0.879999,49,708,0,29.9342,-0.0884345,24.9332,0,0,296,676
0.879999,50,1285,1,30.2631,0.29625,25.0739,0,0,602,558
0.879999,51,311,0,30.2471,0.283729,24.585,0,0,128,372
0.879999,52,637,0,30.2503,0.287511,24.5863,0,0,262,206
0.879999,53,988,0,30.0202,-0.0379024,24.5076,0,0,428,630
0.879999,54,1030,0,30.2591,0.297934,24.5901,0,0,453,646
0.879999,55,538,0,29.1465,-1.5481,24.234,0,0,221,486
0.879999,56,1164,0,30.2336,0.267807,24.5793,0,0,537,300
0.879999,57,838,0,30.1583,0.123454,24.5613,0,0,359,565
0.879999,58,654,1,30.2555,0.297537,24.5891,0,0,269,106
0.879999,59,43,0,30.1926,0.220055,24.0805,0,0,24,559
0.879999,60,550,0,29.2214,-0.943002,23.776,0,0,226,578
0.879999,61,542,1,30.1665,0.0921272,24.0847,0,0,222,547
0.879999,62,83,0,30.2456,0.217162,24.106,0,0,40,530
0.879999,63,990,0,29.5769,-1.55543,23.8904,0,0,429,486
0.879999,64,1284,0,30.2171,0.251181,24.0925,0,0,601,482
0.879999,65,1154,0,25.1881,-10,1.77618,1,0,521,611
0.879999,66,945,0,30.206,0.240193,24.086,0,0,405,152
0.879999,67,660,0,30.2545,0.298857,24.106,0,0,271,600
0.879999,68,177,0,30.2421,0.283875,24.1008,0,0,76,117
0.879999,69,428,0,30.2452,0.294014,23.62,0,0,178,576
0.879999,70,1187,1,24.3442,-7.46531,7.88663,1,0,553,488
0.879999,71,1011,2,30.2114,0.304535,23.6048,0,0,440,382
0.879999,72,397,0,30.0393,-0.445494,23.5912,0,0,164,577
0.879999,73,37,1,30.2505,0.302858,23.6221,0,0,20,488
0.879999,74,562,0,28.7929,-3.52229,23.1922,0,0,230,673
0.879999,75,1269,0,30.0181,-0.282208,23.5526,0,0,594,482
0.879999,76,394,0,28.0419,-2.57517,22.7722,0,0,163,31
0.879999,77,386,0,29.8818,-0.192748,23.0111,0,0,160,483
0.879999,78,1352,0,30.1582,-0.0966312,23.1256,0,0,645,41
0.879999,79,81,0,29.5668,-1.99328,22.979,0,0,39,383
0.879999,80,549,1,30.2473,0.303368,23.1389,0,0,225,548
0.879999,81,1104,1,26.9146,-4.95676,0.927492,1,0,500,285
0.879999,82,661,0,29.7446,-0.432004,22.4937,0,0,272,599
0.879999,83,625,1,30.2285,0.300612,22.6494,0,0,255,572
0.879999,84,784,0,29.7052,-0.924608,22.0233,0,0,335,630
0.879999,85,1423,0,30.2358,0.302508,22.1703,0,0,682,599
0.879999,86,1261,1,30.2251,0.292675,22.166,0,0,587,22
0.879999,87,365,0,30.2311,0.296367,22.1685,0,0,151,369
0.879999,88,790,0,30.2349,0.301356,22.17,0,0,337,155
0.879999,89,37,1,23.755,-6.64775,5.59291,1,0,426,148
0.879999,90,1039,1,29.1006,-5.14617,5.86485,1,0,290,515
0.879999,91,1052,1,26.9453,-10,8.70005,1,0,364,3
0.879999,92,596,0,30.1748,0.302779,21.6603,0,0,244,192
0.879999,93,647,1,30.2181,0.286008,21.6818,0,0,265,64
0.879999,94,537,0,30.1746,0.116511,21.6729,0,0,220,299
0.879999,95,1274,0,30.0017,0.00208227,21.6019,0,0,595,391
0.879999,96,830,0,30.2296,0.301507,21.6861,0,0,354,18
0.879999,97,330,1,23.6623,-6.51399,6.72327,1,0,136,631
0.879999,98,1246,0,30.2309,0.303291,21.6865,0,0,579,591
0.879999,99,579,0,30.2264,0.304434,21.203,0,0,238,3
0.879999,100,975,0,29.7422,-0.939789,21.1133,0,0,422,683
0.879999,101,1170,1,30.2246,0.302079,21.2023,0,0,541,142
0.879999,102,1385,0,30.2026,0.27176,21.1943,0,0,660,365
0.879999,103,1268,0,30.2258,0.303659,21.2028,0,0,593,101
0.879999,104,547,1,29.9881,-0.384272,21.146,0,0,224,296
0.879999,105,1045,1,27.0926,-10,7.33973,1,0,464,296
0.879999,106,1006,0,30.2167,0.298549,20.7176,0,0,438,233
0.879999,107,1240,0,29.7219,-1.16089,20.5836,0,0,576,300
0.879999,108,1209,0,25.766,-10,19.2696,0,0,563,569
0.879999,109,605,0,30.2176,0.299775,20.718,0,0,247,7
0.879999,110,1338,1,25.4047,-10,4.33948,1,0,19,99
0.879999,111,721,0,25.8303,-6.28475,18.9798,0,0,303,483
0.879999,112,933,0,30.2052,0.289502,20.2318,0,0,399,622
0.879999,113,1052,0,30.2167,0.306147,20.2358,0,0,467,3
0.879999,114,392,0,30.1252,0.042165,19.7305,0,0,162,611
0.879999,115,1323,1,30.2097,0.303791,19.7516,0,0,626,118
0.879999,116,220,0,30.2015,0.291665,19.7489,0,0,92,16
0.879999,117,1401,0,30.1991,0.23827,19.751,0,0,670,229
0.879999,118,276,0,30.2131,0.308791,19.7528,0,0,115,677
0.879999,119,1031,1,30.2067,0.307347,19.2689,0,0,454,599
0.879999,120,328,0,30.2024,0.300933,19.2675,0,0,134,615
0.879999,121,584,0,30.0707,0.107953,19.2234,0,0,240,636
0.879999,122,1366,0,30.1824,0.270521,19.2609,0,0,651,556
0.879999,123,268,0,29.9378,-0.411033,18.7219,0,0,111,64
0.879999,124,226,0,30.1985,0.303044,18.7845,0,0,95,626
0.879999,125,1267,0,28.8756,-10,18.6881,0,0,592,202
0.879999,126,1104,2,30.1969,0.300516,18.784,0,0,501,447
0.879999,127,1409,0,26.5616,-10,10.3279,1,0,673,668
0.879999,128,66,0,29.9255,-0.125179,18.2212,0,0,34,204
0.879999,129,1100,1,30.0676,0.296145,18.2261,0,0,499,99
0.879999,130,320,0,30.1763,0.284088,17.8144,0,0,132,630
0.879999,131,445,1,30.1789,0.291942,17.8156,0,0,186,125
0.879999,132,949,0,30.1486,0.212493,17.8074,0,0,406,204
0.879999,133,454,0,30.1877,0.302877,17.8179,0,0,189,263
0.879999,134,766,0,30.1101,0.179348,17.7939,0,0,327,99
0.879999,135,33,0,26.9788,-10,2.85014,1,0,554,226
0.879999,136,940,0,30.0748,-0.259154,17.319,0,0,403,294
0.879999,137,682,0,30.1857,0.308377,17.3358,0,0,282,485
0.879999,138,60,0,30.1845,0.306329,17.3354,0,0,32,45
0.879999,139,469,0,30.0124,-1.16413,17.3242,0,0,193,104
0.879999,140,73,0,30.1763,0.301407,16.8515,0,0,36,636
0.879999,141,535,0,30.1833,0.313501,16.8535,0,0,219,531
0.879999,142,530,0,26.1787,-0.943898,15.3919,0,0,217,481
0.879999,143,11,1,30.1821,0.311452,16.8532,0,0,8,19
0.879999,144,764,0,30.1784,0.30513,16.8521,0,0,325,307
0.879999,145,847,1,27.1877,-10,3.02574,1,0,227,341
0.879999,146,1299,0,30.0295,0.334231,16.7642,0,0,610,31
0.879999,147,129,0,29.3544,-10,2.5117,1,0,56,548
0.879999,148,531,0,26.429,-0.867184,15.0219,0,0,218,476
0.879999,149,854,0,30.1405,0.21927,16.3628,0,0,366,395
0.879999,150,330,0,29.9884,0.267933,16.2741,0,0,135,101
0.879999,151,1337,0,30.0647,0.0836918,16.3428,0,0,637,97
0.879999,152,297,0,30.169,0.297725,16.368,0,0,123,471
0.879999,153,1294,0,30.1494,0.273386,15.8812,0,0,607,22
0.879999,154,566,0,30.0204,0.338976,15.8037,0,0,232,566
0.879999,155,1167,0,30.1716,0.312158,15.8873,0,0,539,479
0.879999,156,1282,0,30.1732,0.315084,15.8877,0,0,600,338
0.879999,157,362,0,30.1613,0.266724,15.8854,0,0,149,83
0.879999,158,775,0,28.5687,-2.54839,15.4425,0,0,331,133
0.879999,159,749,0,26.3028,-0.891958,14.5675,0,0,318,299
0.879999,160,831,0,29.8174,-0.28819,15.3085,0,0,355,246
0.879999,161,1319,0,30.1545,0.289823,15.4013,0,0,624,506
0.879999,162,802,0,30.1538,0.288511,15.4012,0,0,342,306
0.879999,163,931,0,30.1641,0.308085,15.4039,0,0,398,48
0.879999,164,17,0,30.1641,0.308169,15.4039,0,0,12,15
0.879999,165,480,0,30.1544,0.28958,15.4013,0,0,196,79
0.879999,166,33,0,30.0149,0.339817,15.3234,0,0,18,486
0.879999,167,271,0,26.517,-1.33449,14.1934,0,0,113,156
0.879999,168,77,0,29.4598,-1.89545,14.78,0,0,38,479
0.879999,169,236,0,30.1605,0.311515,14.9216,0,0,99,374
0.879999,170,779,0,29.4998,-10,14.895,0,0,333,105
0.879999,171,185,1,30.1559,0.306952,14.9199,0,0,79,516
0.879999,172,847,0,29.9451,-0.145122,14.8735,0,0,363,477
0.879999,173,1138,1,28.3206,-3.46613,13.9665,0,0,521,673
0.879999,174,1432,0,29.7568,-0.414276,14.3414,0,0,689,297
0.879999,175,126,1,28.8435,-10,3.73727,1,0,514,330
0.879999,176,83,0,26.4437,-1.60417,12.8934,0,0,40,381
0.879999,177,335,0,29.9788,0.292874,13.8789,0,0,137,385
0.879999,178,786,0,26.7252,-1.60734,12.9421,0,0,336,338
0.879999,179,1192,0,30.153,0.318269,13.9571,0,0,555,549
0.879999,180,1238,0,29.334,-1.49771,13.769,0,0,575,532
0.879999,181,1392,0,30.1432,0.308777,13.4736,0,0,665,462
0.879999,182,1032,0,30.1468,0.31675,13.4744,0,0,455,298
0.879999,183,648,0,30.1465,0.316102,13.4744,0,0,266,508
0.879999,184,394,0,25.52,-10,12.4006,0,0,163,477
0.879999,185,1045,0,29.9322,-0.11958,13.4257,0,0,463,390
0.879999,186,37,0,29.9574,0.263436,13.3949,0,0,20,156
0.879999,187,1188,0,27.9972,-0.996091,12.7706,0,0,553,530
0.879999,188,387,0,26.3777,-3.67785,12.4737,0,0,161,672
0.879999,189,286,0,30.1466,0.316276,13.4744,0,0,119,301
0.879999,190,563,0,26.5042,-2.57566,12.4825,0,0,231,340
0.879999,191,428,0,26.4677,-1.80705,12.4699,0,0,178,100
0.879999,192,990,0,26.25,-3.62441,12.026,0,0,429,298
0.879999,193,81,0,26.1222,-3.99458,12.0145,0,0,39,340
0.879999,194,1011,1,29.9505,0.241988,12.9155,0,0,440,482
0.879999,195,760,0,30.138,0.309073,12.9913,0,0,323,598
0.879999,196,699,0,30.116,0.269486,12.5053,0,0,292,635
0.879999,197,843,0,25.84,-10,1.06344,1,0,223,392
0.879999,198,1338,0,28.2907,-10,12.0024,0,0,638,623
0.879999,199,1242,0,26.4201,-4.73466,11.6226,0,0,577,338
0.879999,200,1422,0,26.8803,-2.1752,11.6686,0,0,681,97
0.879999,201,1154,0,27.7145,-2.09766,11.8508,0,0,533,678
0.879999,202,784,0,26.2774,-4.58882,11.1785,0,0,335,481
0.879999,203,848,0,27.9633,-2.17414,11.4661,0,0,364,340
0.879999,204,751,0,27.0186,-2.68311,11.2578,0,0,319,384
0.879999,205,960,0,29.9154,-0.407639,11.9892,0,0,414,631
0.879999,206,1424,0,26.9579,-6.88779,11.3493,0,0,683,485
0.879999,207,157,0,30.1243,0.31445,11.5451,0,0,68,280
0.879999,208,257,0,27.2864,-2.44492,10.8575,0,0,107,14
0.879999,209,254,0,30.1249,0.315838,11.5452,0,0,106,142
0.879999,210,1006,0,27.8685,-2.31373,0.193982,1,0,437,640
0.879999,211,957,0,30.1211,0.319984,11.0635,0,0,411,573
0.879999,212,772,0,30.0941,0.24889,11.0582,0,0,330,439
0.879999,213,1123,1,30.1103,0.310591,11.0607,0,0,511,76
0.879999,214,1269,0,26.8742,-3.5653,10.3655,0,0,594,567
0.879999,215,14,0,29.7892,-10,1.4282,1,0,622,517
0.879999,216,672,0,30.1144,0.302108,11.0622,0,0,277,652
0.879999,217,861,0,30.1104,0.29139,11.0614,0,0,369,644
0.879999,218,44,0,30.1171,0.323904,10.5817,0,0,25,595
0.879999,219,1233,0,27.4958,-2.78231,10.0031,0,0,574,378
0.879999,220,75,0,27.3794,-3.0106,9.9866,0,0,37,568
0.879999,221,547,0,29.8972,0.161017,10.5139,0,0,224,478
0.879999,222,1140,0,26.48,-10,9.91232,0,0,522,339
0.879999,223,269,0,27.3671,-2.89842,9.98362,0,0,112,677
0.879999,224,880,0,30.0411,0.121902,10.0872,0,0,376,346
0.879999,225,890,0,29.9917,-0.0287827,10.0786,0,0,382,378
0.879999,226,542,0,30.0435,0.126524,10.0877,0,0,222,676
0.879999,227,971,0,30.1104,0.32035,10.0996,0,0,420,220
0.879999,228,561,0,26.8703,-5.78742,9.4979,0,0,229,481
0.879999,229,719,0,30.0458,0.0652713,10.0895,0,0,302,547
0.879999,230,1285,0,29.9533,0.345774,10.0454,0,0,602,381
0.879999,231,1046,0,27.6229,-3.93087,9.14909,0,0,464,100
0.879999,232,695,0,29.9411,0.325133,9.5651,0,0,290,358
0.879999,233,183,0,30.1055,0.321972,9.61787,0,0,78,628
0.879999,234,386,0,27.0982,-4.93634,9.07511,0,0,160,382
0.879999,235,241,0,30.1057,0.322526,9.6179,0,0,101,161
0.879999,236,537,0,27.0748,-4.75031,9.07299,0,0,220,571
0.879999,237,159,0,30.0811,0.247549,9.61372,0,0,69,330
0.879999,238,993,0,28.1235,-3.15598,8.75858,0,0,430,547
0.879999,239,1034,0,30.0278,0.086414,9.12452,0,0,457,398
0.879999,240,1371,0,30.0953,0.306367,9.13537,0,0,652,96
0.879999,241,457,0,30.0996,0.320448,9.13606,0,0,190,661
0.879999,242,1201,0,28.3875,-5.90463,8.86773,0,0,560,185
0.879999,243,1240,0,27.1265,-9.59496,8.20234,0,0,576,631
0.879999,244,647,0,29.9101,0.251703,8.60409,0,0,265,136
0.879999,245,1002,0,30.0928,0.315183,8.6542,0,0,435,513
0.879999,246,1228,0,30.0522,0.140737,8.64864,0,0,572,391
0.879999,247,550,0,27.2055,-7.3361,8.20451,0,0,226,385
0.879999,248,683,0,27.3305,-8.83661,8.22682,0,0,283,530
0.879999,249,34,0,27.3807,-7.46184,7.77149,0,0,19,678
0.879999,250,398,0,29.9595,-0.231373,8.15713,0,0,165,53
0.879999,251,1050,0,28.1,-3.57634,7.83633,0,0,466,379
0.879999,252,1183,0,30.0875,0.315377,8.17269,0,0,550,163
0.879999,253,1333,0,30.0891,0.321213,8.17292,0,0,634,9
0.879999,254,980,0,30.0851,0.3066,8.17234,0,0,425,115
0.879999,255,42,0,30.0588,0.224513,7.68806,0,0,23,402
0.879999,256,346,0,30.0824,0.315697,7.69127,0,0,142,457
0.879999,257,1088,0,30.0826,0.31672,7.69131,0,0,490,233
0.879999,258,1003,0,30.0841,0.322309,7.69151,0,0,436,541
0.879999,259,1227,0,27.44,-10,7.33184,0,0,571,672
0.879999,260,549,0,29.9259,0.351615,7.65009,0,0,225,390
0.879999,261,1031,0,29.9202,0.352207,7.17127,0,0,454,679
0.879999,262,986,0,28.0737,-4.59109,6.92117,0,0,427,383
0.879999,263,988,0,27.9539,-5.09916,6.91077,0,0,428,672
0.879999,264,1230,0,29.8263,-1.07915,7.18129,0,0,573,569
0.879999,265,11,0,29.9177,0.341227,7.17097,0,0,8,57
0.879999,266,920,0,30.0606,0.266377,6.72732,0,0,394,518
0.879999,267,1249,0,30.0644,0.28268,6.72778,0,0,581,432
0.879999,268,535,0,27.76,-10,6.4512,0,0,219,531
0.879999,269,403,0,30.0742,0.325797,6.72895,0,0,166,113
0.879999,270,736,0,30.0744,0.326972,6.72898,0,0,310,508
0.879999,271,538,0,27.9514,-8.62174,6.00769,0,0,221,382
0.879999,272,1246,0,28.0343,-6.74997,6.01028,0,0,579,495
0.879999,273,1172,0,29.5119,-2.82974,5.70907,0,0,542,375
0.879999,274,33,1,29.4666,0.42251,5.67353,0,0,18,461
0.879999,275,1103,0,30.0607,0.311489,5.76634,0,0,500,334
0.879999,276,268,0,28.08,-10,5.56032,0,0,111,687
0.879999,277,84,0,30.0599,0.307749,5.76626,0,0,41,208
0.879999,278,1353,0,30.0636,0.326492,5.76664,0,0,646,231
0.879999,279,1038,0,30.0511,0.286223,5.28492,0,0,459,64
0.879999,280,530,0,28.24,-10,5.11104,0,0,217,562
0.879999,281,344,0,30.0584,0.327732,5.28563,0,0,140,295
0.879999,282,711,0,30.0541,0.303571,5.28522,0,0,297,603
0.879999,283,779,0,28.24,-10,5.11104,0,0,333,687
0.879999,284,331,0,28.8453,-4.62708,5.15655,0,0,136,332
0.879999,285,832,0,30.0386,0.238567,4.80341,0,0,356,293
0.879999,286,31,0,30.0317,0.195036,4.8028,0,0,17,55
0.879999,287,1170,0,29.8917,0.355662,4.77855,0,0,541,617
0.879999,288,1317,0,29.9918,-0.0462413,4.79925,0,0,623,400
0.879999,289,981,0,28.8378,-5.16686,4.68644,0,0,426,461
0.879999,290,1086,0,29.7285,-1.23801,4.77775,0,0,489,560
0.879999,291,726,0,29.9364,0.0216612,4.7928,0,0,305,312
0.879999,292,38,0,30.0476,0.327263,4.32382,0,0,21,90
0.879999,293,1303,0,30.0354,0.231738,4.32301,0,0,614,352
0.879999,294,1335,0,30.0465,0.319455,4.32373,0,0,635,51
0.879999,295,1238,0,28.56,-10,4.2048,0,0,575,392
0.879999,296,347,0,30.0366,0.283312,3.84264,0,0,143,126
0.879999,297,813,0,30.0411,0.317902,3.84296,0,0,346,87
0.879999,298,1067,0,29.1688,-5.06434,3.7753,0,0,477,500
0.879999,299,1079,1,29.9482,0.311118,3.83112,0,0,484,644
0.879999,300,1142,0,30.043,0.332898,3.8431,0,0,523,341
0.879999,301,704,0,30.0375,0.331841,3.3624,0,0,294,445
0.879999,302,1211,0,30.0377,0.33415,3.36242,0,0,564,186
0.879999,303,475,0,30.0325,0.287974,3.36209,0,0,195,513
0.879999,304,601,0,30.0348,0.308721,3.36224,0,0,246,646
0.879999,305,469,0,29.04,-10,2.82624,0,0,193,71
0.879999,306,428,0,29.04,-10,2.82624,0,0,178,264
0.879999,307,686,0,30.0293,0.302921,2.88164,0,0,285,54
0.879999,308,1422,0,29.2,-10,2.3616,0,0,681,476
0.879999,309,77,0,29.2,-10,2.3616,0,0,38,678
0.879999,310,15,1,30.0195,0.336323,2.40069,0,0,10,569
0.879999,311,83,0,29.2,-10,2.3616,0,0,40,100
0.879999,312,1259,0,30.0216,0.268384,2.40104,0,0,586,14
0.879999,313,586,0,30.0189,0.235028,2.40091,0,0,240,412
0.879999,314,848,0,29.36,-10,1.8944,0,0,364,273
0.879999,315,778,0,30.0215,0.335237,1.92086,0,0,332,141
0.879999,316,363,2,29.8141,0.366736,1.90824,0,0,150,626
0.879999,317,579,0,29.36,-10,1.8944,0,0,238,402
0.879999,318,271,0,29.36,-10,1.8944,0,0,113,531
0.879999,319,706,0,30.0183,0.285388,1.92073,0,0,295,410
0.879999,320,728,0,30.0162,0.33592,1.44052,0,0,306,58
0.879999,321,744,0,30.0159,0.32986,1.44051,0,0,316,137
0.879999,322,39,0,30.0162,0.336176,1.44052,0,0,22,235
0.879999,323,140,0,29.6854,-6.13142,1.42971,0,0,63,103
0.879999,324,1323,0,29.8497,0.30289,1.43255,0,0,626,683
0.879999,325,1162,0,30.0106,0.330905,0.960255,0,0,536,212
0.879999,326,531,0,29.68,-10,0.95232,0,0,218,339
0.879999,327,99,0,30.0052,0.324692,0.480083,0,0,47,359
0.879999,328,1337,0,29.84,-10,0.47744,0,0,637,392
0.879999,329,822,0,30.0052,0.326133,0.480084,0,0,351,290
0.879999,330,790,0,29.8431,-9.8056,0.47749,0,0,337,549
0.879999,331,1151,0,30.0054,0.337623,0.480086,0,0,529,63
0.895999,0,566,1,30.2905,0.296509,27.4979,0,0,232,680
0.895999,1,271,0,30.1608,0.0776993,27.4551,0,0,113,488
0.895999,2,1254,0,28.7862,-5.42272,5.59002,1,0,585,597
0.895999,3,387,0,29.1836,-2.57853,27.1684,0,0,161,155
0.895999,4,1050,0,30.2771,0.282541,27.4917,0,0,466,408
0.895999,5,1070,1,29.9533,-10,1.40031,1,0,477,106
0.895999,6,33,2,30.2752,0.298933,27.4944,0,0,18,485
0.895999,7,847,1,29.9674,-0.611587,27.4046,0,0,363,676
0.895999,8,531,0,30.2905,0.296509,27.4979,0,0,218,532
0.895999,9,843,0,29.0431,-1.16656,26.9904,0,0,362,483
0.895999,10,335,2,30.2662,0.295872,27.488,0,0,137,680
0.895999,11,1233,0,30.2857,0.297264,27.0133,0,0,574,478
0.895999,12,1432,2,30.2592,0.301487,26.9934,0,0,689,578
0.895999,13,17,1,29.6331,-10,1.5553,1,0,2,35
0.895999,14,751,0,29.9947,-0.415884,26.9011,0,0,319,390
0.895999,15,1299,1,30.2837,0.29517,27.0124,0,0,610,578
0.895999,16,56,0,30.2582,0.267777,27.0006,0,0,30,542
0.895999,17,257,0,30.2857,0.297264,27.0133,0,0,107,80
0.895999,18,530,0,30.1056,-0.171392,26.9611,0,0,217,532
0.895999,19,682,1,28.006,-4.19348,11.7965,1,0,533,297
0.895999,20,1242,0,28.9253,-3.80446,26.6433,0,0,577,102
0.895999,21,1167,0,24.6758,-10,10.5783,1,0,522,680
0.895999,22,1187,0,30.281,0.298022,26.5287,0,0,552,296
0.895999,23,75,0,30.1756,0.0493764,26.4955,0,0,37,679
0.895999,24,140,0,30.2772,0.293954,26.527,0,0,63,377
0.895999,25,786,0,30.279,0.295893,26.5278,0,0,336,101
0.895999,26,571,0,30.2785,0.295373,26.5276,0,0,234,476
0.895999,27,330,1,30.2424,0.304152,26.5064,0,0,135,339
0.895999,28,449,0,30.2149,0.305682,26.5036,0,0,187,566
0.895999,29,1,0,30.1227,0.123818,26.4571,0,0,1,6
0.895999,30,843,0,22.7548,-5.37213,12.3402,1,0,223,565
0.895999,31,1325,0,27.9196,-10,6.7525,1,0,28,279
0.895999,32,749,0,30.2732,0.295458,26.0429,0,0,318,22
0.895999,33,269,0,30.2745,0.296905,26.0435,0,0,112,675
0.895999,34,810,0,30.1469,0.153855,25.9867,0,0,345,46
0.895999,35,1138,1,26.2106,-10,10.2954,1,0,283,122
0.895999,36,1191,1,24.7917,-8.33279,9.34824,1,0,638,391
0.895999,37,1124,0,30.0211,-0.529689,26.0014,0,0,511,518
0.895999,38,563,0,29.8262,-0.838502,25.8949,0,0,231,297
0.895999,39,561,0,29.1,-0.682,25.5402,0,0,229,571
0.895999,40,1422,0,30.2699,0.297853,25.5591,0,0,681,675
0.895999,41,901,0,30.2602,0.286897,25.5549,0,0,386,126
0.895999,42,566,1,23.1852,-5.87749,7.81607,1,0,430,675
0.895999,43,976,0,30.2245,0.174868,25.5494,0,0,423,237
0.895999,44,1246,0,24.9646,-10,3.28678,1,0,685,230
0.895999,45,986,0,30.1655,0.0097039,25.5281,0,0,427,384
0.895999,46,1037,0,30.2191,0.239988,25.5369,0,0,458,667
0.895999,47,898,0,30.2247,0.246443,25.5394,0,0,385,549
0.895999,48,1343,0,30.1697,-0.0325494,25.5353,0,0,643,88
0.895999,49,708,0,29.9328,-0.0888004,25.4121,0,0,296,676
0.895999,50,1285,1,30.2678,0.295495,25.5582,0,0,602,558
0.895999,51,311,0,30.2516,0.282993,25.069,0,0,128,372
0.895999,52,637,0,30.2549,0.286769,25.0704,0,0,262,206
0.895999,53,988,0,30.0196,-0.0375706,24.9879,0,0,428,630
0.895999,54,1030,0,30.2639,0.297176,25.0743,0,0,453,646
0.895999,55,538,0,29.1223,-1.51162,24.6999,0,0,221,486
0.895999,56,1164,0,30.2379,0.267093,25.0631,0,0,537,300
0.895999,57,838,0,30.1602,0.12335,25.0439,0,0,359,565
0.895999,58,654,1,30.2603,0.296779,25.0733,0,0,269,106
0.895999,59,43,0,30.1961,0.219019,24.5636,0,0,24,559
0.895999,60,550,0,29.2049,-1.03235,24.2433,0,0,226,578
0.895999,61,542,1,30.1679,0.0911643,24.5674,0,0,222,547
0.895999,62,83,0,30.2489,0.21145,24.59,0,0,40,530
0.895999,63,990,0,29.5515,-1.58597,24.3632,0,0,429,486
0.895999,64,1284,0,30.2211,0.250551,24.576,0,0,601,482
0.895999,65,1154,0,25.0281,-10,2.17663,1,0,521,611
0.895999,66,945,0,30.2098,0.239513,24.5693,0,0,405,152
0.895999,67,660,0,30.2593,0.298097,24.5901,0,0,271,600
0.895999,68,177,0,30.2466,0.283139,24.5848,0,0,76,117
0.895999,69,428,0,30.2499,0.293262,24.104,0,0,178,576
0.895999,70,1187,1,24.2276,-7.29149,8.27427,1,0,553,488
0.895999,71,1011,2,30.2163,0.303763,24.0882,0,0,440,382
0.895999,72,397,0,30.0322,-0.442948,24.0717,0,0,164,577
0.895999,73,37,1,30.2554,0.30209,24.1062,0,0,20,488
0.895999,74,562,0,28.7361,-3.55006,23.6519,0,0,230,673
0.895999,75,1269,0,30.0134,-0.292096,24.0329,0,0,594,482
0.895999,76,394,0,27.9999,-2.62614,23.2202,0,0,163,31
0.895999,77,386,0,29.8788,-0.19118,23.4892,0,0,160,483
0.895999,78,1352,0,30.1566,-0.095197,23.6082,0,0,645,41
0.895999,79,81,0,29.5335,-2.08338,23.4516,0,0,39,383
0.895999,80,549,1,30.2522,0.302599,23.6229,0,0,225,548
0.895999,81,1104,0,26.8616,-3.31228,1.35728,1,0,500,285
0.895999,82,661,0,29.7377,-0.428768,22.9695,0,0,272,599
0.895999,83,625,1,30.2333,0.299848,23.1331,0,0,255,572
0.895999,84,784,0,29.6903,-0.926383,22.4983,0,0,335,630
0.895999,85,1423,0,30.2406,0.301741,22.6542,0,0,682,599
0.895999,86,1261,1,30.2298,0.291924,22.6497,0,0,587,22
0.895999,87,365,0,30.2358,0.29561,22.6523,0,0,151,369
0.895999,88,790,0,30.2397,0.300591,22.6538,0,0,337,155
0.895999,89,37,1,23.651,-6.50352,5.97133,1,0,426,148
0.895999,90,1039,1,29.0194,-5.07148,6.32916,1,0,290,515
0.895999,91,1052,1,26.7853,-10,9.12861,1,0,364,3
0.895999,92,596,0,30.1797,0.302008,22.1432,0,0,244,192
0.895999,93,647,1,30.2226,0.285266,22.1653,0,0,265,64
0.895999,94,537,0,30.1763,0.106789,22.1557,0,0,220,299
0.895999,95,1274,0,30.0015,-0.00676824,22.0819,0,0,595,391
0.895999,96,830,0,30.2344,0.300742,22.1698,0,0,354,18
0.895999,97,330,1,23.5603,-6.37443,7.10023,1,0,136,631
0.895999,98,1246,0,30.2358,0.302522,22.1703,0,0,579,591
0.895999,99,579,0,30.2312,0.303663,21.6867,0,0,238,3
0.895999,100,975,0,29.7275,-0.923752,21.5889,0,0,422,683
0.895999,101,1170,1,30.2295,0.301312,21.686,0,0,541,142
0.895999,102,1385,0,30.207,0.271036,21.6776,0,0,660,365
0.895999,103,1268,0,30.2306,0.30289,21.6864,0,0,593,101
0.895999,104,547,1,29.9814,-0.414409,21.6257,0,0,224,296
0.895999,105,1045,1,26.9326,-10,7.77066,1,0,464,296
0.895999,106,1006,0,30.2215,0.297787,21.2012,0,0,438,233
0.895999,107,1240,0,29.7022,-1.23437,21.0588,0,0,576,300
0.895999,108,1209,0,25.606,-10,19.6793,0,0,563,569
0.895999,109,605,0,30.2224,0.299011,21.2015,0,0,247,7
0.895999,110,1338,1,25.2447,-10,4.74339,1,0,19,99
0.895999,111,721,0,25.7278,-6.40393,19.3914,0,0,303,483
0.895999,112,933,0,30.2098,0.288753,20.7152,0,0,399,622
0.895999,113,1052,0,30.2216,0.305372,20.7194,0,0,467,3
0.895999,114,392,0,30.1258,0.0319276,20.2125,0,0,162,611
0.895999,115,1323,1,30.2145,0.30302,20.2351,0,0,626,118
0.895999,116,220,0,30.2061,0.290913,20.2321,0,0,92,16
0.895999,117,1401,0,30.2029,0.237682,20.2342,0,0,670,229
0.895999,118,276,0,30.218,0.308011,20.2363,0,0,115,677
0.895999,119,1031,1,30.2116,0.30657,19.7523,0,0,454,599
0.895999,120,328,0,30.2072,0.300167,19.7508,0,0,134,615
0.895999,121,584,0,30.0724,0.107978,19.7046,0,0,240,636
0.895999,122,1366,0,30.1868,0.269797,19.7439,0,0,651,556
0.895999,123,268,0,29.9312,-0.417112,19.2008,0,0,111,64
0.895999,124,226,0,30.2033,0.302274,19.2678,0,0,95,626
0.895999,125,1267,0,28.7156,-10,19.1475,0,0,592,202
0.895999,126,1104,2,30.2017,0.299749,19.2672,0,0,501,447
0.895999,127,1409,0,26.4016,-10,10.7503,1,0,673,668
0.895999,128,66,0,29.9235,-0.1233,18.7,0,0,34,204
0.895999,129,1100,1,30.0723,0.295373,18.7073,0,0,499,99
0.895999,130,320,0,30.1808,0.283345,18.2973,0,0,132,630
0.895999,131,445,1,30.1836,0.291187,18.2985,0,0,186,125
0.895999,132,949,0,30.152,0.212017,18.2898,0,0,406,204
0.895999,133,454,0,30.1926,0.302106,18.301,0,0,189,263
0.895999,134,766,0,30.113,0.178984,18.2757,0,0,327,99
0.895999,135,33,0,26.8188,-10,3.27924,1,0,554,226
0.895999,136,940,0,30.0707,-0.256418,17.8001,0,0,403,294
0.895999,137,682,0,30.1906,0.307597,17.8188,0,0,282,485
0.895999,138,60,0,30.1894,0.305553,17.8184,0,0,32,45
0.895999,139,469,0,29.994,-1.14468,17.8041,0,0,193,104
0.895999,140,73,0,30.1811,0.300638,17.3344,0,0,36,636
0.895999,141,535,0,30.1883,0.312712,17.3365,0,0,219,531
0.895999,142,530,0,26.165,-0.85438,15.8106,0,0,217,481
0.895999,143,11,1,30.1871,0.310666,17.3362,0,0,8,19
0.895999,144,764,0,30.1833,0.304354,17.3351,0,0,325,307
0.895999,145,847,1,27.0277,-10,3.45818,1,0,227,341
0.895999,146,1299,0,30.0348,0.3334,17.2447,0,0,610,31
0.895999,147,129,0,29.1944,-10,2.97881,1,0,56,548
0.895999,148,531,0,26.4167,-0.769084,15.4446,0,0,218,476
0.895999,149,854,0,30.144,0.218717,16.8451,0,0,366,395
0.895999,150,330,0,29.9927,0.267263,16.754,0,0,135,101
0.895999,151,1337,0,30.066,0.0838716,16.8239,0,0,637,97
0.895999,152,297,0,30.1737,0.296961,16.8508,0,0,123,471
0.895999,153,1294,0,30.1537,0.272654,16.3636,0,0,607,22
0.895999,154,566,0,30.0258,0.338136,16.2842,0,0,232,566
0.895999,155,1167,0,30.1766,0.311371,16.3701,0,0,539,479
0.895999,156,1282,0,30.1782,0.314292,16.3706,0,0,600,338
0.895999,157,362,0,30.1655,0.266051,16.368,0,0,149,83
0.895999,158,775,0,28.5281,-2.53939,15.899,0,0,331,133
0.895999,159,749,0,26.2904,-0.775676,14.9881,0,0,318,299
0.895999,160,831,0,29.8129,-0.284284,15.7855,0,0,355,246
0.895999,161,1319,0,30.1591,0.289069,15.8839,0,0,624,506
0.895999,162,802,0,30.1584,0.287759,15.8837,0,0,342,306
0.895999,163,931,0,30.169,0.307305,15.8866,0,0,398,48
0.895999,164,17,0,30.169,0.307388,15.8866,0,0,12,15
0.895999,165,480,0,30.159,0.288826,15.8838,0,0,196,79
0.895999,166,33,0,30.0204,0.338976,15.8037,0,0,18,486
0.895999,167,271,0,26.4975,-1.2151,14.6174,0,0,113,156
0.895999,168,77,0,29.4292,-1.90971,15.2509,0,0,38,479
0.895999,169,236,0,30.1655,0.310729,15.4042,0,0,99,374
0.895999,170,779,0,29.3398,-10,15.3644,0,0,333,105
0.895999,171,185,1,30.1608,0.306172,15.4024,0,0,79,516
0.895999,172,847,0,29.9423,-0.175677,15.3526,0,0,363,477
0.895999,173,1138,1,28.2652,-3.46532,14.4187,0,0,521,673
0.895999,174,1432,0,29.7502,-0.40855,14.8174,0,0,689,297
0.895999,175,126,1,28.6835,-10,4.1962,1,0,514,330
0.895999,176,83,0,26.4211,-1.41297,13.3161,0,0,40,381
0.895999,177,335,0,29.9833,0.278538,14.3587,0,0,137,385
0.895999,178,786,0,26.7019,-1.45289,13.3693,0,0,336,338
0.895999,179,1192,0,30.1581,0.31747,14.4397,0,0,555,549
0.895999,180,1238,0,29.3102,-1.48765,14.238,0,0,575,532
0.895999,181,1392,0,30.1469,0.230657,13.9559,0,0,665,462
0.895999,182,1032,0,30.1519,0.315954,13.9569,0,0,455,298
0.895999,183,648,0,30.1516,0.315307,13.9568,0,0,266,508
0.895999,184,394,0,25.36,-10,12.8064,0,0,163,477
0.895999,185,1045,0,29.9304,-0.117963,13.9045,0,0,463,390
0.895999,186,37,0,29.9616,0.2628,13.8743,0,0,20,156
0.895999,187,1188,0,27.9819,-0.960084,13.2183,0,0,553,530
0.895999,188,387,0,26.3213,-3.52514,12.8948,0,0,161,672
0.895999,189,286,0,30.1516,0.315481,13.9568,0,0,119,301
0.895999,190,563,0,26.466,-2.3899,12.906,0,0,231,340
0.895999,191,428,0,26.4424,-1.58112,12.893,0,0,178,100
0.895999,192,990,0,26.1965,-3.33941,12.4452,0,0,429,298
0.895999,193,81,0,26.0636,-3.66032,12.4315,0,0,39,340
0.895999,194,1011,1,29.9543,0.23895,13.3947,0,0,440,482
0.895999,195,760,0,30.1429,0.308288,13.4735,0,0,323,598
0.895999,196,699,0,30.1203,0.268755,12.9873,0,0,292,635
0.895999,197,843,0,25.68,-10,1.47432,1,0,223,392
0.895999,198,1338,0,28.1307,-10,12.4524,0,0,638,623
0.895999,199,1242,0,26.347,-4.56761,12.0442,0,0,577,338
0.895999,200,1422,0,26.8489,-1.96637,12.0982,0,0,681,97
0.895999,201,1154,0,27.5545,-10,12.2917,0,0,533,678
0.895999,202,784,0,26.2132,-4.01785,11.5979,0,0,335,481
0.895999,203,848,0,27.9302,-2.06427,11.913,0,0,364,340
0.895999,204,751,0,26.9786,-2.49917,11.6895,0,0,319,384
0.895999,205,960,0,29.9088,-0.414332,12.4677,0,0,414,631
0.895999,206,1424,0,26.8491,-6.80251,11.7789,0,0,683,485
0.895999,207,157,0,30.1293,0.313656,12.0272,0,0,68,280
0.895999,208,257,0,27.2504,-2.2531,11.2935,0,0,107,14
0.895999,209,254,0,30.1299,0.315042,12.0273,0,0,106,142
0.895999,210,1006,0,27.7085,-10,0.637319,1,0,437,640
0.895999,211,957,0,30.1262,0.319182,11.5455,0,0,411,573
0.895999,212,772,0,30.0981,0.248273,11.5398,0,0,330,439
0.895999,213,1123,1,30.1152,0.309802,11.5425,0,0,511,76
0.895999,214,1269,0,26.8226,-3.22451,10.7947,0,0,594,567
0.895999,215,14,0,29.6292,-10,1.90227,1,0,622,517
0.895999,216,672,0,30.1192,0.301332,11.5441,0,0,277,652
0.895999,217,861,0,30.115,0.290629,11.5432,0,0,369,644
0.895999,218,44,0,30.1222,0.323094,11.0637,0,0,25,595
0.895999,219,1233,0,27.4546,-2.5734,10.4424,0,0,574,378
0.895999,220,75,0,27.3349,-2.7845,10.424,0,0,37,568
0.895999,221,547,0,29.8998,0.160179,10.9923,0,0,224,478
0.895999,222,1140,0,26.32,-10,10.3334,0,0,522,339
0.895999,223,269,0,27.3245,-2.66057,10.4208,0,0,112,677
0.895999,224,880,0,30.043,0.121864,10.5679,0,0,376,346
0.895999,225,890,0,29.9913,-0.0292022,10.5585,0,0,382,378
0.895999,226,542,0,30.0455,0.126223,10.5684,0,0,222,676
0.895999,227,971,0,30.1155,0.319546,10.5814,0,0,420,220
0.895999,228,561,0,26.7856,-5.29097,9.92647,0,0,229,481
0.895999,229,719,0,30.0467,0.0586725,10.5702,0,0,302,547
0.895999,230,1285,0,29.9588,0.344921,10.5248,0,0,602,381
0.895999,231,1046,0,27.5644,-3.65664,9.59012,0,0,464,100
0.895999,232,695,0,29.9463,0.324308,10.0442,0,0,290,358
0.895999,233,183,0,30.1107,0.321165,10.0996,0,0,78,628
0.895999,234,386,0,27.0273,-4.43285,9.50755,0,0,160,382
0.895999,235,241,0,30.1108,0.321718,10.0997,0,0,101,161
0.895999,236,537,0,27.0082,-4.16689,9.50512,0,0,220,571
0.895999,237,159,0,30.0848,0.231641,10.0951,0,0,69,330
0.895999,238,993,0,28.0758,-2.98002,9.20779,0,0,430,547
0.895999,239,1034,0,30.0291,0.0858731,9.60499,0,0,457,398
0.895999,240,1371,0,30.1002,0.305583,9.61697,0,0,652,96
0.895999,241,457,0,30.1048,0.319644,9.61774,0,0,190,661
0.895999,242,1201,0,28.2918,-5.98349,9.3204,0,0,560,185
0.895999,243,1240,0,26.9953,-8.19694,8.63427,0,0,576,631
0.895999,244,647,0,29.9141,0.250959,9.08272,0,0,265,136
0.895999,245,1002,0,30.0978,0.314386,9.13576,0,0,435,513
0.895999,246,1228,0,30.0544,0.137769,9.12951,0,0,572,391
0.895999,247,550,0,27.0992,-6.64518,8.6381,0,0,226,385
0.895999,248,683,0,27.1897,-8.80285,8.66185,0,0,283,530
0.895999,249,34,0,27.2601,-7.54008,8.20765,0,0,19,678
0.895999,250,398,0,29.9559,-0.228396,8.63642,0,0,165,53
0.895999,251,1050,0,28.0466,-3.33957,8.28507,0,0,466,379
0.895999,252,1183,0,30.0926,0.314579,8.65417,0,0,550,163
0.895999,253,1333,0,30.0943,0.320406,8.65443,0,0,634,9
0.895999,254,980,0,30.09,0.305815,8.65378,0,0,425,115
0.895999,255,42,0,30.0624,0.223826,8.16906,0,0,23,402
0.895999,256,346,0,30.0874,0.314899,8.17267,0,0,142,457
0.895999,257,1088,0,30.0877,0.31592,8.17271,0,0,490,233
0.895999,258,1003,0,30.0892,0.321501,8.17293,0,0,436,541
0.895999,259,1227,0,27.28,-10,7.76832,0,0,571,672
0.895999,260,549,0,29.9315,0.350751,8.129,0,0,225,390
0.895999,261,1031,0,29.9258,0.351342,7.65008,0,0,454,679
0.895999,262,986,0,28.0056,-4.2538,7.36926,0,0,427,383
0.895999,263,988,0,27.8787,-4.69898,7.35683,0,0,428,672
0.895999,264,1230,0,29.8082,-1.13128,7.65822,0,0,573,569
0.895999,265,11,0,29.9231,0.340378,7.64974,0,0,8,57
0.895999,266,920,0,30.0649,0.265709,7.20836,0,0,394,518
0.895999,267,1249,0,30.0689,0.281925,7.20888,0,0,581,432
0.895999,268,535,0,27.6,-10,6.8928,0,0,219,531
0.895999,269,403,0,30.0794,0.324982,7.21022,0,0,166,113
0.895999,270,736,0,30.0797,0.326155,7.21026,0,0,310,508
0.895999,271,538,0,27.8245,-7.93432,6.45289,0,0,221,382
0.895999,272,1246,0,27.9379,-6.02946,6.45729,0,0,579,495
0.895999,273,1172,0,29.4643,-2.97207,6.1805,0,0,542,375
0.895999,274,33,1,29.4733,0.421521,6.14511,0,0,18,461
0.895999,275,1103,0,30.0656,0.310695,6.24739,0,0,500,334
0.895999,276,268,0,27.92,-10,6.00704,0,0,111,687
0.895999,277,84,0,30.0648,0.306959,6.2473,0,0,41,208
0.895999,278,1353,0,30.0688,0.325675,6.24774,0,0,646,231
0.895999,279,1038,0,30.0556,0.285462,5.76581,0,0,459,64
0.895999,280,530,0,28.08,-10,5.56032,0,0,217,562
0.895999,281,344,0,30.0636,0.326913,5.76665,0,0,140,295
0.895999,282,711,0,30.059,0.302786,5.76616,0,0,297,603
0.895999,283,779,0,28.08,-10,5.56032,0,0,333,687
0.895999,284,331,0,28.7755,-4.36575,5.61696,0,0,136,332
0.895999,285,832,0,30.0424,0.237999,5.28409,0,0,356,293
0.895999,286,31,0,30.0348,0.194377,5.28336,0,0,17,55
0.895999,287,1170,0,29.8974,0.35479,5.25691,0,0,541,617
0.895999,288,1317,0,29.991,-0.0451029,5.27911,0,0,623,400
0.895999,289,981,0,28.7601,-4.85109,5.1466,0,0,426,461
0.895999,290,1086,0,29.709,-1.21436,5.2531,0,0,489,560
0.895999,291,726,0,29.9368,0.022325,5.27179,0,0,305,312
0.895999,292,38,0,30.0528,0.326444,4.80467,0,0,21,90
0.895999,293,1303,0,30.0391,0.231039,4.80363,0,0,614,352
0.895999,294,1335,0,30.0516,0.318648,4.80456,0,0,635,51
0.895999,295,1238,0,28.4,-10,4.6592,0,0,575,392
0.895999,296,347,0,30.0411,0.282552,4.3233,0,0,143,126
0.895999,297,813,0,30.0461,0.317096,4.3237,0,0,346,87
0.895999,298,1067,0,29.1756,0.423155,4.24211,0,0,477,500
0.895999,299,1079,1,29.9531,0.310312,4.31038,0,0,484,644
0.895999,300,1142,0,30.0483,0.33207,4.32388,0,0,523,341
0.895999,301,704,0,30.0427,0.331014,3.84309,0,0,294,445
0.895999,302,1211,0,30.043,0.33332,3.84311,0,0,564,186
0.895999,303,475,0,30.0371,0.28725,3.84268,0,0,195,513
0.895999,304,601,0,30.0398,0.307927,3.84287,0,0,246,646
0.895999,305,469,0,28.88,-10,3.28832,0,0,193,71
0.895999,306,428,0,28.88,-10,3.28832,0,0,178,264
0.895999,307,686,0,30.0341,0.302134,3.36219,0,0,285,54
0.895999,308,1422,0,29.04,-10,2.82624,0,0,681,476
0.895999,309,77,0,29.04,-10,2.82624,0,0,38,678
0.895999,310,15,1,30.0248,0.335488,2.88109,0,0,10,569
0.895999,311,83,0,29.04,-10,2.82624,0,0,40,100
0.895999,312,1259,0,30.0259,0.26764,2.88145,0,0,586,14
0.895999,313,586,0,30.0227,0.234322,2.88127,0,0,240,412
0.895999,314,848,0,29.2,-10,2.3616,0,0,364,273
0.895999,315,778,0,30.0269,0.334404,2.40129,0,0,332,141
0.895999,316,363,2,29.82,0.365843,2.38536,0,0,150,626
0.895999,317,579,0,29.2126,-9.21335,2.3618,0,0,238,402
0.895999,318,271,0,29.2,-10,2.3616,0,0,113,531
0.895999,319,706,0,30.0229,0.284623,2.4011,0,0,295,410
0.895999,320,728,0,30.0215,0.335085,1.92086,0,0,306,58
0.895999,321,744,0,30.0211,0.329035,1.92085,0,0,316,137
0.895999,322,39,0,30.0215,0.335341,1.92086,0,0,22,235
0.895999,323,140,0,29.5933,-5.75882,1.9032,0,0,63,103
0.895999,324,1323,0,29.8545,0.30213,1.91023,0,0,626,683
0.895999,325,1162,0,30.0159,0.330078,1.44051,0,0,536,212
0.895999,326,531,0,29.52,-10,1.42464,0,0,218,339
0.895999,327,99,0,30.0104,0.323874,0.960249,0,0,47,359
0.895999,328,1337,0,29.68,-10,0.95232,0,0,637,392
0.895999,329,822,0,30.0104,0.325313,0.96025,0,0,351,290
0.895999,330,790,0,29.6997,-8.96007,0.952686,0,0,337,549
0.895999,331,1151,0,30.0108,0.336785,0.960259,0,0,529,63
0.895999,332,766,0,29.84,-10,0.47744,0,0,327,280
0.895999,333,157,0,29.84,-10,0.47744,0,0,68,257
0.895999,334,544,0,29.84,-10,0.47744,0,0,223,566
0.895999,335,842,0,30.0029,0.178648,0.480046,0,0,361,130
0.895999,336,1165,0,30.0017,0.10464,0.480027,0,0,538,262
0.895999,337,882,0,30.0052,0.326585,0.480084,0,0,378,89
0.895999,338,682,0,29.84,-10,0.47744,0,0,282,558
0.911999,0,566,1,30.2952,0.295754,27.9827,0,0,232,680
0.911999,1,271,0,30.162,0.0775963,27.9377,0,0,113,488
0.911999,2,1254,0,28.7007,-5.34133,6.04923,1,0,585,597
0.911999,3,387,0,29.1411,-2.65699,27.6347,0,0,161,155
0.911999,4,1050,0,30.2816,0.28181,27.9762,0,0,466,408
0.911999,5,1070,1,29.7933,-10,1.877,1,0,477,106
0.911999,6,33,2,30.28,0.298173,27.9788,0,0,18,485
0.911999,7,847,1,29.957,-0.648016,27.8839,0,0,363,676
0.911999,8,531,0,30.2952,0.295754,27.9827,0,0,218,532
0.911999,9,843,0,29.0248,-1.14701,27.4548,0,0,362,483
0.911999,10,335,2,30.2709,0.295118,27.9723,0,0,137,680
0.911999,11,1233,0,30.2905,0.296509,27.4979,0,0,574,478
0.911999,12,1432,2,30.264,0.300723,27.4776,0,0,689,578
0.911999,13,17,1,29.4731,-10,2.02687,1,0,2,35
0.911999,14,751,0,29.9874,-0.457825,27.3809,0,0,319,390
0.911999,15,1299,1,30.2885,0.294418,27.497,0,0,610,578
0.911999,16,56,0,30.2624,0.267066,27.4848,0,0,30,542
0.911999,17,257,0,30.2905,0.296509,27.4979,0,0,107,80
0.911999,18,530,0,30.1028,-0.177697,27.4428,0,0,217,532
0.911999,19,682,1,27.9397,-4.13925,12.2435,1,0,533,297
0.911999,20,1242,0,28.8621,-3.94805,27.1051,0,0,577,102
0.911999,21,1167,0,24.5158,-10,10.9705,1,0,522,680
0.911999,22,1187,0,30.2857,0.297264,27.0133,0,0,552,296
0.911999,23,75,0,30.1761,0.0339494,26.9783,0,0,37,679
0.911999,24,140,0,30.2819,0.293204,27.0115,0,0,63,377
0.911999,25,786,0,30.2837,0.29514,27.0124,0,0,336,101
0.911999,26,571,0,30.2832,0.29462,27.0121,0,0,234,476
0.911999,27,330,1,30.2472,0.303382,26.9904,0,0,135,339
0.911999,28,449,0,30.2198,0.304908,26.9871,0,0,187,566
0.911999,29,1,0,30.1247,0.12326,26.9391,0,0,1,6
0.911999,30,843,0,22.6705,-5.26899,12.7029,1,0,223,565
0.911999,31,1325,0,27.7596,-10,7.19666,1,0,28,279
0.911999,32,749,0,30.2779,0.294705,26.5273,0,0,318,22
0.911999,33,269,0,30.2792,0.29615,26.5279,0,0,112,675
0.911999,34,810,0,30.1494,0.153268,26.4691,0,0,345,46
0.911999,35,1138,1,26.0506,-10,10.7122,1,0,283,122
0.911999,36,1191,1,24.6618,-8.12346,9.74283,1,0,638,391
0.911999,37,1124,0,30.0128,-0.522808,26.4817,0,0,511,518
0.911999,38,563,0,29.8124,-0.859267,26.3719,0,0,231,297
0.911999,39,561,0,29.0893,-0.668936,26.0056,0,0,229,571
0.911999,40,1422,0,30.2747,0.297096,26.0435,0,0,681,675
0.911999,41,901,0,30.2648,0.286157,26.0391,0,0,386,126
0.911999,42,566,1,23.093,-5.75903,8.18556,1,0,430,675
0.911999,43,976,0,30.2273,0.174527,26.033,0,0,423,237
0.911999,44,1246,0,24.8046,-10,3.68365,1,0,685,230
0.911999,45,986,0,30.1655,-0.0011308,26.0108,0,0,427,384
0.911999,46,1037,0,30.2229,0.239311,26.0205,0,0,458,667
0.911999,47,898,0,30.2286,0.245758,26.023,0,0,385,549
0.911999,48,1343,0,30.1692,-0.0316392,26.018,0,0,643,88
0.911999,49,708,0,29.9313,-0.0891662,25.891,0,0,296,676
0.911999,50,1285,1,30.2725,0.294741,26.0426,0,0,602,558
0.911999,51,311,0,30.2561,0.282259,25.5531,0,0,128,372
0.911999,52,637,0,30.2595,0.286029,25.5546,0,0,262,206
0.911999,53,988,0,30.019,-0.0372676,25.4682,0,0,428,630
0.911999,54,1030,0,30.2686,0.296419,25.5586,0,0,453,646
0.911999,55,538,0,29.0987,-1.47621,25.1655,0,0,221,486
0.911999,56,1164,0,30.2422,0.266381,25.547,0,0,537,300
0.911999,57,838,0,30.1622,0.123245,25.5265,0,0,359,565
0.911999,58,654,1,30.265,0.296023,25.5575,0,0,269,106
0.911999,59,43,0,30.1996,0.217989,25.0468,0,0,24,559
0.911999,60,550,0,29.1869,-1.12334,24.7103,0,0,226,578
0.911999,61,542,1,30.1694,0.0901594,25.0501,0,0,222,547
0.911999,62,83,0,30.2522,0.205602,25.074,0,0,40,530
0.911999,63,990,0,29.5257,-1.61234,24.8357,0,0,429,486
0.911999,64,1284,0,30.2251,0.249923,25.0596,0,0,601,482
0.911999,65,1154,0,24.8681,-10,2.57452,1,0,521,611
0.911999,66,945,0,30.2136,0.238835,25.0527,0,0,405,152
0.911999,67,660,0,30.264,0.297339,25.0744,0,0,271,600
0.911999,68,177,0,30.2511,0.282404,25.0688,0,0,76,117
0.911999,69,428,0,30.2545,0.292511,24.5881,0,0,178,576
0.911999,70,1187,1,24.1136,-7.12418,8.66009,1,0,553,488
0.911999,71,1011,2,30.2211,0.302992,24.5718,0,0,440,382
0.911999,72,397,0,30.0252,-0.440408,24.5521,0,0,164,577
0.911999,73,37,1,30.2602,0.301325,24.5904,0,0,20,488
0.911999,74,562,0,28.679,-3.56751,24.1108,0,0,230,673
0.911999,75,1269,0,30.0086,-0.301243,24.513,0,0,594,482
0.911999,76,394,0,27.9572,-2.66746,23.6675,0,0,163,31
0.911999,77,386,0,29.8757,-0.189665,23.9672,0,0,160,483
0.911999,78,1352,0,30.1551,-0.0937742,24.0906,0,0,645,41
0.911999,79,81,0,29.4987,-2.17387,23.9235,0,0,39,383
0.911999,80,549,1,30.257,0.301833,24.107,0,0,225,548
0.911999,81,1104,0,26.8092,-3.2745,1.78622,1,0,500,285
0.911999,82,661,0,29.7309,-0.425552,23.4452,0,0,272,599
0.911999,83,625,1,30.2381,0.299085,23.6169,0,0,255,572
0.911999,84,784,0,29.6755,-0.927311,22.9732,0,0,335,630
0.911999,85,1423,0,30.2454,0.300975,23.1381,0,0,682,599
0.911999,86,1261,1,30.2345,0.291173,23.1335,0,0,587,22
0.911999,87,365,0,30.2405,0.294854,23.1362,0,0,151,369
0.911999,88,790,0,30.2445,0.299827,23.1377,0,0,337,155
0.911999,89,37,1,23.5491,-6.36427,6.34811,1,0,426,148
0.911999,90,1039,1,28.9395,-4.99849,6.79219,1,0,290,515
0.911999,91,1052,1,26.6253,-10,9.55462,1,0,364,3
0.911999,92,596,0,30.1845,0.301238,22.6261,0,0,244,192
0.911999,93,647,1,30.2272,0.284525,22.649,0,0,265,64
0.911999,94,537,0,30.1779,0.0968717,22.6385,0,0,220,299
0.911999,95,1274,0,30.0013,-0.0151972,22.562,0,0,595,391
0.911999,96,830,0,30.2392,0.299977,22.6536,0,0,354,18
0.911999,97,330,1,23.4605,-6.23961,7.4756,1,0,136,631
0.911999,98,1246,0,30.2406,0.301755,22.6542,0,0,579,591
0.911999,99,579,0,30.2361,0.302893,22.1704,0,0,238,3
0.911999,100,975,0,29.7129,-0.908008,22.0644,0,0,422,683
0.911999,101,1170,1,30.2343,0.300546,22.1697,0,0,541,142
0.911999,102,1385,0,30.2113,0.270315,22.161,0,0,660,365
0.911999,103,1268,0,30.2355,0.302122,22.1702,0,0,593,101
0.911999,104,547,1,29.9743,-0.44505,22.1053,0,0,224,296
0.911999,105,1045,1,26.7726,-10,8.19902,1,0,464,296
0.911999,106,1006,0,30.2263,0.297027,21.6848,0,0,438,233
0.911999,107,1240,0,29.6812,-1.30882,21.5337,0,0,576,300
0.911999,108,1209,0,25.446,-10,20.0864,0,0,563,569
0.911999,109,605,0,30.2272,0.298249,21.6851,0,0,247,7
0.911999,110,1338,1,25.0847,-10,5.14475,1,0,19,99
0.911999,111,721,0,25.6236,-6.51656,19.8014,0,0,303,483
0.911999,112,933,0,30.2144,0.288006,21.1986,0,0,399,622
0.911999,113,1052,0,30.2265,0.304599,21.203,0,0,467,3
0.911999,114,392,0,30.1261,0.0215342,20.6945,0,0,162,611
0.911999,115,1323,1,30.2194,0.302251,20.7186,0,0,626,118
0.911999,116,220,0,30.2108,0.290162,20.7155,0,0,92,16
0.911999,117,1401,0,30.2067,0.237094,20.7175,0,0,670,229
0.911999,118,276,0,30.2229,0.307233,20.7198,0,0,115,677
0.911999,119,1031,1,30.2165,0.305795,20.2357,0,0,454,599
0.911999,120,328,0,30.212,0.299402,20.2342,0,0,134,615
0.911999,121,584,0,30.0742,0.108002,20.1858,0,0,240,636
0.911999,122,1366,0,30.1911,0.269075,20.2269,0,0,651,556
0.911999,123,268,0,29.9244,-0.422549,19.6796,0,0,111,64
0.911999,124,226,0,30.2081,0.301505,19.7511,0,0,95,626
0.911999,125,1267,0,28.5556,-10,19.6044,0,0,592,202
0.911999,126,1104,2,30.2064,0.298985,19.7505,0,0,501,447
0.911999,127,1409,0,26.2416,-10,11.1702,1,0,673,668
0.911999,128,66,0,29.9216,-0.121439,19.1788,0,0,34,204
0.911999,129,1100,1,30.077,0.294602,19.1885,0,0,499,99
0.911999,130,320,0,30.1854,0.282603,18.7803,0,0,132,630
0.911999,131,445,1,30.1882,0.290434,18.7815,0,0,186,125
0.911999,132,949,0,30.1554,0.211542,18.7723,0,0,406,204
0.911999,133,454,0,30.1974,0.301337,18.7842,0,0,189,263
0.911999,134,766,0,30.1158,0.178621,18.7575,0,0,327,99
0.911999,135,33,0,26.6588,-10,3.70578,1,0,554,226
0.911999,136,940,0,30.0667,-0.253708,18.2812,0,0,403,294
0.911999,137,682,0,30.1955,0.306819,18.3019,0,0,282,485
0.911999,138,60,0,30.1942,0.304778,18.3015,0,0,32,45
0.911999,139,469,0,29.976,-1.12559,18.2837,0,0,193,104
0.911999,140,73,0,30.1859,0.29987,17.8174,0,0,36,636
0.911999,141,535,0,30.1933,0.311925,17.8196,0,0,219,531
0.911999,142,530,0,26.1526,-0.775225,16.229,0,0,217,481
0.911999,143,11,1,30.192,0.309883,17.8193,0,0,8,19
0.911999,144,764,0,30.1882,0.303581,17.8181,0,0,325,307
0.911999,145,847,1,26.8677,-10,3.88806,1,0,227,341
0.911999,146,1299,0,30.0401,0.332571,17.7254,0,0,610,31
0.911999,147,129,0,29.0344,-10,3.44336,1,0,56,548
0.911999,148,531,0,26.4058,-0.681128,15.8671,0,0,218,476
0.911999,149,854,0,30.1475,0.218165,17.3275,0,0,366,395
0.911999,150,330,0,29.997,0.266588,17.234,0,0,135,101
0.911999,151,1337,0,30.0658,-0.015576,17.3049,0,0,637,97
0.911999,152,297,0,30.1785,0.296198,17.3336,0,0,123,471
0.911999,153,1294,0,30.1581,0.271924,16.8462,0,0,607,22
0.911999,154,566,0,30.0312,0.337299,16.7647,0,0,232,566
0.911999,155,1167,0,30.1816,0.310585,16.853,0,0,539,479
0.911999,156,1282,0,30.1833,0.313501,16.8535,0,0,600,338
0.911999,157,362,0,30.1698,0.26538,16.8507,0,0,149,83
0.911999,158,775,0,28.4876,-2.53048,16.3548,0,0,331,133
0.911999,159,749,0,26.2796,-0.673277,15.4086,0,0,318,299
0.911999,160,831,0,29.8084,-0.28042,16.2625,0,0,355,246
0.911999,161,1319,0,30.1638,0.288317,16.3665,0,0,624,506
0.911999,162,802,0,30.163,0.287008,16.3663,0,0,342,306
0.911999,163,931,0,30.1739,0.306525,16.3694,0,0,398,48
0.911999,164,17,0,30.1739,0.306608,16.3694,0,0,12,15
0.911999,165,480,0,30.1636,0.288074,16.3665,0,0,196,79
0.911999,166,33,0,30.0258,0.338136,16.2842,0,0,18,486
0.911999,167,271,0,26.4798,-1.10785,15.041,0,0,113,156
0.911999,168,77,0,29.3985,-1.92076,15.7212,0,0,38,479
0.911999,169,236,0,30.1704,0.309944,15.887,0,0,99,374
0.911999,170,779,0,29.1798,-10,15.8313,0,0,333,105
0.911999,171,185,1,30.1657,0.305394,15.8851,0,0,79,516
0.911999,172,847,0,29.939,-0.207009,15.8316,0,0,363,477
0.911999,173,1138,1,28.2098,-3.46312,14.8701,0,0,521,673
0.911999,174,1432,0,29.7438,-0.402893,15.2933,0,0,689,297
0.911999,175,126,1,28.5235,-10,4.65258,1,0,514,330
0.911999,176,83,0,26.4012,-1.24769,13.7385,0,0,40,381
0.911999,177,335,0,29.9877,0.273107,14.8385,0,0,137,385
0.911999,178,786,0,26.6809,-1.31493,13.7962,0,0,336,338
0.911999,179,1192,1,30.1631,0.316673,14.9223,0,0,555,549
0.911999,180,1238,0,29.2866,-1.47739,14.7066,0,0,575,532
0.911999,181,1392,0,30.1505,0.229982,14.4383,0,0,665,462
0.911999,182,1032,0,30.1569,0.315159,14.4394,0,0,455,298
0.911999,183,648,0,30.1566,0.314513,14.4393,0,0,266,508
0.911999,184,394,0,25.2,-10,13.2096,0,0,163,477
0.911999,185,1045,0,29.9285,-0.11636,14.3834,0,0,463,390
0.911999,186,37,0,29.9655,0.24039,14.3537,0,0,20,156
0.911999,187,1187,0,27.9671,-0.92542,0.302791,1,0,553,530
0.911999,188,387,0,26.267,-3.39401,13.3151,0,0,161,672
0.911999,189,286,0,30.1567,0.314687,14.4393,0,0,119,301
0.911999,190,563,0,26.4304,-2.22714,13.3289,0,0,231,340
0.911999,191,428,0,26.4203,-1.38702,13.3157,0,0,178,100
0.911999,192,990,0,26.147,-3.09805,12.8635,0,0,429,298
0.911999,193,81,0,26.0094,-3.39082,12.8477,0,0,39,340
0.911999,194,1011,1,29.9581,0.235921,13.8741,0,0,440,482
0.911999,195,760,0,30.1479,0.307506,13.9559,0,0,323,598
0.911999,196,699,0,30.1246,0.268025,13.4692,0,0,292,635
0.911999,197,843,0,25.52,-10,1.88264,1,0,223,392
0.911999,198,1338,0,27.9707,-10,12.9,0,0,638,623
0.911999,199,1242,0,26.2761,-4.43009,12.4646,0,0,577,338
0.911999,200,1422,0,26.8203,-1.78136,12.5273,0,0,681,97
0.911999,201,1154,1,27.3945,-10,12.73,0,0,533,678
0.911999,202,784,0,26.1563,-3.55534,12.0164,0,0,335,481
0.911999,203,848,0,27.8989,-1.96121,12.3594,0,0,364,340
0.911999,204,751,0,26.9412,-2.33586,12.1205,0,0,319,384
0.911999,205,960,0,29.9021,-0.420434,12.9462,0,0,414,631
0.911999,206,1424,0,26.6891,-10,12.206,0,0,683,485
0.911999,207,157,0,30.1343,0.312864,12.5093,0,0,68,280
0.911999,208,257,0,27.2171,-2.07976,11.729,0,0,107,14
0.911999,209,254,0,30.1349,0.314248,12.5094,0,0,106,142
0.911999,210,1006,0,27.5485,-10,1.0781,1,0,437,640
0.911999,211,957,0,30.1313,0.31838,12.0276,0,0,411,573
0.911999,212,772,0,30.1021,0.247657,12.0214,0,0,330,439
0.911999,213,1123,1,30.1202,0.309015,12.0245,0,0,511,76
0.911999,214,1269,0,26.7757,-2.93015,11.2231,0,0,594,567
0.911999,215,14,0,29.4692,-10,2.37377,1,0,622,517
0.911999,216,672,0,30.124,0.300557,12.0261,0,0,277,652
0.911999,217,861,0,30.1197,0.289869,12.0251,0,0,369,644
0.911999,218,44,0,30.1274,0.322286,11.5457,0,0,25,595
0.911999,219,1233,0,27.4165,-2.38424,10.8811,0,0,574,378
0.911999,220,75,0,27.2936,-2.58167,10.8607,0,0,37,568
0.911999,221,547,0,29.9024,0.159301,11.4708,0,0,224,478
0.911999,222,1140,0,26.16,-10,10.752,0,0,522,339
0.911999,223,269,0,27.2854,-2.44733,10.8574,0,0,112,677
0.911999,224,880,0,30.045,0.121825,11.0486,0,0,376,346
0.911999,225,890,0,29.9908,-0.0296211,11.0383,0,0,382,378
0.911999,226,542,0,30.0476,0.125922,11.0492,0,0,222,676
0.911999,227,971,0,30.1206,0.318744,11.0634,0,0,420,220
0.911999,228,561,0,26.7079,-4.85768,10.3538,0,0,229,481
0.911999,229,719,0,30.0506,0.239023,11.051,0,0,302,547
0.911999,230,1285,0,29.9643,0.344069,11.0042,0,0,602,381
0.911999,231,1046,0,27.5099,-3.40912,10.0303,0,0,464,100
0.911999,232,695,0,29.9515,0.323485,10.5235,0,0,290,358
0.911999,233,183,0,30.1158,0.32036,10.5815,0,0,78,628
0.911999,234,386,0,26.9633,-4.00153,9.93896,0,0,160,382
0.911999,235,241,0,30.116,0.320912,10.5815,0,0,101,161
0.911999,236,537,0,26.9493,-3.68058,9.93631,0,0,220,571
0.911999,237,159,0,30.0884,0.224273,10.5765,0,0,69,330
0.911999,238,993,0,28.0307,-2.81676,9.65628,0,0,430,547
0.911999,239,1034,0,30.0305,0.0853333,10.0855,0,0,457,398
0.911999,240,1371,0,30.1051,0.304801,10.0987,0,0,652,96
0.911999,241,457,0,30.1099,0.31884,10.0995,0,0,190,661
0.911999,242,1201,0,28.195,-6.04915,9.77151,0,0,560,185
0.911999,243,1240,0,26.8815,-7.11602,9.06437,0,0,576,631
0.911999,244,647,0,29.9181,0.250216,9.56141,0,0,265,136
0.911999,245,1002,0,30.1028,0.313591,9.61741,0,0,435,513
0.911999,246,1228,0,30.0566,0.134973,9.61042,0,0,572,391
0.911999,247,550,0,27.0022,-6.0617,9.07013,0,0,226,385
0.911999,248,683,0,27.0493,-8.77094,9.09464,0,0,283,530
0.911999,249,34,0,27.1383,-7.61173,8.64186,0,0,19,678
0.911999,250,398,0,29.9523,-0.225448,9.11566,0,0,165,53
0.911999,251,1050,0,27.9966,-3.12348,8.73302,0,0,466,379
0.911999,252,1183,0,30.0976,0.313783,9.13573,0,0,550,163
0.911999,253,1333,0,30.0994,0.319601,9.13602,0,0,634,9
0.911999,254,980,0,30.0949,0.305031,9.1353,0,0,425,115
0.911999,255,42,0,30.066,0.223141,8.65011,0,0,23,402
0.911999,256,346,0,30.0924,0.314101,8.65415,0,0,142,457
0.911999,257,1088,0,30.0927,0.315121,8.6542,0,0,490,233
0.911999,258,1003,0,30.0944,0.320693,8.65444,0,0,436,541
0.911999,259,1227,0,27.12,-10,8.20224,0,0,571,672
0.911999,260,549,0,29.9371,0.349889,8.60799,0,0,225,390
0.911999,261,1031,0,29.9314,0.350478,8.12899,0,0,454,679
0.911999,262,986,0,27.9424,-3.95166,7.81634,0,0,427,383
0.911999,263,988,0,27.8092,-4.34305,7.80178,0,0,428,672
0.911999,264,1230,0,29.7894,-1.17475,8.13485,0,0,573,569
0.911999,265,11,0,29.9286,0.339531,8.1286,0,0,8,57
0.911999,266,920,0,30.0691,0.265042,7.68946,0,0,394,518
0.911999,267,1249,0,30.0734,0.281171,7.69005,0,0,581,432
0.911999,268,535,0,27.44,-10,7.33184,0,0,219,531
0.911999,269,403,0,30.0846,0.324169,7.69157,0,0,166,113
0.911999,270,736,0,30.0849,0.32534,7.69161,0,0,310,508
0.911999,271,538,0,27.7071,-7.33323,6.8962,0,0,221,382
0.911999,272,1246,0,27.8512,-5.41504,6.90291,0,0,579,495
0.911999,273,1172,0,29.4145,-3.11362,6.65113,0,0,542,375
0.911999,274,33,1,29.4801,0.420533,6.61679,0,0,18,461
0.911999,275,1103,0,30.0706,0.309902,6.72852,0,0,500,334
0.911999,276,268,0,27.76,-10,6.4512,0,0,111,687
0.911999,277,84,0,30.0697,0.306172,6.72842,0,0,41,208
0.911999,278,1353,0,30.074,0.32486,6.72892,0,0,646,231
0.911999,279,1038,0,30.0602,0.284701,6.24678,0,0,459,64
0.911999,280,530,0,27.92,-10,6.00704,0,0,217,562
0.911999,281,344,0,30.0689,0.326096,6.24775,0,0,140,295
0.911999,282,711,0,30.0638,0.302004,6.24718,0,0,297,603
0.911999,283,779,0,27.92,-10,6.00704,0,0,333,687
0.911999,284,331,0,28.7095,-4.12476,6.07631,0,0,136,332
0.911999,285,832,0,30.0462,0.237431,5.76482,0,0,356,293
0.911999,286,31,0,30.0379,0.193719,5.76397,0,0,17,55
0.911999,287,1170,0,29.9031,0.35392,5.73536,0,0,541,617
0.911999,288,1317,0,29.9903,-0.0439742,5.75895,0,0,623,400
0.911999,289,981,0,28.6872,-4.56214,5.6056,0,0,426,461
0.911999,290,1086,0,29.69,-1.19124,5.72814,0,0,489,560
0.911999,291,726,0,29.9372,0.0229835,5.75078,0,0,305,312
0.911999,292,38,0,30.058,0.325627,5.28559,0,0,21,90
0.911999,293,1303,0,30.0404,0.0822328,5.28428,0,0,614,352
0.911999,294,1335,0,30.0567,0.317843,5.28546,0,0,635,51
0.911999,295,1238,0,28.24,-10,5.11104,0,0,575,392
0.911999,296,347,0,30.0456,0.281793,4.80403,0,0,143,126
0.911999,297,813,0,30.0512,0.316292,4.80452,0,0,346,87
0.911999,298,1067,0,29.1823,0.422138,4.70903,0,0,477,500
0.911999,299,1079,1,29.9581,0.309507,4.7897,0,0,484,644
0.911999,300,1142,0,30.0536,0.331243,4.80473,0,0,523,341
0.911999,301,704,0,30.048,0.330189,4.32386,0,0,294,445
0.911999,302,1211,0,30.0484,0.332491,4.32388,0,0,564,186
0.911999,303,475,0,30.0417,0.286527,4.32335,0,0,195,513
0.911999,304,601,0,30.0447,0.307136,4.32359,0,0,246,646
0.911999,305,469,0,28.72,-10,3.74784,0,0,193,71
0.911999,306,428,0,28.72,-10,3.74784,0,0,178,264
0.911999,307,686,0,30.0389,0.30135,3.84281,0,0,285,54
0.911999,308,1422,0,28.88,-10,3.28832,0,0,681,476
0.911999,309,77,0,28.88,-10,3.28832,0,0,38,678
0.911999,310,15,1,30.0302,0.334655,3.36157,0,0,10,569
0.911999,311,83,0,28.88,-10,3.28832,0,0,40,100
0.911999,312,1259,0,30.0301,0.266898,3.36193,0,0,586,14
0.911999,313,586,0,30.0264,0.233617,3.36169,0,0,240,412
0.911999,314,848,0,29.04,-10,2.82624,0,0,364,273
0.911999,315,778,0,30.0322,0.333572,2.88181,0,0,332,141
0.911999,316,363,2,29.8258,0.364952,2.86257,0,0,150,626
0.911999,317,579,0,29.0792,-8.33802,2.82707,0,0,238,402
0.911999,318,271,0,29.04,-10,2.82624,0,0,113,531
0.911999,319,706,0,30.0274,0.283859,2.88154,0,0,295,410
0.911999,320,728,0,30.0269,0.334253,2.40129,0,0,306,58
0.911999,321,744,0,30.0264,0.328212,2.40127,0,0,316,137
0.911999,322,39,0,30.0269,0.334508,2.40129,0,0,22,235
0.911999,323,140,0,29.5066,-5.41827,2.37531,0,0,63,103
0.911999,324,1323,0,29.8594,0.301371,2.38798,0,0,626,683
0.911999,325,1162,0,30.0212,0.329253,1.92085,0,0,536,212
0.911999,326,531,0,29.36,-10,1.8944,0,0,218,339
0.911999,327,99,0,30.0155,0.323057,1.4405,0,0,47,359
0.911999,328,1337,0,29.52,-10,1.42464,0,0,637,392
0.911999,329,822,0,30.0156,0.324494,1.4405,0,0,351,290
0.911999,330,790,0,29.5682,-8.22018,1.42578,0,0,337,549
0.911999,331,1151,0,30.0162,0.335949,1.44052,0,0,529,63
0.911999,332,766,0,29.68,-10,0.95232,0,0,327,280
0.911999,333,157,0,29.68,-10,0.95232,0,0,68,257
0.911999,334,544,0,29.68,-10,0.95232,0,0,223,566
0.911999,335,842,0,30.0057,0.178119,0.960137,0,0,361,130
0.911999,336,1165,0,30.0032,0.0970523,0.960078,0,0,538,262
0.911999,337,882,0,30.0104,0.325764,0.960251,0,0,378,89
0.911999,338,682,0,29.68,-10,0.95232,0,0,282,558
0.911999,339,1192,0,29.84,-10,0.47744,0,0,555,611
0.911999,340,977,0,30.003,0.190182,0.480049,0,0,424,285
0.911999,341,1209,0,29.84,-10,0.47744,0,0,563,162
0.911999,342,940,0,29.84,-10,0.47744,0,0,403,636
0.911999,343,721,0,29.84,-10,0.47744,0,0,303,568
0.927999,0,566,1,30.2999,0.295002,28.4675,0,0,232,680
0.927999,1,271,0,30.1633,0.0774923,28.4203,0,0,113,488
0.927999,2,1254,0,28.6165,-5.26187,6.5071,1,0,585,597
0.927999,3,387,0,29.0973,-2.73539,28.1002,0,0,161,155
0.927999,4,1050,0,30.2861,0.28108,28.4607,0,0,466,408
0.927999,5,1070,1,29.6333,-10,2.35113,1,0,477,106
0.927999,6,33,2,30.2848,0.297416,28.4634,0,0,18,485
0.927999,7,847,1,29.9461,-0.684972,28.363,0,0,363,676
0.927999,8,531,0,30.2999,0.295002,28.4675,0,0,218,532
0.927999,9,843,0,29.0067,-1.12833,27.9189,0,0,362,483
0.927999,10,335,2,30.2756,0.294365,28.4567,0,0,137,680
0.927999,11,1233,0,30.2952,0.295754,27.9827,0,0,574,478
0.927999,12,1432,2,30.2688,0.29996,27.9619,0,0,689,578
0.927999,13,17,1,29.3131,-10,2.49587,1,0,2,35
0.927999,14,751,0,29.9795,-0.496738,27.8606,0,0,319,390
0.927999,15,1299,1,30.2931,0.293668,27.9817,0,0,610,578
0.927999,16,56,0,30.2667,0.266357,27.969,0,0,30,542
0.927999,17,257,0,30.2952,0.295754,27.9827,0,0,107,80
0.927999,18,530,0,30.0999,-0.183528,27.9244,0,0,217,532
0.927999,19,682,2,27.8744,-4.0861,12.6895,1,0,533,297
0.927999,20,1242,0,28.7967,-4.0892,27.5659,0,0,577,102
0.927999,21,1167,0,24.3558,-10,11.3602,1,0,522,680
0.927999,22,1187,0,30.2905,0.296509,27.4979,0,0,552,296
0.927999,23,75,0,30.1764,0.0181435,27.4611,0,0,37,679
0.927999,24,140,0,30.2866,0.292455,27.4961,0,0,63,377
0.927999,25,786,0,30.2884,0.294388,27.497,0,0,336,101
0.927999,26,571,0,30.2879,0.293869,27.4967,0,0,234,476
0.927999,27,330,1,30.2521,0.302614,27.4744,0,0,135,339
0.927999,28,449,0,30.2246,0.304136,27.4707,0,0,187,566
0.927999,29,1,0,30.1267,0.122703,27.4211,0,0,1,6
0.927999,30,843,0,22.5878,-5.16894,13.0643,1,0,223,565
0.927999,31,1325,0,27.5996,-10,7.63825,1,0,28,279
0.927999,32,749,0,30.2826,0.293954,27.0118,0,0,318,22
0.927999,33,269,0,30.284,0.295396,27.0125,0,0,112,675
0.927999,34,810,0,30.1518,0.152683,26.9515,0,0,345,46
0.927999,35,1138,1,25.8906,-10,11.1264,1,0,283,122
0.927999,36,1191,1,24.535,-7.92248,10.1354,1,0,638,391
0.927999,37,1124,0,30.0045,-0.516012,26.9617,0,0,511,518
0.927999,38,563,0,29.7984,-0.877882,26.8487,0,0,231,297
0.927999,39,561,0,29.0788,-0.656112,26.4709,0,0,229,571
0.927999,40,1422,0,30.2794,0.29634,26.528,0,0,681,675
0.927999,41,901,0,30.2694,0.285419,26.5235,0,0,386,126
0.927999,42,566,1,23.0027,-5.64434,8.5536,1,0,430,675
0.927999,43,976,0,30.23,0.174185,26.5167,0,0,423,237
0.927999,44,1246,0,24.6446,-10,4.07797,1,0,685,230
0.927999,45,986,0,30.1653,-0.0121271,26.4934,0,0,427,384
0.927999,46,1037,0,30.2267,0.238634,26.5041,0,0,458,667
0.927999,47,898,0,30.2326,0.245074,26.5068,0,0,385,549
0.927999,48,1343,0,30.1537,-0.969453,26.5005,0,0,643,88
0.927999,49,708,0,29.9299,-0.0895322,26.3699,0,0,296,676
0.927999,50,1285,1,30.2772,0.29399,26.527,0,0,602,558
0.927999,51,311,0,30.2606,0.281526,26.0373,0,0,128,372
0.927999,52,637,0,30.264,0.285291,26.0388,0,0,262,206
0.927999,53,988,0,30.0184,-0.0369928,25.9485,0,0,428,630
0.927999,54,1030,0,30.2734,0.295664,26.043,0,0,453,646
0.927999,55,538,0,29.0335,-4.07337,25.63,0,0,221,486
0.927999,56,1164,0,30.2464,0.26567,26.0309,0,0,537,300
0.927999,57,838,0,30.1642,0.12314,26.0091,0,0,359,565
0.927999,58,654,1,30.2697,0.295269,26.0418,0,0,269,106
0.927999,59,43,0,30.2031,0.216964,25.5301,0,0,24,559
0.927999,60,550,0,29.1675,-1.21586,25.177,0,0,226,578
0.927999,61,542,1,30.1708,0.0891118,25.5328,0,0,222,547
0.927999,62,83,0,30.2554,0.199618,25.5581,0,0,40,530
0.927999,63,990,0,29.4996,-1.63495,25.3076,0,0,429,486
0.927999,64,1284,0,30.2274,0.144274,25.5432,0,0,601,482
0.927999,65,1154,0,24.8347,-2.08513,2.97187,1,0,521,611
0.927999,66,945,0,30.2175,0.238158,25.5362,0,0,405,152
0.927999,67,660,0,30.2688,0.296582,25.5587,0,0,271,600
0.927999,68,177,0,30.2556,0.281671,25.5529,0,0,76,117
0.927999,69,428,0,30.2592,0.291762,25.0723,0,0,178,576
0.927999,70,1187,1,24.0022,-6.96302,9.04412,1,0,553,488
0.927999,71,1011,2,30.226,0.302223,25.0554,0,0,440,382
0.927999,72,397,0,30.0182,-0.437878,25.0324,0,0,164,577
0.927999,73,37,1,30.2632,0.190647,25.0746,0,0,20,488
0.927999,74,562,0,28.6218,-3.57607,24.5688,0,0,230,673
0.927999,75,1269,0,30.0037,-0.30971,24.9931,0,0,594,482
0.927999,76,394,0,27.914,-2.69999,24.1141,0,0,163,31
0.927999,77,386,0,29.8727,-0.188202,24.4451,0,0,160,483
0.927999,78,1352,0,30.1313,-1.4916,24.5727,0,0,645,41
0.927999,79,81,0,29.4625,-2.26466,24.3949,0,0,39,383
0.927999,80,549,1,30.2618,0.301067,24.5912,0,0,225,548
0.927999,81,1104,0,26.7574,-3.23736,2.21434,1,0,500,285
0.927999,82,661,0,29.7241,-0.422358,23.9208,0,0,272,599
0.927999,83,625,1,30.2429,0.298324,24.1008,0,0,255,572
0.927999,84,784,0,29.6607,-0.927485,23.4477,0,0,335,630
0.927999,85,1423,0,30.2502,0.300211,23.6221,0,0,682,599
0.927999,86,1261,1,30.2391,0.290425,23.6173,0,0,587,22
0.927999,87,365,0,30.2452,0.2941,23.6201,0,0,151,369
0.927999,88,790,0,30.2493,0.299065,23.6217,0,0,337,155
0.927999,89,37,1,23.4494,-6.22975,6.7233,1,0,426,148
0.927999,90,1039,1,28.8606,-4.92716,7.25396,1,0,290,515
0.927999,91,1052,1,26.4653,-10,9.97806,1,0,364,3
0.927999,92,596,0,30.1893,0.30047,23.1092,0,0,244,192
0.927999,93,647,1,30.2317,0.283786,23.1327,0,0,265,64
0.927999,94,537,0,30.1792,0.0867605,23.1214,0,0,220,299
0.927999,95,1274,0,30.0009,-0.0232273,23.042,0,0,595,391
0.927999,96,830,0,30.244,0.299215,23.1375,0,0,354,18
0.927999,97,330,1,23.3627,-6.10933,7.8494,1,0,136,631
0.927999,98,1246,0,30.2454,0.300989,23.1381,0,0,579,591
0.927999,99,579,0,30.2409,0.302125,22.6543,0,0,238,3
0.927999,100,975,0,29.6986,-0.892553,22.5395,0,0,422,683
0.927999,101,1170,1,30.2391,0.299783,22.6536,0,0,541,142
0.927999,102,1385,0,30.2156,0.269595,22.6445,0,0,660,365
0.927999,103,1268,0,30.2403,0.301355,22.6541,0,0,593,101
0.927999,104,547,1,29.9667,-0.476189,22.5848,0,0,224,296
0.927999,105,1045,1,26.6126,-10,8.62482,1,0,464,296
0.927999,106,1006,0,30.231,0.296269,22.1685,0,0,438,233
0.927999,107,1240,0,29.6591,-1.38417,22.0082,0,0,576,300
0.927999,108,1209,0,25.286,-10,20.491,0,0,563,569
0.927999,109,605,0,30.2319,0.297489,22.1689,0,0,247,7
0.927999,110,1338,1,24.9247,-10,5.54355,1,0,19,99
0.927999,111,721,0,25.5176,-6.62288,20.2097,0,0,303,483
0.927999,112,933,0,30.219,0.287261,21.6821,0,0,399,622
0.927999,113,1052,0,30.2313,0.303828,21.6867,0,0,467,3
0.927999,114,392,0,30.1263,0.0109852,21.1766,0,0,162,611
0.927999,115,1323,1,30.2242,0.301483,21.2022,0,0,626,118
0.927999,116,220,0,30.2154,0.289413,21.199,0,0,92,16
0.927999,117,1401,0,30.2104,0.236508,21.2009,0,0,670,229
0.927999,118,276,0,30.2278,0.306457,21.2035,0,0,115,677
0.927999,119,1031,1,30.2214,0.305021,20.7193,0,0,454,599
0.927999,120,328,0,30.2168,0.298638,20.7177,0,0,134,615
0.927999,121,584,0,30.0759,0.108024,20.667,0,0,240,636
0.927999,122,1366,0,30.1954,0.268354,20.71,0,0,651,556
0.927999,123,268,0,29.9176,-0.427402,20.1582,0,0,111,64
0.927999,124,226,0,30.213,0.300738,20.2345,0,0,95,626
0.927999,125,1267,0,28.3956,-10,20.0588,0,0,592,202
0.927999,126,1104,2,30.2112,0.298222,20.2339,0,0,501,447
0.927999,127,1409,0,26.0816,-10,11.5875,1,0,673,668
0.927999,128,66,0,29.9197,-0.119593,19.6575,0,0,34,204
0.927999,129,1100,1,30.0817,0.293832,19.6698,0,0,499,99
0.927999,130,320,0,30.1899,0.281862,19.2633,0,0,132,630
0.927999,131,445,1,30.1929,0.289683,19.2646,0,0,186,125
0.927999,132,949,0,30.1588,0.211067,19.2548,0,0,406,204
0.927999,133,454,0,30.2022,0.300569,19.2674,0,0,189,263
0.927999,134,766,0,30.1187,0.178258,19.2394,0,0,327,99
0.927999,135,33,0,26.4988,-10,4.12976,1,0,554,226
0.927999,136,940,0,30.0626,-0.251606,18.7622,0,0,403,294
0.927999,137,682,0,30.2004,0.306042,18.7851,0,0,282,485
0.927999,138,60,0,30.1991,0.304004,18.7847,0,0,32,45
0.927999,139,469,0,29.9583,-1.10687,18.763,0,0,193,104
0.927999,140,73,0,30.1907,0.299104,18.3004,0,0,36,636
0.927999,141,535,0,30.1982,0.311139,18.3028,0,0,219,531
0.927999,142,530,0,26.1414,-0.704914,16.6473,0,0,217,481
0.927999,143,11,1,30.197,0.309101,18.3024,0,0,8,19
0.927999,144,764,0,30.193,0.302809,18.3012,0,0,325,307
0.927999,145,847,1,26.7077,-10,4.31539,1,0,227,341
0.927999,146,1299,0,30.0454,0.331743,18.2061,0,0,610,31
0.927999,147,129,0,28.8744,-10,3.90535,1,0,56,548
0.927999,148,531,0,26.3962,-0.601963,16.2894,0,0,218,476
0.927999,149,854,0,30.151,0.217615,17.8099,0,0,366,395
0.927999,150,330,0,30.0012,0.265912,17.714,0,0,135,101
0.927999,151,1337,0,30.0652,-0.0391866,17.786,0,0,637,97
0.927999,152,297,0,30.1832,0.295437,17.8165,0,0,123,471
0.927999,153,1294,0,30.1624,0.271195,17.3288,0,0,607,22
0.927999,154,566,0,30.0366,0.336463,17.2452,0,0,232,566
0.927999,155,1167,0,30.1865,0.309802,17.336,0,0,539,479
0.927999,156,1282,0,30.1883,0.312712,17.3365,0,0,600,338
0.927999,157,362,0,30.174,0.26471,17.3335,0,0,149,83
0.927999,158,775,0,28.4473,-2.52166,16.8099,0,0,331,133
0.927999,159,749,0,26.2703,-0.58262,15.8289,0,0,318,299
0.927999,160,831,0,29.8039,-0.276597,16.7393,0,0,355,246
0.927999,161,1319,0,30.1684,0.287565,16.8492,0,0,624,506
0.927999,162,802,0,30.1676,0.286258,16.849,0,0,342,306
0.927999,163,931,0,30.1788,0.305748,16.8522,0,0,398,48
0.927999,164,17,0,30.1788,0.305831,16.8522,0,0,12,15
0.927999,165,480,0,30.1682,0.287323,16.8492,0,0,196,79
0.927999,166,33,0,30.0312,0.337299,16.7647,0,0,18,486
0.927999,167,271,0,26.4636,-1.01112,15.4645,0,0,113,156
0.927999,168,77,0,29.3676,-1.92923,16.1911,0,0,38,479
0.927999,169,236,0,30.1754,0.30916,16.3698,0,0,99,374
0.927999,170,779,0,29.0198,-10,16.2956,0,0,333,105
0.927999,171,185,1,30.1705,0.304618,16.3678,0,0,79,516
0.927999,172,847,0,29.9352,-0.239107,16.3106,0,0,363,477
0.927999,173,1138,1,28.0498,-10,15.3189,0,0,521,673
0.927999,174,1432,0,29.7374,-0.397301,15.7691,0,0,689,297
0.927999,175,126,1,28.3635,-10,5.10639,1,0,514,330
0.927999,176,83,0,26.3835,-1.10385,14.1607,0,0,40,381
0.927999,177,335,0,29.992,0.267524,15.3183,0,0,137,385
0.927999,178,786,0,26.6618,-1.19119,14.2228,0,0,336,338
0.927999,179,1192,1,30.1682,0.315878,15.405,0,0,555,549
0.927999,180,1238,0,29.2631,-1.46694,15.1748,0,0,575,532
0.927999,181,1392,0,30.1542,0.229305,14.9208,0,0,665,462
0.927999,182,1032,0,30.1619,0.314366,14.922,0,0,455,298
0.927999,183,648,0,30.1616,0.313722,14.9219,0,0,266,508
0.927999,184,394,0,25.04,-10,13.6102,0,0,163,477
0.927999,185,1045,0,29.9267,-0.11477,14.8622,0,0,463,390
0.927999,186,37,0,29.9692,0.232127,14.8332,0,0,20,156
0.927999,187,1187,0,27.8071,-10,0.747704,1,0,553,530
0.927999,188,387,0,26.2145,-3.28164,13.7345,0,0,161,672
0.927999,189,286,0,30.1617,0.313895,14.9219,0,0,119,301
0.927999,190,563,0,26.397,-2.08378,13.7512,0,0,231,340
0.927999,191,428,0,26.4008,-1.21896,13.7381,0,0,178,100
0.927999,192,990,0,26.1007,-2.89199,13.2811,0,0,429,298
0.927999,193,81,0,25.9586,-3.17264,13.263,0,0,39,340
0.927999,194,1011,1,29.9613,0.19633,14.3534,0,0,440,482
0.927999,195,760,0,30.1528,0.306725,14.4384,0,0,323,598
0.927999,196,699,0,30.1288,0.267297,13.9513,0,0,292,635
0.927999,197,843,0,25.36,-10,2.2884,1,0,223,392
0.927999,198,1338,0,27.8107,-10,13.3449,0,0,638,623
0.927999,199,1242,0,26.207,-4.318,12.8839,0,0,577,338
0.927999,200,1422,0,26.7945,-1.61664,12.956,0,0,681,97
0.927999,201,1154,2,27.4056,0.69094,13.1685,0,0,533,678
0.927999,202,784,0,26.1055,-3.17501,12.4341,0,0,335,481
0.927999,203,848,0,27.869,-1.86439,12.8053,0,0,364,340
0.927999,204,751,0,26.9062,-2.19029,12.551,0,0,319,384
0.927999,205,960,0,29.8953,-0.426006,13.4245,0,0,414,631
0.927999,206,1424,0,26.5291,-10,12.6304,0,0,683,485
0.927999,207,157,0,30.1393,0.312074,12.9916,0,0,68,280
0.927999,208,257,0,27.1863,-1.92257,12.164,0,0,107,14
0.927999,209,254,0,30.1399,0.313456,12.9917,0,0,106,142
0.927999,210,1006,0,27.3885,-10,1.51631,1,0,437,640
0.927999,211,957,0,30.1363,0.317581,12.5098,0,0,411,573
0.927999,212,772,0,30.106,0.247042,12.5031,0,0,330,439
0.927999,213,1123,1,30.1251,0.30823,12.5065,0,0,511,76
0.927999,214,1269,0,26.7329,-2.67407,11.6508,0,0,594,567
0.927999,215,14,0,29.3092,-10,2.84272,1,0,622,517
0.927999,216,672,0,30.1288,0.299785,12.5081,0,0,277,652
0.927999,217,861,0,30.1243,0.289111,12.5071,0,0,369,644
0.927999,218,44,0,30.1325,0.321479,12.0278,0,0,25,595
0.927999,219,1233,0,27.3811,-2.21237,11.3192,0,0,574,378
0.927999,220,75,0,27.2552,-2.39907,11.2967,0,0,37,568
0.927999,221,547,0,29.9049,0.158384,11.9493,0,0,224,478
0.927999,222,1140,0,26,-10,11.168,0,0,522,339
0.927999,223,269,0,27.2493,-2.25538,11.2934,0,0,112,677
0.927999,224,880,0,30.0469,0.121786,11.5294,0,0,376,346
0.927999,225,890,0,29.9903,-0.0300399,11.5182,0,0,382,378
0.927999,226,542,0,30.0496,0.125621,11.53,0,0,222,676
0.927999,227,971,0,30.1257,0.317943,11.5454,0,0,420,220
0.927999,228,561,0,26.6362,-4.47692,10.78,0,0,229,481
0.927999,229,719,0,30.0543,0.231728,11.5319,0,0,302,547
0.927999,230,1285,0,29.9698,0.343219,11.4837,0,0,602,381
0.927999,231,1046,0,27.4589,-3.18485,10.4696,0,0,464,100
0.927999,232,695,0,29.9566,0.322663,11.0028,0,0,290,358
0.927999,233,183,0,30.1209,0.319556,11.0634,0,0,78,628
0.927999,234,386,0,26.9052,-3.62887,10.3694,0,0,160,382
0.927999,235,241,0,30.1211,0.320107,11.0635,0,0,101,161
0.927999,236,537,0,26.8969,-3.27067,10.3667,0,0,220,571
0.927999,237,159,0,30.0918,0.216695,11.058,0,0,69,330
0.927999,238,993,0,27.9881,-2.66497,10.1041,0,0,430,547
0.927999,239,1034,0,30.0319,0.0847942,10.566,0,0,457,398
0.927999,240,1371,0,30.1099,0.304021,10.5804,0,0,652,96
0.927999,241,457,0,30.115,0.318039,10.5813,0,0,190,661
0.927999,242,1201,0,28.095,-6.24803,10.221,0,0,560,185
0.927999,243,1240,0,26.7813,-6.26283,9.49287,0,0,576,631
0.927999,244,647,0,29.9221,0.249474,10.0402,0,0,265,136
0.927999,245,1002,0,30.1078,0.312797,10.0991,0,0,435,513
0.927999,246,1228,0,30.0587,0.132334,10.0914,0,0,572,391
0.927999,247,550,0,26.9132,-5.56528,9.50074,0,0,226,385
0.927999,248,683,0,26.9095,-8.74075,9.52519,0,0,283,530
0.927999,249,34,0,27.0155,-7.67727,9.07411,0,0,19,678
0.927999,250,398,0,29.9487,-0.222527,9.59484,0,0,165,53
0.927999,251,1050,0,27.9498,-2.92568,9.18022,0,0,466,379
0.927999,252,1183,0,30.1026,0.312988,9.61738,0,0,550,163
0.927999,253,1333,0,30.1045,0.318798,9.61769,0,0,634,9
0.927999,254,980,0,30.0998,0.304249,9.6169,0,0,425,115
0.927999,255,42,0,30.0695,0.222457,9.13123,0,0,23,402
0.927999,256,346,0,30.0974,0.313306,9.13571,0,0,142,457
0.927999,257,1088,0,30.0978,0.314324,9.13576,0,0,490,233
0.927999,258,1003,0,30.0995,0.319888,9.13603,0,0,436,541
0.927999,259,1227,0,26.96,-10,8.6336,0,0,571,672
0.927999,260,549,0,29.9426,0.349028,9.08707,0,0,225,390
0.927999,261,1031,0,29.937,0.349616,8.60798,0,0,454,679
0.927999,262,986,0,27.8835,-3.67989,8.26248,0,0,427,383
0.927999,263,988,0,27.7448,-4.02491,8.2457,0,0,428,672
0.927999,264,1230,0,29.7701,-1.21131,8.61117,0,0,573,569
0.927999,265,11,0,29.934,0.338685,8.60754,0,0,8,57
0.927999,266,920,0,30.0734,0.264377,8.17064,0,0,394,518
0.927999,267,1249,0,30.0779,0.280419,8.1713,0,0,581,432
0.927999,268,535,0,27.28,-10,7.76832,0,0,219,531
0.927999,269,403,0,30.0897,0.323357,8.17301,0,0,166,113
0.927999,270,736,0,30.0901,0.324526,8.17305,0,0,310,508
0.927999,271,538,0,27.5983,-6.80391,7.33777,0,0,221,382
0.927999,272,1246,0,27.773,-4.88629,7.34728,0,0,579,495
0.927999,273,1172,0,29.3624,-3.25415,7.12093,0,0,542,375
0.927999,274,33,1,29.4868,0.419547,7.08858,0,0,18,461
0.927999,275,1103,0,30.0755,0.30911,7.20972,0,0,500,334
0.927999,276,268,0,27.6,-10,6.8928,0,0,111,687
0.927999,277,84,0,30.0746,0.305386,7.20961,0,0,41,208
0.927999,278,1353,0,30.0791,0.324046,7.21019,0,0,646,231
0.927999,279,1038,0,30.0647,0.283943,6.72781,0,0,459,64
0.927999,280,530,0,27.76,-10,6.4512,0,0,217,562
0.927999,281,344,0,30.0741,0.32528,6.72894,0,0,140,295
0.927999,282,711,0,30.0686,0.301223,6.72828,0,0,297,603
0.927999,283,779,0,27.76,-10,6.4512,0,0,333,687
0.927999,284,331,0,28.647,-3.90197,6.53467,0,0,136,332
0.927999,285,832,0,30.05,0.236865,6.24562,0,0,356,293
0.927999,286,31,0,30.041,0.193063,6.24462,0,0,17,55
0.927999,287,1170,0,29.9087,0.353051,6.2139,0,0,541,617
0.927999,288,1317,0,29.9896,-0.0428544,6.23879,0,0,623,400
0.927999,289,981,0,28.6184,-4.29794,6.06349,0,0,426,461
0.927999,290,1086,0,29.6713,-1.16863,6.20288,0,0,489,560
0.927999,291,726,0,29.9375,0.0236363,6.22978,0,0,305,312
0.927999,292,38,0,30.0632,0.324811,5.76661,0,0,21,90
0.927999,293,1303,1,30.0441,0.230043,5.76498,0,0,614,352
0.927999,294,1335,0,30.0617,0.317039,5.76645,0,0,635,51
0.927999,295,1238,0,28.08,-10,5.56032,0,0,575,392
0.927999,296,347,0,30.0501,0.281037,5.28483,0,0,143,126
0.927999,297,813,0,30.0562,0.31549,5.28542,0,0,346,87
0.927999,298,1067,0,29.1891,0.421123,5.17605,0,0,477,500
0.927999,299,1079,1,29.963,0.308704,5.26911,0,0,484,644
0.927999,300,1142,0,30.0589,0.330418,5.28568,0,0,523,341
0.927999,301,704,0,30.0533,0.329365,4.80471,0,0,294,445
0.927999,302,1211,0,30.0537,0.331664,4.80474,0,0,564,186
0.927999,303,475,0,30.0463,0.285806,4.80409,0,0,195,513
0.927999,304,601,0,30.0496,0.306346,4.80438,0,0,246,646
0.927999,305,469,0,28.56,-10,4.2048,0,0,193,71
0.927999,306,428,0,28.56,-10,4.2048,0,0,178,264
0.927999,307,686,0,30.0437,0.300567,4.32351,0,0,285,54
0.927999,308,1422,0,28.72,-10,3.74784,0,0,681,476
0.927999,309,77,0,28.72,-10,3.74784,0,0,38,678
0.927999,310,15,1,30.0355,0.333824,3.84214,0,0,10,569
0.927999,311,83,0,28.72,-10,3.74784,0,0,40,100
0.927999,312,1259,0,30.0344,0.266157,3.84249,0,0,586,14
0.927999,313,586,0,30.0301,0.232914,3.84218,0,0,240,412
0.927999,314,848,0,28.88,-10,3.28832,0,0,364,273
0.927999,315,778,0,30.0375,0.332743,3.36241,0,0,332,141
0.927999,316,363,2,29.8316,0.364062,3.33988,0,0,150,626
0.927999,317,579,0,28.9579,-7.58166,3.29039,0,0,238,402
0.927999,318,271,0,28.88,-10,3.28832,0,0,113,531
0.927999,319,706,0,30.032,0.283097,3.36205,0,0,295,410
0.927999,320,728,0,30.0322,0.333421,2.88181,0,0,306,58
0.927999,321,744,0,30.0316,0.32739,2.88177,0,0,316,137
0.927999,322,39,0,30.0322,0.333676,2.88181,0,0,22,235
0.927999,323,140,0,29.4249,-5.10609,2.84611,0,0,63,103
0.927999,324,1323,0,29.8491,-0.642093,2.86556,0,0,626,683
0.927999,325,1162,0,30.0264,0.328429,2.40127,0,0,536,212
0.927999,326,531,0,29.2,-10,2.3616,0,0,218,339
0.927999,327,99,0,30.0207,0.322242,1.92083,0,0,47,359
0.927999,328,1337,0,29.36,-10,1.8944,0,0,637,392
0.927999,329,822,0,30.0208,0.323677,1.92083,0,0,351,290
0.927999,330,790,0,29.4471,-7.56837,1.89693,0,0,337,549
0.927999,331,1151,0,30.0215,0.335114,1.92086,0,0,529,63
0.927999,332,766,0,29.52,-10,1.42464,0,0,327,280
0.927999,333,157,0,29.52,-10,1.42464,0,0,68,257
0.927999,334,544,0,29.52,-10,1.42464,0,0,223,566
0.927999,335,842,0,30.0086,0.177592,1.44027,0,0,361,130
0.927999,336,1165,0,30.0047,0.0894856,1.44015,0,0,538,262
0.927999,337,882,0,30.0156,0.324944,1.4405,0,0,378,89
0.927999,338,682,0,29.52,-10,1.42464,0,0,282,558
0.927999,339,1192,0,29.8458,0.363822,0.954973,0,0,555,611
0.927999,340,977,0,30.0061,0.189822,0.960146,0,0,424,285
0.927999,341,1209,0,29.68,-10,0.95232,0,0,563,162
0.927999,342,940,0,29.68,-10,0.95232,0,0,403,636
0.927999,343,721,0,29.68,-10,0.95232,0,0,303,568
0.927999,344,542,0,29.84,-10,0.47744,0,0,222,461
0.927999,345,48,0,30.0034,0.212592,0.480054,0,0,27,138
0.927999,346,386,0,29.84,-10,0.47744,0,0,160,102
0.927999,347,1349,0,29.9777,-1.39255,0.479644,0,0,644,95
0.943999,0,566,1,30.3046,0.29425,28.9523,0,0,232,680
0.943999,1,271,0,30.1645,0.0773876,28.9029,0,0,113,488
0.943999,2,1254,0,28.5336,-5.18429,6.96363,1,0,585,597
0.943999,3,387,0,29.0523,-2.8137,28.5651,0,0,161,155
0.943999,4,1050,0,30.2906,0.280352,28.9454,0,0,466,408
0.943999,5,1070,1,29.4733,-10,2.82271,1,0,477,106
0.943999,6,33,2,30.2895,0.29666,28.948,0,0,18,485
0.943999,7,847,1,29.9345,-0.722445,28.842,0,0,363,676
0.943999,8,531,0,30.3046,0.29425,28.9523,0,0,218,532
0.943999,9,843,0,28.989,-1.1105,28.3827,0,0,362,483
0.943999,10,335,2,30.2778,0.140463,28.9411,0,0,137,680
0.943999,11,1233,0,30.2999,0.295002,28.4675,0,0,574,478
0.943999,12,1432,2,30.2736,0.299199,28.4463,0,0,689,578
0.943999,13,17,1,29.1531,-10,2.96232,1,0,2,35
0.943999,14,751,0,29.9709,-0.532823,28.3401,0,0,319,390
0.943999,15,1299,1,30.2978,0.292919,28.4664,0,0,610,578
0.943999,16,56,0,30.2709,0.265649,28.4534,0,0,30,542
0.943999,17,257,0,30.2999,0.295002,28.4675,0,0,107,80
0.943999,18,530,0,30.0968,-0.188972,28.4059,0,0,217,532
0.943999,19,682,1,27.8098,-4.034,13.1345,1,0,533,297
0.943999,20,1242,0,28.729,-4.22777,28.0255,0,0,577,102
0.943999,21,1167,0,24.1958,-10,11.7473,1,0,522,680
0.943999,22,1187,0,30.2952,0.295754,27.9827,0,0,552,296
0.943999,23,75,0,30.1764,0.00196172,27.9439,0,0,37,679
0.943999,24,140,0,30.2912,0.291708,27.9808,0,0,63,377
0.943999,25,786,0,30.2931,0.293637,27.9817,0,0,336,101
0.943999,26,571,0,30.2926,0.293119,27.9814,0,0,234,476
0.943999,27,330,1,30.2569,0.301847,27.9585,0,0,135,339
0.943999,28,449,0,30.2295,0.303365,27.9544,0,0,187,566
0.943999,29,1,0,30.1286,0.122148,27.9032,0,0,1,6
0.943999,30,843,0,22.5067,-5.07186,13.4244,1,0,223,565
0.943999,31,1325,0,27.4396,-10,8.07729,1,0,28,279
0.943999,32,749,0,30.2873,0.293204,27.4964,0,0,318,22
0.943999,33,269,0,30.2887,0.294643,27.4971,0,0,112,675
0.943999,34,810,0,30.1542,0.152098,27.434,0,0,345,46
0.943999,35,1138,1,25.7306,-10,11.5381,1,0,283,122
0.943999,36,1191,1,24.4113,-7.72939,10.526,1,0,638,391
0.943999,37,1124,0,29.9964,-0.509298,27.4417,0,0,511,518
0.943999,38,563,0,29.7841,-0.894578,27.3253,0,0,231,297
0.943999,39,561,0,29.0685,-0.643523,26.936,0,0,229,571
0.943999,40,1422,0,30.2841,0.295586,27.0125,0,0,681,675
0.943999,41,906,0,30.2739,0.284683,0.0478335,1,0,386,126
0.943999,42,566,1,22.9142,-5.53325,8.92023,1,0,430,675
0.943999,43,976,0,30.2328,0.173844,27.0004,0,0,423,237
0.943999,44,1246,0,24.4846,-10,4.46972,1,0,685,230
0.943999,45,986,0,30.1649,-0.0232844,26.9761,0,0,427,384
0.943999,46,1037,0,30.2305,0.23796,26.9878,0,0,458,667
0.943999,47,898,0,30.2365,0.244391,26.9905,0,0,385,549
0.943999,48,1343,0,30.1382,-0.96946,26.9827,0,0,643,88
0.943999,49,708,0,29.9285,-0.0898982,26.8487,0,0,296,676
0.943999,50,1285,1,30.2819,0.293239,27.0115,0,0,602,558
0.943999,51,311,0,30.2651,0.280795,26.5215,0,0,128,372
0.943999,52,637,0,30.2686,0.284555,26.5231,0,0,262,206
0.943999,53,988,0,30.0178,-0.0367477,26.4288,0,0,428,630
0.943999,54,1030,0,30.2781,0.294911,26.5274,0,0,453,646
0.943999,55,538,0,28.9653,-4.26768,26.0935,0,0,221,486
0.943999,56,1164,0,30.2507,0.264961,26.515,0,0,537,300
0.943999,57,838,0,30.1661,0.123035,26.4917,0,0,359,565
0.943999,58,654,1,30.2745,0.294516,26.5262,0,0,269,106
0.943999,59,43,0,30.2065,0.215946,26.0134,0,0,24,559
0.943999,60,550,0,29.1465,-1.30979,25.6433,0,0,226,578
0.943999,61,542,1,30.1722,0.0880199,26.0156,0,0,222,547
0.943999,62,83,0,30.2585,0.193498,26.0423,0,0,40,530
0.943999,63,990,0,29.4731,-1.65416,25.7792,0,0,429,486
0.943999,64,1284,0,30.2296,0.136183,26.0269,0,0,601,482
0.943999,65,1154,0,24.8017,-2.06494,3.3687,1,0,521,611
0.943999,66,945,0,30.2213,0.237482,26.0198,0,0,405,152
0.943999,67,660,0,30.2735,0.295827,26.043,0,0,271,600
0.943999,68,177,0,30.2601,0.280939,26.037,0,0,76,117
0.943999,69,428,0,30.2639,0.291015,25.5565,0,0,178,576
0.943999,70,1187,1,23.8933,-6.8077,9.42641,1,0,553,488
0.943999,71,1011,2,30.2279,0.124125,25.539,0,0,440,382
0.943999,72,397,0,30.0112,-0.435354,25.5126,0,0,164,577
0.943999,73,37,2,30.268,0.300077,25.5589,0,0,20,488
0.943999,74,562,0,28.5645,-3.57696,25.0258,0,0,230,673
0.943999,75,1269,0,29.9986,-0.317552,25.473,0,0,594,482
0.943999,76,394,0,27.8704,-2.72454,24.56,0,0,163,31
0.943999,77,386,0,29.8697,-0.186791,24.9231,0,0,160,483
0.943999,78,1352,0,30.1075,-1.48414,25.0545,0,0,645,41
0.943999,79,81,0,29.4248,-2.35568,24.8657,0,0,39,383
0.943999,80,549,1,30.2666,0.300303,25.0755,0,0,225,548
0.943999,81,1104,0,26.7062,-3.20086,2.64164,1,0,500,285
0.943999,82,661,0,29.7174,-0.419184,24.3963,0,0,272,599
0.943999,83,625,1,30.2476,0.297564,24.5848,0,0,255,572
0.943999,84,784,0,29.6458,-0.926988,23.9221,0,0,335,630
0.943999,85,1423,0,30.255,0.299448,24.1062,0,0,682,599
0.943999,86,1261,1,30.2438,0.289678,24.1012,0,0,587,22
0.943999,87,365,0,30.2499,0.293348,24.1041,0,0,151,369
0.943999,88,790,0,30.2541,0.298304,24.1058,0,0,337,155
0.943999,89,37,1,23.3519,-6.09975,7.09693,1,0,426,148
0.943999,90,1039,1,28.7829,-4.85741,7.71449,1,0,290,515
0.943999,91,1052,1,26.3053,-10,10.3989,1,0,364,3
0.943999,92,596,0,30.1941,0.299703,23.5923,0,0,244,192
0.943999,93,647,1,30.2362,0.283049,23.6164,0,0,265,64
0.943999,94,537,0,30.1805,0.0764559,23.6043,0,0,220,299
0.943999,95,1274,0,30.0004,-0.0308791,23.522,0,0,595,391
0.943999,96,830,0,30.2488,0.298454,23.6215,0,0,354,18
0.943999,97,330,1,23.267,-5.98335,8.22167,1,0,136,631
0.943999,98,1246,0,30.2502,0.300225,23.6221,0,0,579,591
0.943999,99,579,0,30.2457,0.301359,23.1382,0,0,238,3
0.943999,100,975,0,29.6846,-0.877379,23.0145,0,0,422,683
0.943999,101,1170,1,30.2438,0.29902,23.1375,0,0,541,142
0.943999,102,1385,0,30.2199,0.268876,23.128,0,0,660,365
0.943999,103,1268,0,30.2451,0.30059,23.138,0,0,593,101
0.943999,104,547,1,29.9586,-0.507817,23.0641,0,0,224,296
0.943999,105,1045,1,26.4526,-10,9.04806,1,0,464,296
0.943999,106,1006,0,30.2357,0.295512,22.6523,0,0,438,233
0.943999,107,1240,0,29.6357,-1.46036,22.4824,0,0,576,300
0.943999,108,1246,0,25.126,-10,0.0889977,1,0,563,569
0.943999,109,605,0,30.2367,0.29673,22.6526,0,0,247,7
0.943999,110,1338,1,24.7647,-10,5.93978,1,0,19,99
0.943999,111,721,0,25.41,-6.72311,20.6162,0,0,303,483
0.943999,112,933,0,30.2236,0.286517,22.1657,0,0,399,622
0.943999,113,1052,0,30.2362,0.303058,22.1705,0,0,467,3
0.943999,114,392,0,30.1263,0.00028114,21.6586,0,0,162,611
0.943999,115,1323,1,30.229,0.300717,21.6858,0,0,626,118
0.943999,116,220,0,30.22,0.288666,21.6825,0,0,92,16
0.943999,117,1401,0,30.2142,0.235924,21.6843,0,0,670,229
0.943999,118,276,0,30.2327,0.305682,21.6872,0,0,115,677
0.943999,119,1031,1,30.2262,0.304248,21.2029,0,0,454,599
0.943999,120,328,0,30.2216,0.297877,21.2012,0,0,134,615
0.943999,121,584,0,30.0776,0.108045,21.1482,0,0,240,636
0.943999,122,1366,0,30.1996,0.267635,21.1932,0,0,651,556
0.943999,123,268,0,29.9107,-0.431723,20.6368,0,0,111,64
0.943999,124,226,0,30.2178,0.299973,20.718,0,0,95,626
0.943999,125,1267,0,28.2356,-10,20.5105,0,0,592,202
0.943999,126,1104,2,30.216,0.29746,20.7174,0,0,501,447
0.943999,127,1409,0,25.9216,-10,12.0022,1,0,673,668
0.943999,128,66,0,29.9178,-0.117763,20.1362,0,0,34,204
0.943999,129,1100,1,30.0864,0.293064,20.1512,0,0,499,99
0.943999,130,320,0,30.1944,0.281124,19.7464,0,0,132,630
0.943999,131,445,1,30.1975,0.288933,19.7478,0,0,186,125
0.943999,132,949,0,30.1622,0.210594,19.7374,0,0,406,204
0.943999,133,454,0,30.207,0.299803,19.7507,0,0,189,263
0.943999,134,766,0,30.1215,0.177896,19.7214,0,0,327,99
0.943999,135,33,0,26.3388,-10,4.55118,1,0,554,226
0.943999,136,940,0,30.0668,0.261109,19.2433,0,0,403,294
0.943999,137,682,1,30.2053,0.305267,19.2684,0,0,282,485
0.943999,138,60,0,30.204,0.303232,19.268,0,0,32,45
0.943999,139,469,0,29.9409,-1.0885,19.2421,0,0,193,104
0.943999,140,73,0,30.1955,0.29834,18.7836,0,0,36,636
0.943999,141,535,0,30.2032,0.310354,18.7861,0,0,219,531
0.943999,142,530,0,26.1311,-0.642205,17.0654,0,0,217,481
0.943999,143,11,1,30.2019,0.30832,18.7856,0,0,8,19
0.943999,144,764,0,30.1978,0.302039,18.7843,0,0,325,307
0.943999,145,847,1,26.5477,-10,4.74015,1,0,227,341
0.943999,146,1299,0,30.0507,0.330917,18.6869,0,0,610,31
0.943999,147,129,0,28.7144,-10,4.36478,1,0,56,548
0.943999,148,531,0,26.3877,-0.53045,16.7116,0,0,218,476
0.943999,149,854,0,30.1545,0.217066,18.2924,0,0,366,395
0.943999,150,330,0,30.0055,0.265235,18.1941,0,0,135,101
0.943999,151,1337,0,30.0645,-0.0381314,18.267,0,0,637,97
0.943999,152,297,0,30.1879,0.294678,18.2996,0,0,123,471
0.943999,153,1294,0,30.1667,0.270468,17.8114,0,0,607,22
0.943999,154,566,0,30.0419,0.335628,17.7259,0,0,232,566
0.943999,155,1167,0,30.1915,0.309019,17.8191,0,0,539,479
0.943999,156,1282,0,30.1933,0.311925,17.8196,0,0,600,338
0.943999,157,362,0,30.1782,0.264042,17.8164,0,0,149,83
0.943999,158,775,0,28.4071,-2.51292,17.2644,0,0,331,133
0.943999,159,749,0,26.2623,-0.501972,16.2491,0,0,318,299
0.943999,160,831,0,29.7996,-0.272814,17.2161,0,0,355,246
0.943999,161,1319,0,30.1729,0.286816,17.332,0,0,624,506
0.943999,162,802,0,30.1722,0.285511,17.3317,0,0,342,306
0.943999,163,931,0,30.1837,0.304972,17.3352,0,0,398,48
0.943999,164,17,0,30.1837,0.305055,17.3352,0,0,12,15
0.943999,165,480,0,30.1728,0.286574,17.3319,0,0,196,79
0.943999,166,33,0,30.0366,0.336463,17.2452,0,0,18,486
0.943999,167,271,0,26.4488,-0.923574,15.8876,0,0,113,156
0.943999,168,77,0,29.3367,-1.93561,16.6605,0,0,38,479
0.943999,169,236,0,30.1803,0.308379,16.8527,0,0,99,374
0.943999,170,779,0,28.8598,-10,16.7574,0,0,333,105
0.943999,171,185,1,30.1754,0.303843,16.8506,0,0,79,516
0.943999,172,847,0,29.9308,-0.271961,16.7895,0,0,363,477
0.943999,173,1138,0,27.8898,-10,15.7651,0,0,521,673
0.943999,174,1432,0,29.7312,-0.391776,16.2448,0,0,689,297
0.943999,175,126,1,28.2035,-10,5.55765,1,0,514,330
0.943999,176,83,0,26.3679,-0.977919,14.5825,0,0,40,381
0.943999,177,335,0,29.9961,0.261791,15.7983,0,0,137,385
0.943999,178,786,0,26.6446,-1.07975,14.6491,0,0,336,338
0.943999,179,1192,1,30.1732,0.315084,15.8877,0,0,555,549
0.943999,180,1238,0,29.2383,-1.55002,15.6426,0,0,575,532
0.943999,181,1392,0,30.1579,0.228625,15.4033,0,0,665,462
0.943999,182,1032,0,30.167,0.313575,15.4046,0,0,455,298
0.943999,183,648,0,30.1666,0.312931,15.4046,0,0,266,508
0.943999,184,394,0,24.8936,-9.15236,14.0085,0,0,163,477
0.943999,185,1045,0,29.9248,-0.113192,15.341,0,0,463,390
0.943999,186,37,0,29.9729,0.231625,15.3128,0,0,20,156
0.943999,187,1187,0,27.6471,-10,1.19006,1,0,553,530
0.943999,188,387,0,26.1635,-3.18567,14.1531,0,0,161,672
0.943999,189,286,0,30.1667,0.313104,15.4046,0,0,119,301
0.943999,190,563,0,26.3657,-1.95689,14.1731,0,0,231,340
0.943999,191,428,0,26.3836,-1.07244,14.1603,0,0,178,100
0.943999,192,990,0,26.0573,-2.71476,13.6981,0,0,429,298
0.943999,193,81,0,25.9107,-2.99576,13.6776,0,0,39,340
0.943999,194,1011,1,29.9668,0.343074,14.8329,0,0,440,482
0.943999,195,760,0,30.1577,0.305945,14.9209,0,0,323,598
0.943999,196,699,0,30.1331,0.26657,14.4334,0,0,292,635
0.943999,197,843,0,25.2,-10,2.6916,1,0,223,392
0.943999,198,1338,0,27.6507,-10,13.7874,0,0,638,623
0.943999,199,1242,0,26.1394,-4.22793,13.3021,0,0,577,338
0.943999,200,1422,0,26.771,-1.46931,13.3843,0,0,681,97
0.943999,201,1154,2,27.2456,-10,13.6044,0,0,533,678
0.943999,202,784,0,26.0597,-2.85816,12.851,0,0,335,481
0.943999,203,1052,0,27.8407,-1.77331,0.388752,1,0,364,340
0.943999,204,751,0,26.8732,-2.06008,12.981,0,0,319,384
0.943999,205,960,0,29.8884,-0.431102,13.9027,0,0,414,631
0.943999,206,1424,0,26.3691,-10,13.0523,0,0,683,485
0.943999,207,157,0,30.1443,0.311285,13.4739,0,0,68,280
0.943999,208,257,0,27.1579,-1.77955,12.5985,0,0,107,14
0.943999,209,254,0,30.1449,0.312665,13.474,0,0,106,142
0.943999,210,1006,0,27.2285,-10,1.95197,1,0,437,640
0.943999,211,957,0,30.1414,0.316783,12.992,0,0,411,573
0.943999,212,772,0,30.11,0.246428,12.9849,0,0,330,439
0.943999,213,1123,1,30.13,0.307446,12.9885,0,0,511,76
0.943999,214,1269,0,26.6937,-2.44984,12.0779,0,0,594,567
0.943999,215,14,0,29.1492,-10,3.30911,1,0,622,517
0.943999,216,672,0,30.1336,0.299014,12.9903,0,0,277,652
0.943999,217,861,0,30.1289,0.288355,12.9892,0,0,369,644
0.943999,218,44,0,30.1377,0.320674,12.51,0,0,25,595
0.943999,219,1233,0,27.3482,-2.05572,11.7568,0,0,574,378
0.943999,220,75,0,27.2195,-2.23417,11.7322,0,0,37,568
0.943999,221,547,0,29.9074,0.157425,12.4278,0,0,224,478
0.943999,222,1140,0,25.84,-10,11.5814,0,0,522,339
0.943999,223,269,0,27.216,-2.08193,11.7288,0,0,112,677
0.943999,224,880,0,30.0489,0.121744,12.0102,0,0,376,346
0.943999,225,890,0,29.9898,-0.0304583,11.998,0,0,382,378
0.943999,226,542,0,30.0516,0.12532,12.0108,0,0,222,676
0.943999,227,971,0,30.1308,0.317144,12.0275,0,0,420,220
0.943999,228,561,0,26.57,-4.14025,11.2051,0,0,229,481
0.943999,229,719,0,30.0579,0.224223,12.0128,0,0,302,547
0.943999,230,1285,0,29.9753,0.342371,11.9633,0,0,602,381
0.943999,231,1046,0,27.4112,-2.98095,10.9082,0,0,464,100
0.943999,232,695,0,29.9618,0.321843,11.4822,0,0,290,358
0.943999,233,183,0,30.126,0.318754,11.5454,0,0,78,628
0.943999,234,386,0,26.8523,-3.30449,10.7991,0,0,160,382
0.943999,235,241,0,30.1262,0.319304,11.5455,0,0,101,161
0.943999,236,537,0,26.8502,-2.92179,10.7963,0,0,220,571
0.943999,237,159,0,30.0952,0.208906,11.5395,0,0,69,330
0.943999,238,993,0,27.9477,-2.52358,10.5513,0,0,430,547
0.943999,239,1034,0,30.0332,0.0842563,11.0465,0,0,457,398
0.943999,240,1371,0,30.1148,0.303242,11.0622,0,0,652,96
0.943999,241,457,0,30.12,0.317239,11.0633,0,0,190,661
0.943999,242,1201,0,27.9921,-6.43233,10.6689,0,0,560,185
0.943999,243,1240,0,26.692,-5.57812,9.91995,0,0,576,631
0.943999,244,647,0,29.9261,0.248734,10.519,0,0,265,136
0.943999,245,1002,0,30.1128,0.312004,10.5809,0,0,435,513
0.943999,246,1228,0,30.0608,0.12984,10.5723,0,0,572,391
0.943999,247,550,0,26.8309,-5.14028,9.93004,0,0,226,385
0.943999,248,683,0,26.7756,-8.36774,9.9536,0,0,283,530
0.943999,249,34,0,26.8917,-7.73715,9.50438,0,0,19,678
0.943999,250,398,0,29.9452,-0.219633,10.074,0,0,165,53
0.943999,251,1050,0,27.9059,-2.74413,9.62671,0,0,466,379
0.943999,252,1183,0,30.1076,0.312195,10.0991,0,0,550,163
0.943999,253,1333,0,30.1096,0.317996,10.0994,0,0,634,9
0.943999,254,980,0,30.1046,0.303469,10.0986,0,0,425,115
0.943999,255,42,0,30.0731,0.221775,9.61239,0,0,23,402
0.943999,256,346,0,30.1024,0.312512,9.61735,0,0,142,457
0.943999,257,1088,0,30.1028,0.313529,9.6174,0,0,490,233
0.943999,258,1003,0,30.1046,0.319084,9.61771,0,0,436,541
0.943999,259,1227,0,26.8,-10,9.0624,0,0,571,672
0.943999,260,549,0,29.9482,0.348169,9.56624,0,0,225,390
0.943999,261,1031,0,29.9426,0.348756,9.08706,0,0,454,679
0.943999,262,986,0,27.8286,-3.43454,8.70774,0,0,427,383
0.943999,263,988,0,27.685,-3.73926,8.68866,0,0,428,672
0.943999,264,1230,0,29.7502,-1.24228,9.08717,0,0,573,569
0.943999,265,11,0,29.9394,0.337841,9.08657,0,0,8,57
0.943999,266,920,0,30.0776,0.263713,8.65188,0,0,394,518
0.943999,267,1249,0,30.0824,0.279668,8.65262,0,0,581,432
0.943999,268,535,0,27.12,-10,8.20224,0,0,219,531
0.943999,269,403,0,30.0949,0.322547,8.65453,0,0,166,113
0.943999,270,736,0,30.0952,0.323714,8.65458,0,0,310,508
0.943999,271,538,0,27.494,-6.51873,7.77768,0,0,221,382
0.943999,272,1246,0,27.7022,-4.42758,7.79051,0,0,579,495
0.943999,273,1172,0,29.3081,-3.39347,7.58986,0,0,542,375
0.943999,274,33,1,29.4935,0.418563,7.56047,0,0,18,461
0.943999,275,1103,0,30.0805,0.308321,7.69101,0,0,500,334
0.943999,276,268,0,27.4585,-8.84668,7.33214,0,0,111,687
0.943999,277,84,0,30.0795,0.304601,7.69088,0,0,41,208
0.943999,278,1353,0,30.0843,0.323235,7.69154,0,0,646,231
0.943999,279,1038,0,30.0693,0.283186,7.20892,0,0,459,64
0.943999,280,530,0,27.6,-10,6.8928,0,0,217,562
0.943999,281,344,0,30.0793,0.324466,7.2102,0,0,140,295
0.943999,282,711,0,30.0734,0.300443,7.20946,0,0,297,603
0.943999,283,779,0,27.6,-10,6.8928,0,0,333,687
0.943999,284,331,0,28.5879,-3.69556,6.99207,0,0,136,332
0.943999,285,832,0,30.0538,0.236299,6.72648,0,0,356,293
0.943999,286,31,0,30.0441,0.192408,6.72533,0,0,17,55
0.943999,287,1170,0,29.9143,0.352184,6.69253,0,0,541,617
0.943999,288,1317,0,29.989,-0.0417439,6.71861,0,0,623,400
0.943999,289,981,0,28.5535,-4.05515,6.52035,0,0,426,461
0.943999,290,1086,0,29.6529,-1.14652,6.67733,0,0,489,560
0.943999,291,726,0,29.9379,0.0242839,6.70879,0,0,305,312
0.943999,292,38,0,30.0684,0.323997,6.2477,0,0,21,90
0.943999,293,1303,1,30.0477,0.229347,6.24575,0,0,614,352
0.943999,294,1335,0,30.0668,0.316236,6.24752,0,0,635,51
0.943999,295,1238,0,27.92,-10,6.00704,0,0,575,392
0.943999,296,347,0,30.0546,0.280281,5.76571,0,0,143,126
0.943999,297,813,0,30.0613,0.314689,5.7664,0,0,346,87
0.943999,298,1067,0,29.1958,0.42011,5.64318,0,0,477,500
0.943999,299,1079,1,29.968,0.307903,5.7486,0,0,484,644
0.943999,300,1142,0,30.0642,0.329594,5.7667,0,0,523,341
0.943999,301,704,0,30.0586,0.328543,5.28565,0,0,294,445
0.943999,302,1211,0,30.059,0.330838,5.28568,0,0,564,186
0.943999,303,475,0,30.0508,0.285087,5.2849,0,0,195,513
0.943999,304,601,0,30.0545,0.305557,5.28525,0,0,246,646
0.943999,305,469,0,28.4,-10,4.6592,0,0,193,71
0.943999,306,428,0,28.4,-10,4.6592,0,0,178,264
0.943999,307,686,0,30.0485,0.299786,4.80429,0,0,285,54
0.943999,308,1422,0,28.56,-10,4.2048,0,0,681,476
0.943999,309,77,0,28.56,-10,4.2048,0,0,38,678
0.943999,310,15,1,30.0408,0.332994,4.32279,0,0,10,569
0.943999,311,83,0,28.56,-10,4.2048,0,0,40,100
0.943999,312,1259,0,30.0386,0.265417,4.3231,0,0,586,14
0.943999,313,586,0,30.0338,0.232212,4.32272,0,0,240,412
0.943999,314,848,0,28.72,-10,3.74784,0,0,364,273
0.943999,315,778,0,30.0429,0.331915,3.84309,0,0,332,141
0.943999,316,363,2,29.8375,0.363175,3.81727,0,0,150,626
0.943999,317,579,0,28.8471,-6.9229,3.75195,0,0,238,402
0.943999,318,271,0,28.72,-10,3.74784,0,0,113,531
0.943999,319,706,0,30.0365,0.282337,3.84263,0,0,295,410
0.943999,320,728,0,30.0375,0.332592,3.36241,0,0,306,58
0.943999,321,744,0,30.0368,0.32657,3.36236,0,0,316,137
0.943999,322,39,0,30.0376,0.332846,3.36241,0,0,22,235
0.943999,323,140,0,29.3478,-4.8191,3.31567,0,0,63,103
0.943999,324,1323,0,29.8389,-0.633765,3.34298,0,0,626,683
0.943999,325,1162,0,30.0316,0.327607,2.88178,0,0,536,212
0.943999,326,531,0,29.04,-10,2.82624,0,0,218,339
0.943999,327,99,0,30.0258,0.321429,2.40124,0,0,47,359
0.943999,328,1337,0,29.2,-10,2.3616,0,0,637,392
0.943999,329,822,0,30.026,0.322862,2.40125,0,0,351,290
0.943999,330,790,0,29.3353,-6.99068,2.3663,0,0,337,549
0.943999,331,1151,0,30.0269,0.334282,2.40129,0,0,529,63
0.943999,332,766,0,29.36,-10,1.8944,0,0,327,280
0.943999,333,157,0,29.36,-10,1.8944,0,0,68,257
0.943999,334,544,0,29.36,-10,1.8944,0,0,223,566
0.943999,335,842,0,30.0114,0.177066,1.92046,0,0,361,130
0.943999,336,1165,0,30.006,0.0819414,1.92025,0,0,538,262
0.943999,337,882,0,30.0208,0.324126,1.92083,0,0,378,89
0.943999,338,682,1,29.5265,0.40833,1.89706,0,0,282,558
0.943999,339,1192,0,29.8516,0.362935,1.4326,0,0,555,611
0.943999,340,977,0,30.0091,0.189462,1.44029,0,0,424,285
0.943999,341,1209,0,29.52,-10,1.42464,0,0,563,162
0.943999,342,940,0,29.52,-10,1.42464,0,0,403,636
0.943999,343,721,0,29.52,-10,1.42464,0,0,303,568
0.943999,344,542,1,29.7385,-6.34251,0.953256,0,0,222,461
0.943999,345,48,0,30.0068,0.212109,0.960163,0,0,27,138
0.943999,346,386,0,29.68,-10,0.95232,0,0,160,102
0.943999,347,1349,0,29.9559,-1.36602,0.958937,0,0,644,95
0.943999,348,1308,0,30.0054,0.338026,0.480087,0,0,618,480
0.959999,0,566,1,30.3093,0.293501,29.4373,0,0,232,680
0.959999,1,271,0,30.1658,0.0772821,29.3856,0,0,113,488
0.959999,2,1254,1,28.4518,-5.10851,7.41886,1,0,585,597
0.959999,3,387,0,29.0062,-2.88155,29.0292,0,0,161,155
0.959999,4,1050,0,30.2951,0.279625,29.4301,0,0,466,408
0.959999,5,1070,1,29.3133,-10,3.29172,1,0,477,106
0.959999,6,33,2,30.2934,0.241557,29.4327,0,0,18,485
0.959999,7,847,1,29.9223,-0.760425,29.3207,0,0,363,676
0.959999,8,531,0,30.3093,0.293501,29.4373,0,0,218,532
0.959999,9,843,0,28.9715,-1.09351,28.8463,0,0,362,483
0.959999,10,335,2,30.2825,0.293256,29.4257,0,0,137,680
0.959999,11,1233,0,30.3046,0.29425,28.9523,0,0,574,478
0.959999,12,1432,2,30.2783,0.298439,28.9307,0,0,689,578
0.959999,13,17,1,28.9931,-10,3.42621,1,0,2,35
0.959999,14,751,0,29.9619,-0.56627,28.8195,0,0,319,390
0.959999,15,1299,1,30.3025,0.292172,28.9513,0,0,610,578
0.959999,16,56,0,30.2752,0.264943,28.9378,0,0,30,542
0.959999,17,257,0,30.3046,0.29425,28.9523,0,0,107,80
0.959999,18,530,0,30.0937,-0.194102,28.8874,0,0,217,532
0.959999,19,682,1,27.6498,-10,13.5769,1,0,533,297
0.959999,20,1242,0,28.6592,-4.36363,28.4841,0,0,577,102
0.959999,21,1167,0,24.0437,-9.5078,12.132,1,0,522,680
0.959999,22,1187,0,30.2999,0.295002,28.4675,0,0,552,296
0.959999,23,75,0,30.1762,-0.014594,28.4267,0,0,37,679
0.959999,24,140,0,30.2959,0.290963,28.4655,0,0,63,377
0.959999,25,786,0,30.2978,0.292888,28.4664,0,0,336,101
0.959999,26,571,0,30.2973,0.292372,28.4662,0,0,234,476
0.959999,27,330,1,30.2617,0.301081,28.4427,0,0,135,339
0.959999,28,449,0,30.2343,0.302596,28.4381,0,0,187,566
0.959999,29,1,0,30.1306,0.121593,28.3853,0,0,1,6
0.959999,30,843,0,22.427,-4.97762,13.7833,1,0,223,565
0.959999,31,1325,0,27.2796,-10,8.51376,1,0,28,279
0.959999,32,749,0,30.292,0.292455,27.9811,0,0,318,22
0.959999,33,269,0,30.2934,0.293892,27.9818,0,0,112,675
0.959999,34,810,0,30.1567,0.151515,27.9165,0,0,345,46
0.959999,35,1138,1,25.687,-2.72452,11.9491,1,0,283,122
0.959999,36,1191,1,24.2906,-7.54376,10.9146,1,0,638,391
0.959999,37,1124,0,29.9883,-0.502667,27.9215,0,0,511,518
0.959999,38,563,0,29.7695,-0.909551,27.8016,0,0,231,297
0.959999,39,561,0,29.0584,-0.631161,27.4009,0,0,229,571
0.959999,40,1422,0,30.2888,0.294833,27.4972,0,0,681,675
0.959999,41,906,0,30.1139,-10,0.529656,1,0,386,126
0.959999,42,566,1,22.8274,-5.4256,9.28547,1,0,430,675
0.959999,43,976,0,30.2356,0.173504,27.4842,0,0,423,237
0.959999,44,1246,0,24.3246,-10,4.85891,1,0,685,230
0.959999,45,986,0,30.1644,-0.033651,27.4587,0,0,427,384
0.959999,46,1037,0,30.2343,0.237286,27.4715,0,0,458,667
0.959999,47,898,0,30.2404,0.24371,27.4744,0,0,385,549
0.959999,48,1343,0,30.1227,-0.96925,27.4647,0,0,643,88
0.959999,49,708,0,29.927,-0.0902643,27.3276,0,0,296,676
0.959999,50,1285,1,30.2866,0.292491,27.4961,0,0,602,558
0.959999,51,311,0,30.2696,0.280066,27.0058,0,0,128,372
0.959999,52,637,0,30.2731,0.283819,27.0075,0,0,262,206
0.959999,53,988,0,30.0172,-0.036532,26.9091,0,0,428,630
0.959999,54,1030,0,30.2828,0.294159,27.0119,0,0,453,646
0.959999,55,538,0,28.945,-1.26646,26.5566,0,0,221,486
0.959999,56,1164,0,30.2549,0.264253,26.999,0,0,537,300
0.959999,57,838,0,30.1681,0.122929,26.9744,0,0,359,565
0.959999,58,654,1,30.2792,0.293764,27.0107,0,0,269,106
0.959999,59,43,0,30.21,0.214933,26.4967,0,0,24,559
0.959999,60,550,0,29.124,-1.40501,26.1093,0,0,226,578
0.959999,61,542,1,30.1736,0.0868839,26.4984,0,0,222,547
0.959999,62,83,0,30.2615,0.187243,26.5265,0,0,40,530
0.959999,63,990,0,29.4464,-1.67031,26.2504,0,0,429,486
0.959999,64,1284,0,30.2316,0.127931,26.5106,0,0,601,482
0.959999,65,1154,0,24.7702,-1.96675,3.76502,1,0,521,611
0.959999,66,945,0,30.225,0.236808,26.5034,0,0,405,152
0.959999,67,660,1,30.2782,0.295073,26.5275,0,0,271,600
0.959999,68,177,0,30.2646,0.280208,26.5213,0,0,76,117
0.959999,69,428,0,30.2685,0.290268,26.0408,0,0,178,576
0.959999,70,1187,1,23.7867,-6.65792,9.807,1,0,553,488
0.959999,71,1011,2,30.2298,0.115784,26.0227,0,0,440,382
0.959999,72,397,0,30.0043,-0.432837,25.9926,0,0,164,577
0.959999,73,37,2,30.2728,0.299315,26.0432,0,0,20,488
0.959999,74,562,0,28.5074,-3.57123,25.4819,0,0,230,673
0.959999,75,1269,0,29.9934,-0.324818,25.9529,0,0,594,482
0.959999,76,394,0,27.8266,-2.74187,25.0053,0,0,163,31
0.959999,77,386,0,29.8668,-0.185432,25.4009,0,0,160,483
0.959999,78,1352,0,30.0839,-1.47649,25.5358,0,0,645,41
0.959999,79,81,0,29.3856,-2.44684,25.3359,0,0,39,383
0.959999,80,549,1,30.2714,0.299541,25.5598,0,0,225,548
0.959999,81,1104,0,26.6555,-3.16498,3.06813,1,0,500,285
0.959999,82,661,0,29.7108,-0.416031,24.8716,0,0,272,599
0.959999,83,625,1,30.2524,0.296806,25.0688,0,0,255,572
0.959999,84,784,0,29.631,-0.925889,24.3962,0,0,335,630
0.959999,85,1423,0,30.2598,0.298687,24.5903,0,0,682,599
0.959999,86,1261,1,30.2484,0.288933,24.5852,0,0,587,22
0.959999,87,365,0,30.2546,0.292597,24.5882,0,0,151,369
0.959999,88,790,0,30.2588,0.297545,24.5899,0,0,337,155
0.959999,89,37,1,23.2568,-5.94342,7.46904,1,0,426,148
0.959999,90,1039,1,28.7063,-4.78921,8.17379,1,0,290,515
0.959999,91,1052,1,26.1453,-10,10.8173,1,0,364,3
0.959999,92,596,0,30.1989,0.298937,24.0755,0,0,244,192
0.959999,93,647,1,30.2408,0.282313,24.1003,0,0,265,64
0.959999,94,537,0,30.1815,0.0659584,24.0872,0,0,220,299
0.959999,95,1274,0,29.9998,-0.0381731,24.002,0,0,595,391
0.959999,96,830,0,30.2535,0.297694,24.1056,0,0,354,18
0.959999,97,330,1,23.1732,-5.86149,8.59245,1,0,136,631
0.959999,98,1246,0,30.255,0.299463,24.1062,0,0,579,591
0.959999,99,579,0,30.2505,0.300594,23.6222,0,0,238,3
0.959999,100,975,0,29.6708,-0.862479,23.4892,0,0,422,683
0.959999,101,1170,1,30.2486,0.298259,23.6215,0,0,541,142
0.959999,102,1385,0,30.2242,0.268159,23.6116,0,0,660,365
0.959999,103,1268,0,30.2499,0.299826,23.622,0,0,593,101
0.959999,104,547,1,29.9499,-0.539928,23.5433,0,0,224,296
0.959999,105,1045,1,26.2926,-10,9.46874,1,0,464,296
0.959999,106,1006,0,30.2404,0.294756,23.1361,0,0,438,233
0.959999,107,1240,0,29.6111,-1.53733,22.9562,0,0,576,300
0.959999,108,1246,0,24.966,-10,0.488453,1,0,563,569
0.959999,109,605,0,30.2414,0.295972,23.1365,0,0,247,7
0.959999,110,1338,1,24.6047,-10,6.33346,1,0,19,99
0.959999,111,721,0,25.301,-6.81751,21.021,0,0,303,483
0.959999,112,933,0,30.2281,0.285775,22.6493,0,0,399,622
0.959999,113,1052,0,30.241,0.30229,22.6543,0,0,467,3
0.959999,114,392,0,30.1261,-0.00967173,22.1406,0,0,162,611
0.959999,115,46,1,30.2338,0.299953,0.324573,1,0,626,118
0.959999,116,220,0,30.2246,0.28792,22.1661,0,0,92,16
0.959999,117,1401,0,30.218,0.23534,22.1678,0,0,670,229
0.959999,118,276,0,30.2376,0.304909,22.171,0,0,115,677
0.959999,119,1031,1,30.2311,0.303478,21.6866,0,0,454,599
0.959999,120,328,0,30.2263,0.297116,21.6848,0,0,134,615
0.959999,121,584,0,30.0793,0.108065,21.6295,0,0,240,636
0.959999,122,1366,0,30.2039,0.266917,21.6765,0,0,651,556
0.959999,123,268,0,29.9037,-0.435556,21.1153,0,0,111,64
0.959999,124,226,0,30.2225,0.299209,21.2016,0,0,95,626
0.959999,125,1267,0,28.0756,-10,20.9597,0,0,592,202
0.959999,126,1104,2,30.2207,0.2967,21.2009,0,0,501,447
0.959999,127,1409,0,25.7645,-9.82197,12.4145,1,0,673,668
0.959999,128,66,0,29.9159,-0.115948,20.6148,0,0,34,204
0.959999,129,1100,1,30.0911,0.292298,20.6326,0,0,499,99
0.959999,130,320,0,30.1989,0.280386,20.2296,0,0,132,630
0.959999,131,445,1,30.2021,0.288184,20.231,0,0,186,125
0.959999,132,949,0,30.1655,0.210121,20.2201,0,0,406,204
0.959999,133,454,0,30.2118,0.299039,20.2341,0,0,189,263
0.959999,134,766,0,30.1244,0.177534,20.2034,0,0,327,99
0.959999,135,33,0,26.1788,-10,4.97004,1,0,554,226
0.959999,136,940,0,30.071,0.260381,19.7244,0,0,403,294
0.959999,137,682,0,30.2102,0.304493,19.7518,0,0,282,485
0.959999,138,60,0,30.2088,0.302462,19.7513,0,0,32,45
0.959999,139,469,0,29.9238,-1.07049,19.7208,0,0,193,104
0.959999,140,73,0,30.2002,0.297577,19.2668,0,0,36,636
0.959999,141,535,0,30.2082,0.309572,19.2694,0,0,219,531
0.959999,142,530,0,26.1217,-0.586062,17.4833,0,0,217,481
0.959999,143,11,1,30.2068,0.307541,19.2689,0,0,8,19
0.959999,144,764,0,30.2027,0.30127,19.2676,0,0,325,307
0.959999,145,847,1,26.3877,-10,5.16235,1,0,227,341
0.959999,146,1299,0,30.056,0.330092,19.1678,0,0,610,31
0.959999,147,129,0,28.5544,-10,4.82165,1,0,56,548
0.959999,148,531,0,26.3802,-0.46564,17.1337,0,0,218,476
0.959999,149,854,0,30.1579,0.216518,18.7749,0,0,366,395
0.959999,150,330,0,30.0097,0.264557,18.6742,0,0,135,101
0.959999,151,1337,0,30.0639,-0.0370841,18.748,0,0,637,97
0.959999,152,297,0,30.1926,0.29392,18.7826,0,0,123,471
0.959999,153,1294,0,30.1711,0.269742,18.2942,0,0,607,22
0.959999,154,566,0,30.0473,0.334795,18.2067,0,0,232,566
0.959999,155,1167,0,30.1964,0.308239,18.3022,0,0,539,479
0.959999,156,1282,0,30.1982,0.311139,18.3028,0,0,600,338
0.959999,157,362,0,30.1825,0.263374,18.2993,0,0,149,83
0.959999,158,775,0,28.367,-2.50428,17.7183,0,0,331,133
0.959999,159,749,0,26.2554,-0.429902,16.6692,0,0,318,299
0.959999,160,831,0,29.7953,-0.269071,17.6929,0,0,355,246
0.959999,161,1319,0,30.1775,0.286068,17.8148,0,0,624,506
0.959999,162,802,0,30.1767,0.284765,17.8146,0,0,342,306
0.959999,163,931,0,30.1885,0.304197,17.8182,0,0,398,48
0.959999,164,17,0,30.1886,0.30428,17.8182,0,0,12,15
0.959999,165,480,0,30.1774,0.285826,17.8148,0,0,196,79
0.959999,166,33,0,30.0419,0.335628,17.7259,0,0,18,486
0.959999,167,271,0,26.4353,-0.844086,16.3106,0,0,113,156
0.959999,168,77,0,29.3056,-1.94029,17.1294,0,0,38,479
0.959999,169,236,0,30.1852,0.307598,17.3356,0,0,99,374
0.959999,170,779,0,28.6998,-10,17.2166,0,0,333,105
0.959999,171,185,1,30.1802,0.30307,17.3335,0,0,79,516
0.959999,172,847,0,29.9259,-0.305559,17.2683,0,0,363,477
0.959999,173,1138,0,27.7298,-10,16.2088,0,0,521,673
0.959999,174,1432,0,29.725,-0.386317,16.7204,0,0,689,297
0.959999,175,126,1,28.0435,-10,6.00634,1,0,514,330
0.959999,176,83,0,26.354,-0.867077,15.0042,0,0,40,381
0.959999,177,335,0,30.0016,0.338279,16.2783,0,0,137,385
0.959999,178,786,0,26.6289,-0.97903,15.0752,0,0,336,338
0.959999,179,1192,1,30.1782,0.314292,16.3706,0,0,555,549
0.959999,180,1238,0,29.2122,-1.63387,16.11,0,0,575,532
0.959999,181,1392,0,30.1615,0.227942,15.8859,0,0,665,462
0.959999,182,1032,0,30.172,0.312785,15.8874,0,0,455,298
0.959999,183,648,0,30.1716,0.312143,15.8873,0,0,266,508
0.959999,184,394,0,24.7683,-7.82688,14.4048,0,0,163,477
0.959999,185,1045,0,29.9231,-0.111627,15.8198,0,0,463,390
0.959999,186,37,0,29.9766,0.231124,15.7924,0,0,20,156
0.959999,187,1187,0,27.4871,-10,1.62985,1,0,553,530
0.959999,188,387,0,26.1139,-3.10412,14.5709,0,0,161,672
0.959999,189,286,0,30.1717,0.312315,15.8873,0,0,119,301
0.959999,190,563,0,26.3362,-1.8441,14.5944,0,0,231,340
0.959999,191,428,0,26.3685,-0.94389,14.5822,0,0,178,100
0.959999,192,990,0,26.0163,-2.56131,14.1143,0,0,429,298
0.959999,193,81,0,25.865,-2.85262,14.0914,0,0,39,340
0.959999,194,1011,1,29.9711,0.272411,15.3125,0,0,440,482
0.959999,195,760,0,30.1625,0.305167,15.4035,0,0,323,598
0.959999,196,699,0,30.1374,0.265845,14.9156,0,0,292,635
0.959999,197,843,0,25.04,-10,3.09224,1,0,223,392
0.959999,198,1338,0,27.4907,-10,14.2272,0,0,638,623
0.959999,199,1242,0,26.0729,-4.15703,13.7193,0,0,577,338
0.959999,200,1422,0,26.7496,-1.33696,13.8123,0,0,681,97
0.959999,201,1154,2,27.2569,0.708386,14.0405,0,0,533,678
0.959999,202,784,0,26.0183,-2.59122,13.2673,0,0,335,481
0.959999,203,1052,1,27.6807,-10,0.831642,1,0,364,340
0.959999,204,751,0,26.8421,-1.94323,13.4105,0,0,319,384
0.959999,205,960,0,29.8814,-0.43577,14.3808,0,0,414,631
0.959999,206,1424,0,26.2091,-10,13.4717,0,0,683,485
0.959999,207,157,0,30.1493,0.310498,13.9562,0,0,68,280
0.959999,208,257,0,27.1315,-1.64902,13.0326,0,0,107,14
0.959999,209,254,0,30.1499,0.311875,13.9564,0,0,106,142
0.959999,210,1006,0,27.0685,-10,2.38506,1,0,437,640
0.959999,211,957,0,30.1465,0.315986,13.4744,0,0,411,573
0.959999,212,772,0,30.1139,0.245816,13.4667,0,0,330,439
0.959999,213,1123,1,30.1349,0.306663,13.4707,0,0,511,76
0.959999,214,1269,0,26.6577,-2.25236,12.5045,0,0,594,567
0.959999,215,14,0,28.9892,-10,3.77294,1,0,622,517
0.959999,216,672,0,30.1383,0.298244,13.4725,0,0,277,652
0.959999,217,861,0,30.1335,0.2876,13.4713,0,0,369,644
0.959999,218,44,0,30.1428,0.319871,12.9923,0,0,25,595
0.959999,219,1233,0,27.3176,-1.9125,12.1938,0,0,574,378
0.959999,220,75,0,27.1861,-2.08482,12.1672,0,0,37,568
0.959999,221,547,0,29.9099,0.156424,12.9063,0,0,224,478
0.959999,222,1140,0,25.68,-10,11.9923,0,0,522,339
0.959999,223,269,0,27.1852,-1.92463,12.1638,0,0,112,677
0.959999,224,880,0,30.0508,0.121703,12.491,0,0,376,346
0.959999,225,890,0,29.9893,-0.0308761,12.4779,0,0,382,378
0.959999,226,542,0,30.0536,0.125019,12.4917,0,0,222,676
0.959999,227,971,0,30.1358,0.316346,12.5096,0,0,420,220
0.959999,228,561,0,26.5085,-3.84086,11.6292,0,0,229,481
0.959999,229,719,0,30.0613,0.21651,12.4938,0,0,302,547
0.959999,230,1285,0,29.9807,0.341524,12.443,0,0,602,381
0.959999,231,1046,0,27.3665,-2.79498,11.3461,0,0,464,100
0.959999,232,695,0,29.9669,0.321024,11.9616,0,0,290,358
0.959999,233,183,0,30.1311,0.317953,12.0275,0,0,78,628
0.959999,234,386,0,26.804,-3.0202,11.228,0,0,160,382
0.959999,235,241,0,30.1313,0.318503,12.0276,0,0,101,161
0.959999,236,537,0,26.8082,-2.62229,11.2252,0,0,220,571
0.959999,237,159,0,30.0984,0.200908,12.0211,0,0,69,330
0.959999,238,993,0,27.9094,-2.39166,10.9978,0,0,430,547
0.959999,239,1034,0,30.0345,0.0837193,11.5271,0,0,457,398
0.959999,240,1371,0,30.1196,0.302464,11.5442,0,0,652,96
0.959999,241,457,0,30.1251,0.31644,11.5453,0,0,190,661
0.959999,242,1201,0,27.8865,-6.60266,11.1151,0,0,560,185
0.959999,243,1240,0,26.6117,-5.02116,10.3457,0,0,576,631
0.959999,244,647,0,29.9301,0.247995,10.9979,0,0,265,136
0.959999,245,1002,0,30.1178,0.311214,11.0628,0,0,435,513
0.959999,246,1228,0,30.0628,0.127478,11.0533,0,0,572,391
0.959999,247,550,0,26.7545,-4.77456,10.3581,0,0,226,385
0.959999,248,683,0,26.692,-5.22484,10.3807,0,0,283,530
0.959999,249,34,0,26.767,-7.79181,9.93265,0,0,19,678
0.959999,250,398,0,29.9417,-0.216767,10.553,0,0,165,53
0.959999,251,1050,0,27.8647,-2.57706,10.0725,0,0,466,379
0.959999,252,1183,0,30.1126,0.311404,10.5809,0,0,550,163
0.959999,253,1333,0,30.1147,0.317195,10.5813,0,0,634,9
0.959999,254,980,0,30.1095,0.30269,10.5803,0,0,425,115
0.959999,255,42,0,30.0766,0.221095,10.0936,0,0,23,402
0.959999,256,346,0,30.1074,0.31172,10.0991,0,0,142,457
0.959999,257,1088,0,30.1078,0.312735,10.0991,0,0,490,233
0.959999,258,1003,0,30.1097,0.318282,10.0995,0,0,436,541
0.959999,259,1330,0,26.64,-10,0.318641,1,0,571,672
0.959999,260,549,0,29.9538,0.347311,10.0455,0,0,225,390
0.959999,261,1031,0,29.9481,0.347897,9.56623,0,0,454,679
0.959999,262,986,0,27.7772,-3.21228,9.15217,0,0,427,383
0.959999,263,988,0,27.6293,-3.48172,9.13073,0,0,428,672
0.959999,264,1230,0,29.7299,-1.26867,9.56285,0,0,573,569
0.959999,265,11,0,29.9448,0.336998,9.56569,0,0,8,57
0.959999,266,920,0,30.0818,0.26305,9.13319,0,0,394,518
0.959999,267,1249,0,30.0869,0.278919,9.13401,0,0,581,432
0.959999,268,535,0,26.9894,-8.16025,8.63407,0,0,219,531
0.959999,269,403,0,30.1,0.321738,9.13613,0,0,166,113
0.959999,270,736,0,30.1004,0.322904,9.13618,0,0,310,508
0.959999,271,538,0,27.3936,-6.27607,8.21597,0,0,221,382
0.959999,272,1246,0,27.6378,-4.02677,8.23272,0,0,579,495
0.959999,273,1172,0,29.2516,-3.53137,8.05788,0,0,542,375
0.959999,274,33,1,29.5002,0.41758,8.03247,0,0,18,461
0.959999,275,1103,0,30.0854,0.307533,8.17238,0,0,500,334
0.959999,276,268,0,27.3362,-7.63879,7.76952,0,0,111,687
0.959999,277,84,0,30.0844,0.303818,8.17223,0,0,41,208
0.959999,278,1353,0,30.0895,0.322425,8.17297,0,0,646,231
0.959999,279,1038,0,30.0738,0.28243,7.6901,0,0,459,64
0.959999,280,530,0,27.44,-10,7.33184,0,0,217,562
0.959999,281,344,0,30.0844,0.323653,7.69156,0,0,140,295
0.959999,282,711,0,30.0782,0.299666,7.69071,0,0,297,603
0.959999,283,779,0,27.44,-10,7.33184,0,0,333,687
0.959999,284,331,0,28.5318,-3.5039,7.44858,0,0,136,332
0.959999,285,832,0,30.0575,0.235735,7.20741,0,0,356,293
0.959999,286,31,0,30.0471,0.191754,7.20608,0,0,17,55
0.959999,287,1170,0,29.92,0.351319,7.17125,0,0,541,617
0.959999,288,1317,0,29.9883,-0.0406419,7.19842,0,0,623,400
0.959999,289,981,0,28.4922,-3.83113,6.97622,0,0,426,461
0.959999,290,1086,0,29.6349,-1.12488,7.15149,0,0,489,560
0.959999,291,726,0,29.9383,0.0249259,7.1878,0,0,305,312
0.959999,292,38,0,30.0736,0.323184,6.72888,0,0,21,90
0.959999,293,1303,1,30.0514,0.228653,6.72657,0,0,614,352
0.959999,294,1335,0,30.0718,0.315435,6.72867,0,0,635,51
0.959999,295,1238,0,27.76,-10,6.4512,0,0,575,392
0.959999,296,347,0,30.0591,0.279527,6.24665,0,0,143,126
0.959999,297,813,0,30.0663,0.31389,6.24746,0,0,346,87
0.959999,298,1067,0,29.2025,0.419098,6.11042,0,0,477,500
0.959999,299,1079,1,29.9729,0.307103,6.22817,0,0,484,644
0.959999,300,1142,0,30.0694,0.328773,6.24781,0,0,523,341
0.959999,301,704,0,30.0638,0.327723,5.76667,0,0,294,445
0.959999,302,1211,0,30.0642,0.330014,5.76671,0,0,564,186
0.959999,303,475,0,30.0554,0.284369,5.76578,0,0,195,513
0.959999,304,601,0,30.0594,0.30477,5.7662,0,0,246,646
0.959999,305,469,0,28.24,-10,5.11104,0,0,193,71
0.959999,306,428,0,28.24,-10,5.11104,0,0,178,264
0.959999,307,686,0,30.0533,0.299006,5.28514,0,0,285,54
0.959999,308,1422,0,28.4,-10,4.6592,0,0,681,476
0.959999,309,77,0,28.4,-10,4.6592,0,0,38,678
0.959999,310,15,1,30.0462,0.332165,4.80353,0,0,10,569
0.959999,311,83,0,28.4,-10,4.6592,0,0,40,100
0.959999,312,1259,0,30.0429,0.264679,4.80379,0,0,586,14
0.959999,313,586,0,30.0375,0.231512,4.80332,0,0,240,412
0.959999,314,848,0,28.56,-10,4.2048,0,0,364,273
0.959999,315,778,0,30.0482,0.331088,4.32386,0,0,332,141
0.959999,316,363,2,29.8433,0.362288,4.29477,0,0,150,626
0.959999,317,579,0,28.7456,-6.34508,4.21188,0,0,238,402
0.959999,318,271,0,28.56,-10,4.2048,0,0,113,531
0.959999,319,706,0,30.041,0.281578,4.32329,0,0,295,410
0.959999,320,728,0,30.0428,0.331764,3.84309,0,0,306,58
0.959999,321,744,0,30.0421,0.325751,3.84304,0,0,316,137
0.959999,322,39,0,30.0429,0.332018,3.8431,0,0,22,235
0.959999,323,140,0,29.2749,-4.55459,3.78407,0,0,63,103
0.959999,324,1323,0,29.8289,-0.62555,3.82025,0,0,626,683
0.959999,325,1162,0,30.0369,0.326786,3.36237,0,0,536,212
0.959999,326,531,0,28.88,-10,3.28832,0,0,218,339
0.959999,327,99,0,30.031,0.320617,2.88174,0,0,47,359
0.959999,328,1337,0,29.04,-10,2.82624,0,0,637,392
0.959999,329,822,0,30.0311,0.322048,2.88175,0,0,351,290
0.959999,330,790,0,29.2317,-6.4759,2.834,0,0,337,549
0.959999,331,1151,0,30.031,0.255004,2.88179,0,0,529,63
0.959999,332,766,0,29.2,-10,2.3616,0,0,327,280
0.959999,333,157,0,29.2,-10,2.3616,0,0,68,257
0.959999,334,544,0,29.2,-10,2.3616,0,0,223,566
0.959999,335,842,0,30.0142,0.176543,2.40068,0,0,361,130
0.959999,336,1165,0,30.0072,0.0744228,2.40036,0,0,538,262
0.959999,337,882,0,30.026,0.32331,2.40125,0,0,378,89
0.959999,338,682,1,29.3665,-10,2.36693,0,0,282,558
0.959999,339,1192,0,29.8574,0.362049,1.91032,0,0,555,611
0.959999,340,977,0,30.0121,0.189102,1.92049,0,0,424,285
0.959999,341,1209,0,29.36,-10,1.8944,0,0,563,162
0.959999,342,940,0,29.36,-10,1.8944,0,0,403,636
0.959999,343,721,0,29.36,-10,1.8944,0,0,303,568
0.959999,344,542,1,29.643,-5.96934,1.42754,0,0,222,461
0.959999,345,48,0,30.0102,0.211628,1.44033,0,0,27,138
0.959999,346,386,0,29.52,-10,1.42464,0,0,160,102
0.959999,347,1349,0,29.9344,-1.34009,1.43789,0,0,644,95
0.959999,348,1308,0,30.0108,0.337187,0.960259,0,0,618,480
0.959999,349,1256,0,29.8475,-9.53415,0.477559,0,0,585,648
0.959999,350,93,0,30.0049,0.30924,0.480079,0,0,44,7
0.959999,351,1388,0,30.0053,0.334033,0.480086,0,0,662,507
0.959999,352,1116,0,30.0038,0.240408,0.480062,0,0,507,526
0.959999,353,660,0,29.9041,-5.9915,0.478466,0,0,271,246
0.959999,354,1064,0,30.0053,0.331297,0.480085,0,0,474,104
0.975999,0,566,1,30.314,0.292753,29.9223,0,0,232,680
0.975999,1,271,0,30.167,0.0771755,29.8683,0,0,113,488
0.975999,2,1254,1,28.3713,-5.03448,7.8728,1,0,585,597
0.975999,3,387,0,28.9593,-2.93286,29.4925,0,0,161,155
0.975999,4,1050,0,30.2996,0.2789,29.9149,0,0,466,408
0.975999,5,1070,1,29.1533,-10,3.75817,1,0,477,106
0.975999,6,33,2,30.2972,0.240951,29.9175,0,0,18,485
0.975999,7,847,1,29.9126,-0.608067,29.7993,0,0,363,676
0.975999,8,531,0,30.314,0.292753,29.9223,0,0,218,532
0.975999,9,843,0,28.9542,-1.07734,29.3095,0,0,362,483
0.975999,10,335,2,30.2872,0.292507,29.9103,0,0,137,680
0.975999,11,1233,0,30.3093,0.293501,29.4373,0,0,574,478
0.975999,12,1432,2,30.2831,0.29768,29.4153,0,0,689,578
0.975999,13,17,1,28.8331,-10,3.88754,1,0,2,35
0.975999,14,751,0,29.9523,-0.597258,29.2987,0,0,319,390
0.975999,15,1299,1,30.3072,0.291426,29.4362,0,0,610,578
0.975999,16,56,0,30.2794,0.264239,29.4222,0,0,30,542
0.975999,17,257,0,30.3093,0.293501,29.4373,0,0,107,80
0.975999,18,530,0,30.0906,-0.198975,29.3689,0,0,217,532
0.975999,19,682,1,27.5881,-3.85784,14.0183,1,0,533,297
0.975999,20,1242,0,28.5873,-4.49665,28.9415,0,0,577,102
0.975999,21,1167,0,23.8994,-9.0162,12.5144,1,0,522,680
0.975999,22,1187,0,30.3046,0.29425,28.9523,0,0,552,296
0.975999,23,75,0,30.1757,-0.0315221,28.9096,0,0,37,679
0.975999,24,140,0,30.3005,0.290219,28.9503,0,0,63,377
0.975999,25,786,0,30.3025,0.292141,28.9513,0,0,336,101
0.975999,26,571,0,30.302,0.291625,28.951,0,0,234,476
0.975999,27,330,1,30.2665,0.300317,28.927,0,0,135,339
0.975999,28,449,0,30.2392,0.301829,28.9219,0,0,187,566
0.975999,29,1,0,30.1325,0.12104,28.8674,0,0,1,6
0.975999,30,843,0,22.3488,-4.88611,14.1408,1,0,223,565
0.975999,31,1325,0,27.1196,-10,8.94768,1,0,28,279
0.975999,32,749,0,30.2966,0.291709,28.4659,0,0,318,22
0.975999,33,269,0,30.2981,0.293143,28.4666,0,0,112,675
0.975999,34,810,0,30.1591,0.150933,28.3991,0,0,345,46
0.975999,35,1138,1,25.643,-2.75063,12.3594,1,0,283,122
0.975999,36,1191,1,24.1728,-7.36519,11.3014,1,0,638,391
0.975999,37,1124,0,29.9804,-0.496117,28.4012,0,0,511,518
0.975999,38,563,0,29.7547,-0.92297,28.2776,0,0,231,297
0.975999,39,561,0,29.0485,-0.619022,27.8657,0,0,229,571
0.975999,40,1422,0,30.2936,0.294081,27.9819,0,0,681,675
0.975999,41,906,0,29.9539,-10,1.00892,1,0,386,126
0.975999,42,566,1,22.7422,-5.32124,9.64934,1,0,430,675
0.975999,43,976,0,30.2384,0.173164,27.968,0,0,423,237
0.975999,44,1246,0,24.1646,-10,5.24554,1,0,685,230
0.975999,45,986,0,30.1637,-0.0426422,27.9413,0,0,427,384
0.975999,46,1037,0,30.2381,0.236614,27.9554,0,0,458,667
0.975999,47,898,0,30.2443,0.243031,27.9583,0,0,385,549
0.975999,48,1343,0,30.1072,-0.96883,27.9464,0,0,643,88
0.975999,49,708,0,29.9256,-0.0906305,27.8064,0,0,296,676
0.975999,50,1285,1,30.2913,0.291743,27.9808,0,0,602,558
0.975999,51,311,0,30.2741,0.279338,27.4902,0,0,128,372
0.975999,52,637,0,30.2776,0.283086,27.4919,0,0,262,206
0.975999,53,988,0,30.0166,-0.0363432,27.3893,0,0,428,630
0.975999,54,1030,0,30.2875,0.293408,27.4965,0,0,453,646
0.975999,55,538,0,28.9252,-1.23788,27.0194,0,0,221,486
0.975999,56,1164,0,30.2591,0.263547,27.4832,0,0,537,300
0.975999,57,838,0,30.1701,0.122822,27.4572,0,0,359,565
0.975999,58,654,1,30.2838,0.293015,27.4952,0,0,269,106
0.975999,59,43,0,30.2134,0.213926,26.9801,0,0,24,559
0.975999,60,550,0,29.1,-1.50139,26.5749,0,0,226,578
0.975999,61,542,1,30.175,0.085702,26.9812,0,0,222,547
0.975999,62,83,0,30.2644,0.180853,27.0107,0,0,40,530
0.975999,63,990,0,29.4194,-1.68367,26.7211,0,0,429,486
0.975999,64,1284,0,30.2335,0.119519,26.9944,0,0,601,482
0.975999,65,1154,0,24.7389,-1.95669,4.16084,1,0,521,611
0.975999,66,945,0,30.2288,0.236135,26.987,0,0,405,152
0.975999,67,660,1,30.283,0.294321,27.012,0,0,271,600
0.975999,68,177,0,30.2691,0.279479,27.0056,0,0,76,117
0.975999,69,428,0,30.2731,0.289524,26.5252,0,0,178,576
0.975999,70,1187,1,23.6825,-6.5134,10.1859,1,0,553,488
0.975999,71,1011,2,30.2316,0.115854,26.5064,0,0,440,382
0.975999,72,397,0,29.9974,-0.430328,26.4726,0,0,164,577
0.975999,73,37,2,30.2776,0.298555,26.5277,0,0,20,488
0.975999,74,562,0,28.4504,-3.5598,25.9371,0,0,230,673
0.975999,75,1269,0,29.9881,-0.331553,26.4327,0,0,594,482
0.975999,76,394,0,27.7825,-2.75267,25.4498,0,0,163,31
0.975999,77,386,0,29.8638,-0.184122,25.8787,0,0,160,483
0.975999,78,1352,0,30.0604,-1.46867,26.0168,0,0,645,41
0.975999,79,81,0,29.3454,-2.51355,25.8054,0,0,39,383
0.975999,80,549,1,30.2762,0.298781,26.0442,0,0,225,548
0.975999,81,1104,0,26.6054,-3.1297,3.49382,1,0,500,285
0.975999,82,661,0,29.7042,-0.412898,25.3469,0,0,272,599
0.975999,83,625,1,30.2571,0.296049,25.5529,0,0,255,572
0.975999,84,784,0,29.6162,-0.924253,24.87,0,0,335,630
0.975999,85,1423,0,30.2645,0.297928,25.0746,0,0,682,599
0.975999,86,1261,1,30.253,0.288189,25.0692,0,0,587,22
0.975999,87,365,0,30.2593,0.291848,25.0723,0,0,151,369
0.975999,88,790,0,30.2636,0.296788,25.0741,0,0,337,155
0.975999,89,37,1,23.1636,-5.82291,7.83966,1,0,426,148
0.975999,90,1039,1,28.6307,-4.72251,8.63188,1,0,290,515
0.975999,91,1052,1,25.9853,-10,11.233,1,0,364,3
0.975999,92,596,0,30.2036,0.298174,24.5587,0,0,244,192
0.975999,93,647,1,30.2453,0.281579,24.5842,0,0,265,64
0.975999,94,537,0,30.1824,0.057182,24.5701,0,0,220,299
0.975999,95,1274,0,29.9991,-0.0451278,24.482,0,0,595,391
0.975999,96,830,0,30.2583,0.296936,24.5897,0,0,354,18
0.975999,97,330,1,23.0813,-5.74355,8.96175,1,0,136,631
0.975999,98,1246,0,30.2598,0.298702,24.5903,0,0,579,591
0.975999,99,579,0,30.2553,0.299831,24.1063,0,0,238,3
0.975999,100,975,0,29.6572,-0.847847,23.9637,0,0,422,683
0.975999,101,1170,1,30.2534,0.2975,24.1055,0,0,541,142
0.975999,102,1385,0,30.2285,0.267444,24.0952,0,0,660,365
0.975999,103,1268,0,30.2547,0.299065,24.1061,0,0,593,101
0.975999,104,547,1,29.9408,-0.572515,24.0224,0,0,224,296
0.975999,105,1045,1,26.1326,-10,9.88686,1,0,464,296
0.975999,106,1006,0,30.2452,0.294002,23.62,0,0,438,233
0.975999,107,1240,0,29.5853,-1.61503,23.4296,0,0,576,300
0.975999,108,1246,0,24.806,-10,0.885349,1,0,563,569
0.975999,109,605,0,30.2461,0.295217,23.6204,0,0,247,7
0.975999,110,1338,1,24.4447,-10,6.72457,1,0,19,99
0.975999,111,721,0,25.1905,-6.90633,21.4241,0,0,303,483
0.975999,112,933,0,30.2327,0.285034,23.1331,0,0,399,622
0.975999,113,1052,0,30.2458,0.301523,23.1383,0,0,467,3
0.975999,114,392,0,30.1258,-0.0183163,22.6226,0,0,162,611
0.975999,115,46,1,30.1353,-6.15816,0.806737,1,0,626,118
0.975999,116,220,0,30.2292,0.287175,22.6497,0,0,92,16
0.975999,117,1401,0,30.2217,0.234758,22.6513,0,0,670,229
0.975999,118,276,0,30.2425,0.304138,22.6549,0,0,115,677
0.975999,119,1031,1,30.2359,0.302708,22.1704,0,0,454,599
0.975999,120,328,0,30.2311,0.296358,22.1685,0,0,134,615
0.975999,121,584,0,30.0811,0.108083,22.1108,0,0,240,636
0.975999,122,1366,0,30.2082,0.266201,22.1598,0,0,651,556
0.975999,123,268,0,29.8967,-0.438942,21.5936,0,0,111,64
0.975999,124,226,0,30.2273,0.298446,21.6852,0,0,95,626
0.975999,125,813,0,27.9156,-10,0.157395,1,0,592,202
0.975999,126,1108,2,30.2255,0.295942,0.186505,1,0,501,447
0.975999,127,1409,0,25.6117,-9.54994,12.8243,1,0,673,668
0.975999,128,66,0,29.9141,-0.114149,21.0934,0,0,34,204
0.975999,129,1100,1,30.0958,0.291533,21.1142,0,0,499,99
0.975999,130,320,0,30.2033,0.279651,20.7129,0,0,132,630
0.975999,131,445,1,30.2067,0.287437,20.7143,0,0,186,125
0.975999,132,949,0,30.1689,0.20965,20.7028,0,0,406,204
0.975999,133,454,0,30.2166,0.298276,20.7176,0,0,189,263
0.975999,134,766,0,30.1272,0.177172,20.6854,0,0,327,99
0.975999,135,33,0,26.0188,-10,5.38634,1,0,554,226
0.975999,136,940,0,30.0751,0.259654,20.2056,0,0,403,294
0.975999,137,682,0,30.215,0.303721,20.2352,0,0,282,485
0.975999,138,60,0,30.2136,0.301693,20.2348,0,0,32,45
0.975999,139,469,0,29.9069,-1.0528,20.1994,0,0,193,104
0.975999,140,73,0,30.205,0.296815,19.75,0,0,36,636
0.975999,141,535,0,30.2131,0.308791,19.7528,0,0,219,531
0.975999,142,530,0,26.1131,-0.535635,17.9011,0,0,217,481
0.975999,143,11,1,30.2117,0.306763,19.7523,0,0,8,19
0.975999,144,764,0,30.2075,0.300503,19.7509,0,0,325,307
0.975999,145,847,1,26.2277,-10,5.582,1,0,227,341
0.975999,146,1299,0,30.0613,0.329269,19.6488,0,0,610,31
0.975999,147,129,0,28.3944,-10,5.27596,1,0,56,548
0.975999,148,531,0,26.3737,-0.406717,17.5557,0,0,218,476
0.975999,149,854,0,30.1614,0.215972,19.2575,0,0,366,395
0.975999,150,330,0,30.0139,0.26392,19.1544,0,0,135,101
0.975999,151,1337,0,30.0634,-0.0360454,19.229,0,0,637,97
0.975999,152,297,0,30.1973,0.293163,19.2658,0,0,123,471
0.975999,153,1294,0,30.1754,0.269018,18.777,0,0,607,22
0.975999,154,566,0,30.0526,0.333964,18.6875,0,0,232,566
0.975999,155,1167,0,30.2013,0.307459,18.7854,0,0,539,479
0.975999,156,1282,0,30.2032,0.310354,18.7861,0,0,600,338
0.975999,157,362,0,30.1867,0.262709,18.7823,0,0,149,83
0.975999,158,775,0,28.3271,-2.49572,18.1715,0,0,331,133
0.975999,159,749,0,26.2495,-0.365248,17.0892,0,0,318,299
0.975999,160,831,0,29.791,-0.265368,18.1695,0,0,355,246
0.975999,161,1319,0,30.1821,0.285322,18.2977,0,0,624,506
0.975999,162,802,0,30.1813,0.28402,18.2975,0,0,342,306
0.975999,163,931,0,30.1934,0.303425,18.3013,0,0,398,48
0.975999,164,17,0,30.1934,0.303507,18.3013,0,0,12,15
0.975999,165,480,0,30.1819,0.28508,18.2977,0,0,196,79
0.975999,166,33,0,30.0473,0.334795,18.2067,0,0,18,486
0.975999,167,271,0,26.423,-0.77168,16.7334,0,0,113,156
0.975999,168,77,0,29.2745,-1.94361,17.5978,0,0,38,479
0.975999,169,236,0,30.1901,0.30682,17.8187,0,0,99,374
0.975999,170,779,0,28.5398,-10,17.6732,0,0,333,105
0.975999,171,185,1,30.1851,0.302298,17.8165,0,0,79,516
0.975999,172,847,0,29.9205,-0.339888,17.747,0,0,363,477
0.975999,173,1138,0,27.5698,-10,16.6499,0,0,521,673
0.975999,174,1432,0,29.7189,-0.380922,17.1959,0,0,689,297
0.975999,175,126,1,27.8835,-10,6.45248,1,0,514,330
0.975999,176,83,0,26.3417,-0.769033,15.4257,0,0,40,381
0.975999,177,335,0,30.0062,0.288611,16.7584,0,0,137,385
0.975999,178,786,0,26.6147,-0.887683,15.501,0,0,336,338
0.975999,179,1192,1,30.1833,0.313501,16.8535,0,0,555,549
0.975999,180,1238,0,29.1847,-1.71841,16.577,0,0,575,532
0.975999,181,1392,0,30.1651,0.227257,16.3686,0,0,665,462
0.975999,182,1032,0,30.1769,0.311997,16.3702,0,0,455,298
0.975999,183,648,0,30.1766,0.311356,16.3701,0,0,266,508
0.975999,184,394,0,24.6591,-6.82975,14.7994,0,0,163,477
0.975999,185,1045,0,29.9213,-0.110076,16.2985,0,0,463,390
0.975999,186,37,0,29.9803,0.230624,16.2721,0,0,20,156
0.975999,187,1187,0,27.3271,-10,2.06708,1,0,553,530
0.975999,188,387,0,26.0653,-3.03461,14.988,0,0,161,672
0.975999,189,286,0,30.1767,0.311528,16.3702,0,0,119,301
0.975999,190,563,0,26.3083,-1.74344,15.0154,0,0,231,340
0.975999,191,428,0,26.3552,-0.830459,15.0039,0,0,178,100
0.975999,192,990,0,25.9774,-2.42762,14.53,0,0,429,298
0.975999,193,81,0,25.8212,-2.73736,14.5046,0,0,39,340
0.975999,194,1011,1,29.9754,0.266903,15.7921,0,0,440,482
0.975999,195,760,0,30.1674,0.304391,15.8862,0,0,323,598
0.975999,196,699,0,30.1416,0.265121,15.3979,0,0,292,635
0.975999,197,843,0,24.88,-10,3.49032,1,0,223,392
0.975999,198,1338,0,27.3307,-10,14.6645,0,0,638,623
0.975999,199,1242,0,26.0072,-4.10288,14.1354,0,0,577,338
0.975999,200,1422,0,26.7301,-1.21764,14.24,0,0,681,97
0.975999,201,1154,2,27.2682,0.707068,14.4768,0,0,533,678
0.975999,202,784,0,25.9804,-2.36411,13.683,0,0,335,481
0.975999,203,1052,1,27.5207,-10,1.27197,1,0,364,340
0.975999,204,751,0,26.8127,-1.83802,13.8395,0,0,319,384
0.975999,205,960,0,29.8744,-0.44005,14.8588,0,0,414,631
0.975999,206,1424,0,26.0491,-10,13.8885,0,0,683,485
0.975999,207,157,0,30.1542,0.309712,14.4387,0,0,68,280
0.975999,208,257,0,27.107,-1.52958,13.4663,0,0,107,14
0.975999,209,254,0,30.1549,0.311087,14.4389,0,0,106,142
0.975999,210,1006,0,26.9085,-10,2.8156,1,0,437,640
0.975999,211,957,0,30.1515,0.315191,13.9568,0,0,411,573
0.975999,212,772,0,30.1178,0.245205,13.9486,0,0,330,439
0.975999,213,1123,1,30.1398,0.305883,13.9529,0,0,511,76
0.975999,214,1269,0,26.6244,-2.07751,12.9304,0,0,594,567
0.975999,215,14,0,28.8292,-10,4.2342,1,0,622,517
0.975999,216,672,0,30.1431,0.297477,13.9548,0,0,277,652
0.975999,217,861,0,30.1381,0.286846,13.9535,0,0,369,644
0.975999,218,44,0,30.1479,0.319069,13.4747,0,0,25,595
0.975999,219,1233,0,27.2891,-1.78122,12.6305,0,0,574,378
0.975999,220,75,0,27.1549,-1.94919,12.6017,0,0,37,568
0.975999,221,547,0,29.9124,0.15538,13.3849,0,0,224,478
0.975999,222,1140,0,25.52,-10,12.4006,0,0,522,339
0.975999,223,269,0,27.1567,-1.78153,12.5983,0,0,112,677
0.975999,224,880,0,30.0527,0.12166,12.9718,0,0,376,346
0.975999,225,890,0,29.9888,-0.0312936,12.9577,0,0,382,378
0.975999,226,542,0,30.0556,0.124718,12.9726,0,0,222,676
0.975999,227,971,0,30.1409,0.31555,12.9919,0,0,420,220
0.975999,228,561,0,26.4514,-3.57327,12.0525,0,0,229,481
0.975999,229,719,0,30.0647,0.208588,12.9748,0,0,302,547
0.975999,230,1285,0,29.9862,0.340678,12.9228,0,0,602,381
0.975999,231,1046,0,27.3245,-2.62482,11.7833,0,0,464,100
0.975999,232,695,0,29.9721,0.320207,12.4412,0,0,290,358
0.975999,233,183,0,30.1362,0.317154,12.5097,0,0,78,628
0.975999,234,386,0,26.7597,-2.76955,11.6561,0,0,160,382
0.975999,235,241,0,30.1364,0.317703,12.5098,0,0,101,161
0.975999,236,537,0,26.7704,-2.36326,11.6535,0,0,220,571
0.975999,237,159,0,30.1015,0.192701,12.5027,0,0,69,330
0.975999,238,993,0,27.8731,-2.26834,11.4438,0,0,430,547
0.975999,239,1034,0,30.0359,0.0831834,12.0076,0,0,457,398
0.975999,240,1371,0,30.1245,0.301688,12.0262,0,0,652,96
0.975999,241,457,0,30.1301,0.315644,12.0273,0,0,190,661
0.975999,242,1201,0,27.7783,-6.75972,11.5595,0,0,560,185
0.975999,243,1240,0,26.5387,-4.56315,10.7704,0,0,576,631
0.975999,244,647,0,29.934,0.247258,11.4768,0,0,265,136
0.975999,245,1002,0,30.1227,0.310425,11.5448,0,0,435,513
0.975999,246,1228,0,30.0648,0.12524,11.5344,0,0,572,391
0.975999,247,550,0,26.6832,-4.45855,10.785,0,0,226,385
0.975999,248,683,0,26.6052,-5.42257,10.8064,0,0,283,530
0.975999,249,34,0,26.6415,-7.84164,10.3589,0,0,19,678
0.975999,250,398,0,29.9383,-0.213928,11.032,0,0,165,53
0.975999,251,1050,0,27.8259,-2.42293,10.5178,0,0,466,379
0.975999,252,1183,0,30.1175,0.310614,11.0628,0,0,550,163
0.975999,253,1333,0,30.1197,0.316397,11.0632,0,0,634,9
0.975999,254,980,0,30.1143,0.301913,11.0622,0,0,425,115
0.975999,255,42,0,30.0801,0.220415,10.5749,0,0,23,402
0.975999,256,346,0,30.1124,0.310929,10.5809,0,0,142,457
0.975999,257,1088,0,30.1128,0.311943,10.5809,0,0,490,233
0.975999,258,1003,0,30.1147,0.317481,10.5813,0,0,436,541
0.975999,259,1330,0,26.48,-10,0.742321,1,0,571,672
0.975999,260,549,0,29.9593,0.346455,10.5249,0,0,225,390
0.975999,261,1031,0,29.9537,0.34704,10.0455,0,0,454,679
0.975999,262,986,0,27.729,-3.01025,9.59583,0,0,427,383
0.975999,263,988,0,27.5773,-3.24863,9.57196,0,0,428,672
0.975999,264,1230,0,29.7092,-1.29127,10.0382,0,0,573,569
0.975999,265,11,0,29.9502,0.336157,10.0449,0,0,8,57
0.975999,266,920,0,30.086,0.262389,9.61456,0,0,394,518
0.975999,267,1249,0,30.0913,0.278171,9.61547,0,0,581,432
0.975999,268,535,0,26.8846,-6.55068,9.06423,0,0,219,531
0.975999,269,403,0,30.1052,0.320931,9.61781,0,0,166,113
0.975999,270,736,0,30.1056,0.322095,9.61787,0,0,310,508
0.975999,271,538,0,27.2999,-5.85637,8.65277,0,0,221,382
0.975999,272,1246,0,27.579,-3.67426,8.67398,0,0,579,495
0.975999,273,1172,0,29.1929,-3.66767,8.52497,0,0,542,375
0.975999,274,33,1,29.5068,0.416599,8.50458,0,0,18,461
0.975999,275,1103,0,30.0903,0.306746,8.65382,0,0,500,334
0.975999,276,268,0,27.2295,-6.67034,8.20519,0,0,111,687
0.975999,277,84,0,30.0892,0.303037,8.65366,0,0,41,208
0.975999,278,1353,0,30.0946,0.321616,8.65449,0,0,646,231
0.975999,279,1038,0,30.0783,0.281676,8.17135,0,0,459,64
0.975999,280,530,0,27.28,-10,7.76832,0,0,217,562
0.975999,281,344,0,30.0896,0.322842,8.17299,0,0,140,295
0.975999,282,711,0,30.083,0.298889,8.17204,0,0,297,603
0.975999,283,779,0,27.28,-10,7.76832,0,0,333,687
0.975999,284,331,0,28.4786,-3.32559,7.90424,0,0,136,332
0.975999,285,832,0,30.0613,0.235172,7.68839,0,0,356,293
0.975999,286,31,0,30.0502,0.191102,7.68688,0,0,17,55
0.975999,287,1170,0,29.9256,0.350455,7.65006,0,0,541,617
0.975999,288,1317,0,29.9877,-0.0395488,7.67823,0,0,623,400
0.975999,289,981,0,28.4342,-3.62395,7.43117,0,0,426,461
0.975999,290,1086,0,29.6173,-1.10371,7.62536,0,0,489,560
0.975999,291,726,0,29.9387,0.0255626,7.66682,0,0,305,312
0.975999,292,38,0,30.0787,0.322373,7.21014,0,0,21,90
0.975999,293,1303,1,30.055,0.22796,7.20745,0,0,614,352
0.975999,294,1335,0,30.0769,0.314636,7.2099,0,0,635,51
0.975999,295,1238,0,27.6,-10,6.8928,0,0,575,392
0.975999,296,347,0,30.0636,0.278775,6.72767,0,0,143,126
0.975999,297,813,0,30.0713,0.313093,6.7286,0,0,346,87
0.975999,298,1067,0,29.2092,0.418087,6.57777,0,0,477,500
0.975999,299,1079,1,29.9778,0.306305,6.70781,0,0,484,644
0.975999,300,1142,0,30.0747,0.327952,6.72901,0,0,523,341
0.975999,301,704,0,30.069,0.326904,6.24777,0,0,294,445
0.975999,302,1211,0,30.0695,0.329192,6.24782,0,0,564,186
0.975999,303,475,0,30.0599,0.283652,6.24674,0,0,195,513
0.975999,304,601,0,30.0642,0.303985,6.24723,0,0,246,646
0.975999,305,469,0,28.08,-10,5.56032,0,0,193,71
0.975999,306,428,0,28.08,-10,5.56032,0,0,178,264
0.975999,307,686,0,30.0581,0.298228,5.76607,0,0,285,54
0.975999,308,1422,0,28.24,-10,5.11104,0,0,681,476
0.975999,309,77,0,28.24,-10,5.11104,0,0,38,678
0.975999,310,15,1,30.0515,0.331339,5.28436,0,0,10,569
0.975999,311,83,0,28.24,-10,5.11104,0,0,40,100
0.975999,312,1259,0,30.0471,0.263943,5.28454,0,0,586,14
0.975999,313,586,0,30.0412,0.230814,5.28398,0,0,240,412
0.975999,314,848,0,28.541,-1.18691,4.66146,0,0,364,273
0.975999,315,778,0,30.0534,0.330263,4.80472,0,0,332,141
0.975999,316,363,2,29.849,0.361403,4.77235,0,0,150,626
0.975999,317,579,0,28.6522,-5.83503,4.67031,0,0,238,402
0.975999,318,271,0,28.4,-10,4.6592,0,0,113,531
0.975999,319,706,0,30.0455,0.280821,4.80402,0,0,295,410
0.975999,320,728,0,30.0481,0.330937,4.32386,0,0,306,58
0.975999,321,744,0,30.0473,0.324934,4.32379,0,0,316,137
0.975999,322,39,0,30.0482,0.331191,4.32387,0,0,22,235
0.975999,323,140,0,29.2059,-4.31018,4.25136,0,0,63,103
0.975999,324,1323,0,29.8191,-0.617444,4.29735,0,0,626,683
0.975999,325,1162,0,30.0421,0.325968,3.84304,0,0,536,212
0.975999,326,531,0,28.72,-10,3.74784,0,0,218,339
0.975999,327,99,0,30.0361,0.319807,3.36232,0,0,47,359
0.975999,328,1337,0,28.88,-10,3.28832,0,0,637,392
0.975999,329,822,0,30.0363,0.321235,3.36233,0,0,351,290
0.975999,330,790,0,29.1354,-6.01487,3.30017,0,0,337,549
0.975999,331,1151,0,30.035,0.254393,3.36235,0,0,529,63
0.975999,332,766,0,29.04,-10,2.82624,0,0,327,280
0.975999,333,157,0,29.04,-10,2.82624,0,0,68,257
0.975999,334,544,0,29.04,-10,2.82624,0,0,223,566
0.975999,335,842,0,30.017,0.176021,2.88096,0,0,361,130
0.975999,336,1165,0,30.0098,0.165774,2.88052,0,0,538,262
0.975999,337,882,0,30.0312,0.322495,2.88175,0,0,378,89
0.975999,338,682,2,29.3734,0.430845,2.8369,0,0,282,558
0.975999,339,1192,0,29.8632,0.361166,2.38813,0,0,555,611
0.975999,340,977,0,30.0152,0.188743,2.40073,0,0,424,285
0.975999,341,1209,0,29.2,-10,2.3616,0,0,563,162
0.975999,342,940,0,29.2,-10,2.3616,0,0,403,636
0.975999,343,721,0,29.2,-10,2.3616,0,0,303,568
0.975999,344,542,1,29.553,-5.62797,1.90039,0,0,222,461
0.975999,345,48,0,30.0136,0.211148,1.92054,0,0,27,138
0.975999,346,386,0,29.36,-10,1.8944,0,0,160,102
0.975999,347,1349,0,29.9134,-1.31473,1.9165,0,0,644,95
0.975999,348,1308,0,30.0162,0.33635,1.44052,0,0,618,480
0.975999,349,1256,0,29.8495,0.124926,0.955151,0,0,585,648
0.975999,350,93,0,30.0099,0.308443,0.960237,0,0,44,7
0.975999,351,1388,0,30.0107,0.333201,0.960256,0,0,662,507
0.975999,352,1116,0,30.0076,0.237505,0.960184,0,0,507,526
0.975999,353,660,0,29.9096,0.341303,0.95702,0,0,271,246
0.975999,354,1064,0,30.0106,0.330469,0.960254,0,0,474,104
0.975999,355,1298,0,30.0036,0.226805,0.480058,0,0,609,381
0.975999,356,53,0,30.0054,0.33852,0.480087,0,0,29,211
0.975999,357,1396,0,30.0047,0.294103,0.480075,0,0,667,541
0.975999,358,278,0,30.0053,0.33081,0.480085,0,0,116,491
0.991999,0,566,1,30.3187,0.292006,30.4074,0,0,232,680
0.991999,1,271,0,30.1682,0.0770677,30.351,0,0,113,488
0.991999,2,1254,1,28.2919,-4.96215,8.32547,1,0,585,597
0.991999,3,387,0,28.9117,-2.97154,29.9551,0,0,161,155
0.991999,4,1050,0,30.304,0.278176,30.3998,0,0,466,408
0.991999,5,1070,1,28.9933,-10,4.22207,1,0,477,106
0.991999,6,33,2,30.3011,0.240345,30.4023,0,0,18,485
0.991999,7,847,1,29.9022,-0.648897,30.2778,0,0,363,676
0.991999,8,531,0,30.3187,0.292006,30.4074,0,0,218,532
0.991999,9,843,0,28.9372,-1.06198,29.7725,0,0,362,483
0.991999,10,335,2,30.2902,0.186768,30.3949,0,0,137,680
0.991999,11,1233,0,30.314,0.292753,29.9223,0,0,574,478
0.991999,12,1432,2,30.2879,0.296924,29.8999,0,0,689,578
0.991999,13,17,1,28.6731,-10,4.34631,1,0,2,35
0.991999,14,751,0,29.9423,-0.625952,29.7778,0,0,319,390
0.991999,15,1299,1,30.3118,0.290682,29.9212,0,0,610,578
0.991999,16,56,0,30.2836,0.263535,29.9068,0,0,30,542
0.991999,17,257,0,30.314,0.292753,29.9223,0,0,107,80
0.991999,18,530,0,30.0873,-0.203642,29.8503,0,0,217,532
0.991999,19,682,1,27.5271,-3.81016,14.4587,1,0,533,297
0.991999,20,1242,0,28.5132,-4.62673,29.3977,0,0,577,102
0.991999,21,1167,0,23.7621,-8.57928,12.8946,1,0,522,680
0.991999,22,1187,0,30.3093,0.293501,29.4373,0,0,552,296
0.991999,23,75,0,30.1749,-0.0488194,29.3924,0,0,37,679
0.991999,24,140,0,30.3052,0.289476,29.4352,0,0,63,377
0.991999,25,786,0,30.3071,0.291395,29.4362,0,0,336,101
0.991999,26,571,0,30.3066,0.29088,29.4359,0,0,234,476
0.991999,27,330,1,30.2713,0.299555,29.4113,0,0,135,339
0.991999,28,449,0,30.244,0.301063,29.4059,0,0,187,566
0.991999,29,1,0,30.1344,0.120487,29.3495,0,0,1,6
0.991999,30,843,0,22.2721,-4.79722,14.4972,1,0,223,565
0.991999,31,1325,0,26.9596,-10,9.37903,1,0,28,279
0.991999,32,749,0,30.3013,0.290963,28.9507,0,0,318,22
0.991999,33,269,0,30.3027,0.292396,28.9514,0,0,112,675
0.991999,34,810,0,30.1615,0.150352,28.8817,0,0,345,46
0.991999,35,1138,1,25.591,-3.25313,12.7689,1,0,283,122
0.991999,36,1191,1,24.0577,-7.19331,11.6863,1,0,638,391
0.991999,37,1124,0,29.9726,-0.489646,28.8807,0,0,511,518
0.991999,38,563,0,29.7398,-0.934985,28.7535,0,0,231,297
0.991999,39,561,0,29.0387,-0.607102,28.3303,0,0,229,571
0.991999,40,1422,0,30.2982,0.293332,28.4666,0,0,681,675
0.991999,41,906,0,29.7939,-10,1.48562,1,0,386,126
0.991999,42,566,1,22.6587,-5.22003,10.0119,1,0,430,675
0.991999,43,976,0,30.2411,0.172824,28.4519,0,0,423,237
0.991999,44,1246,0,24.0046,-10,5.62962,1,0,685,230
0.991999,45,986,0,30.1629,-0.05058,28.4239,0,0,427,384
0.991999,46,1037,0,30.2419,0.235944,28.4392,0,0,458,667
0.991999,47,898,0,30.2481,0.242353,28.4423,0,0,385,549
0.991999,48,1343,0,30.0917,-0.968208,28.4279,0,0,643,88
0.991999,49,708,0,29.9241,-0.0909968,28.2852,0,0,296,676
0.991999,50,1285,1,30.2959,0.290998,28.4655,0,0,602,558
0.991999,51,311,0,30.2785,0.278611,27.9747,0,0,128,372
0.991999,52,637,0,30.2822,0.282353,27.9764,0,0,262,206
0.991999,53,988,0,30.016,-0.036178,27.8696,0,0,428,630
0.991999,54,1030,0,30.2922,0.29266,27.9812,0,0,453,646
0.991999,55,538,0,28.9058,-1.21007,27.4819,0,0,221,486
0.991999,56,1164,0,30.2633,0.262842,27.9674,0,0,537,300
0.991999,57,838,0,30.172,0.122715,27.9399,0,0,359,565
0.991999,58,654,1,30.2885,0.292267,27.9798,0,0,269,106
0.991999,59,43,0,30.2168,0.212924,27.4636,0,0,24,559
0.991999,60,550,0,29.0744,-1.59884,27.0401,0,0,226,578
0.991999,61,542,1,30.1763,0.0844739,27.464,0,0,222,547
0.991999,62,83,0,30.2672,0.174327,27.495,0,0,40,530
0.991999,63,990,0,29.3923,-1.69451,27.1913,0,0,429,486
0.991999,64,1284,0,30.2353,0.110947,27.4781,0,0,601,482
0.991999,65,1154,0,24.7079,-1.93923,4.55617,1,0,521,611
0.991999,66,945,0,30.2326,0.235464,27.4707,0,0,405,152
0.991999,67,660,1,30.2876,0.29357,27.4966,0,0,271,600
0.991999,68,177,0,30.2735,0.278752,27.49,0,0,76,117
0.991999,69,428,0,30.2778,0.288781,27.0096,0,0,178,576
0.991999,70,1187,1,23.5805,-6.37389,10.5632,1,0,553,488
0.991999,71,1011,2,30.2335,0.115923,26.9902,0,0,440,382
0.991999,72,397,0,29.9906,-0.427828,26.9524,0,0,164,577
0.991999,73,37,2,30.2824,0.297797,27.0122,0,0,20,488
0.991999,74,562,0,28.3937,-3.54344,26.3914,0,0,230,673
0.991999,75,1269,0,29.9827,-0.337798,26.9125,0,0,594,482
0.991999,76,394,0,27.7384,-2.75758,25.8936,0,0,163,31
0.991999,77,386,0,29.8609,-0.182856,26.3565,0,0,160,483
0.991999,78,1352,0,30.037,-1.46069,26.4974,0,0,645,41
0.991999,79,81,0,29.3045,-2.55837,26.2743,0,0,39,383
0.991999,80,549,1,30.281,0.298022,26.5287,0,0,225,548
0.991999,81,1104,0,26.5559,-3.09501,3.91871,1,0,500,285
0.991999,82,661,0,29.6817,-1.4017,25.8218,0,0,272,599
0.991999,83,625,1,30.2618,0.295295,26.0371,0,0,255,572
0.991999,84,784,0,29.6015,-0.922134,25.3436,0,0,335,630
0.991999,85,1423,0,30.2693,0.29717,25.5589,0,0,682,599
0.991999,86,1261,1,30.2576,0.287446,25.5533,0,0,587,22
0.991999,87,1150,0,30.2639,0.2911,0.33652,1,0,151,369
0.991999,88,790,0,30.2683,0.296032,25.5584,0,0,337,155
0.991999,89,37,1,23.0723,-5.70627,8.20881,1,0,426,148
0.991999,90,1039,1,28.5562,-4.65725,9.08878,1,0,290,515
0.991999,91,1052,1,25.8267,-9.91396,11.6463,1,0,364,3
0.991999,92,596,0,30.2084,0.297412,25.042,0,0,244,192
0.991999,93,647,1,30.2498,0.280846,25.0682,0,0,265,64
0.991999,94,537,0,30.1832,0.0499774,25.0531,0,0,220,299
0.991999,95,1274,0,29.9983,-0.05176,24.9619,0,0,595,391
0.991999,96,830,0,30.263,0.29618,25.0739,0,0,354,18
0.991999,97,330,1,22.9912,-5.62935,9.32961,1,0,136,631
0.991999,98,1246,0,30.2646,0.297942,25.0746,0,0,579,591
0.991999,99,579,0,30.2601,0.299069,24.5905,0,0,238,3
0.991999,100,975,0,29.6439,-0.833477,24.438,0,0,422,683
0.991999,101,1170,1,30.2581,0.296742,24.5896,0,0,541,142
0.991999,102,1385,0,30.2327,0.266731,24.5789,0,0,660,365
0.991999,103,1268,0,30.2595,0.298304,24.5902,0,0,593,101
0.991999,104,547,1,29.9311,-0.605568,24.5013,0,0,224,296
0.991999,105,1045,1,25.9726,-10,10.3024,1,0,464,296
0.991999,106,1006,0,30.2498,0.29325,24.104,0,0,438,233
0.991999,107,1240,0,29.5582,-1.69338,23.9025,0,0,576,300
0.991999,108,1246,0,24.646,-10,1.27968,1,0,563,569
0.991999,109,605,0,30.2508,0.294462,24.1045,0,0,247,7
0.991999,110,1338,1,24.2847,-10,7.11313,1,0,19,99
0.991999,111,721,0,25.0786,-6.98982,21.8253,0,0,303,483
0.991999,112,933,0,30.2373,0.284295,23.6168,0,0,399,622
0.991999,113,1052,0,30.2507,0.300758,23.6223,0,0,467,3
0.991999,114,392,0,30.1254,-0.025959,23.1046,0,0,162,611
0.991999,115,46,1,30.0383,-6.05883,1.28735,1,0,626,118
0.991999,116,220,0,30.2338,0.286433,23.1335,0,0,92,16
0.991999,117,1401,0,30.2255,0.234177,23.1349,0,0,670,229
0.991999,118,276,0,30.2473,0.303368,23.1389,0,0,115,677
0.991999,119,1031,1,30.2407,0.301941,22.6542,0,0,454,599
0.991999,120,328,0,30.2358,0.2956,22.6523,0,0,134,615
0.991999,121,584,0,30.0828,0.1081,22.5921,0,0,240,636
0.991999,122,1366,0,30.2124,0.265487,22.6432,0,0,651,556
0.991999,123,268,0,29.8896,-0.441917,22.0719,0,0,111,64
0.991999,124,226,0,30.2321,0.297685,22.1689,0,0,95,626
0.991999,125,813,0,27.7556,-10,0.601485,1,0,592,202
0.991999,126,1108,2,30.127,-6.15503,0.668537,1,0,501,447
0.991999,127,1409,0,25.463,-9.29017,13.2317,1,0,673,668
0.991999,128,66,0,29.9123,-0.112366,21.572,0,0,34,204
0.991999,129,1102,0,30.1004,0.29077,0.0167718,1,0,499,99
0.991999,130,320,0,30.2078,0.278917,21.1962,0,0,132,630
0.991999,131,445,1,30.2113,0.286692,21.1977,0,0,186,125
0.991999,132,949,0,30.1722,0.209179,21.1855,0,0,406,204
0.991999,133,454,0,30.2213,0.297515,21.2011,0,0,189,263
0.991999,134,766,0,30.13,0.176811,21.1675,0,0,327,99
0.991999,135,33,0,25.8588,-10,5.80008,1,0,554,226
0.991999,136,940,0,30.0793,0.258929,20.6869,0,0,403,294
0.991999,137,682,0,30.2199,0.302951,20.7188,0,0,282,485
0.991999,138,60,0,30.2184,0.300926,20.7182,0,0,32,45
0.991999,139,469,0,29.8904,-1.03545,20.6776,0,0,193,104
0.991999,140,73,0,30.2097,0.296056,20.2334,0,0,36,636
0.991999,141,535,0,30.218,0.308011,20.2363,0,0,219,531
0.991999,142,530,0,26.1053,-0.490202,18.3188,0,0,217,481
0.991999,143,11,1,30.2166,0.305988,20.2358,0,0,8,19
0.991999,144,764,0,30.2123,0.299737,20.2343,0,0,325,307
0.991999,145,847,1,26.0677,-10,5.99908,1,0,227,341
0.991999,146,1299,0,30.0665,0.328448,20.1298,0,0,610,31
0.991999,147,129,0,28.2344,-10,5.72771,1,0,56,548
0.991999,148,531,0,26.3681,-0.35299,17.9776,0,0,218,476
0.991999,149,854,0,30.1648,0.215426,19.7401,0,0,366,395
0.991999,150,330,0,30.0181,0.263259,19.6347,0,0,135,101
0.991999,151,1337,0,30.0628,-0.0350147,19.71,0,0,637,97
0.991999,152,297,0,30.202,0.292408,19.749,0,0,123,471
0.991999,153,1294,0,30.1791,0.230919,19.2598,0,0,607,22
0.991999,154,566,0,30.058,0.333135,19.1684,0,0,232,566
0.991999,155,1167,0,30.2062,0.306682,19.2687,0,0,539,479
0.991999,156,1282,0,30.2082,0.309572,19.2694,0,0,600,338
0.991999,157,362,0,30.1908,0.262045,19.2653,0,0,149,83
0.991999,158,775,0,28.2873,-2.48725,18.6241,0,0,331,133
0.991999,159,749,0,26.2446,-0.307013,17.5091,0,0,318,299
0.991999,160,831,0,29.7868,-0.261703,18.6461,0,0,355,246
0.991999,161,1319,0,30.1866,0.284577,18.7807,0,0,624,506
0.991999,162,802,0,30.1858,0.283277,18.7804,0,0,342,306
0.991999,163,931,0,30.1982,0.302653,18.7845,0,0,398,48
0.991999,164,17,0,30.1983,0.302736,18.7845,0,0,12,15
0.991999,165,480,0,30.1865,0.284336,18.7807,0,0,196,79
0.991999,166,33,0,30.0518,0.280038,18.6875,0,0,18,486
0.991999,167,271,0,26.4117,-0.705546,17.156,0,0,113,156
0.991999,168,77,0,29.2434,-1.94583,18.0657,0,0,38,479
0.991999,169,236,0,30.195,0.306043,18.3018,0,0,99,374
0.991999,170,779,0,28.3798,-10,18.1273,0,0,333,105
0.991999,171,185,1,30.1899,0.301528,18.2995,0,0,79,516
0.991999,172,847,0,29.915,-0.342253,18.2257,0,0,363,477
0.991999,173,1138,0,27.4098,-10,17.0884,0,0,521,673
0.991999,174,1432,0,29.7129,-0.37559,17.6713,0,0,689,297
0.991999,175,126,1,27.7235,-10,6.89605,1,0,514,330
0.991999,176,83,0,26.3308,-0.681939,15.847,0,0,40,381
0.991999,177,335,0,30.0108,0.287889,17.2386,0,0,137,385
0.991999,178,786,0,26.6018,-0.804583,15.9267,0,0,336,338
0.991999,179,1192,1,30.1883,0.312712,17.3365,0,0,555,549
0.991999,180,1238,0,29.1558,-1.80359,17.0434,0,0,575,532
0.991999,181,1392,0,30.1688,0.226627,16.8513,0,0,665,462
0.991999,182,1032,0,30.1819,0.311211,16.8531,0,0,455,298
0.991999,183,648,0,30.1816,0.31057,16.853,0,0,266,508
0.991999,184,394,0,24.5621,-6.05881,15.1924,0,0,163,477
0.991999,185,1045,0,29.9196,-0.108537,16.7772,0,0,463,390
0.991999,186,37,0,29.984,0.230125,16.7519,0,0,20,156
0.991999,187,1187,0,27.1671,-10,2.50176,1,0,553,530
0.991999,188,387,0,26.0177,-2.97472,15.4043,0,0,161,672
0.991999,189,286,0,30.1817,0.310742,16.8531,0,0,119,301
0.991999,190,563,0,26.2819,-1.65324,15.4359,0,0,231,340
0.991999,191,428,0,26.3435,-0.729855,15.4254,0,0,178,100
0.991999,192,990,0,25.9405,-2.3105,14.945,0,0,429,298
0.991999,193,81,0,25.779,-2.64313,14.917,0,0,39,340
0.991999,194,1011,1,29.9789,0.216993,16.2717,0,0,440,482
0.991999,195,760,0,30.1723,0.303617,16.3689,0,0,323,598
0.991999,196,699,0,30.1458,0.264399,15.8802,0,0,292,635
0.991999,197,843,0,24.72,-10,3.88584,1,0,223,392
0.991999,198,1338,0,27.1707,-10,15.0992,0,0,638,623
0.991999,199,1242,0,25.9422,-4.06345,14.5505,0,0,577,338
0.991999,200,1422,0,26.7123,-1.10965,14.6674,0,0,681,97
0.991999,201,682,2,27.1082,-10,0.255535,1,0,533,678
0.991999,202,784,0,25.9457,-2.16916,14.0981,0,0,335,481
0.991999,203,1052,1,27.3607,-10,1.70974,1,0,364,340
0.991999,204,751,0,26.7848,-1.74305,14.268,0,0,319,384
0.991999,205,960,0,29.8673,-0.443981,15.3367,0,0,414,631
0.991999,206,1424,0,25.8891,-10,14.3027,0,0,683,485
0.991999,207,157,0,30.1592,0.308928,14.9213,0,0,68,280
0.991999,208,257,0,27.0843,-1.41997,13.8997,0,0,107,14
0.991999,209,254,0,30.1599,0.310301,14.9214,0,0,106,142
0.991999,210,1006,0,26.7485,-10,3.24358,1,0,437,640
0.991999,211,957,0,30.1565,0.314398,14.4393,0,0,411,573
0.991999,212,772,0,30.1217,0.244595,14.4306,0,0,330,439
0.991999,213,1123,1,30.1447,0.305103,14.4352,0,0,511,76
0.991999,214,1269,0,26.5937,-1.92193,13.3559,0,0,594,567
0.991999,215,14,0,28.6692,-10,4.69291,1,0,622,517
0.991999,216,672,0,30.1479,0.29671,14.4371,0,0,277,652
0.991999,217,861,0,30.1427,0.286095,14.4358,0,0,369,644
0.991999,218,44,0,30.153,0.318269,13.9571,0,0,25,595
0.991999,219,1233,0,27.2625,-1.66057,13.0667,0,0,574,378
0.991999,220,75,0,27.1257,-1.82573,13.0357,0,0,37,568
0.991999,221,547,0,29.9149,0.154292,13.8636,0,0,224,478
0.991999,222,1140,0,25.36,-10,12.8064,0,0,522,339
0.991999,223,269,0,27.1303,-1.65093,13.0324,0,0,112,677
0.991999,224,880,0,30.0547,0.121615,13.4527,0,0,376,346
0.991999,225,890,0,29.9883,-0.0317107,13.4375,0,0,382,378
0.991999,226,542,0,30.0576,0.124416,13.4535,0,0,222,676
0.991999,227,971,0,30.1459,0.314756,13.4742,0,0,420,220
0.991999,228,561,0,26.398,-3.33296,12.4748,0,0,229,481
0.991999,229,719,0,30.0679,0.200457,13.4559,0,0,302,547
0.991999,230,1285,0,29.9916,0.339835,13.4026,0,0,602,381
0.991999,231,1046,0,27.285,-2.46871,12.2198,0,0,464,100
0.991999,232,695,0,29.9772,0.319392,12.9208,0,0,290,358
0.991999,233,183,0,30.1412,0.316357,12.992,0,0,78,628
0.991999,234,386,0,26.7189,-2.54732,12.0836,0,0,160,382
0.991999,235,241,0,30.1415,0.316904,12.992,0,0,101,161
0.991999,236,537,0,26.7362,-2.13756,12.0813,0,0,220,571
0.991999,237,159,0,30.1044,0.184286,12.9844,0,0,69,330
0.991999,238,993,0,27.8387,-2.15291,11.8892,0,0,430,547
0.991999,239,1034,0,30.0372,0.0826482,12.4882,0,0,457,398
0.991999,240,1371,0,30.1293,0.300914,12.5082,0,0,652,96
0.991999,241,457,0,30.1352,0.314848,12.5095,0,0,190,661
0.991999,242,1201,0,27.6678,-6.90422,12.0022,0,0,560,185
0.991999,243,1240,0,26.4717,-4.18317,11.1939,0,0,576,631
0.991999,244,647,0,29.938,0.246523,11.9558,0,0,265,136
0.991999,245,1002,0,30.1277,0.309637,12.0268,0,0,435,513
0.991999,246,1228,0,30.0668,0.123115,12.0154,0,0,572,391
0.991999,247,550,0,26.6162,-4.1846,11.2109,0,0,226,385
0.991999,248,683,0,26.5155,-5.61023,11.2306,0,0,283,530
0.991999,249,34,0,26.5153,-7.88703,10.7832,0,0,19,678
0.991999,250,398,0,29.9349,-0.211115,11.511,0,0,165,53
0.991999,251,1050,0,27.7894,-2.28043,10.9624,0,0,466,379
0.991999,252,1183,0,30.1225,0.309826,11.5447,0,0,550,163
0.991999,253,1333,0,30.1248,0.3156,11.5452,0,0,634,9
0.991999,254,980,0,30.1191,0.301137,11.5441,0,0,425,115
0.991999,255,42,0,30.0836,0.219737,11.0562,0,0,23,402
0.991999,256,346,0,30.1174,0.31014,11.0627,0,0,142,457
0.991999,257,1088,0,30.1177,0.311152,11.0628,0,0,490,233
0.991999,258,1003,0,30.1198,0.316682,11.0632,0,0,436,541
0.991999,259,1330,0,26.32,-10,1.16344,1,0,571,672
0.991999,260,549,0,29.9648,0.345601,11.0043,0,0,225,390
0.991999,261,1031,0,29.9592,0.346185,10.5248,0,0,454,679
0.991999,262,986,0,27.6838,-2.826,10.0388,0,0,427,383
0.991999,263,988,0,27.5287,-3.03693,10.0124,0,0,428,672
0.991999,264,1230,0,29.6882,-1.3107,10.5132,0,0,573,569
0.991999,265,11,0,29.9555,0.335318,10.5242,0,0,8,57
0.991999,266,920,0,30.0902,0.261729,10.096,0,0,394,518
0.991999,267,1249,0,30.0958,0.277425,10.097,0,0,581,432
0.991999,268,535,0,26.7988,-5.36582,9.49301,0,0,219,531
0.991999,269,403,0,30.1103,0.320126,10.0996,0,0,166,113
0.991999,270,736,0,30.1107,0.321287,10.0996,0,0,310,508
0.991999,271,538,0,27.2122,-5.4804,9.08817,0,0,221,382
0.991999,272,1246,0,27.5252,-3.36243,9.11438,0,0,579,495
0.991999,273,1172,0,29.1321,-3.80221,8.99109,0,0,542,375
0.991999,274,33,1,29.5135,0.415619,8.9768,0,0,18,461
0.991999,275,1103,0,30.0952,0.305962,9.13535,0,0,500,334
0.991999,276,268,0,27.1354,-5.88028,8.63935,0,0,111,687
0.991999,277,84,0,30.094,0.302257,9.13516,0,0,41,208
0.991999,278,1353,0,30.0998,0.320809,9.13608,0,0,646,231
0.991999,279,1038,0,30.0828,0.280924,8.65268,0,0,459,64
0.991999,280,530,0,27.12,-10,8.20224,0,0,217,562
0.991999,281,344,0,30.0947,0.322033,8.6545,0,0,140,295
0.991999,282,711,0,30.0878,0.298115,8.65344,0,0,297,603
0.991999,283,779,0,27.12,-10,8.20224,0,0,333,687
0.991999,284,331,0,28.4281,-3.1594,8.35909,0,0,136,332
0.991999,285,832,0,30.065,0.23461,8.16943,0,0,356,293
0.991999,286,31,0,30.0532,0.190451,8.16774,0,0,17,55
0.991999,287,1170,0,29.9312,0.349592,8.12896,0,0,541,617
0.991999,288,1317,0,29.9871,-0.0384643,8.15802,0,0,623,400
0.991999,289,981,0,28.3793,-3.43191,7.88524,0,0,426,461
0.991999,290,1086,0,29.6,-1.083,8.09896,0,0,489,560
0.991999,291,726,0,29.9392,0.0261941,8.14585,0,0,305,312
0.991999,292,38,0,30.0839,0.321564,7.69148,0,0,21,90
0.991999,293,1303,1,30.0587,0.227269,7.68839,0,0,614,352
0.991999,294,1335,0,30.0819,0.313839,7.69121,0,0,635,51
0.991999,295,1238,0,27.44,-10,7.33184,0,0,575,392
0.991999,296,347,0,30.068,0.278024,7.20876,0,0,143,126
0.991999,297,813,0,30.0763,0.312297,7.20983,0,0,346,87
0.991999,298,1067,0,29.2159,0.417079,7.04523,0,0,477,500
0.991999,299,1079,1,29.9827,0.305508,7.18753,0,0,484,644
0.991999,300,1142,0,30.0799,0.327134,7.21029,0,0,523,341
0.991999,301,704,0,30.0742,0.326087,6.72896,0,0,294,445
0.991999,302,1211,0,30.0748,0.328371,6.72902,0,0,564,186
0.991999,303,475,0,30.0644,0.282938,6.72777,0,0,195,513
0.991999,304,601,0,30.0691,0.303202,6.72833,0,0,246,646
0.991999,305,469,0,27.92,-10,6.00704,0,0,193,71
0.991999,306,428,0,27.92,-10,6.00704,0,0,178,264
0.991999,307,686,0,30.0628,0.297452,6.24708,0,0,285,54
0.991999,308,1422,0,28.08,-10,5.56032,0,0,681,476
0.991999,309,77,0,28.08,-10,5.56032,0,0,38,678
0.991999,310,15,1,30.0567,0.330513,5.76526,0,0,10,569
0.991999,311,83,0,28.08,-10,5.56032,0,0,40,100
0.991999,312,1259,0,30.0513,0.263208,5.76536,0,0,586,14
0.991999,313,586,0,30.0449,0.230116,5.7647,0,0,240,412
0.991999,314,848,0,28.5226,-1.15163,5.11782,0,0,364,273
0.991999,315,778,0,30.0587,0.32944,5.28566,0,0,332,141
0.991999,316,363,2,29.8548,0.36052,5.25003,0,0,150,626
0.991999,317,579,0,28.5661,-5.38224,5.12737,0,0,238,402
0.991999,318,271,0,28.24,-10,5.11104,0,0,113,531
0.991999,319,706,0,30.05,0.280065,5.28482,0,0,295,410
0.991999,320,728,0,30.0534,0.330113,4.80472,0,0,306,58
0.991999,321,744,0,30.0524,0.324119,4.80463,0,0,316,137
0.991999,322,39,0,30.0535,0.330366,4.80472,0,0,22,235
0.991999,323,140,0,29.1406,-4.08385,4.71761,0,0,63,103
0.991999,324,1323,0,29.8093,-0.609447,4.7743,0,0,626,683
0.991999,325,1162,0,30.0473,0.32515,4.3238,0,0,536,212
0.991999,326,531,0,28.56,-10,4.2048,0,0,218,339
0.991999,327,99,0,30.0412,0.318998,3.84298,0,0,47,359
0.991999,328,1337,0,28.72,-10,3.74784,0,0,637,392
0.991999,329,822,0,30.0414,0.320424,3.84299,0,0,351,290
0.991999,330,790,0,29.0458,-5.60013,3.7649,0,0,337,549
0.991999,331,1151,0,30.0391,0.253782,3.84297,0,0,529,63
0.991999,332,766,0,28.8827,-9.83442,3.28836,0,0,327,280
0.991999,333,157,0,28.88,-10,3.28832,0,0,68,257
0.991999,334,544,0,28.88,-10,3.28832,0,0,223,566
0.991999,335,842,0,30.0198,0.1755,3.36127,0,0,361,130
0.991999,336,1165,0,30.0125,0.165142,3.36072,0,0,538,262
0.991999,337,882,0,30.0363,0.321683,3.36233,0,0,378,89
0.991999,338,682,2,29.3803,0.42984,3.30699,0,0,282,558
0.991999,339,1192,0,29.869,0.360283,2.86603,0,0,555,611
0.991999,340,977,0,30.0182,0.188384,2.88102,0,0,424,285
0.991999,341,1209,0,29.04,-10,2.82624,0,0,563,162
0.991999,342,940,0,29.04,-10,2.82624,0,0,403,636
0.991999,343,721,0,29.04,-10,2.82624,0,0,303,568
0.991999,344,542,1,29.4679,-5.31475,2.37188,0,0,222,461
0.991999,345,48,0,30.0169,0.210668,2.40081,0,0,27,138
0.991999,346,386,0,29.2,-10,2.3616,0,0,160,102
0.991999,347,1349,0,29.8927,-1.28994,2.39479,0,0,644,95
0.991999,348,1308,0,30.0216,0.335515,1.92086,0,0,618,480
0.991999,349,1256,0,29.8514,0.124296,1.43277,0,0,585,648
0.991999,350,93,0,30.0148,0.307647,1.44047,0,0,44,7
0.991999,351,1388,0,30.016,0.332371,1.44051,0,0,662,507
0.991999,352,1116,0,30.0114,0.2345,1.44037,0,0,507,526
0.991999,353,660,0,29.915,0.340453,1.43566,0,0,271,246
0.991999,354,1064,0,30.0159,0.329643,1.44051,0,0,474,104
0.991999,355,1298,0,30.0072,0.22631,0.960174,0,0,609,381
0.991999,356,53,0,30.0108,0.337681,0.96026,0,0,29,211
0.991999,357,1396,0,30.0094,0.293325,0.960226,0,0,667,541
0.991999,358,278,0,30.0106,0.329982,0.960254,0,0,116,491
0.991999,359,998,0,30.0047,0.295677,0.480076,0,0,432,397
0.991999,360,1378,0,30.0052,0.328041,0.480084,0,0,656,145
0.991999,361,166,0,30.0048,0.297905,0.480076,0,0,72,78
0.991999,362,66,0,29.84,-10,0.47744,0,0,34,465
0.991999,363,1119,0,29.9284,-4.47223,0.478855,0,0,509,131
0.991999,364,960,0,29.84,-10,0.47744,0,0,414,673
1.008,0,566,1,30.3233,0.291261,30.8926,0,0,232,680
1.008,1,271,0,30.1695,0.0769589,30.8337,0,0,113,488
1.008,2,1254,1,28.2136,-4.89145,8.77689,1,0,585,597
1.008,3,387,0,28.8637,-3.00034,30.4169,0,0,161,155
1.008,4,1050,0,30.3084,0.277454,30.8847,0,0,466,408
1.008,5,1070,1,28.8333,-10,4.6834,1,0,477,106
1.008,6,33,2,30.3049,0.239741,30.8872,0,0,18,485
1.008,7,847,1,29.8912,-0.690376,30.756,0,0,363,676
1.008,8,531,0,30.3233,0.291261,30.8926,0,0,218,532
1.008,9,843,0,28.9205,-1.04697,30.2352,0,0,362,483
1.008,10,335,2,30.2914,0.0733883,30.8796,0,0,137,680
1.008,11,1233,0,30.3187,0.292006,30.4074,0,0,574,478
1.008,12,1432,2,30.2926,0.296169,30.3846,0,0,689,578
1.008,13,17,1,28.5131,-10,4.80252,1,0,2,35
1.008,14,751,0,29.9319,-0.652507,30.2567,0,0,319,390
1.008,15,1299,1,30.3165,0.289939,30.4062,0,0,610,578
1.008,16,56,0,30.2878,0.262834,30.3914,0,0,30,542
1.008,17,257,0,30.3187,0.292006,30.4074,0,0,107,80
1.008,18,530,0,30.084,-0.20814,30.3316,0,0,217,532
1.008,19,682,1,27.4669,-3.76338,14.8982,1,0,533,297
1.008,20,1242,0,28.4372,-4.7538,29.8527,0,0,577,102
1.008,21,1167,0,23.6311,-8.18858,13.2727,1,0,522,680
1.008,22,1187,0,30.314,0.292753,29.9223,0,0,552,296
1.008,23,75,0,30.1739,-0.0664835,29.8751,0,0,37,679
1.008,24,140,0,30.3098,0.288735,29.9201,0,0,63,377
1.008,25,786,0,30.3118,0.290651,29.9212,0,0,336,101
1.008,26,571,0,30.2501,-3.53259,29.9199,0,0,234,476
1.008,27,330,1,30.2761,0.298795,29.8957,0,0,135,339
1.008,28,449,0,30.2476,0.224981,29.8898,0,0,187,566
1.008,29,1,0,30.1364,0.119936,29.8317,0,0,1,6
1.008,30,843,0,22.1967,-4.71083,14.8523,1,0,223,565
1.008,31,1325,0,26.7996,-10,9.80782,1,0,28,279
1.008,32,749,0,30.3059,0.29022,29.4356,0,0,318,22
1.008,33,269,0,30.3074,0.291649,29.4363,0,0,112,675
1.008,34,810,0,30.1639,0.149773,29.3643,0,0,345,46
1.008,35,1138,1,25.5394,-3.22168,13.1775,1,0,283,122
1.008,36,1191,1,23.9452,-7.02777,12.0694,1,0,638,391
1.008,37,1124,0,29.9648,-0.483255,29.3602,0,0,511,518
1.008,38,563,0,29.7247,-0.945727,29.2291,0,0,231,297
1.008,39,561,0,29.0292,-0.595394,28.7948,0,0,229,571
1.008,40,1422,0,30.3029,0.292584,28.9515,0,0,681,675
1.008,41,906,0,29.6339,-10,1.95976,1,0,386,126
1.008,42,566,1,22.5768,-5.12184,10.3731,1,0,430,675
1.008,43,976,0,30.2439,0.172485,28.9358,0,0,423,237
1.008,44,1246,0,23.8446,-10,6.01113,1,0,685,230
1.008,45,986,0,30.162,-0.0576919,28.9065,0,0,427,384
1.008,46,1037,0,30.2456,0.235275,28.9232,0,0,458,667
1.008,47,898,0,30.252,0.241676,28.9263,0,0,385,549
1.008,48,1343,0,30.0762,-0.96739,28.9091,0,0,643,88
1.008,49,708,0,29.9226,-0.0913632,28.7639,0,0,296,676
1.008,50,1285,1,30.3006,0.290254,28.9503,0,0,602,558
1.008,51,311,0,30.283,0.277887,28.4592,0,0,128,372
1.008,52,637,0,30.2867,0.281623,28.461,0,0,262,206
1.008,53,988,0,30.0155,-0.0360341,28.3498,0,0,428,630
1.008,54,1030,0,30.2968,0.291913,28.466,0,0,453,646
1.008,55,538,0,28.8869,-1.183,27.9441,0,0,221,486
1.008,56,1164,0,30.2675,0.262139,28.4517,0,0,537,300
1.008,57,838,0,30.174,0.122607,28.4227,0,0,359,565
1.008,58,654,1,30.2932,0.29152,28.4645,0,0,269,106
1.008,59,43,0,30.2202,0.211928,27.9471,0,0,24,559
1.008,60,550,0,29.0473,-1.69722,27.5049,0,0,226,578
1.008,61,542,1,30.1776,0.0831984,27.9468,0,0,222,547
1.008,62,83,0,30.2699,0.167667,27.9793,0,0,40,530
1.008,63,990,0,29.3651,-1.70307,27.6612,0,0,429,486
1.008,64,1284,0,30.237,0.102215,27.9619,0,0,601,482
1.008,65,1154,0,24.6771,-1.92199,4.951,1,0,521,611
1.008,66,945,0,30.2363,0.234794,27.9545,0,0,405,152
1.008,67,660,1,30.2923,0.292821,27.9813,0,0,271,600
1.008,68,177,0,30.278,0.278027,27.9744,0,0,76,117
1.008,69,428,0,30.2824,0.28804,27.4941,0,0,178,576
1.008,70,1187,1,23.4807,-6.23913,10.9389,1,0,553,488
1.008,71,1011,2,30.2352,0.107439,27.4739,0,0,440,382
1.008,72,397,0,29.9838,-0.425334,27.4322,0,0,164,577
1.008,73,37,2,30.2871,0.29704,27.4968,0,0,20,488
1.008,74,562,0,28.3374,-3.52284,26.8448,0,0,230,673
1.008,75,1269,0,29.9826,-0.00532517,27.3922,0,0,594,482
1.008,76,394,0,27.6943,-2.7572,26.3367,0,0,163,31
1.008,77,386,0,29.858,-0.18163,26.8342,0,0,160,483
1.008,78,1352,0,30.0138,-1.45256,26.9776,0,0,645,41
1.008,79,81,0,29.2631,-2.58684,26.7425,0,0,39,383
1.008,80,549,1,30.2857,0.297264,27.0133,0,0,225,548
1.008,81,1104,0,26.507,-3.0609,4.34282,1,0,500,285
1.008,82,661,0,29.6576,-1.50876,26.2963,0,0,272,599
1.008,83,625,1,30.2666,0.294541,26.5214,0,0,255,572
1.008,84,784,0,29.5868,-0.919581,25.817,0,0,335,630
1.008,85,1423,0,30.274,0.296414,26.0433,0,0,682,599
1.008,86,1261,1,30.2622,0.286705,26.0375,0,0,587,22
1.008,87,1150,0,30.1648,-6.19277,0.819158,1,0,151,369
1.008,88,790,0,30.273,0.295277,26.0428,0,0,337,155
1.008,89,37,1,22.9828,-5.59318,8.57654,1,0,426,148
1.008,90,1039,1,28.4827,-4.5934,9.54451,1,0,290,515
1.008,91,1052,1,25.6725,-9.6378,12.057,1,0,364,3
1.008,92,596,0,30.2131,0.296651,25.5255,0,0,244,192
1.008,93,647,1,30.2542,0.280115,25.5523,0,0,265,64
1.008,94,537,0,30.1839,0.0439585,25.536,0,0,220,299
1.008,95,1274,0,29.9973,-0.0580869,25.4419,0,0,595,391
1.008,96,830,0,30.2678,0.295425,25.5582,0,0,354,18
1.008,97,330,1,22.9029,-5.51874,9.69605,1,0,136,631
1.008,98,1246,0,30.2693,0.297184,25.5589,0,0,579,591
1.008,99,579,0,30.2649,0.298309,25.0747,0,0,238,3
1.008,100,975,0,29.6308,-0.819362,24.9121,0,0,422,683
1.008,101,1170,1,30.2629,0.295986,25.0738,0,0,541,142
1.008,102,1385,0,30.237,0.266018,25.0627,0,0,660,365
1.008,103,1268,0,30.2642,0.297546,25.0744,0,0,593,101
1.008,104,547,1,29.9209,-0.639083,24.98,0,0,224,296
1.008,105,1045,1,25.8126,-10,10.7154,1,0,464,296
1.008,106,1006,0,30.2545,0.292499,24.5881,0,0,438,233
1.008,107,1240,0,29.5298,-1.77234,24.375,0,0,576,300
1.008,108,1246,0,24.486,-10,1.67146,1,0,563,569
1.008,109,605,0,30.2555,0.29371,24.5886,0,0,247,7
1.008,110,1338,1,24.1247,-10,7.49912,1,0,19,99
1.008,111,721,0,24.9655,-7.06822,22.2248,0,0,303,483
1.008,112,933,0,30.2418,0.283558,24.1007,0,0,399,622
1.008,113,1052,0,30.2555,0.299994,24.1064,0,0,467,3
1.008,114,392,0,30.1249,-0.0328159,23.5866,0,0,162,611
1.008,115,46,1,29.9429,-5.96204,1.76644,1,0,626,118
1.008,116,220,0,30.2384,0.285691,23.6173,0,0,92,16
1.008,117,1401,0,30.2292,0.233597,23.6186,0,0,670,229
1.008,118,276,0,30.2522,0.302599,23.6229,0,0,115,677
1.008,119,1031,1,30.2456,0.301175,23.1382,0,0,454,599
1.008,120,328,0,30.2405,0.294845,23.1362,0,0,134,615
1.008,121,584,0,30.0845,0.108116,23.0735,0,0,240,636
1.008,122,1366,0,30.2166,0.264774,23.1267,0,0,651,556
1.008,123,268,0,29.8825,-0.444514,22.55,0,0,111,64
1.008,124,226,0,30.2368,0.296926,22.6527,0,0,95,626
1.008,125,813,0,27.5956,-10,1.04301,1,0,592,202
1.008,126,1108,2,30.0301,-6.05576,1.14902,1,0,501,447
1.008,127,1409,0,25.3184,-9.0419,13.6368,1,0,673,668
1.008,128,66,0,29.9105,-0.110598,22.0506,0,0,34,204
1.008,129,1102,0,30.0035,-6.05413,0.496828,1,0,499,99
1.008,130,320,0,30.2123,0.278184,21.6796,0,0,132,630
1.008,131,445,1,30.2159,0.285949,21.6812,0,0,186,125
1.008,132,949,0,30.1756,0.208709,21.6683,0,0,406,204
1.008,133,454,0,30.2261,0.296755,21.6847,0,0,189,263
1.008,134,766,0,30.1329,0.176451,21.6496,0,0,327,99
1.008,135,33,0,25.6988,-10,6.21126,1,0,554,226
1.008,136,940,0,30.0834,0.258206,21.1682,0,0,403,294
1.008,137,682,0,30.2247,0.302182,21.2023,0,0,282,485
1.008,138,60,0,30.2232,0.300161,21.2018,0,0,32,45
1.008,139,469,0,29.8741,-1.01842,21.1556,0,0,193,104
1.008,140,73,0,30.2144,0.295297,20.7168,0,0,36,636
1.008,141,535,0,30.2229,0.307233,20.7198,0,0,219,531
1.008,142,530,0,26.0981,-0.449153,18.7364,0,0,217,481
1.008,143,11,1,30.2215,0.305213,20.7193,0,0,8,19
1.008,144,764,0,30.217,0.298973,20.7178,0,0,325,307
1.008,145,847,1,25.9077,-10,6.4136,1,0,227,341
1.008,146,1299,0,30.0718,0.327628,20.611,0,0,610,31
1.008,147,129,0,28.0744,-10,6.1769,1,0,56,548
1.008,148,531,0,26.3632,-0.303865,18.3994,0,0,218,476
1.008,149,854,0,30.1683,0.214882,20.2228,0,0,366,395
1.008,150,330,0,30.0221,0.247962,20.1151,0,0,135,101
1.008,151,1337,0,30.0623,-0.0339918,20.191,0,0,637,97
1.008,152,297,0,30.2067,0.291655,20.2323,0,0,123,471
1.008,153,1294,0,30.1827,0.22773,19.7428,0,0,607,22
1.008,154,566,0,30.0633,0.332307,19.6494,0,0,232,566
1.008,155,1167,0,30.2111,0.305906,19.7521,0,0,539,479
1.008,156,1282,0,30.2131,0.308791,19.7528,0,0,600,338
1.008,157,362,0,30.1956,0.296514,19.7485,0,0,149,83
1.008,158,775,0,28.2476,-2.47886,19.0761,0,0,331,133
1.008,159,749,0,26.2406,-0.254388,17.929,0,0,318,299
1.008,160,831,0,29.7827,-0.258078,19.1226,0,0,355,246
1.008,161,1319,0,30.1912,0.283834,19.2638,0,0,624,506
1.008,162,802,0,30.1903,0.282536,19.2635,0,0,342,306
1.008,163,931,0,30.2031,0.301884,19.2677,0,0,398,48
1.008,164,17,0,30.2031,0.301966,19.2677,0,0,12,15
1.008,165,480,0,30.191,0.283593,19.2637,0,0,196,79
1.008,166,33,0,30.0562,0.279309,19.1684,0,0,18,486
1.008,167,271,0,26.4014,-0.644977,17.5784,0,0,113,156
1.008,168,77,0,29.2122,-1.94717,18.5331,0,0,38,479
1.008,169,236,0,30.1999,0.305267,18.785,0,0,99,374
1.008,170,779,0,28.2198,-10,18.5788,0,0,333,105
1.008,171,185,1,30.1947,0.30076,18.7826,0,0,79,516
1.008,172,847,0,29.9095,-0.344484,18.7042,0,0,363,477
1.008,173,1138,0,27.2498,-10,17.5244,0,0,521,673
1.008,174,1432,0,29.707,-0.370319,18.1466,0,0,689,297
1.008,175,126,1,27.5635,-10,7.33707,1,0,514,330
1.008,176,83,0,26.3211,-0.604259,16.2681,0,0,40,381
1.008,177,335,1,30.014,0.198133,17.7188,0,0,137,385
1.008,178,786,0,26.5902,-0.728763,16.3521,0,0,336,338
1.008,179,1192,1,30.1933,0.311925,17.8196,0,0,555,549
1.008,180,1238,0,29.1256,-1.88931,17.5095,0,0,575,532
1.008,181,1392,0,30.1724,0.225999,17.334,0,0,665,462
1.008,182,1032,0,30.1869,0.310425,17.3361,0,0,455,298
1.008,183,648,0,30.1865,0.309786,17.336,0,0,266,508
1.008,184,394,0,24.4749,-5.44925,15.584,0,0,163,477
1.008,185,1045,0,29.9179,-0.107011,17.2559,0,0,463,390
1.008,186,37,0,29.9877,0.229627,17.2317,0,0,20,156
1.008,187,1187,0,27.0071,-10,2.93387,1,0,553,530
1.008,188,387,0,25.9709,-2.92257,15.8198,0,0,161,672
1.008,189,286,0,30.1866,0.309958,17.336,0,0,119,301
1.008,190,563,0,26.2567,-1.57216,15.856,0,0,231,340
1.008,191,428,0,26.3333,-0.640211,15.8467,0,0,178,100
1.008,192,990,0,25.9051,-2.20732,15.3595,0,0,429,298
1.008,193,81,0,25.7379,-2.56467,15.3288,0,0,39,340
1.008,194,1011,1,29.9823,0.214047,16.7514,0,0,440,482
1.008,195,760,0,30.1771,0.302844,16.8517,0,0,323,598
1.008,196,699,0,30.1501,0.263679,16.3626,0,0,292,635
1.008,197,843,0,24.56,-10,4.2788,1,0,223,392
1.008,198,1191,0,27.0107,-10,0.424403,1,0,638,623
1.008,199,1242,0,25.8776,-4.03697,14.9645,0,0,577,338
1.008,200,1422,0,26.6962,-1.01161,15.0946,0,0,681,97
1.008,201,682,2,26.9482,-10,0.686707,1,0,533,678
1.008,202,784,0,25.9137,-2.00052,14.5127,0,0,335,481
1.008,203,1052,1,27.2007,-10,2.14495,1,0,364,340
1.008,204,751,0,26.7583,-1.65707,14.6962,0,0,319,384
1.008,205,960,0,29.8601,-0.447594,15.8144,0,0,414,631
1.008,206,1424,0,25.7291,-10,14.7143,0,0,683,485
1.008,207,157,0,30.1641,0.308145,15.4039,0,0,68,280
1.008,208,257,0,27.0632,-1.31913,14.3327,0,0,107,14
1.008,209,254,0,30.1648,0.309516,15.4041,0,0,106,142
1.008,210,1006,0,26.5885,-10,3.66899,1,0,437,640
1.008,211,957,0,30.1616,0.313606,14.9219,0,0,411,573
1.008,212,772,0,30.1256,0.243987,14.9126,0,0,330,439
1.008,213,1123,1,30.1496,0.304326,14.9176,0,0,511,76
1.008,214,1269,0,26.5652,-1.78291,13.781,0,0,594,567
1.008,215,14,0,28.5092,-10,5.14906,1,0,622,517
1.008,216,672,0,30.1526,0.295946,14.9196,0,0,277,652
1.008,217,861,0,30.1472,0.285344,14.9182,0,0,369,644
1.008,218,44,0,30.1581,0.31747,14.4397,0,0,25,595
1.008,219,1233,0,27.2377,-1.54941,13.5025,0,0,574,378
1.008,220,75,0,27.0983,-1.7131,13.4693,0,0,37,568
1.008,221,547,0,29.9151,0.0145024,14.3422,0,0,224,478
1.008,222,1140,0,25.2,-10,13.2096,0,0,522,339
1.008,223,269,0,27.1058,-1.53141,13.4661,0,0,112,677
1.008,224,880,0,30.0566,0.121571,13.9336,0,0,376,346
1.008,225,890,0,29.9878,-0.0321276,13.9173,0,0,382,378
1.008,226,542,0,30.0595,0.124114,13.9344,0,0,222,676
1.008,227,971,0,30.1509,0.313963,13.9566,0,0,420,220
1.008,228,561,0,26.3482,-3.11622,12.8964,0,0,229,481
1.008,229,719,0,30.071,0.19212,13.9371,0,0,302,547
1.008,230,1285,0,29.997,0.338993,13.8826,0,0,602,381
1.008,231,1046,0,27.2478,-2.32512,12.6558,0,0,464,100
1.008,232,695,0,29.9823,0.318578,13.4005,0,0,290,358
1.008,233,183,0,30.1463,0.315561,13.4743,0,0,78,628
1.008,234,386,0,26.6814,-2.3493,12.5105,0,0,160,382
1.008,235,241,0,30.1465,0.316108,13.4744,0,0,101,161
1.008,236,537,0,26.7052,-1.93961,12.5086,0,0,220,571
1.008,237,159,0,30.1072,0.175663,13.4661,0,0,69,330
1.008,238,993,0,27.806,-2.04467,12.3341,0,0,430,547
1.008,239,1034,0,30.0385,0.0821142,12.9689,0,0,457,398
1.008,240,1371,0,30.1341,0.300141,12.9904,0,0,652,96
1.008,241,457,0,30.1402,0.314055,12.9917,0,0,190,661
1.008,242,1201,0,27.5552,-7.0369,12.4431,0,0,560,185
1.008,243,1240,0,26.4099,-3.86568,11.6165,0,0,576,631
1.008,244,647,0,29.9419,0.245789,12.4349,0,0,265,136
1.008,245,1002,0,30.1326,0.308851,12.509,0,0,435,513
1.008,246,1228,0,30.0687,0.121096,12.4965,0,0,572,391
1.008,247,550,0,26.5531,-3.94654,11.6358,0,0,226,385
1.008,248,683,0,26.4229,-5.7879,11.6534,0,0,283,530
1.008,249,34,0,26.3885,-7.92832,11.2054,0,0,19,678
1.008,250,398,0,29.9316,-0.208328,11.9899,0,0,165,53
1.008,251,1050,0,27.755,-2.14839,11.4065,0,0,466,379
1.008,252,1183,0,30.1275,0.309039,12.0268,0,0,550,163
1.008,253,1333,0,30.1298,0.314804,12.0273,0,0,634,9
1.008,254,980,0,30.1239,0.300363,12.026,0,0,425,115
1.008,255,42,0,30.0872,0.219061,11.5376,0,0,23,402
1.008,256,346,0,30.1223,0.309352,11.5447,0,0,142,457
1.008,257,1088,0,30.1227,0.310363,11.5448,0,0,490,233
1.008,258,1003,0,30.1249,0.315884,11.5452,0,0,436,541
1.008,259,1330,0,26.16,-10,1.582,1,0,571,672
1.008,260,549,0,29.9704,0.344748,11.4838,0,0,225,390
1.008,261,1031,0,29.9648,0.345331,11.0043,0,0,454,679
1.008,262,986,0,27.6413,-2.65747,10.481,0,0,427,383
1.008,263,988,0,27.4832,-2.84403,10.4522,0,0,428,672
1.008,264,1230,0,29.667,-1.32747,10.9879,0,0,573,569
1.008,265,11,0,29.9609,0.33448,11.0036,0,0,8,57
1.008,266,920,0,30.0944,0.261071,10.5775,0,0,394,518
1.008,267,1249,0,30.1002,0.276681,10.5786,0,0,581,432
1.008,268,535,0,26.7273,-4.46464,9.92064,0,0,219,531
1.008,269,403,0,30.1154,0.319323,10.5814,0,0,166,113
1.008,270,736,0,30.1158,0.320482,10.5815,0,0,310,508
1.008,271,538,0,27.1299,-5.14199,9.52224,0,0,221,382
1.008,272,1246,0,27.4758,-3.08513,9.554,0,0,579,495
1.008,273,1172,0,29.0691,-3.93484,9.45619,0,0,542,375
1.008,274,33,1,29.5201,0.414642,9.44912,0,0,18,461
1.008,275,1103,0,30.1001,0.305178,9.61695,0,0,500,334
1.008,276,268,0,27.0518,-5.22623,9.07218,0,0,111,687
1.008,277,84,0,30.0989,0.301479,9.61674,0,0,41,208
1.008,278,1353,0,30.1049,0.320003,9.61776,0,0,646,231
1.008,279,1038,0,30.0873,0.280173,9.13407,0,0,459,64
1.008,280,530,0,26.96,-10,8.6336,0,0,217,562
1.008,281,344,0,30.0999,0.321225,9.1361,0,0,140,295
1.008,282,711,0,30.0925,0.297342,9.13492,0,0,297,603
1.008,283,779,0,26.96,-10,8.6336,0,0,333,687
1.008,284,331,0,28.38,-3.00421,8.81317,0,0,136,332
1.008,285,832,0,30.0688,0.23405,8.65053,0,0,356,293
1.008,286,31,0,30.0563,0.189802,8.64864,0,0,17,55
1.008,287,1170,0,29.9367,0.348732,8.60794,0,0,541,617
1.008,288,1317,0,29.9865,-0.0373884,8.6378,0,0,623,400
1.008,289,981,0,28.3273,-3.25355,8.33847,0,0,426,461
1.008,290,1086,0,29.583,-1.06272,8.57229,0,0,489,560
1.008,291,726,0,29.9396,0.0268201,8.62488,0,0,305,312
1.008,292,38,0,30.089,0.320757,8.17291,0,0,21,90
1.008,293,1303,1,30.0623,0.226579,8.16938,0,0,614,352
1.008,294,1335,0,30.0869,0.313043,8.1726,0,0,635,51
1.008,295,1238,0,27.28,-10,7.76832,0,0,575,392
1.008,296,347,0,30.0724,0.277275,7.68992,0,0,143,126
1.008,297,813,0,30.0813,0.311503,7.69113,0,0,346,87
1.008,298,1067,0,29.2225,0.416072,7.51279,0,0,477,500
1.008,299,1079,1,29.9875,0.304713,7.66733,0,0,484,644
1.008,300,1142,0,30.0851,0.326317,7.69165,0,0,523,341
1.008,301,704,0,30.0795,0.325272,7.21023,0,0,294,445
1.008,302,1211,0,30.08,0.327552,7.2103,0,0,564,186
1.008,303,475,0,30.0689,0.282224,7.20888,0,0,195,513
1.008,304,601,0,30.0739,0.30242,7.20952,0,0,246,646
1.008,305,469,0,27.7787,-8.83006,6.4515,0,0,193,71
1.008,306,428,0,27.76,-10,6.4512,0,0,178,264
1.008,307,686,0,30.0676,0.296677,6.72816,0,0,285,54
1.008,308,1422,0,27.92,-10,6.00704,0,0,681,476
1.008,309,77,0,27.92,-10,6.00704,0,0,38,678
1.008,310,15,1,30.062,0.32969,6.24626,0,0,10,569
1.008,311,83,0,27.92,-10,6.00704,0,0,40,100
1.008,312,1259,0,30.0555,0.262475,6.24625,0,0,586,14
1.008,313,586,0,30.0486,0.229421,6.24548,0,0,240,412
1.008,314,848,0,28.5047,-1.11749,5.57389,0,0,364,273
1.008,315,778,0,30.064,0.328618,5.76668,0,0,332,141
1.008,316,363,2,29.8606,0.359639,5.7278,0,0,150,626
1.008,317,579,0,28.4865,-4.97818,5.58315,0,0,238,402
1.008,318,271,0,28.08,-10,5.56032,0,0,113,531
1.008,319,706,0,30.0544,0.279311,5.76569,0,0,295,410
1.008,320,728,0,30.0587,0.32929,5.28566,0,0,306,58
1.008,321,744,0,30.0576,0.323305,5.28555,0,0,316,137
1.008,322,39,0,30.0587,0.329543,5.28566,0,0,22,235
1.008,323,140,0,29.0786,-3.87378,5.18287,0,0,63,103
1.008,324,1323,0,29.7997,-0.601556,5.2511,0,0,626,683
1.008,325,1162,0,30.0525,0.324335,4.80464,0,0,536,212
1.008,326,531,0,28.4,-10,4.6592,0,0,218,339
1.008,327,99,0,30.0463,0.318191,4.32372,0,0,47,359
1.008,328,1337,0,28.56,-10,4.2048,0,0,637,392
1.008,329,822,0,30.0465,0.319615,4.32373,0,0,351,290
1.008,330,790,0,28.9622,-5.22548,4.2283,0,0,337,549
1.008,331,1151,0,30.0431,0.253173,4.32366,0,0,529,63
1.008,332,766,0,28.7419,-8.79599,3.74823,0,0,327,280
1.008,333,157,0,28.72,-10,3.74784,0,0,68,257
1.008,334,544,0,28.72,-10,3.74784,0,0,223,566
1.008,335,842,0,30.0226,0.174982,3.84164,0,0,361,130
1.008,336,1165,0,30.0151,0.164511,3.84096,0,0,538,262
1.008,337,882,0,30.0414,0.320871,3.84299,0,0,378,89
1.008,338,682,2,29.3872,0.428837,3.77718,0,0,282,558
1.008,339,1192,0,29.8747,0.359403,3.34403,0,0,555,611
1.008,340,977,0,30.0212,0.188026,3.36136,0,0,424,285
1.008,341,1209,0,28.88,-10,3.28832,0,0,563,162
1.008,342,940,0,28.88,-10,3.28832,0,0,403,636
1.008,343,721,0,28.88,-10,3.28832,0,0,303,568
1.008,344,542,1,29.3875,-5.02658,2.84208,0,0,222,461
1.008,345,48,0,30.0203,0.21019,2.88114,0,0,27,138
1.008,346,386,0,29.04,-10,2.82624,0,0,160,102
1.008,347,1349,0,29.8725,-1.26568,2.87275,0,0,644,95
1.008,348,1308,0,30.0269,0.334681,2.40129,0,0,618,480
1.008,349,1256,0,29.8534,0.123666,1.91043,0,0,585,648
1.008,350,93,0,30.0197,0.306853,1.92079,0,0,44,7
1.008,351,1388,0,30.0213,0.331542,1.92085,0,0,662,507
1.008,352,1116,0,30.0151,0.231391,1.92061,0,0,507,526
1.008,353,660,0,29.9205,0.339605,1.91439,0,0,271,246
1.008,354,1064,0,30.0211,0.328818,1.92085,0,0,474,104
1.008,355,1298,0,30.0109,0.225817,1.44035,0,0,609,381
1.008,356,53,0,30.0162,0.336843,1.44052,0,0,29,211
1.008,357,1396,0,30.0141,0.292548,1.44045,0,0,667,541
1.008,358,278,0,30.0158,0.329157,1.44051,0,0,116,491
1.008,359,998,0,30.0094,0.294886,0.960227,0,0,432,397
1.008,360,1378,0,30.0105,0.327218,0.960252,0,0,656,145
1.008,361,166,0,30.0095,0.297123,0.960229,0,0,72,78
1.008,362,66,0,29.68,-10,0.95232,0,0,34,465
1.008,363,1119,0,29.8551,-4.58194,0.956537,0,0,509,131
1.008,364,960,0,29.68,-10,0.95232,0,0,414,673
1.008,365,1046,0,29.84,-10,0.47744,0,0,464,679
1.008,366,1343,0,29.9164,-5.22239,0.478663,0,0,643,54
1.008,367,404,0,30.0037,0.233382,0.48006,0,0,167,519
1.008,368,355,0,30.0051,0.319442,0.480082,0,0,146,105
1.008,369,335,0,29.84,-10,0.47744,0,0,137,384
1.008,370,553,0,29.9289,-4.44091,0.478863,0,0,227,251
1.008,371,868,0,30.0054,0.33813,0.480087,0,0,371,524
1.024,0,566,1,30.328,0.290518,31.3778,0,0,232,680
1.024,1,271,0,30.1707,0.0766349,31.3164,0,0,113,488
1.024,2,1254,1,28.1365,-4.82234,9.22708,1,0,585,597
1.024,3,387,0,28.8154,-3.02129,30.878,0,0,161,155
1.024,4,1050,0,30.3129,0.276734,31.3697,0,0,466,408
1.024,5,1070,1,28.6733,-10,5.14217,1,0,477,106
1.024,6,33,2,30.3087,0.239138,31.3721,0,0,18,485
1.024,7,847,1,29.8794,-0.732489,31.2341,0,0,363,676
1.024,8,531,0,30.328,0.290518,31.3778,0,0,218,532
1.024,9,843,0,28.904,-1.03232,30.6977,0,0,362,483
1.024,10,335,2,30.2924,0.0638729,31.3642,0,0,137,680
1.024,11,1233,0,30.3233,0.291261,30.8926,0,0,574,478
1.024,12,1432,2,30.2973,0.295415,30.8693,0,0,689,578
1.024,13,17,1,28.3531,-10,5.25617,1,0,2,35
1.024,14,751,0,29.921,-0.677066,30.7354,0,0,319,390
1.024,15,1299,1,30.3211,0.289198,30.8914,0,0,610,578
1.024,16,56,0,30.292,0.262134,30.876,0,0,30,542
1.024,17,257,0,30.3233,0.291261,30.8926,0,0,107,80
1.024,18,530,0,30.0806,-0.212497,30.8129,0,0,217,532
1.024,19,682,1,27.4074,-3.71748,15.3367,1,0,533,297
1.024,20,1242,0,28.3591,-4.87777,30.3064,0,0,577,102
1.024,21,1167,0,23.5057,-7.83714,13.6488,1,0,522,680
1.024,22,1187,0,30.3187,0.292006,30.4074,0,0,552,296
1.024,23,75,0,30.1725,-0.0845126,30.3579,0,0,37,679
1.024,24,140,0,30.3144,0.287996,30.4052,0,0,63,377
1.024,25,786,0,30.3164,0.289909,30.4062,0,0,336,101
1.024,26,571,0,30.1954,-3.41708,30.403,0,0,234,476
1.024,27,330,1,30.2794,0.203713,30.3802,0,0,135,339
1.024,28,449,0,30.2512,0.224439,30.3738,0,0,187,566
1.024,29,1,0,30.1383,0.119386,30.3139,0,0,1,6
1.024,30,843,0,22.1227,-4.62687,15.2063,1,0,223,565
1.024,31,1325,0,26.6396,-10,10.2341,1,0,28,279
1.024,32,749,0,30.3106,0.289477,29.9205,0,0,318,22
1.024,33,269,0,30.3121,0.290905,29.9213,0,0,112,675
1.024,34,810,0,30.1663,0.149195,29.8469,0,0,345,46
1.024,35,1138,1,25.4884,-3.19061,13.5853,1,0,283,122
1.024,36,1191,1,23.8353,-6.86824,12.4508,1,0,638,391
1.024,37,1124,0,29.9572,-0.47694,29.8395,0,0,511,518
1.024,38,563,0,29.7094,-0.955311,29.7044,0,0,231,297
1.024,39,561,0,29.0199,-0.583894,29.2591,0,0,229,571
1.024,40,1422,0,30.3076,0.291837,29.4364,0,0,681,675
1.024,41,906,0,29.4739,-10,2.43135,1,0,386,126
1.024,42,566,1,22.4963,-5.02654,10.733,1,0,430,675
1.024,43,976,0,30.2467,0.172146,29.4197,0,0,423,237
1.024,44,1246,0,23.6846,-10,6.39008,1,0,685,230
1.024,45,986,0,30.1609,-0.064142,29.3891,0,0,427,384
1.024,46,1037,0,30.2494,0.234607,29.4071,0,0,458,667
1.024,47,898,0,30.2559,0.241001,29.4104,0,0,385,549
1.024,48,1343,0,30.0608,-0.966382,29.39,0,0,643,88
1.024,49,708,0,29.9212,-0.0917296,29.2427,0,0,296,676
1.024,50,1285,1,30.3052,0.289512,29.4352,0,0,602,558
1.024,51,311,0,30.2874,0.277163,28.9438,0,0,128,372
1.024,52,637,1,30.2912,0.280894,28.9457,0,0,262,206
1.024,53,988,0,30.0149,-0.0359085,28.8301,0,0,428,630
1.024,54,1030,0,30.3015,0.291167,28.9508,0,0,453,646
1.024,55,538,0,28.8684,-1.15665,28.406,0,0,221,486
1.024,56,1164,0,30.2717,0.261438,28.936,0,0,537,300
1.024,57,838,0,30.176,0.122499,28.9055,0,0,359,565
1.024,58,654,1,30.2978,0.290775,28.9493,0,0,269,106
1.024,59,43,0,30.2236,0.210938,28.4307,0,0,24,559
1.024,60,550,0,29.0185,-1.79643,27.9691,0,0,226,578
1.024,61,542,1,30.179,0.0818751,28.4297,0,0,222,547
1.024,62,83,0,30.2724,0.160873,28.4636,0,0,40,530
1.024,63,990,0,29.3519,-0.82445,28.1308,0,0,429,486
1.024,64,1284,0,30.2385,0.0933249,28.4457,0,0,601,482
1.024,65,1154,0,24.6466,-1.90497,5.34535,1,0,521,611
1.024,66,945,0,30.2401,0.234126,28.4384,0,0,405,152
1.024,67,660,1,30.297,0.292074,28.466,0,0,271,600
1.024,68,177,0,30.2824,0.277303,28.4589,0,0,76,117
1.024,69,428,0,30.287,0.2873,27.9787,0,0,178,576
1.024,70,1187,1,23.383,-6.10891,11.313,1,0,553,488
1.024,71,1011,2,30.2368,0.0988027,27.9577,0,0,440,382
1.024,72,397,0,29.977,-0.422849,27.9118,0,0,164,577
1.024,73,37,2,30.2919,0.296284,27.9815,0,0,20,488
1.024,74,562,0,28.2814,-3.4986,27.2973,0,0,230,673
1.024,75,1269,0,29.9821,-0.0295903,27.8719,0,0,594,482
1.024,76,394,0,27.6502,-2.75206,26.7791,0,0,163,31
1.024,77,386,0,29.8551,-0.180438,27.3119,0,0,160,483
1.024,78,1352,0,29.9907,-1.44429,27.4574,0,0,645,41
1.024,79,81,0,29.2214,-2.60283,27.2101,0,0,39,383
1.024,80,549,1,30.2905,0.296509,27.4979,0,0,225,548
1.024,81,1104,0,26.4585,-3.02735,4.76616,1,0,500,285
1.024,82,661,0,29.6317,-1.61721,26.7704,0,0,272,599
1.024,83,625,1,30.2712,0.293789,27.0057,0,0,255,572
1.024,84,784,0,29.5721,-0.916637,26.2902,0,0,335,630
1.024,85,1423,0,30.2788,0.295659,26.5277,0,0,682,599
1.024,86,1261,1,30.2668,0.285966,26.5218,0,0,587,22
1.024,87,1150,0,30.0674,-6.09253,1.30024,1,0,151,369
1.024,88,790,0,30.2777,0.294525,26.5272,0,0,337,155
1.024,89,37,1,22.8951,-5.48377,8.94286,1,0,426,148
1.024,90,1039,1,28.4102,-4.53092,9.99907,1,0,290,515
1.024,91,1052,1,25.5225,-9.37418,12.4654,1,0,364,3
1.024,92,596,0,30.2179,0.295892,26.0089,0,0,244,192
1.024,93,647,1,30.2587,0.279385,26.0364,0,0,265,64
1.024,94,537,0,30.1846,0.0388594,26.019,0,0,220,299
1.024,95,1274,0,29.9963,-0.0641234,25.9218,0,0,595,391
1.024,96,830,0,30.2725,0.294671,26.0426,0,0,354,18
1.024,97,330,1,22.8164,-5.41154,10.0611,1,0,136,631
1.024,98,1246,0,30.2741,0.296428,26.0433,0,0,579,591
1.024,99,579,0,30.2696,0.297551,25.559,0,0,238,3
1.024,100,975,0,29.6179,-0.805497,25.386,0,0,422,683
1.024,101,1170,1,30.2676,0.295232,25.5581,0,0,541,142
1.024,102,1385,0,30.2412,0.265308,25.5466,0,0,660,365
1.024,103,1268,0,30.269,0.296788,25.5587,0,0,593,101
1.024,104,547,1,29.9101,-0.673049,25.4586,0,0,224,296
1.024,105,1045,1,25.6526,-10,11.1259,1,0,464,296
1.024,106,1006,0,30.2592,0.29175,25.0723,0,0,438,233
1.024,107,1240,0,29.5002,-1.85183,24.847,0,0,576,300
1.024,108,1246,0,24.326,-10,2.06067,1,0,563,569
1.024,109,605,0,30.2602,0.292959,25.0727,0,0,247,7
1.024,110,1338,1,23.9647,-10,7.88256,1,0,19,99
1.024,111,721,0,24.8513,-7.14177,22.6224,0,0,303,483
1.024,112,933,0,30.2463,0.282821,24.5847,0,0,399,622
1.024,113,1052,0,30.2602,0.299232,24.5905,0,0,467,3
1.024,114,392,0,30.1243,-0.0390437,24.0686,0,0,162,611
1.024,115,46,1,29.8491,-5.8677,2.24402,1,0,626,118
1.024,116,220,0,30.2429,0.284952,24.1012,0,0,92,16
1.024,117,1401,0,30.2329,0.233018,24.1023,0,0,670,229
1.024,118,276,0,30.257,0.301833,24.107,0,0,115,677
1.024,119,1031,1,30.2504,0.30041,23.6222,0,0,454,599
1.024,120,328,0,30.2452,0.294091,23.6201,0,0,134,615
1.024,121,584,0,30.0863,0.108013,23.5548,0,0,240,636
1.024,122,1366,0,30.2209,0.264062,23.6102,0,0,651,556
1.024,123,268,0,29.8753,-0.446762,23.028,0,0,111,64
1.024,124,226,0,30.2416,0.296168,23.1366,0,0,95,626
1.024,125,813,0,27.4356,-10,1.48198,1,0,592,202
1.024,126,1108,2,29.9347,-5.95904,1.62797,1,0,501,447
1.024,127,1409,0,25.1775,-8.8044,14.0396,1,0,673,668
1.024,128,66,0,29.9088,-0.108846,22.5292,0,0,34,204
1.024,129,1102,0,29.9082,-5.9574,0.97536,1,0,499,99
1.024,130,320,0,30.2167,0.277453,22.1631,0,0,132,630
1.024,131,445,1,30.2204,0.285206,22.1647,0,0,186,125
1.024,132,949,0,30.1789,0.208239,22.1512,0,0,406,204
1.024,133,454,0,30.2308,0.295997,22.1684,0,0,189,263
1.024,134,766,0,30.1357,0.176091,22.1318,0,0,327,99
1.024,135,33,0,25.5446,-9.63527,6.61998,1,0,554,226
1.024,136,940,0,30.0875,0.257483,21.6496,0,0,403,294
1.024,137,682,0,30.2295,0.301414,21.686,0,0,282,485
1.024,138,60,0,30.228,0.299397,21.6855,0,0,32,45
1.024,139,469,0,29.858,-1.00171,21.6333,0,0,193,104
1.024,140,73,0,30.2191,0.294541,21.2003,0,0,36,636
1.024,141,535,0,30.2278,0.306457,21.2035,0,0,219,531
1.024,142,530,0,26.0915,-0.411974,19.1538,0,0,217,481
1.024,143,11,1,30.2264,0.304441,21.203,0,0,8,19
1.024,144,764,0,30.2218,0.298211,21.2013,0,0,325,307
1.024,145,847,1,25.7487,-9.93601,6.82558,1,0,227,341
1.024,146,1299,0,30.077,0.32681,21.0922,0,0,610,31
1.024,147,129,0,27.9144,-10,6.62353,1,0,56,548
1.024,148,531,0,26.3591,-0.258844,18.8211,0,0,218,476
1.024,149,854,0,30.1717,0.214339,20.7055,0,0,366,395
1.024,150,330,0,30.0259,0.240919,20.5955,0,0,135,101
1.024,151,1337,0,30.0617,-0.0329769,20.672,0,0,637,97
1.024,152,297,0,30.2113,0.290903,20.7157,0,0,123,471
1.024,153,1294,0,30.1863,0.224449,20.2257,0,0,607,22
1.024,154,566,0,30.0686,0.33148,20.1305,0,0,232,566
1.024,155,1167,0,30.216,0.305131,20.2356,0,0,539,479
1.024,156,1282,0,30.218,0.308011,20.2363,0,0,600,338
1.024,157,362,0,30.2003,0.295754,20.2317,0,0,149,83
1.024,158,775,0,28.2081,-2.47056,19.5274,0,0,331,133
1.024,159,749,0,26.2373,-0.206668,18.3487,0,0,318,299
1.024,160,831,0,29.7786,-0.25449,19.5991,0,0,355,246
1.024,161,1319,0,30.1957,0.283093,19.7469,0,0,624,506
1.024,162,802,0,30.1948,0.281796,19.7466,0,0,342,306
1.024,163,931,0,30.2079,0.301116,19.751,0,0,398,48
1.024,164,17,0,30.2079,0.301198,19.751,0,0,12,15
1.024,165,480,0,30.1955,0.282852,19.7468,0,0,196,79
1.024,166,33,0,30.0607,0.278581,19.6494,0,0,18,486
1.024,167,271,0,26.392,-0.589365,18.0007,0,0,113,156
1.024,168,77,0,29.1811,-1.94778,19,0,0,38,479
1.024,169,236,0,30.2048,0.304493,19.2683,0,0,99,374
1.024,170,778,0,28.0598,-10,0.40076,1,0,333,105
1.024,171,185,1,30.1995,0.299993,19.2658,0,0,79,516
1.024,172,847,0,29.904,-0.346584,19.1827,0,0,363,477
1.024,173,1138,0,27.0898,-10,17.9579,0,0,521,673
1.024,174,1432,0,29.7011,-0.365111,18.6218,0,0,689,297
1.024,175,126,1,27.4035,-10,7.77553,1,0,514,330
1.024,176,83,0,26.3126,-0.534733,16.6891,0,0,40,381
1.024,177,335,1,30.0171,0.195055,18.1991,0,0,137,385
1.024,178,786,0,26.5796,-0.65939,16.7774,0,0,336,338
1.024,179,1192,1,30.1982,0.311139,18.3028,0,0,555,549
1.024,180,1238,0,29.094,-1.97551,17.975,0,0,575,532
1.024,181,1392,0,30.176,0.225372,17.8168,0,0,665,462
1.024,182,1032,0,30.1918,0.309642,17.8192,0,0,455,298
1.024,183,648,0,30.1915,0.309004,17.8191,0,0,266,508
1.024,184,394,0,24.3956,-4.95819,15.9743,0,0,163,477
1.024,185,1045,0,29.9162,-0.105543,17.7346,0,0,463,390
1.024,186,37,0,29.9913,0.229129,17.7115,0,0,20,156
1.024,187,1187,0,26.8471,-10,3.36342,1,0,553,530
1.024,188,387,0,25.9249,-2.87674,16.2346,0,0,161,672
1.024,189,286,0,30.1916,0.309175,17.8191,0,0,119,301
1.024,190,563,0,26.2327,-1.49903,16.2757,0,0,231,340
1.024,191,428,0,26.3243,-0.559974,16.2679,0,0,178,100
1.024,192,990,0,25.8713,-2.11598,15.7734,0,0,429,298
1.024,193,81,0,25.6979,-2.49819,15.74,0,0,39,340
1.024,194,1011,1,29.9857,0.211112,17.2312,0,0,440,482
1.024,195,760,0,30.182,0.302072,17.3347,0,0,323,598
1.024,196,699,0,30.1543,0.26296,16.8451,0,0,292,635
1.024,197,843,0,24.4,-10,4.6692,1,0,223,392
1.024,198,1191,0,26.8507,-10,0.854013,1,0,638,623
1.024,199,1242,0,25.8133,-4.02192,15.3775,0,0,577,338
1.024,200,1422,0,26.6814,-0.922312,15.5215,0,0,681,97
1.024,201,682,2,26.7882,-10,1.11532,1,0,533,678
1.024,202,784,0,25.8841,-1.85361,14.9269,0,0,335,481
1.024,203,1052,1,27.0407,-10,2.5776,1,0,364,340
1.024,204,751,0,26.7331,-1.57904,15.1239,0,0,319,384
1.024,205,960,0,29.8529,-0.450917,16.2921,0,0,414,631
1.024,206,1424,0,25.5691,-10,15.1235,0,0,683,485
1.024,207,157,0,30.169,0.307365,15.8866,0,0,68,280
1.024,208,257,0,27.0436,-1.22615,14.7654,0,0,107,14
1.024,209,254,0,30.1698,0.308733,15.8868,0,0,106,142
1.024,210,1006,0,26.4285,-10,4.09185,1,0,437,640
1.024,211,957,0,30.1666,0.312816,15.4045,0,0,411,573
1.024,212,772,0,30.1289,0.201204,15.3946,0,0,330,439
1.024,213,1123,1,30.1544,0.30355,15.4001,0,0,511,76
1.024,214,1269,0,26.5389,-1.63801,14.2056,0,0,594,567
1.024,215,14,0,28.3492,-10,5.60265,1,0,622,517
1.024,216,672,0,30.1573,0.295182,15.4021,0,0,277,652
1.024,217,861,0,30.1518,0.284596,15.4006,0,0,369,644
1.024,218,44,0,30.1631,0.316673,14.9223,0,0,25,595
1.024,219,1233,0,27.2146,-1.44676,13.9379,0,0,574,378
1.024,220,75,0,27.0725,-1.61014,13.9025,0,0,37,568
1.024,221,547,0,29.9152,0.00388299,14.8209,0,0,224,478
1.024,222,1140,0,25.04,-10,13.6102,0,0,522,339
1.024,223,269,0,27.083,-1.42173,13.8994,0,0,112,677
1.024,224,880,0,30.0586,0.121524,14.4145,0,0,376,346
1.024,225,890,0,29.9873,-0.032544,14.3971,0,0,382,378
1.024,226,542,0,30.0615,0.123621,14.4154,0,0,222,676
1.024,227,971,0,30.1559,0.313172,14.4391,0,0,420,220
1.024,228,561,0,26.3015,-2.91996,13.3172,0,0,229,481
1.024,229,719,0,30.0739,0.183575,14.4182,0,0,302,547
1.024,230,1285,0,30.0025,0.338152,14.3626,0,0,602,381
1.024,231,1046,0,27.2127,-2.19271,13.0912,0,0,464,100
1.024,232,695,0,29.9874,0.317766,13.8803,0,0,290,358
1.024,233,183,0,30.1513,0.314767,13.9567,0,0,78,628
1.024,234,386,0,26.6466,-2.17204,12.9369,0,0,160,382
1.024,235,241,0,30.1516,0.315313,13.9568,0,0,101,161
1.024,236,537,0,26.6769,-1.76494,12.9354,0,0,220,571
1.024,237,159,0,30.1099,0.166832,13.9478,0,0,69,330
1.024,238,993,0,27.7749,-1.94304,12.7785,0,0,430,547
1.024,239,1034,0,30.0398,0.0815811,13.4495,0,0,457,398
1.024,240,1371,0,30.1389,0.29937,13.4726,0,0,652,96
1.024,241,457,0,30.1452,0.313263,13.4741,0,0,190,661
1.024,242,1201,0,27.4407,-7.15851,12.8822,0,0,560,185
1.024,243,1240,0,26.3523,-3.59897,12.0381,0,0,576,631
1.024,244,647,0,29.9458,0.245057,12.914,0,0,265,136
1.024,245,1002,0,30.1376,0.308067,12.9912,0,0,435,513
1.024,246,1228,0,30.0706,0.119176,12.9777,0,0,572,391
1.024,247,550,0,26.4933,-3.73935,12.0596,0,0,226,385
1.024,248,683,0,26.3276,-5.95577,12.0746,0,0,283,530
1.024,249,34,0,26.261,-7.96581,11.6256,0,0,19,678
1.024,250,398,0,29.9283,-0.205567,12.4688,0,0,165,53
1.024,251,1050,0,27.7226,-2.02581,11.85,0,0,466,379
1.024,252,1183,0,30.1324,0.308254,12.5089,0,0,550,163
1.024,253,1333,0,30.1348,0.314011,12.5094,0,0,634,9
1.024,254,980,0,30.1287,0.299591,12.5081,0,0,425,115
1.024,255,42,0,30.0906,0.218386,12.0191,0,0,23,402
1.024,256,346,0,30.1273,0.308566,12.0267,0,0,142,457
1.024,257,1088,0,30.1277,0.309576,12.0268,0,0,490,233
1.024,258,1003,0,30.1299,0.315088,12.0273,0,0,436,541
1.024,259,1330,0,26,-10,1.998,1,0,571,672
1.024,260,549,0,29.9759,0.343898,11.9634,0,0,225,390
1.024,261,1031,0,29.9703,0.344479,11.4838,0,0,454,679
1.024,262,986,0,27.6012,-2.50286,10.9227,0,0,427,383
1.024,263,988,0,27.4405,-2.66772,10.8912,0,0,428,672
1.024,264,1230,0,29.6455,-1.34199,11.4622,0,0,573,569
1.024,265,11,0,29.9662,0.333644,11.483,0,0,8,57
1.024,266,920,0,30.0985,0.260414,11.0591,0,0,394,518
1.024,267,1249,0,30.1046,0.275938,11.0603,0,0,581,432
1.024,268,535,0,26.6672,-3.76123,10.3473,0,0,219,531
1.024,269,403,0,30.1205,0.31852,11.0633,0,0,166,113
1.024,270,736,0,30.1209,0.319678,11.0634,0,0,310,508
1.024,271,538,0,27.0525,-4.83603,9.95508,0,0,221,382
1.024,272,1246,0,27.4304,-2.83733,9.99288,0,0,579,495
1.024,273,1172,0,29.0041,-4.06542,9.92026,0,0,542,375
1.024,274,33,1,29.5267,0.413665,9.92155,0,0,18,461
1.024,275,1103,0,30.1049,0.304397,10.0986,0,0,500,334
1.024,276,268,0,26.977,-4.6779,9.50381,0,0,111,687
1.024,277,84,0,30.1037,0.300702,10.0984,0,0,41,208
1.024,278,1353,0,30.11,0.3192,10.0995,0,0,646,231
1.024,279,1038,0,30.0917,0.279424,9.61554,0,0,459,64
1.024,280,530,0,26.8,-10,9.0624,0,0,217,562
1.024,281,344,0,30.105,0.320419,9.61778,0,0,140,295
1.024,282,711,0,30.0973,0.296571,9.61648,0,0,297,603
1.024,283,779,0,26.8,-10,9.0624,0,0,333,687
1.024,284,331,0,28.3343,-2.85959,9.26652,0,0,136,332
1.024,285,832,0,30.0725,0.23349,9.13169,0,0,356,293
1.024,286,31,0,30.0593,0.189154,9.12958,0,0,17,55
1.024,287,1170,0,29.9423,0.347873,9.08702,0,0,541,617
1.024,288,1317,0,29.9859,-0.036321,9.11758,0,0,623,400
1.024,289,981,0,28.2779,-3.08755,8.79092,0,0,426,461
1.024,290,1086,0,29.5663,-1.04248,9.04535,0,0,489,560
1.024,291,726,0,29.94,0.0274409,9.10392,0,0,305,312
1.024,292,38,0,30.0941,0.319951,8.65441,0,0,21,90
1.024,293,1303,1,30.0659,0.225891,8.65044,0,0,614,352
1.024,294,1335,0,30.0919,0.312248,8.65407,0,0,635,51
1.024,295,1238,0,27.12,-10,8.20224,0,0,575,392
1.024,296,347,0,30.0769,0.276528,8.17115,0,0,143,126
1.024,297,813,0,30.0863,0.31071,8.17251,0,0,346,87
1.024,298,1067,0,29.2292,0.415067,7.98045,0,0,477,500
1.024,299,1079,1,29.9924,0.30392,8.14721,0,0,484,644
1.024,300,1142,0,30.0903,0.325502,8.17309,0,0,523,341
1.024,301,704,0,30.0846,0.324458,7.69158,0,0,294,445
1.024,302,1211,0,30.0852,0.326734,7.69166,0,0,564,186
1.024,303,475,0,30.0734,0.280155,7.69005,0,0,195,513
1.024,304,601,0,30.0787,0.301639,7.69078,0,0,246,646
1.024,305,469,0,27.6534,-7.83462,6.89395,0,0,193,71
1.024,306,428,0,27.6,-10,6.8928,0,0,178,264
1.024,307,686,0,30.0723,0.295903,7.20931,0,0,285,54
1.024,308,1422,0,27.76,-10,6.4512,0,0,681,476
1.024,309,77,0,27.76,-10,6.4512,0,0,38,678
1.024,310,15,1,30.0673,0.328868,6.72733,0,0,10,569
1.024,311,83,0,27.76,-10,6.4512,0,0,40,100
1.024,312,1259,0,30.0597,0.261743,6.72721,0,0,586,14
1.024,313,586,0,30.0523,0.228727,6.72631,0,0,240,412
1.024,314,848,0,28.4874,-1.08447,6.02969,0,0,364,273
1.024,315,778,0,30.0692,0.327798,6.24779,0,0,332,141
1.024,316,363,2,29.8663,0.358759,6.20566,0,0,150,626
1.024,317,579,0,28.4126,-4.6159,6.03776,0,0,238,402
1.024,318,271,0,27.92,-10,6.00704,0,0,113,531
1.024,319,706,0,30.0589,0.278558,6.24663,0,0,295,410
1.024,320,728,0,30.0639,0.328468,5.76668,0,0,306,58
1.024,321,744,0,30.0628,0.322493,5.76656,0,0,316,137
1.024,322,39,0,30.064,0.328721,5.76669,0,0,22,235
1.024,323,140,0,29.0197,-3.67843,5.64719,0,0,63,103
1.024,324,1323,0,29.7902,-0.593769,5.72774,0,0,626,683
1.024,325,1162,0,30.0577,0.32352,5.28556,0,0,536,212
1.024,326,531,0,28.24,-10,5.11104,0,0,218,339
1.024,327,99,0,30.0514,0.317385,4.80454,0,0,47,359
1.024,328,1337,0,28.4,-10,4.6592,0,0,637,392
1.024,329,822,0,30.0516,0.318808,4.80456,0,0,351,290
1.024,330,790,0,28.884,-4.88575,4.69044,0,0,337,549
1.024,331,1151,0,30.0472,0.252565,4.80442,0,0,529,63
1.024,332,766,0,28.6153,-7.91506,4.20608,0,0,327,280
1.024,333,157,0,28.56,-10,4.2048,0,0,68,257
1.024,334,544,0,28.56,-10,4.2048,0,0,223,566
1.024,335,842,0,30.0254,0.174465,4.32204,0,0,361,130
1.024,336,1165,0,30.0177,0.163882,4.32124,0,0,538,262
1.024,337,882,0,30.0466,0.320062,4.32374,0,0,378,89
1.024,338,682,2,29.394,0.427836,4.24749,0,0,282,558
1.024,339,1192,0,29.8805,0.358525,3.82212,0,0,555,611
1.024,340,977,0,30.0242,0.187668,3.84174,0,0,424,285
1.024,341,1209,0,28.72,-10,3.74784,0,0,563,162
1.024,342,940,0,28.7355,-9.03078,3.74809,0,0,403,636
1.024,343,721,0,28.72,-10,3.74784,0,0,303,568
1.024,344,542,1,29.3113,-4.76077,3.31106,0,0,222,461
1.024,345,48,0,30.0236,0.209712,3.36152,0,0,27,138
1.024,346,386,0,28.88,-10,3.28832,0,0,160,102
1.024,347,1349,0,29.8526,-1.24196,3.35039,0,0,644,95
1.024,348,1308,0,30.0323,0.333849,2.88181,0,0,618,480
1.024,349,1256,0,29.8554,0.123038,2.38811,0,0,585,648
1.024,350,93,0,30.0246,0.306061,2.40118,0,0,44,7
1.024,351,1388,0,30.0266,0.330715,2.40128,0,0,662,507
1.024,352,1116,0,30.0188,0.228177,2.40091,0,0,507,526
1.024,353,660,0,29.9259,0.338758,2.3932,0,0,271,246
1.024,354,1064,0,30.0264,0.327995,2.40127,0,0,474,104
1.024,355,1298,0,30.0145,0.225325,1.92058,0,0,609,381
1.024,356,53,0,30.0216,0.336007,1.92086,0,0,29,211
1.024,357,1396,0,30.0187,0.291774,1.92075,0,0,667,541
1.024,358,278,0,30.0211,0.328333,1.92084,0,0,116,491
1.024,359,998,0,30.0142,0.294097,1.44045,0,0,432,397
1.024,360,1378,0,30.0157,0.326396,1.4405,0,0,656,145
1.024,361,166,0,30.0143,0.296342,1.44046,0,0,72,78
1.024,362,66,0,29.52,-10,1.42464,0,0,34,465
1.024,363,1119,0,29.7801,-4.68958,1.43302,0,0,509,131
1.024,364,960,0,29.52,-10,1.42464,0,0,414,673
1.024,365,1046,0,29.68,-10,0.95232,0,0,464,679
1.024,366,1343,0,29.8362,-5.01649,0.956042,0,0,643,54
1.024,367,404,0,30.0075,0.232832,0.960179,0,0,167,519
1.024,368,355,0,30.0102,0.318631,0.960245,0,0,146,105
1.024,369,335,0,29.8458,0.362073,0.954973,0,0,137,384
1.024,370,553,0,29.8605,-4.27889,0.956631,0,0,227,251
1.024,371,868,0,30.0108,0.337291,0.960259,0,0,371,524
1.024,372,988,0,29.84,-10,0.47744,0,0,428,102
1.024,373,250,0,30.0054,0.336062,0.480086,0,0,104,495
1.024,374,993,0,29.84,-10,0.47744,0,0,430,571
1.024,375,318,0,30.0053,0.332687,0.480085,0,0,131,535
1.024,376,637,0,29.924,-4.74751,0.478785,0,0,262,545
1.04,0,566,1,30.3326,0.289776,31.8631,0,0,232,680
1.04,1,271,0,30.1719,0.0762961,31.7991,0,0,113,488
1.04,2,1254,1,28.0604,-4.75476,9.67604,1,0,585,597
1.04,3,387,0,28.7668,-3.03591,31.3382,0,0,161,155
1.04,4,1050,0,30.3173,0.276015,31.8548,0,0,466,408
1.04,5,1070,1,28.5133,-10,5.59839,1,0,477,106
1.04,6,33,2,30.3126,0.238536,31.8571,0,0,18,485
1.04,7,847,1,29.867,-0.775218,31.712,0,0,363,676
1.04,8,531,0,30.3326,0.289776,31.8631,0,0,218,532
1.04,9,843,0,28.8877,-1.01799,31.1599,0,0,362,483
1.04,10,335,2,30.2933,0.0541896,31.8489,0,0,137,680
1.04,11,1233,0,30.328,0.290518,31.3778,0,0,574,478
1.04,12,1432,2,30.302,0.294663,31.3542,0,0,689,578
1.04,13,17,1,28.1931,-10,5.70726,1,0,2,35
1.04,14,751,0,29.9098,-0.699763,31.214,0,0,319,390
1.04,15,1299,1,30.3257,0.288458,31.3766,0,0,610,578
1.04,16,56,0,30.2962,0.261435,31.3608,0,0,30,542
1.04,17,257,0,30.328,0.290518,31.3778,0,0,107,80
1.04,18,530,0,30.0771,-0.216735,31.2941,0,0,217,532
1.04,19,682,1,27.3487,-3.67244,15.7743,1,0,533,297
1.04,20,1242,0,28.2792,-4.9986,30.7589,0,0,577,102
1.04,21,1167,0,23.3854,-7.51925,14.023,1,0,522,680
1.04,22,1187,0,30.3233,0.291261,30.8926,0,0,552,296
1.04,23,75,0,30.1709,-0.102904,30.8406,0,0,37,679
1.04,24,140,0,30.319,0.287258,30.8903,0,0,63,377
1.04,25,786,0,30.3211,0.289167,30.8914,0,0,336,101
1.04,26,571,0,30.1425,-3.3067,30.8853,0,0,234,476
1.04,27,330,1,30.2826,0.203166,30.8647,0,0,135,339
1.04,28,449,0,30.2548,0.223897,30.8579,0,0,187,566
1.04,29,1,0,30.1402,0.118837,30.7962,0,0,1,6
1.04,30,843,0,22.05,-4.54521,15.5591,1,0,223,565
1.04,31,1325,0,26.4796,-10,10.6577,1,0,28,279
1.04,32,749,0,30.3152,0.288737,30.4056,0,0,318,22
1.04,33,269,0,30.3167,0.290162,30.4064,0,0,112,675
1.04,34,810,0,30.1686,0.148618,30.3296,0,0,345,46
1.04,35,1138,1,25.4378,-3.15992,13.9923,1,0,283,122
1.04,36,1191,1,23.7279,-6.71444,12.8304,1,0,638,391
1.04,37,1124,0,29.9497,-0.470701,30.3187,0,0,511,518
1.04,38,563,0,29.6939,-0.963836,30.1795,0,0,231,297
1.04,39,561,0,29.0107,-0.572598,29.7233,0,0,229,571
1.04,40,1422,0,30.3123,0.291092,29.9214,0,0,681,675
1.04,41,906,0,29.3139,-10,2.90037,1,0,386,126
1.04,42,566,1,22.4174,-4.934,11.0917,1,0,430,675
1.04,43,976,0,30.2494,0.171808,29.9037,0,0,423,237
1.04,44,1246,0,23.5246,-10,6.76648,1,0,685,230
1.04,45,986,0,30.1598,-0.0700533,29.8716,0,0,427,384
1.04,46,1037,0,30.2531,0.233941,29.8912,0,0,458,667
1.04,47,898,0,30.2597,0.240328,29.8945,0,0,385,549
1.04,48,1343,0,30.0453,-0.96519,29.8708,0,0,643,88
1.04,49,708,0,29.9197,-0.0920963,29.7214,0,0,296,676
1.04,50,1285,1,30.3098,0.28877,29.9202,0,0,602,558
1.04,51,311,0,30.2918,0.276441,29.4285,0,0,128,372
1.04,52,637,1,30.2956,0.280167,29.4304,0,0,262,206
1.04,53,988,0,30.0143,-0.0358002,29.3103,0,0,428,630
1.04,54,1030,0,30.3061,0.290423,29.4357,0,0,453,646
1.04,55,538,0,28.8503,-1.131,28.8676,0,0,221,486
1.04,56,1164,0,30.2759,0.260738,29.4204,0,0,537,300
1.04,57,838,0,30.1779,0.12239,29.3884,0,0,359,565
1.04,58,654,1,30.3025,0.290031,29.4341,0,0,269,106
1.04,59,43,0,30.2269,0.209953,28.9143,0,0,24,559
1.04,60,550,0,28.9882,-1.89635,28.433,0,0,226,578
1.04,61,542,1,30.1802,0.0805028,28.9126,0,0,222,547
1.04,62,83,0,30.2749,0.153944,28.948,0,0,40,530
1.04,63,990,0,29.3373,-0.913505,28.6002,0,0,429,486
1.04,64,1284,0,30.2398,0.0842757,28.9296,0,0,601,482
1.04,65,1154,0,24.6164,-1.88817,5.73921,1,0,521,611
1.04,66,945,0,30.2438,0.233459,28.9223,0,0,405,152
1.04,67,660,1,30.3017,0.291328,28.9509,0,0,271,600
1.04,68,177,0,30.2868,0.27658,28.9435,0,0,76,117
1.04,69,428,0,30.2915,0.286562,28.4634,0,0,178,576
1.04,70,1187,1,23.2872,-5.98301,11.6856,1,0,553,488
1.04,71,1011,2,30.2382,0.0900127,28.4415,0,0,440,382
1.04,72,397,0,29.9703,-0.420371,28.3913,0,0,164,577
1.04,73,37,2,30.2966,0.295531,28.4662,0,0,20,488
1.04,74,562,0,28.2259,-3.47123,27.7489,0,0,230,673
1.04,75,1269,0,29.9813,-0.0545618,28.3516,0,0,594,482
1.04,76,394,0,27.6064,-2.74266,27.2208,0,0,163,31
1.04,77,386,0,29.8522,-0.17928,27.7896,0,0,160,483
1.04,78,1352,0,29.9677,-1.43588,27.9369,0,0,645,41
1.04,79,81,0,29.1797,-2.6091,27.6769,0,0,39,383
1.04,80,549,1,30.2952,0.295754,27.9827,0,0,225,548
1.04,81,1104,0,26.4106,-2.99436,5.18873,1,0,500,285
1.04,82,661,0,29.6041,-1.72688,27.2441,0,0,272,599
1.04,83,625,1,30.2759,0.293039,27.4902,0,0,255,572
1.04,84,784,0,29.5575,-0.913342,26.7631,0,0,335,630
1.04,85,1423,0,30.2835,0.294906,27.0122,0,0,682,599
1.04,86,1261,1,30.2713,0.285229,27.0062,0,0,587,22
1.04,87,1150,0,29.9714,-5.99487,1.77978,1,0,151,369
1.04,88,790,0,30.2824,0.293774,27.0118,0,0,337,155
1.04,89,37,1,22.809,-5.37773,9.3078,1,0,426,148
1.04,90,1039,1,28.3387,-4.46975,10.4525,1,0,290,515
1.04,91,1052,1,25.3766,-9.12228,12.8714,1,0,364,3
1.04,92,596,0,30.2226,0.295135,26.4925,0,0,244,192
1.04,93,647,1,30.2632,0.278657,26.5206,0,0,265,64
1.04,94,537,0,30.1851,0.0344905,26.5019,0,0,220,299
1.04,95,1274,0,29.9952,-0.0698847,26.4018,0,0,595,391
1.04,96,830,0,30.2772,0.29392,26.527,0,0,354,18
1.04,97,330,1,22.7314,-5.30762,10.4248,1,0,136,631
1.04,98,1246,0,30.2788,0.295673,26.5277,0,0,579,591
1.04,99,579,0,30.2744,0.296794,26.0434,0,0,238,3
1.04,100,975,0,29.6052,-0.791875,25.8597,0,0,422,683
1.04,101,1170,1,30.2723,0.294479,26.0425,0,0,541,142
1.04,102,1385,0,30.2455,0.264598,26.0305,0,0,660,365
1.04,103,1268,0,30.2737,0.296033,26.0431,0,0,593,101
1.04,104,547,1,29.8988,-0.707214,25.937,0,0,224,296
1.04,105,1045,1,25.4926,-10,11.5337,1,0,464,296
1.04,106,1006,0,30.2638,0.291003,25.5565,0,0,438,233
1.04,107,1240,0,29.4693,-1.9318,25.3185,0,0,576,300
1.04,108,1246,0,24.166,-10,2.44733,1,0,563,569
1.04,109,605,0,30.2649,0.292209,25.557,0,0,247,7
1.04,110,1338,1,23.8047,-10,8.26344,1,0,19,99
1.04,111,721,0,24.7359,-7.21072,23.0182,0,0,303,483
1.04,112,933,0,30.2508,0.282087,25.0687,0,0,399,622
1.04,113,1052,0,30.265,0.298472,25.0748,0,0,467,3
1.04,114,392,0,30.1235,-0.0447584,24.5506,0,0,162,611
1.04,115,46,1,29.7567,-5.77574,2.72013,1,0,626,118
1.04,116,220,0,30.2475,0.284214,24.5852,0,0,92,16
1.04,117,1401,0,30.2367,0.23244,24.5861,0,0,670,229
1.04,118,276,0,30.2618,0.301067,24.5912,0,0,115,677
1.04,119,1031,1,30.2552,0.299647,24.1062,0,0,454,599
1.04,120,328,0,30.2499,0.293338,24.1041,0,0,134,615
1.04,121,584,0,30.088,0.10791,24.0362,0,0,240,636
1.04,122,1366,0,30.2251,0.263352,24.0938,0,0,651,556
1.04,123,268,0,29.8681,-0.448687,23.5059,0,0,111,64
1.04,124,226,0,30.2463,0.295412,23.6205,0,0,95,626
1.04,125,813,0,27.2756,-10,1.91839,1,0,592,202
1.04,126,1108,2,29.8409,-5.86478,2.10543,1,0,501,447
1.04,127,1409,0,25.0403,-8.57701,14.4402,1,0,673,668
1.04,128,66,0,29.9071,-0.107108,23.0077,0,0,34,204
1.04,129,1102,0,29.8144,-5.86314,1.45239,1,0,499,99
1.04,130,320,0,30.2211,0.276723,22.6466,0,0,132,630
1.04,131,445,1,30.225,0.284466,22.6483,0,0,186,125
1.04,132,949,0,30.1822,0.207771,22.6341,0,0,406,204
1.04,133,454,0,30.2355,0.29524,22.6522,0,0,189,263
1.04,134,766,0,30.1385,0.175732,22.614,0,0,327,99
1.04,135,33,0,25.3968,-9.2405,7.02633,1,0,554,226
1.04,136,940,0,30.0916,0.256763,22.1311,0,0,403,294
1.04,137,682,0,30.2343,0.300649,22.1698,0,0,282,485
1.04,138,60,0,30.2328,0.298634,22.1692,0,0,32,45
1.04,139,469,0,29.8423,-0.98531,22.1108,0,0,193,104
1.04,140,73,0,30.2238,0.293786,21.6839,0,0,36,636
1.04,141,535,0,30.2327,0.305682,21.6872,0,0,219,531
1.04,142,530,0,26.0855,-0.378227,19.5712,0,0,217,481
1.04,143,11,1,30.2312,0.30367,21.6867,0,0,8,19
1.04,144,764,0,30.2266,0.29745,21.6849,0,0,325,307
1.04,145,847,1,25.5951,-9.60387,7.2351,1,0,227,341
1.04,146,1299,0,30.0822,0.325994,21.5735,0,0,610,31
1.04,147,129,0,27.7544,-10,7.0676,1,0,56,548
1.04,148,531,0,26.3556,-0.217481,19.2428,0,0,218,476
1.04,149,854,0,30.1751,0.213768,21.1883,0,0,366,395
1.04,150,330,0,30.0298,0.240372,21.076,0,0,135,101
1.04,151,1337,0,30.0612,-0.0319695,21.153,0,0,637,97
1.04,152,297,0,30.216,0.290153,21.1992,0,0,123,471
1.04,153,1294,0,30.1898,0.221071,20.7088,0,0,607,22
1.04,154,566,0,30.0739,0.330655,20.6117,0,0,232,566
1.04,155,1167,0,30.2209,0.304358,20.7191,0,0,539,479
1.04,156,1282,1,30.2229,0.307233,20.7198,0,0,600,338
1.04,157,362,0,30.205,0.294995,20.7149,0,0,149,83
1.04,158,775,0,28.1687,-2.46234,19.9781,0,0,331,133
1.04,159,749,0,26.2346,-0.163275,18.7685,0,0,318,299
1.04,160,831,0,29.7746,-0.250939,20.0755,0,0,355,246
1.04,161,1319,0,30.2002,0.282353,20.2301,0,0,624,506
1.04,162,802,0,30.1993,0.281058,20.2298,0,0,342,306
1.04,163,931,0,30.2127,0.300349,20.2344,0,0,398,48
1.04,164,17,0,30.2127,0.300431,20.2344,0,0,12,15
1.04,165,480,0,30.2001,0.282112,20.23,0,0,196,79
1.04,166,33,0,30.0651,0.277854,20.1304,0,0,18,486
1.04,167,271,0,26.3833,-0.538195,18.4228,0,0,113,156
1.04,168,77,0,29.1499,-1.94778,19.4664,0,0,38,479
1.04,169,236,0,30.2096,0.303721,19.7516,0,0,99,374
1.04,170,778,1,27.8998,-10,0.847156,1,0,333,105
1.04,171,185,1,30.2043,0.299228,19.7491,0,0,79,516
1.04,172,847,0,29.8984,-0.348558,19.661,0,0,363,477
1.04,173,1138,0,26.9298,-10,18.3888,0,0,521,673
1.04,174,1432,0,29.6954,-0.359962,19.0969,0,0,689,297
1.04,175,126,1,27.2435,-10,8.21142,1,0,514,330
1.04,176,83,0,26.305,-0.4723,17.11,0,0,40,381
1.04,177,335,1,30.0201,0.19199,18.6794,0,0,137,385
1.04,178,786,0,26.5701,-0.595753,17.2025,0,0,336,338
1.04,179,1192,1,30.2032,0.310354,18.7861,0,0,555,549
1.04,180,1238,0,29.061,-2.06212,18.4399,0,0,575,532
1.04,181,1392,0,30.1796,0.224746,18.2997,0,0,665,462
1.04,182,1032,0,30.1968,0.30886,18.3023,0,0,455,298
1.04,183,648,0,30.1964,0.308223,18.3022,0,0,266,508
1.04,184,394,0,24.3227,-4.55619,16.3635,0,0,163,477
1.04,185,1045,0,29.9145,-0.104108,18.2132,0,0,463,390
1.04,186,37,0,29.995,0.228633,18.1915,0,0,20,156
1.04,187,1187,0,26.6871,-10,3.79041,1,0,553,530
1.04,188,387,0,25.8795,-2.83607,16.6487,0,0,161,672
1.04,189,286,0,30.1965,0.308394,18.3023,0,0,119,301
1.04,190,563,0,26.2098,-1.43287,16.6951,0,0,231,340
1.04,191,428,0,26.3165,-0.487875,16.6889,0,0,178,100
1.04,192,990,0,25.8398,-1.97017,16.1869,0,0,429,298
1.04,193,81,0,25.6589,-2.44086,16.1506,0,0,39,340
1.04,194,1011,1,29.989,0.20819,17.711,0,0,440,482
1.04,195,760,0,30.1868,0.301302,17.8176,0,0,323,598
1.04,196,699,0,30.1585,0.262242,17.3276,0,0,292,635
1.04,197,843,0,24.24,-10,5.05704,1,0,223,392
1.04,198,1191,0,26.6907,-10,1.28106,1,0,638,623
1.04,199,1242,0,25.749,-4.01699,15.7895,0,0,577,338
1.04,200,1422,0,26.668,-0.84075,15.9482,0,0,681,97
1.04,201,682,2,26.6282,-10,1.54137,1,0,533,678
1.04,202,784,0,25.8565,-1.7248,15.3406,0,0,335,481
1.04,203,1052,1,26.8807,-10,3.00769,1,0,364,340
1.04,204,751,0,26.7089,-1.50805,15.5512,0,0,319,384
1.04,205,960,0,29.8456,-0.453976,16.7696,0,0,414,631
1.04,206,1424,0,25.4091,-10,15.53,0,0,683,485
1.04,207,157,0,30.1739,0.306585,16.3694,0,0,68,280
1.04,208,257,0,27.0253,-1.14023,15.1978,0,0,107,14
1.04,209,254,0,30.1747,0.307952,16.3696,0,0,106,142
1.04,210,1006,0,26.2685,-10,4.51215,1,0,437,640
1.04,211,957,0,30.1716,0.312028,15.8873,0,0,411,573
1.04,212,772,0,30.132,0.196681,15.8767,0,0,330,439
1.04,213,1123,1,30.1593,0.302776,15.8827,0,0,511,76
1.04,214,1269,0,26.5148,-1.50904,14.6298,0,0,594,567
1.04,215,14,0,28.1892,-10,6.05367,1,0,622,517
1.04,216,672,0,30.162,0.294421,15.8847,0,0,277,652
1.04,217,861,0,30.1563,0.283849,15.8831,0,0,369,644
1.04,218,44,0,30.1682,0.315878,15.405,0,0,25,595
1.04,219,1233,0,27.1929,-1.35178,14.373,0,0,574,378
1.04,220,75,0,27.0483,-1.51586,14.3352,0,0,37,568
1.04,221,547,0,29.9151,-0.00645802,15.2995,0,0,224,478
1.04,222,1140,0,24.88,-10,14.0083,0,0,522,339
1.04,223,269,0,27.0619,-1.32085,14.3324,0,0,112,677
1.04,224,880,0,30.0605,0.121478,14.8955,0,0,376,346
1.04,225,890,0,29.9868,-0.0329604,14.8769,0,0,382,378
1.04,226,542,0,30.0635,0.123115,14.8964,0,0,222,676
1.04,227,971,0,30.1609,0.312382,14.9217,0,0,420,220
1.04,228,561,0,26.2576,-2.74158,13.7373,0,0,229,481
1.04,229,719,0,30.0767,0.174825,14.8995,0,0,302,547
1.04,230,1285,0,30.0079,0.337313,14.8428,0,0,602,381
1.04,231,1045,0,27.1796,-2.07033,0.244054,1,0,464,100
1.04,232,695,0,29.9924,0.316956,14.3602,0,0,290,358
1.04,233,183,0,30.1563,0.313975,14.4392,0,0,78,628
1.04,234,386,0,26.6144,-2.01269,13.3627,0,0,160,382
1.04,235,241,0,30.1566,0.314519,14.4393,0,0,101,161
1.04,236,537,0,26.6512,-1.61001,13.3618,0,0,220,571
1.04,237,159,0,30.1124,0.157796,14.4296,0,0,69,330
1.04,238,993,0,27.7453,-1.84749,13.2224,0,0,430,547
1.04,239,1034,0,30.0411,0.081049,13.9302,0,0,457,398
1.04,240,1371,0,30.1436,0.298601,13.9549,0,0,652,96
1.04,241,457,0,30.1502,0.312472,13.9565,0,0,190,661
1.04,242,1201,0,27.3244,-7.26979,13.3194,0,0,560,185
1.04,243,1240,0,26.2983,-3.37405,12.4589,0,0,576,631
1.04,244,647,0,29.9497,0.244326,13.3932,0,0,265,136
1.04,245,1002,0,30.1425,0.307285,13.4734,0,0,435,513
1.04,246,1228,0,30.0725,0.117346,13.4588,0,0,572,391
1.04,247,550,0,26.4363,-3.5589,12.4826,0,0,226,385
1.04,248,683,0,26.2297,-6.11402,12.4943,0,0,283,530
1.04,249,34,0,26.133,-7.99983,12.0437,0,0,19,678
1.04,250,398,0,29.9251,-0.202832,12.9476,0,0,165,53
1.04,251,1050,0,27.692,-1.91179,12.2931,0,0,466,379
1.04,252,1183,0,30.1373,0.307471,12.9911,0,0,550,163
1.04,253,1333,0,30.1398,0.313218,12.9917,0,0,634,9
1.04,254,980,0,30.1335,0.29882,12.9902,0,0,425,115
1.04,255,42,0,30.0941,0.217713,12.5006,0,0,23,402
1.04,256,346,0,30.1322,0.307782,12.5089,0,0,142,457
1.04,257,1088,0,30.1326,0.30879,12.5089,0,0,490,233
1.04,258,1003,0,30.1349,0.314294,12.5095,0,0,436,541
1.04,259,1330,0,25.84,-10,2.41144,1,0,571,672
1.04,260,549,0,29.9814,0.343048,12.4431,0,0,225,390
1.04,261,1031,0,29.9758,0.343628,11.9634,0,0,454,679
1.04,262,986,0,27.5634,-2.36067,11.3637,0,0,427,383
1.04,263,988,0,27.4004,-2.50613,11.3296,0,0,428,672
1.04,264,1230,0,29.6239,-1.3546,11.9362,0,0,573,569
1.04,265,11,0,29.9715,0.332809,11.9626,0,0,8,57
1.04,266,920,0,30.1027,0.259758,11.5407,0,0,394,518
1.04,267,1249,0,30.109,0.275197,11.542,0,0,581,432
1.04,268,535,0,26.616,-3.20041,10.7732,0,0,219,531
1.04,269,403,0,30.1256,0.31772,11.5454,0,0,166,113
1.04,270,736,0,30.126,0.318876,11.5455,0,0,310,508
1.04,271,538,0,26.9796,-4.5583,10.3868,0,0,221,382
1.04,272,1246,0,27.3886,-2.61492,10.4311,0,0,579,495
1.04,273,1172,0,28.937,-4.19382,10.3832,0,0,542,375
1.04,274,33,1,29.5333,0.412691,10.3941,0,0,18,461
1.04,275,1103,0,30.1098,0.303617,10.5804,0,0,500,334
1.04,276,268,0,26.9095,-4.21318,9.93437,0,0,111,687
1.04,277,84,0,30.1085,0.299928,10.5801,0,0,41,208
1.04,278,1353,0,30.1151,0.318397,10.5814,0,0,646,231
1.04,279,1038,0,30.0962,0.278676,10.0971,0,0,459,64
1.04,280,530,0,26.64,-10,9.48864,0,0,217,562
1.04,281,344,0,30.1101,0.319615,10.0995,0,0,140,295
1.04,282,711,0,30.102,0.295801,10.0981,0,0,297,603
1.04,283,779,0,26.64,-10,9.48864,0,0,333,687
1.04,284,331,0,28.2907,-2.72432,9.71917,0,0,136,332
1.04,285,832,0,30.0763,0.232931,9.61291,0,0,356,293
1.04,286,31,0,30.0623,0.188507,9.61058,0,0,17,55
1.04,287,1170,0,29.9479,0.347016,9.56619,0,0,541,617
1.04,288,1317,0,29.9853,-0.0352626,9.59734,0,0,623,400
1.04,289,981,0,28.2309,-2.93279,9.24261,0,0,426,461
1.04,290,1086,0,29.5499,-1.02266,9.51815,0,0,489,560
1.04,291,726,0,29.9405,0.0280565,9.58297,0,0,305,312
1.04,292,38,0,30.0992,0.319146,9.136,0,0,21,90
1.04,293,1303,1,30.0695,0.225204,9.13155,0,0,614,352
1.04,294,1335,0,30.0969,0.311456,9.13562,0,0,635,51
1.04,295,1238,0,26.96,-10,8.6336,0,0,575,392
1.04,296,347,0,30.0813,0.275782,8.65245,0,0,143,126
1.04,297,813,0,30.0912,0.30992,8.65397,0,0,346,87
1.04,298,1067,0,29.2358,0.414063,8.44823,0,0,477,500
1.04,299,1079,1,29.9972,0.303128,8.62717,0,0,484,644
1.04,300,1142,0,30.0955,0.324688,8.65462,0,0,523,341
1.04,301,704,0,30.0898,0.323646,8.17302,0,0,294,445
1.04,302,1211,0,30.0904,0.325918,8.17311,0,0,564,186
1.04,303,475,0,30.0779,0.278115,8.1713,0,0,195,513
1.04,304,601,0,30.0835,0.30086,8.17211,0,0,246,646
1.04,305,469,0,27.5412,-7.00908,7.33461,0,0,193,71
1.04,306,428,0,27.44,-10,7.33184,0,0,178,264
1.04,307,686,0,30.077,0.295132,7.69055,0,0,285,54
1.04,308,1422,0,27.6,-10,6.8928,0,0,681,476
1.04,309,77,0,27.6,-10,6.8928,0,0,38,678
1.04,310,15,1,30.0725,0.328047,7.20849,0,0,10,569
1.04,311,83,0,27.6,-10,6.8928,0,0,40,100
1.04,312,1259,0,30.0639,0.261013,7.20823,0,0,586,14
1.04,313,586,0,30.0559,0.228034,7.20721,0,0,240,412
1.04,314,848,0,28.4705,-1.05251,6.48522,0,0,364,273
1.04,315,778,0,30.0744,0.326979,6.72898,0,0,332,141
1.04,316,363,2,29.872,0.357881,6.68361,0,0,150,626
1.04,317,579,0,28.344,-4.28967,6.49126,0,0,238,402
1.04,318,271,0,27.76,-10,6.4512,0,0,113,531
1.04,319,706,0,30.0633,0.277807,6.72764,0,0,295,410
1.04,320,728,0,30.0692,0.327648,6.24779,0,0,306,58
1.04,321,744,0,30.0679,0.321683,6.24765,0,0,316,137
1.04,322,39,0,30.0692,0.3279,6.24779,0,0,22,235
1.04,323,140,0,28.9638,-3.4964,6.11061,0,0,63,103
1.04,324,1323,0,29.7808,-0.586083,6.20423,0,0,626,683
1.04,325,1162,0,30.0628,0.322708,5.76656,0,0,536,212
1.04,326,531,0,28.08,-10,5.56032,0,0,218,339
1.04,327,99,0,30.0564,0.316582,5.28544,0,0,47,359
1.04,328,1337,0,28.2582,-8.86226,5.11133,0,0,637,392
1.04,329,822,0,30.0567,0.318002,5.28546,0,0,351,290
1.04,330,790,0,28.8108,-4.5766,5.15142,0,0,337,549
1.04,331,1151,0,30.0512,0.251959,5.28524,0,0,529,63
1.04,332,766,0,28.5007,-7.16024,4.66209,0,0,327,280
1.04,333,157,0,28.4,-10,4.6592,0,0,68,257
1.04,334,544,0,28.4,-10,4.6592,0,0,223,566
1.04,335,842,0,30.0282,0.173949,4.80249,0,0,361,130
1.04,336,1165,0,30.0203,0.163253,4.80157,0,0,538,262
1.04,337,882,0,30.0517,0.319253,4.80456,0,0,378,89
1.04,338,682,2,29.4008,0.426836,4.7179,0,0,282,558
1.04,339,1192,0,29.8862,0.357647,4.30029,0,0,555,611
1.04,340,977,0,30.0272,0.18731,4.32218,0,0,424,285
1.04,341,1209,0,28.56,-10,4.2048,0,0,563,162
1.04,342,940,0,28.6058,-8.10956,4.20578,0,0,403,636
1.04,343,721,0,28.56,-10,4.2048,0,0,303,568
1.04,344,542,1,29.2391,-4.51501,3.77889,0,0,222,461
1.04,345,48,0,30.027,0.209235,3.84195,0,0,27,138
1.04,346,386,0,28.72,-10,3.74784,0,0,160,102
1.04,347,1349,0,29.8331,-1.21875,3.82772,0,0,644,95
1.04,348,1308,0,30.0376,0.333019,3.36241,0,0,618,480
1.04,349,1256,0,29.8573,0.122411,2.86583,0,0,585,648
1.04,350,93,0,30.0295,0.30527,2.88166,0,0,44,7
1.04,351,1388,0,30.0319,0.329889,2.88179,0,0,662,507
1.04,352,1116,0,30.0223,0.224855,2.88127,0,0,507,526
1.04,353,660,0,29.9313,0.337913,2.8721,0,0,271,246
1.04,354,1064,0,30.0316,0.327174,2.88177,0,0,474,104
1.04,355,1298,0,30.0181,0.224833,2.40087,0,0,609,381
1.04,356,53,0,30.027,0.335173,2.4013,0,0,29,211
1.04,357,1396,0,30.0234,0.291,2.40113,0,0,667,541
1.04,358,278,0,30.0263,0.327511,2.40127,0,0,116,491
1.04,359,998,0,30.0188,0.29331,1.92075,0,0,432,397
1.04,360,1378,0,30.0209,0.325576,1.92084,0,0,656,145
1.04,361,166,0,30.019,0.295562,1.92076,0,0,72,78
1.04,362,66,0,29.3697,-9.39215,1.89456,0,0,34,465
1.04,363,1119,0,29.7034,-4.79508,1.90827,0,0,509,131
1.04,364,960,0,29.36,-10,1.8944,0,0,414,673
1.04,365,1046,0,29.52,-10,1.42464,0,0,464,679
1.04,366,1343,0,29.759,-4.82378,1.43219,0,0,643,54
1.04,367,404,0,30.0112,0.232283,1.44036,0,0,167,519
1.04,368,355,0,30.0153,0.317821,1.44049,0,0,146,105
1.04,369,335,0,29.8516,0.361188,1.4326,0,0,137,384
1.04,370,553,0,29.7945,-4.12583,1.43334,0,0,227,251
1.04,371,868,0,30.0162,0.336455,1.44052,0,0,371,524
1.04,372,988,0,29.68,-10,0.95232,0,0,428,102
1.04,373,250,0,30.0107,0.335227,0.960258,0,0,104,495
1.04,374,993,0,29.68,-10,0.95232,0,0,430,571
1.04,375,318,0,30.0106,0.331857,0.960255,0,0,131,535
1.04,376,637,0,29.9294,0.334912,0.957655,0,0,262,545
1.04,377,719,0,29.84,-10,0.47744,0,0,302,148
1.04,378,1282,0,29.84,-10,0.47744,0,0,600,567
1.04,379,1176,0,30.0051,0.319269,0.480082,0,0,544,491
1.04,380,19,0,30.0053,0.333675,0.480085,0,0,14,30
1.04,381,60,0,29.8429,-9.81575,0.477487,0,0,32,395
1.056,0,566,1,30.3372,0.289036,32.3485,0,0,232,680
1.056,1,271,0,30.1731,0.0759427,32.2819,0,0,113,488
1.056,2,1254,1,27.9854,-4.68867,10.1238,1,0,585,597
1.056,3,387,0,28.7181,-3.04537,31.7977,0,0,161,155
1.056,4,1050,0,30.3217,0.275298,32.3399,0,0,466,408
1.056,5,1070,1,28.3533,-10,6.05204,1,0,477,106
1.056,6,33,2,30.3164,0.237936,32.3422,0,0,18,485
1.056,7,847,1,29.8539,-0.818552,32.1896,0,0,363,676
1.056,8,531,0,30.3372,0.289036,32.3485,0,0,218,532
1.056,9,843,0,28.8716,-1.00399,31.6219,0,0,362,483
1.056,10,335,2,30.294,0.0443388,32.3336,0,0,137,680
1.056,11,1233,0,30.3326,0.289776,31.8631,0,0,574,478
1.056,12,1432,2,30.3067,0.293913,31.8391,0,0,689,578
1.056,13,17,1,28.0331,-10,6.15579,1,0,2,35
1.056,14,751,0,29.8983,-0.72072,31.6924,0,0,319,390
1.056,15,1299,1,30.3303,0.28772,31.8619,0,0,610,578
1.056,16,56,0,30.3004,0.260738,31.8456,0,0,30,542
1.056,17,257,0,30.3326,0.289776,31.8631,0,0,107,80
1.056,18,530,0,30.0736,-0.220869,31.7753,0,0,217,532
1.056,19,682,1,27.2906,-3.62823,16.2109,1,0,533,297
1.056,20,1242,0,28.1973,-5.11624,31.21,0,0,577,102
1.056,21,1167,0,23.2697,-7.23018,14.3953,1,0,522,680
1.056,22,1187,0,30.328,0.290518,31.3778,0,0,552,296
1.056,23,75,0,30.1689,-0.121655,31.3233,0,0,37,679
1.056,24,140,0,30.3236,0.286522,31.3755,0,0,63,377
1.056,25,786,0,30.3257,0.288428,31.3766,0,0,336,101
1.056,26,571,0,30.0913,-3.20113,31.3668,0,0,234,476
1.056,27,330,1,30.2859,0.20262,31.3493,0,0,135,339
1.056,28,449,0,30.2583,0.223357,31.342,0,0,187,566
1.056,29,1,0,30.1421,0.118289,31.2784,0,0,1,6
1.056,30,843,0,21.9785,-4.46579,15.9108,1,0,223,565
1.056,31,1325,0,26.3196,-10,11.0788,1,0,28,279
1.056,32,749,0,30.3198,0.287998,30.8907,0,0,318,22
1.056,33,269,0,30.3213,0.28942,30.8915,0,0,112,675
1.056,34,810,0,30.171,0.148042,30.8124,0,0,345,46
1.056,35,1138,1,25.3877,-3.12959,14.3985,1,0,283,122
1.056,36,1191,1,23.6229,-6.56606,13.2084,1,0,638,391
1.056,37,1124,0,29.9422,-0.464538,30.7978,0,0,511,518
1.056,38,563,0,29.6784,-0.971396,30.6544,0,0,231,297
1.056,39,561,0,29.0017,-0.561503,30.1873,0,0,229,571
1.056,40,1422,0,30.3169,0.290349,30.4065,0,0,681,675
1.056,41,906,0,29.1539,-10,3.36683,1,0,386,126
1.056,42,566,1,22.3399,-4.84413,11.4492,1,0,430,675
1.056,43,976,0,30.2521,0.17147,30.3877,0,0,423,237
1.056,44,1246,0,23.3646,-10,7.14031,1,0,685,230
1.056,45,986,0,30.1586,-0.075519,30.3542,0,0,427,384
1.056,46,1037,0,30.2569,0.233277,30.3753,0,0,458,667
1.056,47,898,0,30.2635,0.239656,30.3788,0,0,385,549
1.056,48,1343,0,30.0299,-0.963823,30.3512,0,0,643,88
1.056,49,708,0,29.9182,-0.0924626,30.2001,0,0,296,676
1.056,50,1285,1,30.3144,0.288031,30.4052,0,0,602,558
1.056,51,311,0,30.2963,0.275721,29.9132,0,0,128,372
1.056,52,637,1,30.3001,0.279441,29.9152,0,0,262,206
1.056,53,988,0,30.0137,-0.0357069,29.7905,0,0,428,630
1.056,54,1030,0,30.3108,0.289681,29.9206,0,0,453,646
1.056,55,538,0,28.8326,-1.10602,29.3289,0,0,221,486
1.056,56,1164,0,30.28,0.26004,29.9049,0,0,537,300
1.056,57,838,0,30.1799,0.12228,29.8712,0,0,359,565
1.056,58,654,1,30.3071,0.28929,29.919,0,0,269,106
1.056,59,43,0,30.2303,0.208974,29.398,0,0,24,559
1.056,60,550,0,28.9562,-1.99688,28.8963,0,0,226,578
1.056,61,542,1,30.1815,0.0790812,29.3955,0,0,222,547
1.056,62,83,0,30.2773,0.146881,29.4325,0,0,40,530
1.056,63,990,0,29.3212,-1.00448,29.0694,0,0,429,486
1.056,64,1284,0,30.241,0.0750683,29.4134,0,0,601,482
1.056,65,1154,0,24.5865,-1.87157,6.1326,1,0,521,611
1.056,66,945,0,30.2476,0.232794,29.4062,0,0,405,152
1.056,67,660,1,30.3063,0.290584,29.4358,0,0,271,600
1.056,68,177,0,30.2913,0.275859,29.4282,0,0,76,117
1.056,69,428,0,30.2961,0.285825,28.9481,0,0,178,576
1.056,70,1187,1,23.1935,-5.86122,12.0567,1,0,553,488
1.056,71,1011,2,30.2395,0.0810703,28.9254,0,0,440,382
1.056,72,397,0,29.9636,-0.417902,28.8708,0,0,164,577
1.056,73,37,2,30.3013,0.294778,28.951,0,0,20,488
1.056,74,562,0,28.1708,-3.44119,28.1997,0,0,230,673
1.056,75,1269,0,29.98,-0.0802314,28.8313,0,0,594,482
1.056,76,394,0,27.5627,-2.72947,27.6618,0,0,163,31
1.056,77,386,0,29.8494,-0.178152,28.2672,0,0,160,483
1.056,78,1352,0,29.9449,-1.42735,28.416,0,0,645,41
1.056,79,81,0,29.138,-2.60771,28.1431,0,0,39,383
1.056,80,549,1,30.2999,0.295002,28.4675,0,0,225,548
1.056,81,1104,0,26.3632,-2.9619,5.61054,1,0,500,285
1.056,82,661,0,29.5748,-1.82879,27.7173,0,0,272,599
1.056,83,625,1,30.2806,0.292291,27.9746,0,0,255,572
1.056,84,784,0,29.5429,-0.909729,27.2358,0,0,335,630
1.056,85,1423,0,30.2882,0.294155,27.4969,0,0,682,599
1.056,86,1261,1,30.2759,0.284493,27.4906,0,0,587,22
1.056,87,1150,0,29.8771,-5.8997,2.25781,1,0,151,369
1.056,88,790,0,30.2871,0.293024,27.4964,0,0,337,155
1.056,89,37,1,22.7246,-5.27492,9.6714,1,0,426,148
1.056,90,1039,1,28.2681,-4.40987,10.9048,1,0,290,515
1.056,91,1052,1,25.2345,-8.88137,13.2752,1,0,364,3
1.056,92,596,0,30.2273,0.294379,26.9761,0,0,244,192
1.056,93,647,1,30.2676,0.277931,27.0049,0,0,265,64
1.056,94,537,0,30.1856,0.0307125,26.9849,0,0,220,299
1.056,95,1274,0,29.994,-0.075385,26.8817,0,0,595,391
1.056,96,830,0,30.2819,0.293169,27.0115,0,0,354,18
1.056,97,330,1,22.6481,-5.20682,10.7872,1,0,136,631
1.056,98,1246,0,30.2835,0.29492,27.0123,0,0,579,591
1.056,99,579,0,30.2791,0.296038,26.5279,0,0,238,3
1.056,100,975,0,29.5928,-0.778493,26.3332,0,0,422,683
1.056,101,1170,1,30.277,0.293727,26.5269,0,0,541,142
1.056,102,1385,0,30.2497,0.263891,26.5145,0,0,660,365
1.056,103,1268,0,30.2784,0.295279,26.5276,0,0,593,101
1.056,104,547,1,29.8869,-0.740512,26.4152,0,0,224,296
1.056,105,1045,1,25.3326,-10,11.9391,1,0,464,296
1.056,106,1006,0,30.2685,0.290257,26.0408,0,0,438,233
1.056,107,1240,0,29.4371,-2.01219,25.7895,0,0,576,300
1.056,108,1246,0,24.006,-10,2.83143,1,0,563,569
1.056,109,605,0,30.2696,0.291461,26.0413,0,0,247,7
1.056,110,1338,1,23.6447,-10,8.64175,1,0,19,99
1.056,111,721,0,24.6195,-7.2753,23.4121,0,0,303,483
1.056,112,933,0,30.2553,0.281354,25.5528,0,0,399,622
1.056,113,1052,0,30.2698,0.297713,25.5591,0,0,467,3
1.056,114,392,0,30.1227,-0.0500501,25.0326,0,0,162,611
1.056,115,46,1,29.6657,-5.68606,3.19478,1,0,626,118
1.056,116,220,0,30.252,0.283477,25.0692,0,0,92,16
1.056,117,1401,0,30.2404,0.231864,25.07,0,0,670,229
1.056,118,276,0,30.2666,0.300303,25.0755,0,0,115,677
1.056,119,1031,1,30.26,0.298886,24.5904,0,0,454,599
1.056,120,328,0,30.2546,0.292588,24.5881,0,0,134,615
1.056,121,584,0,30.0897,0.107807,24.5177,0,0,240,636
1.056,122,1366,0,30.2293,0.262644,24.5775,0,0,651,556
1.056,123,268,0,29.8609,-0.450314,23.9836,0,0,111,64
1.056,124,226,0,30.251,0.294658,24.1045,0,0,95,626
1.056,125,813,0,27.1156,-10,2.35224,1,0,592,202
1.056,126,1108,2,29.7485,-5.77288,2.5814,1,0,501,447
1.056,127,1409,0,24.9065,-8.35914,14.8387,1,0,673,668
1.056,128,66,0,29.9054,-0.105387,23.4862,0,0,34,204
1.056,129,1102,0,29.7221,-5.77123,1.92794,1,0,499,99
1.056,130,320,0,30.2255,0.275995,23.1302,0,0,132,630
1.056,131,445,1,30.2295,0.283727,23.132,0,0,186,125
1.056,132,949,0,30.1856,0.207304,23.1171,0,0,406,204
1.056,133,454,0,30.2402,0.294485,23.136,0,0,189,263
1.056,134,766,0,30.1413,0.175373,23.0963,0,0,327,99
1.056,135,33,0,25.2529,-8.99446,7.43037,1,0,554,226
1.056,136,940,0,30.0957,0.256044,22.6126,0,0,403,294
1.056,137,682,0,30.2391,0.299885,22.6536,0,0,282,485
1.056,138,60,0,30.2376,0.297874,22.653,0,0,32,45
1.056,139,469,0,29.8268,-0.969225,22.588,0,0,193,104
1.056,140,73,0,30.2285,0.293032,22.1676,0,0,36,636
1.056,141,535,0,30.2376,0.304909,22.171,0,0,219,531
1.056,142,530,0,26.0799,-0.347523,19.9885,0,0,217,481
1.056,143,11,1,30.2361,0.3029,22.1704,0,0,8,19
1.056,144,764,0,30.2313,0.296691,22.1686,0,0,325,307
1.056,145,847,1,25.4462,-9.30094,7.64224,1,0,227,341
1.056,146,1299,0,30.0874,0.325179,22.0549,0,0,610,31
1.056,147,129,0,27.5944,-10,7.50911,1,0,56,548
1.056,148,531,0,26.3527,-0.179393,19.6645,0,0,218,476
1.056,149,854,0,30.1785,0.213196,21.6712,0,0,366,395
1.056,150,330,0,30.0336,0.239826,21.5565,0,0,135,101
1.056,151,1337,0,30.0607,-0.0309703,21.634,0,0,637,97
1.056,152,297,0,30.2206,0.289405,21.6827,0,0,123,471
1.056,153,1294,0,30.1933,0.217597,21.1919,0,0,607,22
1.056,154,566,0,30.0791,0.329832,21.093,0,0,232,566
1.056,155,1167,0,30.2257,0.303587,21.2027,0,0,539,479
1.056,156,1282,1,30.2278,0.306457,21.2035,0,0,600,338
1.056,157,362,0,30.2098,0.294238,21.1983,0,0,149,83
1.056,158,775,0,28.1294,-2.4542,20.4282,0,0,331,133
1.056,159,749,0,26.2327,-0.123702,19.1882,0,0,318,299
1.056,160,831,0,29.7707,-0.247426,20.5518,0,0,355,246
1.056,161,1319,0,30.2047,0.281614,20.7134,0,0,624,506
1.056,162,802,0,30.2038,0.280321,20.713,0,0,342,306
1.056,163,931,0,30.2175,0.299584,20.7179,0,0,398,48
1.056,164,17,0,30.2175,0.299666,20.7179,0,0,12,15
1.056,165,480,0,30.2046,0.281374,20.7133,0,0,196,79
1.056,166,33,0,30.0696,0.277129,20.6115,0,0,18,486
1.056,167,271,0,26.3755,-0.491008,18.8448,0,0,113,156
1.056,168,77,0,29.1187,-1.94727,19.9323,0,0,38,479
1.056,169,236,0,30.2145,0.30295,20.2351,0,0,99,374
1.056,170,778,1,27.7398,-10,1.29099,1,0,333,105
1.056,171,185,1,30.2091,0.298464,20.2324,0,0,79,516
1.056,172,847,0,29.8928,-0.35041,20.1393,0,0,363,477
1.056,173,1138,0,26.7698,-10,18.8171,0,0,521,673
1.056,174,1432,0,29.6897,-0.354874,19.572,0,0,689,297
1.056,175,126,1,27.0835,-10,8.64476,1,0,514,330
1.056,176,83,0,26.2983,-0.41607,17.5308,0,0,40,381
1.056,177,335,1,30.0232,0.188939,19.1598,0,0,137,385
1.056,178,786,0,26.5615,-0.537233,17.6275,0,0,336,338
1.056,179,1192,1,30.2082,0.309572,19.2694,0,0,555,549
1.056,180,1238,0,29.0266,-2.14907,18.9044,0,0,575,532
1.056,181,1392,0,30.1832,0.224122,18.7826,0,0,665,462
1.056,182,1032,0,30.2017,0.30808,18.7856,0,0,455,298
1.056,183,648,0,30.2013,0.307444,18.7854,0,0,266,508
1.056,184,394,0,24.2551,-4.22242,16.7515,0,0,163,477
1.056,185,1045,0,29.9129,-0.102684,18.6918,0,0,463,390
1.056,186,37,0,29.9986,0.228137,18.6714,0,0,20,156
1.056,187,1187,0,26.5271,-10,4.21485,1,0,553,530
1.056,188,387,0,25.8347,-2.79966,17.062,0,0,161,672
1.056,189,286,0,30.2014,0.307615,18.7855,0,0,119,301
1.056,190,563,0,26.1878,-1.37284,17.1141,0,0,231,340
1.056,191,428,0,26.3098,-0.422837,17.1099,0,0,178,100
1.056,192,990,0,25.8102,-1.84695,16.5998,0,0,429,298
1.056,193,81,0,25.6206,-2.39061,16.5605,0,0,39,340
1.056,194,1011,1,29.9923,0.205279,18.1909,0,0,440,482
1.056,195,760,0,30.1916,0.300534,18.3007,0,0,323,598
1.056,196,699,0,30.1626,0.261526,17.8102,0,0,292,635
1.056,197,843,0,24.08,-10,5.44232,1,0,223,392
1.056,198,1191,0,26.5307,-10,1.70555,1,0,638,623
1.056,199,1242,0,25.6847,-4.02098,16.2005,0,0,577,338
1.056,200,1422,0,26.6557,-0.766047,16.3746,0,0,681,97
1.056,201,682,2,26.4682,-10,1.96486,1,0,533,678
1.056,202,784,0,25.8307,-1.61122,15.7539,0,0,335,481
1.056,203,1052,1,26.7207,-10,3.43523,1,0,364,340
1.056,204,751,0,26.6859,-1.44333,15.9782,0,0,319,384
1.056,205,960,0,29.8383,-0.456795,17.247,0,0,414,631
1.056,206,1424,0,25.2491,-10,15.934,0,0,683,485
1.056,207,157,0,30.1788,0.305808,16.8522,0,0,68,280
1.056,208,257,0,27.0084,-1.06066,15.6299,0,0,107,14
1.056,209,254,0,30.1796,0.307172,16.8525,0,0,106,142
1.056,210,1006,0,26.1085,-10,4.92988,1,0,437,640
1.056,211,957,0,30.1765,0.311241,16.3701,0,0,411,573
1.056,212,772,0,30.1351,0.196271,16.3589,0,0,330,439
1.056,213,1123,1,30.1641,0.302003,16.3653,0,0,511,76
1.056,214,1269,0,26.4925,-1.39394,15.0537,0,0,594,567
1.056,215,14,0,28.0292,-10,6.50214,1,0,622,517
1.056,216,672,0,30.1667,0.293661,16.3673,0,0,277,652
1.056,217,861,0,30.1609,0.283103,16.3657,0,0,369,644
1.056,218,44,0,30.1732,0.315084,15.8877,0,0,25,595
1.056,219,1233,0,27.1727,-1.26371,14.8077,0,0,574,378
1.056,220,75,0,27.0254,-1.42939,14.7676,0,0,37,568
1.056,221,547,0,29.9148,-0.0165256,15.7781,0,0,224,478
1.056,222,1140,0,24.72,-10,14.4038,0,0,522,339
1.056,223,269,0,27.0422,-1.22782,14.7651,0,0,112,677
1.056,224,880,0,30.0625,0.12143,15.3765,0,0,376,346
1.056,225,890,0,29.9862,-0.0333766,15.3567,0,0,382,378
1.056,226,542,0,30.0655,0.122596,15.3775,0,0,222,676
1.056,227,971,0,30.1659,0.311594,15.4044,0,0,420,220
1.056,228,561,0,26.2163,-2.57889,14.1568,0,0,229,481
1.056,229,719,0,30.0793,0.165869,15.3807,0,0,302,547
1.056,230,1285,0,30.0132,0.336476,15.323,0,0,602,381
1.056,231,1045,1,27.0196,-10,0.676368,1,0,464,100
1.056,232,695,0,29.9975,0.316147,14.8402,0,0,290,358
1.056,233,183,0,30.1613,0.313184,14.9218,0,0,78,628
1.056,234,386,0,26.5845,-1.86888,13.788,0,0,160,382
1.056,235,241,0,30.1616,0.313727,14.9219,0,0,101,161
1.056,236,537,0,26.6276,-1.47188,13.7879,0,0,220,571
1.056,237,159,0,30.1148,0.148553,14.9115,0,0,69,330
1.056,238,993,0,27.7172,-1.75753,13.6659,0,0,430,547
1.056,239,1034,0,30.0424,0.0805178,14.4108,0,0,457,398
1.056,240,1371,0,30.1484,0.297833,14.4373,0,0,652,96
1.056,241,457,0,30.1552,0.311684,14.439,0,0,190,661
1.056,242,1201,0,27.2065,-7.37146,13.7547,0,0,560,185
1.056,243,1240,0,26.2474,-3.18387,12.8788,0,0,576,631
1.056,244,647,0,29.9536,0.243596,13.8725,0,0,265,136
1.056,245,1002,0,30.1474,0.306503,13.9558,0,0,435,513
1.056,246,1228,0,30.0743,0.115603,13.94,0,0,572,391
1.056,247,550,0,26.3819,-3.40178,12.9047,0,0,226,385
1.056,248,683,0,26.1295,-6.26295,12.9124,0,0,283,530
1.056,249,34,0,26.0045,-8.03067,12.4598,0,0,19,678
1.056,250,398,0,29.9219,-0.200123,13.4263,0,0,165,53
1.056,251,1050,0,27.6632,-1.80553,12.7357,0,0,466,379
1.056,252,1183,0,30.1422,0.306689,13.4734,0,0,550,163
1.056,253,1333,0,30.1448,0.312428,13.474,0,0,634,9
1.056,254,980,0,30.1383,0.298051,13.4724,0,0,425,115
1.056,255,42,0,30.0976,0.217041,12.9822,0,0,23,402
1.056,256,346,0,30.1371,0.307,12.991,0,0,142,457
1.056,257,1088,0,30.1375,0.308006,12.9911,0,0,490,233
1.056,258,1003,0,30.14,0.313501,12.9917,0,0,436,541
1.056,259,1330,0,25.68,-10,2.82232,1,0,571,672
1.056,260,549,0,29.9868,0.3422,12.9229,0,0,225,390
1.056,261,1031,0,29.9812,0.342779,12.4431,0,0,454,679
1.056,262,986,0,27.5278,-2.22957,11.8041,0,0,427,383
1.056,263,988,0,27.3627,-2.35762,11.7674,0,0,428,672
1.056,264,1230,0,29.602,-1.3656,12.4098,0,0,573,569
1.056,265,11,0,29.9768,0.331977,12.4422,0,0,8,57
1.056,266,920,0,30.1068,0.259104,12.0224,0,0,394,518
1.056,267,1249,0,30.1134,0.274457,12.0238,0,0,581,432
1.056,268,535,0,26.572,-2.74534,11.1983,0,0,219,531
1.056,269,403,0,30.1307,0.316921,12.0275,0,0,166,113
1.056,270,736,0,30.1311,0.318075,12.0275,0,0,310,508
1.056,271,538,0,26.9107,-4.30525,10.8173,0,0,221,382
1.056,272,1246,0,27.35,-2.41447,10.8687,0,0,579,495
1.056,273,1172,0,28.8679,-4.31994,10.8451,0,0,542,375
1.056,274,33,1,29.5399,0.411718,10.8667,0,0,18,461
1.056,275,1103,0,30.1146,0.302838,11.0622,0,0,500,334
1.056,276,268,0,26.8485,-3.81553,10.3639,0,0,111,687
1.056,277,84,0,30.1133,0.299154,11.062,0,0,41,208
1.056,278,1353,0,30.1202,0.317597,11.0633,0,0,646,231
1.056,279,1038,0,30.1006,0.27793,10.5787,0,0,459,64
1.056,280,530,0,26.48,-10,9.91232,0,0,217,562
1.056,281,344,0,30.1152,0.318812,10.5814,0,0,140,295
1.056,282,711,0,30.1067,0.295033,10.5798,0,0,297,603
1.056,283,779,0,26.6281,-0.745626,9.91469,0,0,333,687
1.056,284,331,0,28.2491,-2.59739,10.1712,0,0,136,332
1.056,285,832,0,30.08,0.232374,10.0942,0,0,356,293
1.056,286,31,0,30.0653,0.187862,10.0916,0,0,17,55
1.056,287,1170,0,29.9534,0.34616,10.0454,0,0,541,617
1.056,288,1317,0,29.9848,-0.0342127,10.0771,0,0,623,400
1.056,289,981,0,28.1863,-2.78824,9.6936,0,0,426,461
1.056,290,1086,0,29.5339,-1.00326,9.99069,0,0,489,560
1.056,291,726,0,29.9409,0.0286673,10.062,0,0,305,312
1.056,292,38,0,30.1043,0.318344,9.61767,0,0,21,90
1.056,293,1303,1,30.0731,0.224519,9.61272,0,0,614,352
1.056,294,1335,0,30.1018,0.310664,9.61725,0,0,635,51
1.056,295,1238,0,26.8,-10,9.0624,0,0,575,392
1.056,296,347,0,30.0857,0.275038,9.13382,0,0,143,126
1.056,297,813,0,30.0962,0.30913,9.1355,0,0,346,87
1.056,298,1067,0,29.2424,0.413061,8.9161,0,0,477,500
1.056,299,1079,1,30.0021,0.302338,9.1072,0,0,484,644
1.056,300,1142,0,30.1007,0.323876,9.13623,0,0,523,341
1.056,301,704,0,30.095,0.322835,8.65454,0,0,294,445
1.056,302,1211,0,30.0956,0.325104,8.65464,0,0,564,186
1.056,303,475,0,30.0823,0.276101,8.65261,0,0,195,513
1.056,304,601,0,30.0883,0.300083,8.65353,0,0,246,646
1.056,305,469,0,27.4402,-6.31554,7.77366,0,0,193,71
1.056,306,428,0,27.28,-10,7.76832,0,0,178,264
1.056,307,686,0,30.0818,0.294361,8.17185,0,0,285,54
1.056,308,1422,0,27.44,-10,7.33184,0,0,681,476
1.056,309,77,0,27.44,-10,7.33184,0,0,38,678
1.056,310,15,1,30.0778,0.327228,7.68974,0,0,10,569
1.056,311,83,0,27.44,-10,7.33184,0,0,40,100
1.056,312,1259,0,30.068,0.260284,7.68932,0,0,586,14
1.056,313,586,0,30.0595,0.227343,7.68816,0,0,240,412
1.056,314,848,0,28.4542,-1.02155,6.94049,0,0,364,273
1.056,315,778,0,30.0797,0.326162,7.21026,0,0,332,141
1.056,316,363,2,29.8777,0.357005,7.16165,0,0,150,626
1.056,317,579,0,28.2801,-3.99475,6.94374,0,0,238,402
1.056,318,271,0,27.6,-10,6.8928,0,0,113,531
1.056,319,706,0,30.0678,0.277058,7.20873,0,0,295,410
1.056,320,728,0,30.0744,0.32683,6.72898,0,0,306,58
1.056,321,744,0,30.0731,0.320874,6.72882,0,0,316,137
1.056,322,39,0,30.0745,0.327082,6.72898,0,0,22,235
1.056,323,140,0,28.9106,-3.32649,6.57318,0,0,63,103
1.056,324,1323,0,29.7716,-0.5785,6.68058,0,0,626,683
1.056,325,1162,0,30.068,0.321897,6.24765,0,0,536,212
1.056,326,531,0,27.92,-10,6.00704,0,0,218,339
1.056,327,99,0,30.0615,0.31578,5.76642,0,0,47,359
1.056,328,1337,0,28.1323,-7.86844,5.56145,0,0,637,392
1.056,329,822,0,30.0618,0.317198,5.76645,0,0,351,290
1.056,330,790,0,28.7421,-4.29438,5.61129,0,0,337,549
1.056,331,1151,0,30.0552,0.251353,5.76612,0,0,529,63
1.056,332,766,0,28.3966,-6.50775,5.11643,0,0,327,280
1.056,333,157,0,28.24,-10,5.11104,0,0,68,257
1.056,334,544,0,28.24,-10,5.11104,0,0,223,566
1.056,335,842,0,30.031,0.173435,5.28299,0,0,361,130
1.056,336,1165,0,30.0229,0.162627,5.28194,0,0,538,262
1.056,337,882,0,30.0568,0.318447,5.28547,0,0,378,89
1.056,338,682,2,29.4077,0.425837,5.18842,0,0,282,558
1.056,339,1192,0,29.8919,0.356772,4.77856,0,0,555,611
1.056,340,977,0,30.0302,0.186953,4.80266,0,0,424,285
1.056,341,1209,0,28.4,-10,4.6592,0,0,563,162
1.056,342,940,0,28.4886,-7.32215,4.6616,0,0,403,636
1.056,343,721,0,28.4,-10,4.6592,0,0,303,568
1.056,344,542,1,29.1705,-4.28726,4.24561,0,0,222,461
1.056,345,48,0,30.0303,0.208759,4.32243,0,0,27,138
1.056,346,386,0,28.56,-10,4.2048,0,0,160,102
1.056,347,1349,0,29.814,-1.19603,4.30474,0,0,644,95
1.056,348,1308,0,30.0429,0.33219,3.8431,0,0,618,480
1.056,349,1256,0,29.8593,0.121785,3.34358,0,0,585,648
1.056,350,93,0,30.0344,0.304481,3.36221,0,0,44,7
1.056,351,1388,0,30.0371,0.329065,3.36238,0,0,662,507
1.056,352,1116,0,30.0259,0.221425,3.36168,0,0,507,526
1.056,353,660,0,29.9367,0.33707,3.35109,0,0,271,246
1.056,354,1064,0,30.0368,0.326354,3.36236,0,0,474,104
1.056,355,1298,0,30.0217,0.224342,2.88121,0,0,609,381
1.056,356,53,0,30.0323,0.33434,2.88181,0,0,29,211
1.056,357,1396,0,30.028,0.290229,2.88157,0,0,667,541
1.056,358,278,0,30.0316,0.32669,2.88177,0,0,116,491
1.056,359,998,0,30.0235,0.292524,2.40113,0,0,432,397
1.056,360,1378,0,30.0261,0.324758,2.40126,0,0,656,145
1.056,361,166,0,30.0237,0.294785,2.40114,0,0,72,78
1.056,362,66,0,29.232,-8.60884,2.36227,0,0,34,465
1.056,363,1119,0,29.625,-4.89841,2.38227,0,0,509,131
1.056,364,960,0,29.2,-10,2.3616,0,0,414,673
1.056,365,1046,0,29.36,-10,1.8944,0,0,464,679
1.056,366,1343,0,29.6847,-4.64311,1.90714,0,0,643,54
1.056,367,404,0,30.0149,0.231735,1.9206,0,0,167,519
1.056,368,355,0,30.0204,0.317013,1.92082,0,0,146,105
1.056,369,335,0,29.8573,0.360306,1.91032,0,0,137,384
1.056,370,553,0,29.7308,-3.98106,1.90903,0,0,227,251
1.056,371,868,0,30.0216,0.335619,1.92086,0,0,371,524
1.056,372,988,0,29.52,-10,1.42464,0,0,428,102
1.056,373,250,0,30.0161,0.334393,1.44052,0,0,104,495
1.056,374,993,0,29.52,-10,1.42464,0,0,430,571
1.056,375,318,0,30.0159,0.331029,1.44051,0,0,131,535
1.056,376,637,0,29.9347,0.334073,1.43661,0,0,262,545
1.056,377,719,0,29.68,-10,0.95232,0,0,302,148
1.056,378,1282,0,29.8459,0.365808,0.954974,0,0,600,567
1.056,379,1176,0,30.0102,0.318458,0.960245,0,0,544,491
1.056,380,19,0,30.0107,0.332843,0.960256,0,0,14,30
1.056,381,60,0,29.6994,-8.96912,0.952678,0,0,32,395
1.056,382,749,0,29.84,-10,0.47744,0,0,318,479
1.056,383,550,0,29.84,-10,0.47744,0,0,226,299
1.056,384,634,0,29.9845,-0.967579,0.479752,0,0,260,347
1.056,385,733,0,30.0045,0.2839,0.480073,0,0,309,431
1.056,386,1421,0,30.0053,0.331918,0.480085,0,0,680,50
1.072,0,566,1,30.3419,0.288297,32.834,0,0,232,680
1.072,1,271,0,30.1743,0.0755749,32.7647,0,0,113,488
1.072,2,1254,1,27.9114,-4.62403,10.5704,1,0,585,597
1.072,3,387,0,28.6693,-3.05056,32.2564,0,0,161,155
1.072,4,1050,0,30.3261,0.274582,32.8251,0,0,466,408
1.072,5,1070,1,28.1933,-10,6.50313,1,0,477,106
1.072,6,33,2,30.3202,0.237337,32.8273,0,0,18,485
1.072,7,847,1,29.8401,-0.862473,32.6671,0,0,363,676
1.072,8,531,0,30.3419,0.288297,32.834,0,0,218,532
1.072,9,843,0,28.8558,-0.990312,32.0836,0,0,362,483
1.072,10,335,2,30.2945,0.0343212,32.8184,0,0,137,680
1.072,11,1233,0,30.3372,0.289036,32.3485,0,0,574,478
1.072,12,1432,2,30.3114,0.293164,32.324,0,0,689,578
1.072,13,17,1,27.8731,-10,6.60175,1,0,2,35
1.072,14,751,0,29.8865,-0.740051,32.1706,0,0,319,390
1.072,15,1299,1,30.3349,0.286984,32.3472,0,0,610,578
1.072,16,56,0,30.3045,0.260042,32.3305,0,0,30,542
1.072,17,257,0,30.3372,0.289036,32.3485,0,0,107,80
1.072,18,530,0,30.0758,0.139486,32.2565,0,0,217,532
1.072,19,682,1,27.2333,-3.58483,16.6467,1,0,533,297
1.072,20,1242,0,28.1136,-5.23067,31.6599,0,0,577,102
1.072,21,1167,0,23.1583,-6.96603,14.7658,1,0,522,680
1.072,22,1187,0,30.3326,0.289776,31.8631,0,0,552,296
1.072,23,75,0,30.1667,-0.140764,31.806,0,0,37,679
1.072,24,140,0,30.3282,0.285787,31.8607,0,0,63,377
1.072,25,786,0,30.3303,0.28769,31.8619,0,0,336,101
1.072,26,571,0,30.0417,-3.1001,31.8474,0,0,234,476
1.072,27,330,1,30.2891,0.202073,31.8339,0,0,135,339
1.072,28,449,0,30.2619,0.222817,31.8262,0,0,187,566
1.072,29,1,0,30.144,0.117742,31.7607,0,0,1,6
1.072,30,843,0,21.9083,-4.38851,16.2613,1,0,223,565
1.072,31,1325,0,26.1596,-10,11.4974,1,0,28,279
1.072,32,749,0,30.3244,0.287261,31.3759,0,0,318,22
1.072,33,269,0,30.326,0.28868,31.3767,0,0,112,675
1.072,34,810,0,30.1734,0.147468,31.2951,0,0,345,46
1.072,35,1138,1,25.3381,-3.09963,14.8039,1,0,283,122
1.072,36,1191,1,23.5201,-6.42286,13.5847,1,0,638,391
1.072,37,1124,0,29.9349,-0.458448,31.2767,0,0,511,518
1.072,38,563,0,29.6628,-0.978067,31.129,0,0,231,297
1.072,39,561,0,28.9929,-0.550602,30.6512,0,0,229,571
1.072,40,1422,0,30.3215,0.289607,30.8916,0,0,681,675
1.072,41,906,0,28.9939,-10,3.83074,1,0,386,126
1.072,42,566,1,22.2638,-4.75681,11.8054,1,0,430,675
1.072,43,976,0,30.2549,0.171133,30.8718,0,0,423,237
1.072,44,1246,0,23.2046,-10,7.51158,1,0,685,230
1.072,45,986,0,30.1573,-0.0806123,30.8367,0,0,427,384
1.072,46,1037,0,30.2606,0.232614,30.8595,0,0,458,667
1.072,47,898,0,30.2674,0.238985,30.863,0,0,385,549
1.072,48,1343,0,30.0145,-0.962286,30.8315,0,0,643,88
1.072,49,708,0,29.9167,-0.092829,30.6788,0,0,296,676
1.072,50,1285,1,30.319,0.287294,30.8903,0,0,602,558
1.072,51,311,0,30.3007,0.275002,30.398,0,0,128,372
1.072,52,637,1,30.3046,0.278716,30.4001,0,0,262,206
1.072,53,988,0,30.0132,-0.0356279,30.2707,0,0,428,630
1.072,54,1030,0,30.3154,0.28894,30.4057,0,0,453,646
1.072,55,538,0,28.8153,-1.08169,29.79,0,0,221,486
1.072,56,1164,0,30.2842,0.259343,30.3895,0,0,537,300
1.072,57,838,0,30.1818,0.12217,30.3541,0,0,359,565
1.072,58,654,1,30.3117,0.288549,30.404,0,0,269,106
1.072,59,43,0,30.2336,0.208,29.8818,0,0,24,559
1.072,60,550,0,28.9227,-2.09789,29.359,0,0,226,578
1.072,61,542,1,30.1827,0.0776114,29.8784,0,0,222,547
1.072,62,83,0,30.2795,0.139684,29.9169,0,0,40,530
1.072,63,990,0,29.3036,-1.09725,29.5382,0,0,429,486
1.072,64,1284,0,30.2421,0.0657026,29.8973,0,0,601,482
1.072,65,1154,0,24.5568,-1.85518,6.5255,1,0,521,611
1.072,66,945,0,30.2513,0.23213,29.8902,0,0,405,152
1.072,67,660,1,30.311,0.289841,29.9207,0,0,271,600
1.072,68,177,0,30.2957,0.27514,29.9129,0,0,76,117
1.072,69,428,0,30.3007,0.28509,29.4329,0,0,178,576
1.072,70,1187,1,23.1016,-5.74336,12.4263,1,0,553,488
1.072,71,1011,2,30.2407,0.0719756,29.4092,0,0,440,382
1.072,72,397,0,29.9569,-0.41544,29.3501,0,0,164,577
1.072,73,37,2,30.306,0.294028,29.4359,0,0,20,488
1.072,74,562,0,28.1163,-3.40886,28.6495,0,0,230,673
1.072,75,1269,0,29.9783,-0.106592,29.3109,0,0,594,482
1.072,76,394,0,27.5193,-2.71291,28.1021,0,0,163,31
1.072,77,386,0,29.8466,-0.177054,28.7447,0,0,160,483
1.072,78,1352,0,29.9222,-1.41871,28.8948,0,0,645,41
1.072,79,81,0,29.0964,-2.60021,28.6087,0,0,39,383
1.072,80,549,1,30.3046,0.29425,28.9523,0,0,225,548
1.072,81,1104,0,26.3163,-2.92996,6.0316,1,0,500,285
1.072,82,661,0,29.5441,-1.91975,28.19,0,0,272,599
1.072,83,625,1,30.2853,0.291544,28.4592,0,0,255,572
1.072,84,784,0,29.5284,-0.90583,27.7082,0,0,335,630
1.072,85,1423,0,30.2929,0.293404,27.9815,0,0,682,599
1.072,86,1261,1,30.2804,0.283758,27.9751,0,0,587,22
1.072,87,1150,0,29.7841,-5.80693,2.73436,1,0,151,369
1.072,88,790,0,30.2918,0.292276,27.981,0,0,337,155
1.072,89,37,1,22.6418,-5.1752,10.0337,1,0,426,148
1.072,90,1039,1,28.1985,-4.35124,11.356,1,0,290,515
1.072,91,1052,1,25.0961,-8.65079,13.6767,1,0,364,3
1.072,92,596,0,30.232,0.293625,27.4599,0,0,244,192
1.072,93,647,1,30.2721,0.277206,27.4893,0,0,265,64
1.072,94,537,0,30.186,0.0274194,27.4679,0,0,220,299
1.072,95,1274,0,29.9927,-0.0806367,27.3616,0,0,595,391
1.072,96,830,0,30.2865,0.292421,27.4961,0,0,354,18
1.072,97,330,1,22.5664,-5.10903,11.1483,1,0,136,631
1.072,98,1246,0,30.2882,0.294169,27.4969,0,0,579,591
1.072,99,579,0,30.2839,0.295285,27.0124,0,0,238,3
1.072,100,975,0,29.5805,-0.765343,26.8065,0,0,422,683
1.072,101,1170,1,30.2817,0.292978,27.0114,0,0,541,142
1.072,102,1385,0,30.2539,0.263184,26.9986,0,0,660,365
1.072,103,1268,0,30.2831,0.294526,27.0121,0,0,593,101
1.072,104,547,1,29.8746,-0.772994,26.8931,0,0,224,296
1.072,105,1045,1,25.1765,-9.75698,12.3419,1,0,464,296
1.072,106,1006,0,30.2731,0.289512,26.5252,0,0,438,233
1.072,107,1240,0,29.4036,-2.09295,26.2599,0,0,576,300
1.072,108,1246,0,23.846,-10,3.21296,1,0,563,569
1.072,109,605,0,30.2742,0.290715,26.5257,0,0,247,7
1.072,110,1338,1,23.4847,-10,9.01751,1,0,19,99
1.072,111,721,0,24.5021,-7.33573,23.8041,0,0,303,483
1.072,112,933,0,30.2598,0.280623,26.0369,0,0,399,622
1.072,113,1052,0,30.2745,0.296956,26.0435,0,0,467,3
1.072,114,392,0,30.1219,-0.0549865,25.5145,0,0,162,611
1.072,115,46,1,29.5761,-5.59859,3.668,1,0,626,118
1.072,116,220,0,30.2566,0.282742,25.5533,0,0,92,16
1.072,117,1401,0,30.2441,0.231289,25.5539,0,0,670,229
1.072,118,276,0,30.2714,0.299541,25.5598,0,0,115,677
1.072,119,1031,1,30.2647,0.298126,25.0746,0,0,454,599
1.072,120,328,0,30.2593,0.291838,25.0723,0,0,134,615
1.072,121,584,0,30.0914,0.107704,24.9991,0,0,240,636
1.072,122,1366,0,30.2335,0.261937,25.0612,0,0,651,556
1.072,123,268,0,29.8537,-0.451665,24.4613,0,0,111,64
1.072,124,226,0,30.2557,0.293905,24.5886,0,0,95,626
1.072,125,813,0,26.9556,-10,2.78353,1,0,592,202
1.072,126,1108,2,29.6576,-5.68326,3.05593,1,0,501,447
1.072,127,1409,0,24.7761,-8.15022,15.2352,1,0,673,668
1.072,128,66,0,29.9037,-0.103679,23.9646,0,0,34,204
1.072,129,1102,0,29.6312,-5.68161,2.40204,1,0,499,99
1.072,130,320,0,30.2299,0.275269,23.6139,0,0,132,630
1.072,131,445,1,30.234,0.282989,23.6157,0,0,186,125
1.072,132,949,0,30.1889,0.206837,23.6001,0,0,406,204
1.072,133,454,0,30.2449,0.293732,23.62,0,0,189,263
1.072,134,766,0,30.1441,0.175014,23.5786,0,0,327,99
1.072,135,33,0,25.1127,-8.75899,7.83218,1,0,554,226
1.072,136,940,0,30.0998,0.255326,23.0942,0,0,403,294
1.072,137,682,0,30.2439,0.299122,23.1375,0,0,282,485
1.072,138,60,0,30.2423,0.297114,23.1369,0,0,32,45
1.072,139,469,0,29.8115,-0.953443,23.065,0,0,193,104
1.072,140,73,0,30.2332,0.29228,22.6513,0,0,36,636
1.072,141,535,0,30.2425,0.304138,22.6549,0,0,219,531
1.072,142,530,0,26.0748,-0.319543,20.4057,0,0,217,481
1.072,143,11,1,30.2409,0.302132,22.6543,0,0,8,19
1.072,144,764,0,30.2361,0.295933,22.6524,0,0,325,307
1.072,145,847,1,25.3019,-9.02367,8.04707,1,0,227,341
1.072,146,1299,0,30.0926,0.324365,22.5364,0,0,610,31
1.072,147,129,0,27.4344,-10,7.94806,1,0,56,548
1.072,148,531,0,26.3504,-0.144243,20.0861,0,0,218,476
1.072,149,854,0,30.1819,0.212626,22.1541,0,0,366,395
1.072,150,330,0,30.0375,0.239281,22.0371,0,0,135,101
1.072,151,1337,0,30.0603,-0.0299786,22.1149,0,0,637,97
1.072,152,297,0,30.2252,0.288658,22.1663,0,0,123,471
1.072,153,1294,0,30.1967,0.214025,21.675,0,0,607,22
1.072,154,566,0,30.0844,0.32901,21.5743,0,0,232,566
1.072,155,1167,0,30.2306,0.302817,21.6864,0,0,539,479
1.072,156,1282,1,30.2327,0.305682,21.6872,0,0,600,338
1.072,157,362,0,30.2144,0.293483,21.6817,0,0,149,83
1.072,158,775,0,28.0903,-2.44614,20.8776,0,0,331,133
1.072,159,749,0,26.2313,-0.08752,19.6079,0,0,318,299
1.072,160,831,0,29.7668,-0.243949,21.0281,0,0,355,246
1.072,161,1319,0,30.2092,0.280878,21.1967,0,0,624,506
1.072,162,802,0,30.2083,0.279586,21.1964,0,0,342,306
1.072,163,931,0,30.2223,0.298821,21.2015,0,0,398,48
1.072,164,17,0,30.2223,0.298902,21.2015,0,0,12,15
1.072,165,480,0,30.2091,0.280638,21.1967,0,0,196,79
1.072,166,33,0,30.074,0.276406,21.0927,0,0,18,486
1.072,167,271,0,26.3683,-0.447409,19.2667,0,0,113,156
1.072,168,77,0,29.1108,-0.498655,20.398,0,0,38,479
1.072,169,236,0,30.2193,0.302181,20.7186,0,0,99,374
1.072,170,778,1,27.5798,-10,1.73227,1,0,333,105
1.072,171,185,1,30.2138,0.297702,20.7159,0,0,79,516
1.072,172,847,0,29.8871,-0.352144,20.6175,0,0,363,477
1.072,173,1138,0,26.6098,-10,19.2428,0,0,521,673
1.072,174,1432,0,29.6841,-0.349844,20.0469,0,0,689,297
1.072,175,126,1,26.9235,-10,9.07553,1,0,514,330
1.072,176,83,0,26.2925,-0.365296,17.9514,0,0,40,381
1.072,177,335,1,30.0261,0.185901,19.6402,0,0,137,385
1.072,178,786,0,26.5538,-0.4833,18.0523,0,0,336,338
1.072,179,1192,1,30.2131,0.308791,19.7528,0,0,555,549
1.072,180,1238,0,28.9908,-2.2363,19.3682,0,0,575,532
1.072,181,1392,0,30.1868,0.223499,19.2656,0,0,665,462
1.072,182,1032,0,30.2066,0.307302,19.2689,0,0,455,298
1.072,183,648,0,30.2062,0.306666,19.2687,0,0,266,508
1.072,184,394,0,24.1921,-3.94183,17.1386,0,0,163,477
1.072,185,1045,0,29.9112,-0.101272,19.1704,0,0,463,390
1.072,186,37,0,30.0023,0.227642,19.1515,0,0,20,156
1.072,187,1187,0,26.3671,-10,4.63672,1,0,553,530
1.072,188,387,0,25.7905,-2.76678,17.4747,0,0,161,672
1.072,189,286,0,30.2063,0.306837,19.2688,0,0,119,301
1.072,190,563,0,26.1668,-1.31823,17.5328,0,0,231,340
1.072,191,428,0,26.3039,-0.363981,17.5308,0,0,178,100
1.072,192,990,0,25.7823,-1.74313,17.0124,0,0,429,298
1.072,193,81,0,25.5831,-2.34582,16.9698,0,0,39,340
1.072,194,1011,1,29.9955,0.202382,18.6708,0,0,440,482
1.072,195,760,0,30.1964,0.299767,18.7839,0,0,323,598
1.072,196,699,0,30.1668,0.260812,18.2929,0,0,292,635
1.072,197,843,0,23.92,-10,5.82504,1,0,223,392
1.072,198,1191,0,26.3707,-10,2.12749,1,0,638,623
1.072,199,1242,0,25.6201,-4.03288,16.6104,0,0,577,338
1.072,200,1422,0,26.6445,-0.697457,16.801,0,0,681,97
1.072,201,682,2,26.3082,-10,2.38579,1,0,533,678
1.072,202,784,0,25.8065,-1.51052,16.1668,0,0,335,481
1.072,203,1052,1,26.5607,-10,3.8602,1,0,364,340
1.072,204,751,0,26.6637,-1.38419,16.4048,0,0,319,384
1.072,205,960,0,29.831,-0.459393,17.7243,0,0,414,631
1.072,206,1424,0,25.0891,-10,16.3354,0,0,683,485
1.072,207,157,0,30.1837,0.305031,17.3352,0,0,68,280
1.072,208,257,0,26.9926,-0.986845,16.0618,0,0,107,14
1.072,209,254,0,30.1845,0.306394,17.3354,0,0,106,142
1.072,210,1006,0,25.9485,-10,5.34506,1,0,437,640
1.072,211,957,0,30.1815,0.310456,16.853,0,0,411,573
1.072,212,772,0,30.1383,0.195861,16.8411,0,0,330,439
1.072,213,1123,1,30.1689,0.301232,16.848,0,0,511,76
1.072,214,1269,0,26.4718,-1.29097,15.4773,0,0,594,567
1.072,215,14,0,27.8692,-10,6.94805,1,0,622,517
1.072,216,672,0,30.1714,0.292902,16.8501,0,0,277,652
1.072,217,861,0,30.1654,0.282359,16.8483,0,0,369,644
1.072,218,44,0,30.1782,0.314292,16.3706,0,0,25,595
1.072,219,1233,0,27.1538,-1.18188,15.2422,0,0,574,378
1.072,220,75,0,27.0038,-1.34997,15.1997,0,0,37,568
1.072,221,547,0,29.9144,-0.0263253,16.2568,0,0,224,478
1.072,222,1140,0,24.56,-10,14.7968,0,0,522,339
1.072,223,269,0,27.024,-1.14185,15.1974,0,0,112,677
1.072,224,880,0,30.0644,0.121381,15.8575,0,0,376,346
1.072,225,890,0,29.9857,-0.0337923,15.8364,0,0,382,378
1.072,226,542,0,30.0674,0.122065,15.8586,0,0,222,676
1.072,227,971,0,30.1709,0.310808,15.8871,0,0,420,220
1.072,228,561,0,26.1775,-2.43004,14.5756,0,0,229,481
1.072,229,719,0,30.0819,0.156708,15.862,0,0,302,547
1.072,230,1285,0,30.0186,0.33564,15.8033,0,0,602,381
1.072,231,1045,1,26.8596,-10,1.10612,1,0,464,100
1.072,232,695,0,30.0025,0.315339,15.3202,0,0,290,358
1.072,233,183,0,30.1663,0.312394,15.4045,0,0,78,628
1.072,234,386,0,26.5567,-1.73863,14.2129,0,0,160,382
1.072,235,241,0,30.1666,0.312937,15.4046,0,0,101,161
1.072,236,537,0,26.6061,-1.34819,14.2136,0,0,220,571
1.072,237,159,0,30.117,0.139105,15.3933,0,0,69,330
1.072,238,993,0,27.6904,-1.67273,14.1089,0,0,430,547
1.072,239,1034,0,30.0437,0.0799877,14.8915,0,0,457,398
1.072,240,1371,0,30.1532,0.297067,14.9197,0,0,652,96
1.072,241,457,0,30.1602,0.310896,14.9215,0,0,190,661
1.072,242,1201,0,27.087,-7.46422,14.1881,0,0,560,185
1.072,243,1240,0,26.199,-3.02292,13.298,0,0,576,631
1.072,244,647,0,29.9575,0.242869,14.3518,0,0,265,136
1.072,245,1002,0,30.1517,0.269074,14.4382,0,0,435,513
1.072,246,1228,0,30.0762,0.113938,14.4212,0,0,572,391
1.072,247,550,0,26.3296,-3.26512,13.326,0,0,226,385
1.072,248,683,0,26.0271,-6.40286,13.3288,0,0,283,530
1.072,249,34,0,25.8756,-8.05855,12.8738,0,0,19,678
1.072,250,398,0,29.9187,-0.197438,13.905,0,0,165,53
1.072,251,1050,0,27.6358,-1.70634,13.1779,0,0,466,379
1.072,252,1183,0,30.1471,0.305909,13.9557,0,0,550,163
1.072,253,1333,0,30.1498,0.311639,13.9564,0,0,634,9
1.072,254,980,0,30.143,0.297283,13.9547,0,0,425,115
1.072,255,42,0,30.1011,0.21637,13.4638,0,0,23,402
1.072,256,346,0,30.142,0.306219,13.4733,0,0,142,457
1.072,257,1088,0,30.1425,0.307223,13.4734,0,0,490,233
1.072,258,1003,0,30.145,0.31271,13.474,0,0,436,541
1.072,259,1330,0,25.52,-10,3.23064,1,0,571,672
1.072,260,549,0,29.9923,0.341354,13.4028,0,0,225,390
1.072,261,1031,0,29.9867,0.341932,12.9229,0,0,454,679
1.072,262,986,0,27.494,-2.10842,12.244,0,0,427,383
1.072,263,988,0,27.3272,-2.2208,12.2046,0,0,428,672
1.072,264,1230,0,29.58,-1.37521,12.8831,0,0,573,569
1.072,265,11,0,29.9821,0.331145,12.9219,0,0,8,57
1.072,266,920,0,30.111,0.258451,12.5042,0,0,394,518
1.072,267,1249,0,30.1178,0.273719,12.5057,0,0,581,432
1.072,268,535,0,26.5341,-2.3705,11.6229,0,0,219,531
1.072,269,403,0,30.1357,0.316124,12.5096,0,0,166,113
1.072,270,736,0,30.1362,0.317276,12.5097,0,0,310,508
1.072,271,538,0,26.8455,-4.07387,11.2469,0,0,221,382
1.072,272,1246,0,27.3142,-2.23316,11.3057,0,0,579,495
1.072,273,1172,0,28.7968,-4.44367,11.3059,0,0,542,375
1.072,274,33,1,29.5465,0.410746,11.3395,0,0,18,461
1.072,275,1103,0,30.1195,0.302061,11.5441,0,0,500,334
1.072,276,268,0,26.7929,-3.47238,10.7926,0,0,111,687
1.072,277,84,0,30.118,0.298383,11.5438,0,0,41,208
1.072,278,1353,0,30.1252,0.316798,11.5453,0,0,646,231
1.072,279,1038,0,30.1051,0.277186,11.0604,0,0,459,64
1.072,280,530,0,26.32,-10,10.3334,0,0,217,562
1.072,281,344,0,30.1203,0.318011,11.0633,0,0,140,295
1.072,282,711,0,30.1114,0.294266,11.0616,0,0,297,603
1.072,283,779,0,26.6171,-0.688673,10.3406,0,0,333,687
1.072,284,331,0,28.2095,-2.47811,10.6225,0,0,136,332
1.072,285,832,0,30.0837,0.231818,10.5755,0,0,356,293
1.072,286,31,0,30.0683,0.187218,10.5727,0,0,17,55
1.072,287,1170,0,29.9589,0.345306,10.5248,0,0,541,617
1.072,288,1317,0,29.9843,-0.0331714,10.5568,0,0,623,400
1.072,289,981,0,28.1439,-2.653,10.1439,0,0,426,461
1.072,290,1086,0,29.5181,-0.984261,10.463,0,0,489,560
1.072,291,726,0,29.9414,0.0292731,10.5411,0,0,305,312
1.072,292,38,0,30.1094,0.317543,10.0994,0,0,21,90
1.072,293,1303,1,30.0767,0.223835,10.0939,0,0,614,352
1.072,294,1335,0,30.1068,0.309875,10.099,0,0,635,51
1.072,295,1238,0,26.64,-10,9.48864,0,0,575,392
1.072,296,347,0,30.0901,0.274295,9.61526,0,0,143,126
1.072,297,813,0,30.1011,0.308342,9.61712,0,0,346,87
1.072,298,1067,0,29.249,0.412061,9.38409,0,0,477,500
1.072,299,1079,1,30.0069,0.301549,9.58731,0,0,484,644
1.072,300,1142,0,30.1059,0.323066,9.61793,0,0,523,341
1.072,301,704,0,30.1001,0.322026,9.13614,0,0,294,445
1.072,302,1211,0,30.1008,0.324291,9.13625,0,0,564,186
1.072,303,475,0,30.0867,0.274116,9.134,0,0,195,513
1.072,304,601,0,30.0931,0.299308,9.13502,0,0,246,646
1.072,305,469,0,27.3486,-5.72631,8.21123,0,0,193,71
1.072,306,428,0,27.12,-10,8.20224,0,0,178,264
1.072,307,686,0,30.0865,0.293593,8.65324,0,0,285,54
1.072,308,1422,0,27.28,-10,7.76832,0,0,681,476
1.072,309,77,0,27.28,-10,7.76832,0,0,38,678
1.072,310,15,1,30.083,0.326411,8.17107,0,0,10,569
1.072,311,83,0,27.28,-10,7.76832,0,0,40,100
1.072,312,1259,0,30.0722,0.259557,8.17047,0,0,586,14
1.072,313,586,0,30.0632,0.226653,8.16917,0,0,240,412
1.072,314,848,0,28.4383,-0.991573,7.3955,0,0,364,273
1.072,315,778,0,30.0849,0.325347,7.69161,0,0,332,141
1.072,316,363,2,29.8834,0.35613,7.63979,0,0,150,626
1.072,317,579,0,28.2204,-3.72715,7.39527,0,0,238,402
1.072,318,271,0,27.44,-10,7.33184,0,0,113,531
1.072,319,706,0,30.0722,0.27631,7.68988,0,0,295,410
1.072,320,728,0,30.0796,0.326013,7.21025,0,0,306,58
1.072,321,744,0,30.0782,0.320067,7.21007,0,0,316,137
1.072,322,39,0,30.0797,0.326265,7.21026,0,0,22,235
1.072,323,140,0,28.8599,-3.16761,7.03494,0,0,63,103
1.072,324,1323,0,29.7624,-0.571015,7.15678,0,0,626,683
1.072,325,1162,0,30.0731,0.321088,6.72882,0,0,536,212
1.072,326,531,0,27.76,-10,6.4512,0,0,218,339
1.072,327,99,0,30.0665,0.314979,6.24749,0,0,47,359
1.072,328,1337,0,28.0198,-7.03453,6.00977,0,0,637,392
1.072,329,822,0,30.0668,0.316395,6.24752,0,0,351,290
1.072,330,790,0,28.6775,-4.03595,6.07013,0,0,337,549
1.072,331,1151,0,30.0592,0.250749,6.24707,0,0,529,63
1.072,332,766,0,28.3016,-5.9393,5.56926,0,0,327,280
1.072,333,157,0,28.08,-10,5.56032,0,0,68,257
1.072,334,544,0,28.08,-10,5.56032,0,0,223,566
1.072,335,842,0,30.0338,0.172923,5.76353,0,0,361,130
1.072,336,1165,0,30.0255,0.162001,5.76234,0,0,538,262
1.072,337,882,0,30.0618,0.317642,5.76646,0,0,378,89
1.072,338,682,2,29.4145,0.424841,5.65905,0,0,282,558
1.072,339,1192,0,29.8976,0.355898,5.25693,0,0,555,611
1.072,340,977,0,30.0331,0.186596,5.28319,0,0,424,285
1.072,341,1209,0,28.24,-10,5.11104,0,0,563,162
1.072,342,940,0,28.3823,-6.64298,5.11572,0,0,403,636
1.072,343,721,0,28.24,-10,5.11104,0,0,303,568
1.072,344,542,1,29.1053,-4.07577,4.7113,0,0,222,461
1.072,345,48,0,30.0337,0.208284,4.80297,0,0,27,138
1.072,346,386,0,28.4,-10,4.6592,0,0,160,102
1.072,347,1349,0,29.7952,-1.1738,4.78147,0,0,644,95
1.072,348,1308,0,30.0482,0.331363,4.32387,0,0,618,480
1.072,349,1256,0,29.8612,0.121161,3.82136,0,0,585,648
1.072,350,93,0,30.0392,0.303693,3.84283,0,0,44,7
1.072,351,1388,0,30.0424,0.328243,3.84306,0,0,662,507
1.072,352,1116,0,30.0294,0.217886,3.84215,0,0,507,526
1.072,353,660,0,29.9421,0.336228,3.83016,0,0,271,246
1.072,354,1064,0,30.0405,0.226794,3.84301,0,0,474,104
1.072,355,1298,0,30.0252,0.223852,3.36162,0,0,609,381
1.072,356,53,0,30.0376,0.333508,3.36242,0,0,29,211
1.072,357,1396,0,30.0327,0.289459,3.3621,0,0,667,541
1.072,358,278,0,30.0368,0.325871,3.36236,0,0,116,491
1.072,359,998,0,30.0282,0.29174,2.88158,0,0,432,397
1.072,360,1378,0,30.0313,0.323942,2.88176,0,0,656,145
1.072,361,166,0,30.0284,0.294008,2.88159,0,0,72,78
1.072,362,66,0,29.1052,-7.92196,2.82795,0,0,34,465
1.072,363,1119,0,29.545,-4.99952,2.85499,0,0,509,131
1.072,364,960,0,29.04,-10,2.82624,0,0,414,673
1.072,365,1046,0,29.3064,-3.3473,2.3633,0,0,464,679
1.072,366,1343,0,29.6131,-4.47345,2.38095,0,0,643,54
1.072,367,404,0,30.0186,0.231188,2.40089,0,0,167,519
1.072,368,355,0,30.0254,0.316207,2.40122,0,0,146,105
1.072,369,335,0,29.8631,0.359425,2.38812,0,0,137,384
1.072,370,553,0,29.6693,-3.84398,2.38374,0,0,227,251
1.072,371,868,0,30.0269,0.334786,2.40129,0,0,371,524
1.072,372,988,0,29.36,-10,1.8944,0,0,428,102
1.072,373,250,0,30.0214,0.333561,1.92086,0,0,104,495
1.072,374,993,0,29.36,-10,1.8944,0,0,430,571
1.072,375,318,0,30.0212,0.330202,1.92085,0,0,131,535
1.072,376,637,0,29.9401,0.333235,1.91565,0,0,262,545
1.072,377,719,0,29.52,-10,1.42464,0,0,302,148
1.072,378,1282,0,29.8517,0.364918,1.4326,0,0,600,567
1.072,379,1176,0,30.0153,0.317649,1.44049,0,0,544,491
1.072,380,19,0,30.016,0.332014,1.44051,0,0,14,30
1.072,381,60,0,29.5678,-8.22831,1.42576,0,0,32,395
1.072,382,749,0,29.68,-10,0.95232,0,0,318,479
1.072,383,550,0,29.68,-10,0.95232,0,0,226,299
1.072,384,634,0,29.9693,-0.952544,0.959261,0,0,260,347
1.072,385,733,0,30.0091,0.283134,0.960218,0,0,309,431
1.072,386,1421,0,30.0106,0.331089,0.960255,0,0,680,50
1.072,387,1299,0,29.84,-10,0.47744,0,0,610,558
1.072,388,738,0,30.0052,0.32269,0.480083,0,0,312,581
1.072,389,1065,0,30.005,0.313695,0.48008,0,0,476,131
1.072,390,1011,0,30.001,0.0648511,0.480017,0,0,440,674
1.072,391,81,0,29.84,-10,0.47744,0,0,39,155
1.072,392,245,0,30.0054,0.337854,0.480087,0,0,102,137
1.088,0,566,1,30.3465,0.28756,33.3196,0,0,232,680
1.088,1,271,0,30.1755,0.0751934,33.2475,0,0,113,488
1.088,2,1254,1,27.8384,-4.56078,11.0158,1,0,585,597
1.088,3,387,0,28.6204,-3.05222,32.7144,0,0,161,155
1.088,4,1050,0,30.3305,0.273868,33.3104,0,0,466,408
1.088,5,1070,1,28.0333,-10,6.95167,1,0,477,106
1.088,6,33,2,30.324,0.236739,33.3125,0,0,18,485
1.088,7,847,1,29.8256,-0.906967,33.1443,0,0,363,676
1.088,8,531,0,30.3465,0.28756,33.3196,0,0,218,532
1.088,9,843,0,28.8401,-0.976935,32.545,0,0,362,483
1.088,10,335,2,30.2949,0.0241368,33.3031,0,0,137,680
1.088,11,1233,0,30.3419,0.288297,32.834,0,0,574,478
1.088,12,1432,2,30.3161,0.292417,32.8091,0,0,689,578
1.088,13,17,1,27.7131,-10,7.04516,1,0,2,35
1.088,14,751,0,29.8743,-0.757863,32.6486,0,0,319,390
1.088,15,1299,1,30.3395,0.286249,32.8327,0,0,610,578
1.088,16,56,0,30.3087,0.259349,32.8154,0,0,30,542
1.088,17,257,0,30.3419,0.288297,32.834,0,0,107,80
1.088,18,530,0,30.0778,0.125936,32.7378,0,0,217,532
1.088,19,682,1,27.1766,-3.54222,17.0815,1,0,533,297
1.088,20,1242,0,28.0281,-5.34186,32.1083,0,0,577,102
1.088,21,1167,0,23.0507,-6.72353,15.1346,1,0,522,680
1.088,22,1187,0,30.3372,0.289036,32.3485,0,0,552,296
1.088,23,75,0,30.1641,-0.160228,32.2886,0,0,37,679
1.088,24,140,0,30.3327,0.285054,32.346,0,0,63,377
1.088,25,786,0,30.3349,0.286954,32.3472,0,0,336,101
1.088,26,571,0,29.9936,-3.00334,32.3273,0,0,234,476
1.088,27,330,1,30.2923,0.201525,32.3186,0,0,135,339
1.088,28,449,0,30.2655,0.222279,32.3105,0,0,187,566
1.088,29,1,0,30.1458,0.117197,32.2431,0,0,1,6
1.088,30,843,0,21.8393,-4.31329,16.6107,1,0,223,565
1.088,31,1325,0,25.9996,-10,11.9134,1,0,28,279
1.088,32,749,0,30.329,0.286525,31.8611,0,0,318,22
1.088,33,269,0,30.3306,0.287942,31.862,0,0,112,675
1.088,34,810,0,30.1757,0.146894,31.778,0,0,345,46
1.088,35,1138,1,25.289,-3.07002,15.2086,1,0,283,122
1.088,36,33,1,23.4195,-6.28457,0.27144,2,0,638,391
1.088,37,1124,0,29.9276,-0.452431,31.7556,0,0,511,518
1.088,38,563,0,29.647,-0.983926,31.6033,0,0,231,297
1.088,39,561,0,28.9843,-0.539891,31.1149,0,0,229,571
1.088,40,1422,0,30.3262,0.288867,31.3768,0,0,681,675
1.088,41,906,0,28.8339,-10,4.29208,1,0,386,126
1.088,42,566,1,22.189,-4.67193,12.1604,1,0,430,675
1.088,43,976,0,30.2576,0.170795,31.3559,0,0,423,237
1.088,44,1246,0,23.0446,-10,7.8803,1,0,685,230
1.088,45,986,0,30.1559,-0.0853889,31.3192,0,0,427,384
1.088,46,1037,0,30.2643,0.231953,31.3437,0,0,458,667
1.088,47,898,0,30.2712,0.238316,31.3474,0,0,385,549
1.088,48,1343,0,29.9991,-0.960585,31.3115,0,0,643,88
1.088,49,708,0,29.9152,-0.0931954,31.1574,0,0,296,676
1.088,50,1285,1,30.3236,0.286557,31.3755,0,0,602,558
1.088,51,311,0,30.305,0.274285,30.8829,0,0,128,372
1.088,52,637,1,30.309,0.277994,30.885,0,0,262,206
1.088,53,988,0,30.0126,-0.0355624,30.7509,0,0,428,630
1.088,54,1030,0,30.32,0.288201,30.8908,0,0,453,646
1.088,55,538,0,28.7984,-1.05799,30.2507,0,0,221,486
1.088,56,1164,0,30.2883,0.258647,30.8741,0,0,537,300
1.088,57,838,0,30.1838,0.122059,30.8371,0,0,359,565
1.088,58,654,1,30.3163,0.28781,30.8891,0,0,269,106
1.088,59,43,0,30.2369,0.207032,30.3656,0,0,24,559
1.088,60,550,0,28.8875,-2.19929,29.8212,0,0,226,578
1.088,61,542,1,30.184,0.0760943,30.3614,0,0,222,547
1.088,62,83,0,30.2816,0.132354,30.4015,0,0,40,530
1.088,63,990,0,29.2846,-1.19168,30.0068,0,0,429,486
1.088,64,1284,0,30.243,0.0561794,30.3812,0,0,601,482
1.088,65,1154,0,24.5274,-1.83899,6.91794,1,0,521,611
1.088,66,945,0,30.255,0.231468,30.3743,0,0,405,152
1.088,67,660,1,30.3156,0.2891,30.4058,0,0,271,600
1.088,68,177,0,30.3,0.274422,30.3977,0,0,76,117
1.088,69,428,0,30.3052,0.284356,29.9178,0,0,178,576
1.088,70,1187,1,23.0115,-5.62924,12.7945,1,0,553,488
1.088,71,1011,2,30.2417,0.0627289,29.8931,0,0,440,382
1.088,72,397,0,29.9503,-0.412987,29.8293,0,0,164,577
1.088,73,37,2,30.3107,0.293279,29.9209,0,0,20,488
1.088,74,562,0,28.0623,-3.37461,29.0985,0,0,230,673
1.088,75,1269,0,29.9764,-0.115214,29.7905,0,0,594,482
1.088,76,394,0,27.4762,-2.69335,28.5418,0,0,163,31
1.088,77,386,0,29.8437,-0.175982,29.2222,0,0,160,483
1.088,78,1352,0,29.8996,-1.40995,29.3732,0,0,645,41
1.088,79,81,0,29.055,-2.58782,29.0736,0,0,39,383
1.088,80,549,1,30.3093,0.293501,29.4373,0,0,225,548
1.088,81,1104,0,26.27,-2.89854,6.45192,1,0,500,285
1.088,82,661,0,29.5121,-2.0006,28.6622,0,0,272,599
1.088,83,625,1,30.2899,0.290798,28.9438,0,0,255,572
1.088,84,784,0,29.514,-0.901671,28.1805,0,0,335,630
1.088,85,1423,0,30.2976,0.292656,28.4663,0,0,682,599
1.088,86,1261,1,30.2849,0.283025,28.4596,0,0,587,22
1.088,87,1150,0,29.691,-5.82166,3.20941,1,0,151,369
1.088,88,790,0,30.2965,0.291529,28.4658,0,0,337,155
1.088,89,37,1,22.5606,-5.07844,10.3946,1,0,426,148
1.088,90,1039,1,28.1298,-4.29381,11.806,1,0,290,515
1.088,91,1052,1,24.9612,-8.42991,14.0761,1,0,364,3
1.088,92,596,0,30.2367,0.292872,27.9436,0,0,244,192
1.088,93,647,1,30.2765,0.276483,27.9737,0,0,265,64
1.088,94,537,0,30.1864,0.0245307,27.9508,0,0,220,299
1.088,95,1274,0,29.9913,-0.0856519,27.8414,0,0,595,391
1.088,96,830,0,30.2912,0.291674,27.9807,0,0,354,18
1.088,97,330,1,22.4861,-5.0141,11.508,1,0,136,631
1.088,98,1246,0,30.2929,0.293419,27.9816,0,0,579,591
1.088,99,579,0,30.2886,0.294532,27.497,0,0,238,3
1.088,100,975,0,29.5685,-0.752422,27.2796,0,0,422,683
1.088,101,1170,1,30.2864,0.292229,27.496,0,0,541,142
1.088,102,1385,0,30.2581,0.262479,27.4827,0,0,660,365
1.088,103,1268,0,30.2878,0.293775,27.4967,0,0,593,101
1.088,104,547,1,29.8617,-0.804709,27.3709,0,0,224,296
1.088,105,1045,1,25.0249,-9.47622,12.7423,1,0,464,296
1.088,106,1006,0,30.2777,0.288769,27.0096,0,0,438,233
1.088,107,1240,0,29.3688,-2.17401,26.7298,0,0,576,300
1.088,108,1246,0,23.686,-10,3.59194,1,0,563,569
1.088,109,605,0,30.2789,0.28997,27.0101,0,0,247,7
1.088,110,1338,1,23.3247,-10,9.3907,1,0,19,99
1.088,111,721,0,24.3838,-7.39223,24.1943,0,0,303,483
1.088,112,933,0,30.2643,0.279893,26.5211,0,0,399,622
1.088,113,1052,0,30.2793,0.296201,26.5279,0,0,467,3
1.088,114,392,0,30.1209,-0.0596225,25.9964,0,0,162,611
1.088,115,46,1,29.4879,-5.51324,4.1398,1,0,626,118
1.088,116,220,0,30.2611,0.282009,26.0375,0,0,92,16
1.088,117,1401,0,30.2478,0.230715,26.0378,0,0,670,229
1.088,118,276,0,30.2762,0.298781,26.0442,0,0,115,677
1.088,119,1031,1,30.2695,0.297368,25.559,0,0,454,599
1.088,120,328,0,30.2639,0.291091,25.5565,0,0,134,615
1.088,121,584,0,30.0932,0.1076,25.4806,0,0,240,636
1.088,122,1366,0,30.2377,0.261231,25.545,0,0,651,556
1.088,123,268,0,29.8465,-0.452759,24.9388,0,0,111,64
1.088,124,226,0,30.2604,0.293154,25.0728,0,0,95,626
1.088,125,813,0,26.7956,-10,3.21226,1,0,592,202
1.088,126,1108,2,29.5681,-5.59584,3.52902,1,0,501,447
1.088,127,1409,0,24.6489,-7.94973,15.6295,1,0,673,668
1.088,128,66,0,29.9021,-0.101986,24.443,0,0,34,204
1.088,129,1102,0,29.5417,-5.5942,2.87471,1,0,499,99
1.088,130,320,0,30.2343,0.274544,24.0976,0,0,132,630
1.088,131,445,1,30.2386,0.282254,24.0995,0,0,186,125
1.088,132,949,0,30.1922,0.206372,24.0832,0,0,406,204
1.088,133,454,0,30.2496,0.29298,24.104,0,0,189,263
1.088,134,766,0,30.1469,0.174657,24.0609,0,0,327,99
1.088,135,33,0,24.9762,-8.53346,8.23179,1,0,554,226
1.088,136,940,0,30.1039,0.25461,23.5759,0,0,403,294
1.088,137,682,0,30.2487,0.298361,23.6215,0,0,282,485
1.088,138,60,0,30.2471,0.296357,23.6208,0,0,32,45
1.088,139,469,0,29.7965,-0.937957,23.5418,0,0,193,104
1.088,140,73,0,30.2379,0.29153,23.1351,0,0,36,636
1.088,141,535,0,30.2473,0.303368,23.1389,0,0,219,531
1.088,142,530,0,26.0704,-0.276067,20.8228,0,0,217,481
1.088,143,11,1,30.2457,0.301366,23.1382,0,0,8,19
1.088,144,764,0,30.2408,0.295177,23.1363,0,0,325,307
1.088,145,847,1,25.1615,-8.77342,8.44966,1,0,227,341
1.088,146,1299,0,30.0978,0.323554,23.018,0,0,610,31
1.088,147,129,0,27.2744,-10,8.38445,1,0,56,548
1.088,148,531,0,26.3486,-0.111751,20.5076,0,0,218,476
1.088,149,854,0,30.1853,0.212057,22.6371,0,0,366,395
1.088,150,330,0,30.0413,0.238738,22.5178,0,0,135,101
1.088,151,1337,0,30.0598,-0.0289951,22.5959,0,0,637,97
1.088,152,297,0,30.2298,0.287912,22.65,0,0,123,471
1.088,153,1294,0,30.2001,0.210354,22.1582,0,0,607,22
1.088,154,566,0,30.0897,0.32819,22.0558,0,0,232,566
1.088,155,1167,0,30.2354,0.302049,22.1702,0,0,539,479
1.088,156,1282,1,30.2376,0.304909,22.171,0,0,600,338
1.088,157,362,0,30.2191,0.292729,22.1652,0,0,149,83
1.088,158,775,0,28.0513,-2.43817,21.3265,0,0,331,133
1.088,159,749,0,26.2304,-0.0543587,20.0276,0,0,318,299
1.088,160,831,0,29.7629,-0.240509,21.5043,0,0,355,246
1.088,161,1319,0,30.2137,0.280142,21.6801,0,0,624,506
1.088,162,802,0,30.2128,0.278853,21.6798,0,0,342,306
1.088,163,931,0,30.227,0.298059,21.6851,0,0,398,48
1.088,164,17,0,30.2271,0.298141,21.6851,0,0,12,15
1.088,165,480,0,30.2135,0.279903,21.6801,0,0,196,79
1.088,166,33,0,30.0784,0.275684,21.574,0,0,18,486
1.088,167,271,0,26.3618,-0.407046,19.6885,0,0,113,156
1.088,168,77,0,29.1016,-0.57511,20.8637,0,0,38,479
1.088,169,236,0,30.2241,0.301414,21.2021,0,0,99,374
1.088,170,778,1,27.4198,-10,2.17098,1,0,333,105
1.088,171,185,1,30.2186,0.296941,21.1994,0,0,79,516
1.088,172,847,0,29.8815,-0.353762,21.0956,0,0,363,477
1.088,173,1138,0,26.4498,-10,19.666,0,0,521,673
1.088,174,1432,0,29.6786,-0.344873,20.5218,0,0,689,297
1.088,175,126,1,26.7635,-10,9.50375,1,0,514,330
1.088,176,83,0,26.2874,-0.319336,18.372,0,0,40,381
1.088,177,335,1,30.0291,0.182877,20.1206,0,0,137,385
1.088,178,786,0,26.5468,-0.433497,18.4771,0,0,336,338
1.088,179,1192,1,30.218,0.308011,20.2363,0,0,555,549
1.088,180,1238,0,28.9537,-2.32373,19.8315,0,0,575,532
1.088,181,1392,0,30.1903,0.222877,19.7487,0,0,665,462
1.088,182,1032,0,30.2115,0.306524,19.7523,0,0,455,298
1.088,183,648,0,30.2111,0.30589,19.7521,0,0,266,508
1.088,184,394,0,24.1328,-3.70327,17.5247,0,0,163,477
1.088,185,1045,0,29.9096,-0.0998696,19.649,0,0,463,390
1.088,186,37,0,30.0059,0.227147,19.6316,0,0,20,156
1.088,187,1187,0,26.2071,-10,5.05603,1,0,553,530
1.088,188,387,0,25.7467,-2.73684,17.8866,0,0,161,672
1.088,189,286,0,30.2112,0.306061,19.7522,0,0,119,301
1.088,190,563,0,26.1465,-1.26843,17.9511,0,0,231,340
1.088,191,428,0,26.299,-0.310544,17.9515,0,0,178,100
1.088,192,990,0,25.7558,-1.65616,17.4244,0,0,429,298
1.088,193,81,0,25.5462,-2.30529,17.3786,0,0,39,340
1.088,194,1011,1,29.9987,0.199496,19.1508,0,0,440,482
1.088,195,760,0,30.2012,0.299002,19.2671,0,0,323,598
1.088,196,699,0,30.171,0.260099,18.7757,0,0,292,635
1.088,197,843,0,23.76,-10,6.2052,1,0,223,392
1.088,198,1191,0,26.2107,-10,2.54686,1,0,638,623
1.088,199,1242,0,25.5553,-4.05175,17.0193,0,0,577,338
1.088,200,1422,0,26.6344,-0.634333,17.2271,0,0,681,97
1.088,201,682,2,26.1482,-10,2.80416,1,0,533,678
1.088,202,784,0,25.7838,-1.4208,16.5793,0,0,335,481
1.088,203,1052,1,26.4007,-10,4.28261,1,0,364,340
1.088,204,751,0,26.6424,-1.33004,16.8311,0,0,319,384
1.088,205,960,0,29.8236,-0.461789,18.2015,0,0,414,631
1.088,206,1424,0,24.9291,-10,16.7343,0,0,683,485
1.088,207,157,0,30.1886,0.304257,17.8182,0,0,68,280
1.088,208,257,0,26.9779,-0.918223,16.4935,0,0,107,14
1.088,209,254,0,30.1894,0.305617,17.8184,0,0,106,142
1.088,210,1006,0,25.7899,-9.91495,5.7577,1,0,437,640
1.088,211,957,0,30.1865,0.309672,17.336,0,0,411,573
1.088,212,772,0,30.1414,0.195453,17.3234,0,0,330,439
1.088,213,1123,1,30.1737,0.300462,17.3308,0,0,511,76
1.088,214,1269,0,26.4527,-1.19867,15.9005,0,0,594,567
1.088,215,14,0,27.7092,-10,7.3914,1,0,622,517
1.088,216,672,0,30.1761,0.292145,17.3329,0,0,277,652
1.088,217,861,0,30.1699,0.281617,17.331,0,0,369,644
1.088,218,44,0,30.1833,0.313501,16.8535,0,0,25,595
1.088,219,1233,0,27.1361,-1.10573,15.6764,0,0,574,378
1.088,220,75,0,26.9834,-1.27694,15.6314,0,0,37,568
1.088,221,547,0,29.9138,-0.0358633,16.7354,0,0,224,478
1.088,222,1167,0,24.4,-10,0.324202,1,0,522,339
1.088,223,269,0,27.007,-1.06224,15.6296,0,0,112,677
1.088,224,880,0,30.0664,0.121331,16.3386,0,0,376,346
1.088,225,890,0,29.9852,-0.0342076,16.3162,0,0,382,378
1.088,226,542,0,30.0694,0.121523,16.3397,0,0,222,676
1.088,227,971,0,30.1758,0.310023,16.3699,0,0,420,220
1.088,228,561,0,26.1408,-2.29344,14.9939,0,0,229,481
1.088,229,719,0,30.0842,0.147342,16.3434,0,0,302,547
1.088,230,1285,0,30.024,0.334806,16.2837,0,0,602,381
1.088,231,1045,1,26.6996,-10,1.53331,1,0,464,100
1.088,232,695,0,30.0076,0.314534,15.8003,0,0,290,358
1.088,233,183,0,30.1713,0.311607,15.8872,0,0,78,628
1.088,234,386,0,26.5308,-1.62025,14.6374,0,0,160,382
1.088,235,241,0,30.1716,0.312148,15.8873,0,0,101,161
1.088,236,537,0,26.5863,-1.23698,14.639,0,0,220,571
1.088,237,159,0,30.1191,0.129452,15.8752,0,0,69,330
1.088,238,566,0,27.665,-1.5927,0.0185747,1,0,430,547
1.088,239,1034,0,30.045,0.0794584,15.3722,0,0,457,398
1.088,240,1371,0,30.1579,0.296302,15.4022,0,0,652,96
1.088,241,457,0,30.1651,0.310111,15.4042,0,0,190,661
1.088,242,1201,0,26.9662,-7.54873,14.6195,0,0,560,185
1.088,243,1240,0,26.1528,-2.88675,13.7165,0,0,576,631
1.088,244,647,0,29.9614,0.242143,14.8312,0,0,265,136
1.088,245,1002,0,30.156,0.268389,14.9207,0,0,435,513
1.088,246,1228,0,30.078,0.112349,14.9025,0,0,572,391
1.088,247,550,0,26.2793,-3.14652,13.7465,0,0,226,385
1.088,248,683,0,25.9226,-6.53408,13.7436,0,0,283,530
1.088,249,34,0,25.7463,-8.08372,13.2857,0,0,19,678
1.088,250,398,0,29.9156,-0.194778,14.3837,0,0,165,53
1.088,251,1050,0,27.61,-1.6136,13.6196,0,0,466,379
1.088,252,1183,0,30.152,0.30513,14.4382,0,0,550,163
1.088,253,1333,0,30.1548,0.310851,14.4389,0,0,634,9
1.088,254,980,0,30.1478,0.296517,14.4371,0,0,425,115
1.088,255,42,0,30.1045,0.215701,13.9454,0,0,23,402
1.088,256,346,0,30.1469,0.305439,13.9557,0,0,142,457
1.088,257,1088,0,30.1474,0.306442,13.9558,0,0,490,233
1.088,258,1003,0,30.15,0.311921,13.9564,0,0,436,541
1.088,259,1330,0,25.36,-10,3.6364,1,0,571,672
1.088,260,549,0,29.9977,0.34051,13.8828,0,0,225,390
1.088,261,1031,0,29.9922,0.341086,13.4028,0,0,454,679
1.088,262,986,0,27.4621,-1.99624,12.6834,0,0,427,383
1.088,263,988,0,27.2937,-2.09446,12.6413,0,0,428,672
1.088,264,1230,0,29.5579,-1.38365,13.356,0,0,573,569
1.088,265,11,0,29.9874,0.330316,13.4017,0,0,8,57
1.088,266,920,0,30.1151,0.257799,12.9861,0,0,394,518
1.088,267,1249,0,30.1221,0.272982,12.9877,0,0,581,432
1.088,268,535,0,26.5012,-2.05778,12.0469,0,0,219,531
1.088,269,403,0,30.1408,0.315328,12.9919,0,0,166,113
1.088,270,736,0,30.1413,0.316478,12.992,0,0,310,508
1.088,271,538,0,26.7837,-3.86162,11.6754,0,0,221,382
1.088,272,1246,0,27.2811,-2.06857,11.7422,0,0,579,495
1.088,273,1172,0,28.7237,-4.56493,11.7655,0,0,542,375
1.088,274,33,1,29.5531,0.409777,11.8123,0,0,18,461
1.088,275,1103,0,30.1243,0.301286,12.0261,0,0,500,334
1.088,276,268,0,26.7422,-3.17402,11.2205,0,0,111,687
1.088,277,84,0,30.1228,0.297613,12.0258,0,0,41,208
1.088,278,1353,0,30.1303,0.316001,12.0274,0,0,646,231
1.088,279,1038,0,30.1095,0.276443,11.5421,0,0,459,64
1.088,280,530,0,26.16,-10,10.752,0,0,217,562
1.088,281,344,0,30.1254,0.317211,11.5453,0,0,140,295
1.088,282,711,0,30.1161,0.293501,11.5435,0,0,297,603
1.088,283,779,0,26.6069,-0.635511,10.7663,0,0,333,687
1.088,284,331,0,28.1716,-2.36587,11.0732,0,0,136,332
1.088,285,832,0,30.0874,0.231262,11.0569,0,0,356,293
1.088,286,31,0,30.0713,0.186576,11.0539,0,0,17,55
1.088,287,1170,0,29.9644,0.344453,11.0042,0,0,541,617
1.088,288,1317,0,29.9837,-0.0321386,11.0366,0,0,623,400
1.088,289,981,0,28.1035,-2.52628,10.5936,0,0,426,461
1.088,290,1086,0,29.5027,-0.965657,10.935,0,0,489,560
1.088,291,726,0,29.9419,0.029873,11.0202,0,0,305,312
1.088,292,38,0,30.1145,0.316743,10.5813,0,0,21,90
1.088,293,1303,1,30.0803,0.223152,10.5752,0,0,614,352
1.088,294,1335,0,30.1118,0.309087,10.5807,0,0,635,51
1.088,295,1238,0,26.48,-10,9.91232,0,0,575,392
1.088,296,347,0,30.0944,0.273554,10.0968,0,0,143,126
1.088,297,813,0,30.106,0.307556,10.0988,0,0,346,87
1.088,298,1067,0,29.2556,0.411063,9.85218,0,0,477,500
1.088,299,1079,1,30.0117,0.300762,10.0675,0,0,484,644
1.088,300,1142,0,30.111,0.322257,10.0997,0,0,523,341
1.088,301,704,0,30.1053,0.321219,9.61783,0,0,294,445
1.088,302,1211,0,30.106,0.32348,9.61795,0,0,564,186
1.088,303,475,0,30.091,0.272157,9.61546,0,0,195,513
1.088,304,601,0,30.0979,0.298533,9.61658,0,0,246,646
1.088,305,469,0,27.265,-5.22079,8.64747,0,0,193,71
1.088,306,428,0,26.96,-10,8.6336,0,0,178,264
1.088,307,686,0,30.0911,0.292826,9.1347,0,0,285,54
1.088,308,1422,0,27.12,-10,8.20224,0,0,681,476
1.088,309,77,0,27.12,-10,8.20224,0,0,38,678
1.088,310,15,1,30.0882,0.325596,8.65248,0,0,10,569
1.088,311,83,0,27.12,-10,8.20224,0,0,40,100
1.088,312,1259,0,30.0763,0.258832,8.6517,0,0,586,14
1.088,313,586,0,30.0668,0.225965,8.65024,0,0,240,412
1.088,314,848,0,28.4229,-0.962524,7.85027,0,0,364,273
1.088,315,778,0,30.0901,0.324534,8.17305,0,0,332,141
1.088,316,363,2,29.8891,0.355257,8.11802,0,0,150,626
1.088,317,579,0,28.1647,-3.4835,7.8459,0,0,238,402
1.088,318,271,0,27.28,-10,7.76832,0,0,113,531
1.088,319,706,0,30.0766,0.275564,8.17111,0,0,295,410
1.088,320,728,0,30.0848,0.325198,7.69161,0,0,306,58
1.088,321,744,0,30.0833,0.319261,7.6914,0,0,316,137
1.088,322,39,0,30.0849,0.325449,7.69162,0,0,22,235
1.088,323,140,0,28.8116,-3.01882,7.49592,0,0,63,103
1.088,324,1323,0,29.7534,-0.563628,7.63283,0,0,626,683
1.088,325,1162,0,30.0782,0.320281,7.21007,0,0,536,212
1.088,326,531,0,27.6,-10,6.8928,0,0,218,339
1.088,327,99,0,30.0716,0.31418,6.72863,0,0,47,359
1.088,328,1337,0,27.9185,-6.32689,6.45646,0,0,637,392
1.088,329,822,0,30.0719,0.315594,6.72867,0,0,351,290
1.088,330,790,0,28.6168,-3.79864,6.528,0,0,337,549
1.088,331,1151,0,30.0632,0.250091,6.72808,0,0,529,63
1.088,332,766,0,28.2145,-5.44063,6.02069,0,0,327,280
1.088,333,157,0,27.92,-10,6.00704,0,0,68,257
1.088,334,544,0,27.92,-10,6.00704,0,0,223,566
1.088,335,842,0,30.0365,0.172413,6.24411,0,0,361,130
1.088,336,1165,0,30.0281,0.161377,6.24279,0,0,538,262
1.088,337,882,0,30.0669,0.316839,6.24753,0,0,378,89
1.088,338,682,2,29.4212,0.423846,6.12979,0,0,282,558
1.088,339,1192,0,29.9033,0.355026,5.73538,0,0,555,611
1.088,340,977,0,30.0361,0.186239,5.76377,0,0,424,285
1.088,341,1209,0,28.08,-10,5.56032,0,0,563,162
1.088,342,940,0,28.2855,-6.05246,5.56828,0,0,403,636
1.088,343,721,0,28.08,-10,5.56032,0,0,303,568
1.088,344,542,1,29.0432,-3.87897,5.17599,0,0,222,461
1.088,345,48,0,30.037,0.207809,5.28357,0,0,27,138
1.088,346,386,0,28.24,-10,5.11104,0,0,160,102
1.088,347,1349,0,29.7768,-1.15204,5.25789,0,0,644,95
1.088,348,1308,0,30.0535,0.330537,4.80473,0,0,618,480
1.088,349,1256,0,29.8632,0.120537,4.29917,0,0,585,648
1.088,350,93,0,30.0441,0.302907,4.32354,0,0,44,7
1.088,351,1388,0,30.0476,0.327422,4.32382,0,0,662,507
1.088,352,1116,0,30.0328,0.214235,4.32268,0,0,507,526
1.088,353,660,0,29.9474,0.335388,4.30932,0,0,271,246
1.088,354,1064,0,30.0441,0.226269,4.32372,0,0,474,104
1.088,355,1298,0,30.0288,0.223363,3.84208,0,0,609,381
1.088,356,53,0,30.043,0.332679,3.8431,0,0,29,211
1.088,357,1396,0,30.0373,0.288691,3.84269,0,0,667,541
1.088,358,278,0,30.042,0.325053,3.84303,0,0,116,491
1.088,359,998,0,30.0329,0.290958,3.36211,0,0,432,397
1.088,360,1378,0,30.0365,0.323127,3.36234,0,0,656,145
1.088,361,166,0,30.0331,0.293234,3.36212,0,0,72,78
1.088,362,66,0,28.9882,-7.31572,3.29176,0,0,34,465
1.088,363,1119,0,29.4634,-5.0984,3.32641,0,0,509,131
1.088,364,960,0,28.88,-10,3.28832,0,0,414,673
1.088,365,1046,0,29.2548,-3.22991,2.83138,0,0,464,679
1.088,366,1343,0,29.5441,-4.31391,2.85366,0,0,643,54
1.088,367,404,0,30.0223,0.230642,2.88125,0,0,167,519
1.088,368,355,0,30.0305,0.315403,2.88171,0,0,146,105
1.088,369,335,0,29.8682,0.320462,2.86602,0,0,137,384
1.088,370,553,0,29.6098,-3.71403,2.8575,0,0,227,251
1.088,371,868,0,30.0323,0.333954,2.88181,0,0,371,524
1.088,372,988,0,29.2,-10,2.3616,0,0,428,102
1.088,373,250,0,30.0268,0.332731,2.40129,0,0,104,495
1.088,374,993,0,29.2,-10,2.3616,0,0,430,571
1.088,375,318,0,30.0265,0.329377,2.40127,0,0,131,535
1.088,376,637,0,29.9454,0.332399,2.39478,0,0,262,545
1.088,377,719,0,29.36,-10,1.8944,0,0,302,148
1.088,378,1282,0,29.8575,0.364029,1.91032,0,0,600,567
1.088,379,1176,0,30.0204,0.316841,1.92082,0,0,544,491
1.088,380,19,0,30.0213,0.331185,1.92085,0,0,14,30
1.088,381,60,0,29.4466,-7.57574,1.89691,0,0,32,395
1.088,382,749,0,29.52,-10,1.42464,0,0,318,479
1.088,383,550,0,29.52,-10,1.42464,0,0,226,299
1.088,384,634,0,29.9543,-0.937764,1.43853,0,0,260,347
1.088,385,733,0,30.0136,0.282371,1.44044,0,0,309,431
1.088,386,1421,0,30.0159,0.330262,1.44051,0,0,680,50
1.088,387,1299,1,29.7898,-3.13911,0.954076,0,0,610,558
1.088,388,738,0,30.0103,0.321875,0.960248,0,0,312,581
1.088,389,1065,0,30.01,0.312892,0.960241,0,0,476,131
1.088,390,1011,0,30.002,0.0627842,0.960049,0,0,440,674
1.088,391,81,0,29.68,-10,0.95232,0,0,39,155
1.088,392,245,0,30.0108,0.337016,0.960259,0,0,102,137
1.088,393,1194,0,30.0049,0.30825,0.480079,0,0,557,365
1.088,394,34,0,29.84,-10,0.47744,0,0,19,477
1.104,0,566,1,30.351,0.286825,33.8052,0,0,232,680
1.104,1,271,0,30.1767,0.0747986,33.7303,0,0,113,488
1.104,2,1254,1,27.7664,-4.49889,11.4601,1,0,585,597
1.104,3,387,0,28.5716,-3.05091,33.1715,0,0,161,155
1.104,4,1050,0,30.3348,0.273155,33.7958,0,0,466,408
1.104,5,1070,1,27.8733,-10,7.39764,1,0,477,106
1.104,6,33,2,30.3277,0.236143,33.7977,0,0,18,485
1.104,7,847,1,29.8104,-0.952018,33.6212,0,0,363,676
1.104,8,531,0,30.351,0.286825,33.8052,0,0,218,532
1.104,9,843,0,28.8247,-0.963853,33.0062,0,0,362,483
1.104,10,335,2,30.2951,0.0137865,33.7878,0,0,137,680
1.104,11,1233,0,30.3465,0.28756,33.3196,0,0,574,478
1.104,12,1432,2,30.3208,0.291671,33.2942,0,0,689,578
1.104,13,17,1,27.5531,-10,7.48601,1,0,2,35
1.104,14,751,0,29.862,-0.774252,33.1263,0,0,319,390
1.104,15,1299,2,30.344,0.285516,33.3182,0,0,610,578
1.104,16,56,0,30.3128,0.258656,33.3004,0,0,30,542
1.104,17,257,0,30.3465,0.28756,33.3196,0,0,107,80
1.104,18,530,0,30.0796,0.111987,33.219,0,0,217,532
1.104,19,682,1,27.1206,-3.50038,17.5154,1,0,533,297
1.104,20,1242,0,27.9409,-5.4498,32.5554,0,0,577,102
1.104,21,1167,0,22.9467,-6.49993,15.5018,1,0,522,680
1.104,22,1187,0,30.3419,0.288297,32.834,0,0,552,296
1.104,23,75,0,30.1612,-0.180044,32.7712,0,0,37,679
1.104,24,140,0,30.3373,0.284323,32.8314,0,0,63,377
1.104,25,786,0,30.3395,0.286219,32.8327,0,0,336,101
1.104,26,571,0,29.9471,-2.9106,32.8065,0,0,234,476
1.104,27,330,1,30.2955,0.200978,32.8033,0,0,135,339
1.104,28,449,0,30.269,0.221741,32.7948,0,0,187,566
1.104,29,1,0,30.1477,0.116652,32.7254,0,0,1,6
1.104,30,843,0,21.7714,-4.24007,16.9591,1,0,223,565
1.104,31,1325,0,25.8406,-9.94231,12.3268,1,0,28,279
1.104,32,749,0,30.3335,0.28579,32.3465,0,0,318,22
1.104,33,269,0,30.3352,0.287205,32.3474,0,0,112,675
1.104,34,810,0,30.1781,0.146322,32.2608,0,0,345,46
1.104,35,1138,1,25.2404,-3.04077,15.6124,1,0,283,122
1.104,36,33,2,23.3229,-6.0373,0.644607,2,0,638,391
1.104,37,1124,0,29.9205,-0.446486,32.2343,0,0,511,518
1.104,38,563,0,29.6312,-0.989035,32.0774,0,0,231,297
1.104,39,561,0,28.8243,-10,31.5761,0,0,229,571
1.104,40,1422,0,30.3308,0.288128,31.8621,0,0,681,675
1.104,41,906,0,28.6739,-10,4.75086,1,0,386,126
1.104,42,566,1,22.1156,-4.58941,12.5143,1,0,430,675
1.104,43,976,0,30.2603,0.170459,31.8401,0,0,423,237
1.104,44,1246,0,22.8846,-10,8.24645,1,0,685,230
1.104,45,986,0,30.1545,-0.0898952,31.8017,0,0,427,384
1.104,46,1037,0,30.268,0.231292,31.828,0,0,458,667
1.104,47,898,0,30.275,0.237648,31.8318,0,0,385,549
1.104,48,1343,0,29.9838,-0.958725,31.7912,0,0,643,88
1.104,49,708,0,29.9138,-0.0935619,31.636,0,0,296,676
1.104,50,1285,1,30.3282,0.285823,31.8607,0,0,602,558
1.104,51,311,0,30.3094,0.273569,31.3679,0,0,128,372
1.104,52,637,1,30.3135,0.277272,31.37,0,0,262,206
1.104,53,988,0,30.012,-0.0355096,31.2311,0,0,428,630
1.104,54,1030,0,30.3246,0.287463,31.376,0,0,453,646
1.104,55,538,0,28.7818,-1.0349,30.7112,0,0,221,486
1.104,56,1164,0,30.2925,0.257953,31.3588,0,0,537,300
1.104,57,838,0,30.1857,0.121947,31.3201,0,0,359,565
1.104,58,654,1,30.3209,0.287073,31.3742,0,0,269,106
1.104,59,43,0,30.2402,0.206069,30.8494,0,0,24,559
1.104,60,550,0,28.8507,-2.30098,30.2828,0,0,226,578
1.104,61,542,1,30.1852,0.0745308,30.8443,0,0,222,547
1.104,62,83,0,30.2836,0.124891,30.886,0,0,40,530
1.104,63,990,0,29.264,-1.28764,30.475,0,0,429,486
1.104,64,1284,0,30.2437,0.0464988,30.8651,0,0,601,482
1.104,65,1154,0,24.4982,-1.823,7.30991,1,0,521,611
1.104,66,945,0,30.2587,0.230807,30.8585,0,0,405,152
1.104,67,660,1,30.3202,0.28836,30.8909,0,0,271,600
1.104,68,177,0,30.3044,0.273706,30.8826,0,0,76,117
1.104,69,428,0,30.3098,0.283624,30.4028,0,0,178,576
1.104,70,1187,1,22.9232,-5.51871,13.1613,1,0,553,488
1.104,71,1011,2,30.2425,0.0533307,30.377,0,0,440,382
1.104,72,397,0,29.9438,-0.410542,30.3084,0,0,164,577
1.104,73,37,2,30.3154,0.292531,30.4059,0,0,20,488
1.104,74,562,0,28.0089,-3.33872,29.5467,0,0,230,673
1.104,75,1269,0,29.9744,-0.123557,30.2701,0,0,594,482
1.104,76,394,0,27.4335,-2.67115,28.9807,0,0,163,31
1.104,77,386,0,29.8409,-0.174937,29.6997,0,0,160,483
1.104,78,1352,0,29.8772,-1.40109,29.8512,0,0,645,41
1.104,79,81,0,29.0138,-2.57146,29.5378,0,0,39,383
1.104,80,549,1,30.314,0.292753,29.9223,0,0,225,548
1.104,81,1104,0,26.2241,-2.86762,6.87151,1,0,500,285
1.104,82,661,0,29.479,-2.07215,29.1339,0,0,272,599
1.104,83,625,1,30.2946,0.290054,29.4286,0,0,255,572
1.104,84,784,0,29.4996,-0.897278,28.6525,0,0,335,630
1.104,85,1423,0,30.3022,0.291909,28.9511,0,0,682,599
1.104,86,1261,1,30.2895,0.282294,28.9442,0,0,587,22
1.104,87,1150,0,29.5994,-5.72632,3.683,1,0,151,369
1.104,88,790,0,30.3011,0.290784,28.9506,0,0,337,155
1.104,89,37,1,22.4808,-4.98451,10.7543,1,0,426,148
1.104,90,1039,1,28.062,-4.23756,12.255,1,0,290,515
1.104,91,1052,1,24.8297,-8.21815,14.4734,1,0,364,3
1.104,92,596,0,30.2414,0.292121,28.4275,0,0,244,192
1.104,93,647,1,30.2809,0.275761,28.4582,0,0,265,64
1.104,94,537,0,30.1868,0.0219825,28.4338,0,0,220,299
1.104,95,1274,0,29.9899,-0.0904407,28.3213,0,0,595,391
1.104,96,830,0,30.2959,0.290928,28.4655,0,0,354,18
1.104,97,330,1,22.4074,-4.92194,11.8665,1,0,136,631
1.104,98,1246,0,30.2976,0.29267,28.4663,0,0,579,591
1.104,99,579,0,30.2933,0.293782,27.9817,0,0,238,3
1.104,100,975,0,29.5567,-0.739723,27.7525,0,0,422,683
1.104,101,1170,1,30.291,0.291483,27.9807,0,0,541,142
1.104,102,1385,0,30.2623,0.261776,27.9669,0,0,660,365
1.104,103,1268,0,30.2925,0.293026,27.9814,0,0,593,101
1.104,104,547,1,29.8483,-0.835718,27.8485,0,0,224,296
1.104,105,1045,1,24.8775,-9.20881,13.1403,1,0,464,296
1.104,106,1006,0,30.2824,0.288028,27.4941,0,0,438,233
1.104,107,1240,0,29.3327,-2.25533,27.1991,0,0,576,300
1.104,108,1246,0,23.526,-10,3.96835,1,0,563,569
1.104,109,605,0,30.2835,0.289227,27.4947,0,0,247,7
1.104,110,1338,1,23.1647,-10,9.76134,1,0,19,99
1.104,111,721,0,24.2647,-7.44502,24.5825,0,0,303,483
1.104,112,933,0,30.2688,0.279165,27.0054,0,0,399,622
1.104,113,1052,0,30.284,0.295446,27.0125,0,0,467,3
1.104,114,392,0,30.1199,-0.0640009,26.4784,0,0,162,611
1.104,115,46,1,29.401,-5.42995,4.61022,1,0,626,118
1.104,116,220,0,30.2656,0.281277,26.5217,0,0,92,16
1.104,117,1401,0,30.2514,0.230143,26.5219,0,0,670,229
1.104,118,276,0,30.281,0.298022,26.5287,0,0,115,677
1.104,119,1031,1,30.2742,0.296611,26.0433,0,0,454,599
1.104,120,328,0,30.2686,0.290344,26.0408,0,0,134,615
1.104,121,584,0,30.0949,0.107495,25.9622,0,0,240,636
1.104,122,1366,0,30.2418,0.260528,26.0289,0,0,651,556
1.104,123,268,0,29.8392,-0.453615,25.4163,0,0,111,64
1.104,124,226,0,30.2651,0.292404,25.557,0,0,95,626
1.104,125,813,0,26.6356,-10,3.63843,1,0,592,202
1.104,126,1108,2,29.4799,-5.51056,4.00069,1,0,501,447
1.104,127,1409,0,24.5248,-7.7572,16.0219,1,0,673,668
1.104,128,66,0,29.9005,-0.100308,24.9215,0,0,34,204
1.104,129,1102,0,29.4535,-5.50891,3.34597,1,0,499,99
1.104,130,320,0,30.2387,0.273821,24.5815,0,0,132,630
1.104,131,445,1,30.2431,0.281519,24.5834,0,0,186,125
1.104,132,949,0,30.1955,0.205907,24.5663,0,0,406,204
1.104,133,454,0,30.2543,0.29223,24.588,0,0,189,263
1.104,134,766,0,30.1497,0.174299,24.5433,0,0,327,99
1.104,135,33,0,24.8431,-8.31728,8.62928,1,0,554,226
1.104,136,940,0,30.108,0.253896,24.0576,0,0,403,294
1.104,137,682,0,30.2535,0.297602,24.1055,0,0,282,485
1.104,138,60,0,30.2518,0.295601,24.1049,0,0,32,45
1.104,139,469,0,29.7817,-0.92276,24.0183,0,0,193,104
1.104,140,73,0,30.2425,0.290781,23.619,0,0,36,636
1.104,141,535,0,30.2522,0.302599,23.6229,0,0,219,531
1.104,142,530,0,26.0666,-0.236929,21.2399,0,0,217,481
1.104,143,11,1,30.2505,0.300601,23.6222,0,0,8,19
1.104,144,764,0,30.2455,0.294423,23.6202,0,0,325,307
1.104,145,847,1,25.0247,-8.54754,8.85005,1,0,227,341
1.104,146,1299,0,30.1029,0.322744,23.4996,0,0,610,31
1.104,147,129,0,27.1144,-10,8.81828,1,0,56,548
1.104,148,531,0,26.3473,-0.0816574,20.9292,0,0,218,476
1.104,149,854,0,30.1887,0.211489,23.1201,0,0,366,395
1.104,150,330,0,30.0451,0.238171,22.9985,0,0,135,101
1.104,151,1337,0,30.0593,-0.0280191,23.0768,0,0,637,97
1.104,152,297,0,30.2344,0.287169,23.1337,0,0,123,471
1.104,153,1294,0,30.2034,0.206581,22.6415,0,0,607,22
1.104,154,566,0,30.0949,0.327372,22.5373,0,0,232,566
1.104,155,1167,0,30.2402,0.301283,22.654,0,0,539,479
1.104,156,1282,1,30.2425,0.304138,22.6549,0,0,600,338
1.104,157,362,0,30.2238,0.291977,22.6488,0,0,149,83
1.104,158,775,0,28.0124,-2.43027,21.7747,0,0,331,133
1.104,159,749,0,26.23,-0.0238937,20.4473,0,0,318,299
1.104,160,831,0,29.734,-1.80712,21.98,0,0,355,246
1.104,161,1319,0,30.2182,0.279409,22.1636,0,0,624,506
1.104,162,802,0,30.2172,0.278121,22.1633,0,0,342,306
1.104,163,931,0,30.2318,0.297299,22.1688,0,0,398,48
1.104,164,17,0,30.2318,0.29738,22.1688,0,0,12,15
1.104,165,480,0,30.218,0.279169,22.1636,0,0,196,79
1.104,166,33,0,30.0828,0.274964,22.0553,0,0,18,486
1.104,167,271,0,26.3559,-0.369606,20.1102,0,0,113,156
1.104,168,77,0,29.0911,-0.653651,21.3291,0,0,38,479
1.104,169,236,0,30.229,0.300648,21.6858,0,0,99,374
1.104,170,778,1,27.2598,-10,2.60714,1,0,333,105
1.104,171,185,1,30.2233,0.296182,21.6829,0,0,79,516
1.104,172,847,0,29.8758,-0.35527,21.5736,0,0,363,477
1.104,173,1138,0,26.2898,-10,20.0867,0,0,521,673
1.104,174,1432,0,29.6145,-4.00571,20.9956,0,0,689,297
1.104,175,126,1,26.6035,-10,9.9294,1,0,514,330
1.104,176,83,0,26.2829,-0.277648,18.7926,0,0,40,381
1.104,177,335,1,30.0319,0.179867,20.6012,0,0,137,385
1.104,178,786,0,26.5406,-0.38741,18.9017,0,0,336,338
1.104,179,1192,1,30.2229,0.307233,20.7198,0,0,555,549
1.104,180,1238,0,28.9151,-2.4113,20.2941,0,0,575,532
1.104,181,1392,0,30.1939,0.222257,20.2318,0,0,665,462
1.104,182,1032,0,30.2164,0.305749,20.2357,0,0,455,298
1.104,183,648,0,30.216,0.305116,20.2356,0,0,266,508
1.104,184,394,0,24.0768,-3.49831,17.91,0,0,163,477
1.104,185,1045,0,29.9081,-0.0984783,20.1275,0,0,463,390
1.104,186,37,0,30.0095,0.226654,20.1117,0,0,20,156
1.104,187,1187,0,26.0471,-10,5.47279,1,0,553,530
1.104,188,387,0,25.7033,-2.70935,18.2979,0,0,161,672
1.104,189,286,0,30.2161,0.305286,20.2356,0,0,119,301
1.104,190,563,0,26.1269,-1.2229,18.3691,0,0,231,340
1.104,191,428,0,26.2948,-0.26189,18.3723,0,0,178,100
1.104,192,990,0,25.7305,-1.58391,17.8361,0,0,429,298
1.104,193,81,0,25.5099,-2.26806,17.7867,0,0,39,340
1.104,194,1011,1,30.0018,0.196624,19.6308,0,0,440,482
1.104,195,760,0,30.2059,0.298238,19.7504,0,0,323,598
1.104,196,699,0,30.1751,0.259387,19.2585,0,0,292,635
1.104,197,843,0,23.6,-10,6.5828,1,0,223,392
1.104,198,1191,0,26.0507,-10,2.96367,1,0,638,623
1.104,199,1242,0,25.4901,-4.07678,17.4271,0,0,577,338
1.104,200,1422,0,26.6252,-0.576108,17.6531,0,0,681,97
1.104,201,682,2,25.9882,-10,3.21998,1,0,533,678
1.104,202,784,0,25.7623,-1.34051,16.9915,0,0,335,481
1.104,203,1052,1,26.2407,-10,4.70246,1,0,364,340
1.104,204,751,0,26.6219,-1.28036,17.257,0,0,319,384
1.104,205,960,0,29.8161,-0.464,18.6786,0,0,414,631
1.104,206,1424,0,24.7691,-10,17.1306,0,0,683,485
1.104,207,157,0,30.1934,0.303484,18.3013,0,0,68,280
1.104,208,257,0,26.9642,-0.854325,16.9249,0,0,107,14
1.104,209,254,0,30.1943,0.304842,18.3016,0,0,106,142
1.104,210,1006,0,25.6363,-9.59695,6.16788,1,0,437,640
1.104,211,957,0,30.1914,0.30889,17.8191,0,0,411,573
1.104,212,772,0,30.1445,0.195045,17.8057,0,0,330,439
1.104,213,1123,1,30.1785,0.299694,17.8136,0,0,511,76
1.104,214,1269,0,26.4348,-1.11484,16.3235,0,0,594,567
1.104,215,14,0,27.5492,-10,7.83218,1,0,622,517
1.104,216,672,0,30.1807,0.29139,17.8158,0,0,277,652
1.104,217,861,0,30.1744,0.280876,17.8138,0,0,369,644
1.104,218,44,0,30.1883,0.312712,17.3365,0,0,25,595
1.104,219,1233,0,27.1196,-1.03473,16.1103,0,0,574,378
1.104,220,75,0,26.964,-1.20971,16.0628,0,0,37,568
1.104,221,547,0,29.9131,-0.0451455,17.214,0,0,224,478
1.104,222,1167,0,24.24,-10,0.712043,1,0,522,339
1.104,223,269,0,26.9912,-0.988387,16.0614,0,0,112,677
1.104,224,880,0,30.0683,0.12128,16.8197,0,0,376,346
1.104,225,890,0,29.9846,-0.0346227,16.7959,0,0,382,378
1.104,226,542,0,30.0713,0.120969,16.8208,0,0,222,676
1.104,227,971,0,30.1808,0.309239,16.8528,0,0,420,220
1.104,228,561,0,26.1061,-2.16773,15.4116,0,0,229,481
1.104,229,719,0,30.0864,0.137772,16.8248,0,0,302,547
1.104,230,1285,0,30.0293,0.333974,16.7641,0,0,602,381
1.104,231,1045,1,26.5396,-10,1.95795,1,0,464,100
1.104,232,1039,0,30.0126,0.31373,0.0965367,1,0,290,358
1.104,233,183,0,30.1763,0.31082,16.37,0,0,78,628
1.104,234,386,0,26.5066,-1.51235,15.0615,0,0,160,382
1.104,235,241,0,30.1766,0.311362,16.3701,0,0,101,161
1.104,236,537,0,26.5681,-1.13659,15.064,0,0,220,571
1.104,237,159,0,30.121,0.119595,16.3572,0,0,69,330
1.104,238,566,1,27.505,-10,0.458654,1,0,430,547
1.104,239,1034,0,30.0462,0.0789299,15.853,0,0,457,398
1.104,240,1371,0,30.1626,0.295539,15.8848,0,0,652,96
1.104,241,457,0,30.1701,0.309327,15.8869,0,0,190,661
1.104,242,1201,0,26.8442,-7.62563,15.049,0,0,560,185
1.104,243,1240,0,26.1085,-2.77179,14.1342,0,0,576,631
1.104,244,647,0,29.9652,0.241418,15.3106,0,0,265,136
1.104,245,1002,0,30.1603,0.267707,15.4033,0,0,435,513
1.104,246,1228,0,30.0797,0.11083,15.3838,0,0,572,391
1.104,247,550,0,26.2306,-3.04396,14.1662,0,0,226,385
1.104,248,683,0,25.816,-6.65696,14.1566,0,0,283,530
1.104,249,34,0,25.6166,-8.10641,13.6956,0,0,19,678
1.104,250,398,0,29.9125,-0.192144,14.8623,0,0,165,53
1.104,251,1050,0,27.5856,-1.52676,14.061,0,0,466,379
1.104,252,1183,0,30.1569,0.304353,14.9207,0,0,550,163
1.104,253,1333,0,30.1598,0.310065,14.9214,0,0,634,9
1.104,254,980,0,30.1525,0.295753,14.9195,0,0,425,115
1.104,255,42,0,30.108,0.215033,14.4272,0,0,23,402
1.104,256,346,0,30.1518,0.304661,14.4381,0,0,142,457
1.104,257,1088,0,30.1522,0.305663,14.4382,0,0,490,233
1.104,258,1003,0,30.1549,0.311133,14.4389,0,0,436,541
1.104,259,1330,0,25.2,-10,4.0396,1,0,571,672
1.104,260,549,0,30.0032,0.339667,14.3628,0,0,225,390
1.104,261,1031,0,29.9976,0.340242,13.8827,0,0,454,679
1.104,262,986,0,27.4318,-1.89214,13.1223,0,0,427,383
1.104,263,988,0,27.262,-1.97753,13.0775,0,0,428,672
1.104,264,1230,0,29.5523,-0.34557,13.8289,0,0,573,569
1.104,265,11,0,29.9927,0.329488,13.8816,0,0,8,57
1.104,266,920,0,30.1192,0.257149,13.468,0,0,394,518
1.104,267,1249,0,30.1265,0.272247,13.4697,0,0,581,432
1.104,268,535,0,26.4725,-1.79395,12.4705,0,0,219,531
1.104,269,403,0,30.1458,0.314534,13.4742,0,0,166,113
1.104,270,736,0,30.1463,0.315682,13.4743,0,0,310,508
1.104,271,538,0,26.7251,-3.66634,12.103,0,0,221,382
1.104,272,1246,0,27.2504,-1.91869,12.1782,0,0,579,495
1.104,273,1172,0,28.6488,-4.68364,12.2238,0,0,542,375
1.104,274,33,1,29.5596,0.408809,12.2853,0,0,18,461
1.104,275,1103,0,30.1291,0.300512,12.5082,0,0,500,334
1.104,276,268,0,26.6956,-2.91284,11.6476,0,0,111,687
1.104,277,84,0,30.1276,0.296844,12.5078,0,0,41,208
1.104,278,1353,0,30.1353,0.315205,12.5095,0,0,646,231
1.104,279,1038,0,30.1139,0.275702,12.0239,0,0,459,64
1.104,280,530,0,26,-10,11.168,0,0,217,562
1.104,281,344,0,30.1305,0.316413,12.0274,0,0,140,295
1.104,282,711,0,30.1208,0.292738,12.0254,0,0,297,603
1.104,283,779,0,26.5975,-0.585809,11.1918,0,0,333,687
1.104,284,331,0,28.1354,-2.26011,11.5234,0,0,136,332
1.104,285,832,0,30.0901,0.172641,11.5384,0,0,356,293
1.104,286,31,0,30.0743,0.185935,11.535,0,0,17,55
1.104,287,1170,0,29.9699,0.343603,11.4837,0,0,541,617
1.104,288,1317,0,29.9832,-0.0311136,11.5163,0,0,623,400
1.104,289,981,0,28.0649,-2.40736,11.0426,0,0,426,461
1.104,290,1086,0,29.4875,-0.947437,11.4068,0,0,489,560
1.104,291,726,0,29.9424,0.0304678,11.4992,0,0,305,312
1.104,292,38,0,30.1195,0.315945,11.0632,0,0,21,90
1.104,293,1303,1,30.0838,0.222471,11.0566,0,0,614,352
1.104,294,1335,0,30.1167,0.308301,11.0626,0,0,635,51
1.104,295,1238,0,26.32,-10,10.3334,0,0,575,392
1.104,296,347,0,30.0988,0.272814,10.5784,0,0,143,126
1.104,297,813,0,30.1109,0.306771,10.5806,0,0,346,87
1.104,298,1067,0,29.2621,0.410066,10.3204,0,0,477,500
1.104,299,1079,1,30.0165,0.299977,10.5478,0,0,484,644
1.104,300,1142,0,30.1162,0.32145,10.5816,0,0,523,341
1.104,301,704,0,30.1104,0.320413,10.0996,0,0,294,445
1.104,302,1211,0,30.1112,0.32267,10.0997,0,0,564,186
1.104,303,475,0,30.0954,0.270225,10.097,0,0,195,513
1.104,304,601,0,30.1027,0.297761,10.0982,0,0,246,646
1.104,305,469,0,27.1885,-4.78331,9.08249,0,0,193,71
1.104,306,428,0,26.8,-10,9.0624,0,0,178,264
1.104,307,686,0,30.0958,0.292061,9.61623,0,0,285,54
1.104,308,1422,0,26.96,-10,8.6336,0,0,681,476
1.104,309,77,0,26.96,-10,8.6336,0,0,38,678
1.104,310,15,1,30.0934,0.324782,9.13397,0,0,10,569
1.104,311,83,0,26.96,-10,8.6336,0,0,40,100
1.104,312,1259,0,30.0805,0.258108,9.13298,0,0,586,14
1.104,313,586,0,30.0704,0.225278,9.13136,0,0,240,412
1.104,314,848,0,28.408,-0.934368,8.30479,0,0,364,273
1.104,315,778,0,30.0952,0.323722,8.65458,0,0,332,141
1.104,316,363,2,29.8948,0.354385,8.59633,0,0,150,626
1.104,317,579,0,28.1125,-3.26097,8.2957,0,0,238,402
1.104,318,271,0,27.12,-10,8.20224,0,0,113,531
1.104,319,706,0,30.081,0.274819,8.6524,0,0,295,410
1.104,320,728,0,30.09,0.324385,8.17305,0,0,306,58
1.104,321,744,0,30.0884,0.318457,8.17281,0,0,316,137
1.104,322,39,0,30.0901,0.324635,8.17306,0,0,22,235
1.104,323,140,0,28.7655,-2.87925,7.95617,0,0,63,103
1.104,324,1323,0,29.7445,-0.556338,8.10874,0,0,626,683
1.104,325,1162,0,30.0833,0.319475,7.69141,0,0,536,212
1.104,326,531,0,27.44,-10,7.33184,0,0,218,339
1.104,327,99,0,30.0766,0.313383,7.20986,0,0,47,359
1.104,328,1337,0,27.827,-5.72048,6.90169,0,0,637,392
1.104,329,822,0,30.0769,0.314795,7.2099,0,0,351,290
1.104,330,790,0,28.5595,-3.58014,6.98495,0,0,337,549
1.104,331,1151,0,30.0672,0.249434,7.20916,0,0,529,63
1.104,332,766,0,28.1345,-5.00044,6.47084,0,0,327,280
1.104,333,157,0,27.76,-10,6.4512,0,0,68,257
1.104,334,544,0,27.76,-10,6.4512,0,0,223,566
1.104,335,842,0,30.0393,0.171904,6.72474,0,0,361,130
1.104,336,1165,0,30.0307,0.160754,6.72328,0,0,538,262
1.104,337,882,0,30.072,0.316037,6.72868,0,0,378,89
1.104,338,682,2,29.428,0.422853,6.60064,0,0,282,558
1.104,339,1192,0,29.9089,0.354156,6.21392,0,0,555,611
1.104,340,977,0,30.0391,0.185883,6.2444,0,0,424,285
1.104,341,1209,0,27.92,-10,6.00704,0,0,563,162
1.104,342,940,0,28.1969,-5.53531,6.01943,0,0,403,636
1.104,343,721,0,27.92,-10,6.00704,0,0,303,568
1.104,344,542,1,28.9841,-3.69552,5.63974,0,0,222,461
1.104,345,48,0,30.0403,0.207336,5.76421,0,0,27,138
1.104,346,386,0,28.08,-10,5.56032,0,0,160,102
1.104,347,1349,0,29.7587,-1.13074,5.73403,0,0,644,95
1.104,348,1308,0,30.0588,0.329713,5.28567,0,0,618,480
1.104,349,1256,0,29.8651,0.119915,4.77701,0,0,585,648
1.104,350,93,0,30.0489,0.302123,4.80432,0,0,44,7
1.104,351,1388,0,30.0528,0.326603,4.80467,0,0,662,507
1.104,352,1116,0,30.0362,0.210473,4.80325,0,0,507,526
1.104,353,660,0,29.9528,0.33455,4.78857,0,0,271,246
1.104,354,1064,0,30.0477,0.225746,4.80448,0,0,474,104
1.104,355,1298,0,30.0324,0.222875,4.3226,0,0,609,381
1.104,356,53,0,30.0483,0.331851,4.32387,0,0,29,211
1.104,357,1396,0,30.0419,0.287924,4.32336,0,0,667,541
1.104,358,278,0,30.0472,0.324237,4.32379,0,0,116,491
1.104,359,998,0,30.0375,0.290177,3.84271,0,0,432,397
1.104,360,1378,0,30.0416,0.322313,3.84301,0,0,656,145
1.104,361,166,0,30.0378,0.292461,3.84273,0,0,72,78
1.104,362,66,0,28.8797,-6.7775,3.75384,0,0,34,465
1.104,363,1119,0,29.3803,-5.19501,3.79649,0,0,509,131
1.104,364,960,0,28.72,-10,3.74784,0,0,414,673
1.104,365,1046,0,29.2049,-3.11835,3.29866,0,0,464,679
1.104,366,1343,0,29.4775,-4.16365,3.3253,0,0,643,54
1.104,367,404,0,30.026,0.230097,3.36167,0,0,167,519
1.104,368,355,0,30.0355,0.3146,3.36228,0,0,146,105
1.104,369,335,0,29.8733,0.319662,3.34399,0,0,137,384
1.104,370,553,0,29.5524,-3.59072,3.33034,0,0,227,251
1.104,371,868,0,30.0376,0.333123,3.36241,0,0,371,524
1.104,372,988,0,29.04,-10,2.82624,0,0,428,102
1.104,373,250,0,30.0321,0.331902,2.8818,0,0,104,495
1.104,374,993,0,29.04,-10,2.82624,0,0,430,571
1.104,375,318,0,30.0317,0.328553,2.88178,0,0,131,535
1.104,376,637,0,29.9507,0.331565,2.87399,0,0,262,545
1.104,377,719,0,29.2,-10,2.3616,0,0,302,148
1.104,378,1282,0,29.8633,0.363142,2.38813,0,0,600,567
1.104,379,1176,0,30.0254,0.316035,2.40122,0,0,544,491
1.104,380,19,0,30.0266,0.330359,2.40128,0,0,14,30
1.104,381,60,0,29.3346,-6.9974,2.36626,0,0,32,395
1.104,382,749,0,29.36,-10,1.8944,0,0,318,479
1.104,383,550,0,29.36,-10,1.8944,0,0,226,299
1.104,384,634,0,29.9395,-0.923232,1.91756,0,0,260,347
1.104,385,733,0,30.0181,0.281608,1.92072,0,0,309,431
1.104,386,1421,0,30.0212,0.329436,1.92085,0,0,680,50
1.104,387,1299,2,29.7957,0.371098,1.43081,0,0,610,558
1.104,388,738,0,30.0154,0.321061,1.44049,0,0,312,581
1.104,389,1065,0,30.015,0.312091,1.44048,0,0,476,131
1.104,390,1011,0,30.003,0.0607297,1.4401,0,0,440,674
1.104,391,81,0,29.52,-10,1.42464,0,0,39,155
1.104,392,245,0,30.0162,0.336179,1.44052,0,0,102,137
1.104,393,1194,0,30.0099,0.307454,0.960237,0,0,557,365
1.104,394,34,0,29.68,-10,0.95232,0,0,19,477
1.104,395,830,0,29.9209,-4.94689,0.478734,0,0,354,517
1.104,396,1317,0,29.84,-10,0.47744,0,0,623,203
1.104,397,269,0,29.84,-10,0.47744,0,0,112,431
1.104,398,1240,0,29.84,-10,0.47744,0,0,576,385
1.12,0,566,1,30.3556,0.286091,34.2909,0,0,232,680
1.12,1,271,0,30.1779,0.0743912,34.2132,0,0,113,488
1.12,2,1254,1,27.6954,-4.43831,11.9032,1,0,585,597
1.12,3,387,0,28.5229,-3.0471,33.6279,0,0,161,155
1.12,4,1050,0,30.3392,0.272444,34.2812,0,0,466,408
1.12,5,1070,1,27.7133,-10,7.84105,1,0,477,106
1.12,6,33,2,30.3315,0.235547,34.283,0,0,18,485
1.12,7,847,1,29.7944,-0.99761,34.098,0,0,363,676
1.12,8,531,0,30.3556,0.286091,34.2909,0,0,218,532
1.12,9,843,0,28.8095,-0.951055,33.4671,0,0,362,483
1.12,10,335,2,30.2952,0.00326981,34.2725,0,0,137,680
1.12,11,1233,0,30.351,0.286825,33.8052,0,0,574,478
1.12,12,1432,2,30.3254,0.290927,33.7794,0,0,689,578
1.12,13,17,1,27.3931,-10,7.9243,1,0,2,35
1.12,14,751,0,29.8493,-0.789309,33.6039,0,0,319,390
1.12,15,1299,1,30.3486,0.284784,33.8037,0,0,610,578
1.12,16,56,0,30.317,0.257965,33.7855,0,0,30,542
1.12,17,257,0,30.351,0.286825,33.8052,0,0,107,80
1.12,18,530,0,30.0812,0.0976418,33.7003,0,0,217,532
1.12,19,682,1,27.0652,-3.45929,17.9485,1,0,533,297
1.12,20,1242,0,27.8521,-5.5545,33.001,0,0,577,102
1.12,21,1167,0,22.846,-6.29294,15.8673,1,0,522,680
1.12,22,1187,0,30.3465,0.28756,33.3196,0,0,552,296
1.12,23,75,0,30.158,-0.200211,33.2537,0,0,37,679
1.12,24,140,0,30.3418,0.283593,33.3169,0,0,63,377
1.12,25,786,0,30.344,0.285485,33.3182,0,0,336,101
1.12,26,571,0,29.9019,-2.82167,33.2849,0,0,234,476
1.12,27,330,1,30.2987,0.20043,33.2881,0,0,135,339
1.12,28,449,0,30.2725,0.221205,33.2791,0,0,187,566
1.12,29,1,0,30.1496,0.116109,33.2078,0,0,1,6
1.12,30,843,0,21.7047,-4.16875,17.3063,1,0,223,565
1.12,31,1325,0,25.6859,-9.66366,12.7378,1,0,28,279
1.12,32,749,0,30.3381,0.285057,32.8319,0,0,318,22
1.12,33,269,0,30.3397,0.28647,32.8328,0,0,112,675
1.12,34,810,0,30.1804,0.145752,32.7437,0,0,345,46
1.12,35,1138,1,25.1922,-3.01187,16.0155,1,0,283,122
1.12,36,33,2,23.2283,-5.91378,1.01626,2,0,638,391
1.12,37,1124,0,29.9135,-0.440612,32.7129,0,0,511,518
1.12,38,563,0,29.6153,-0.993453,32.5513,0,0,231,297
1.12,39,561,0,28.8178,-0.40534,32.0372,0,0,229,571
1.12,40,1422,0,30.3354,0.287391,32.3475,0,0,681,675
1.12,41,906,0,28.5139,-10,5.20708,1,0,386,126
1.12,42,566,1,22.0434,-4.50915,12.867,1,0,430,675
1.12,43,976,0,30.2631,0.170123,32.3243,0,0,423,237
1.12,44,1246,0,22.7246,-10,8.61004,1,0,685,230
1.12,45,986,0,30.153,-0.0941674,32.2841,0,0,427,384
1.12,46,1037,0,30.2717,0.230634,32.3123,0,0,458,667
1.12,47,898,0,30.2788,0.236982,32.3162,0,0,385,549
1.12,48,1343,0,29.9685,-0.956712,32.2707,0,0,643,88
1.12,49,708,0,29.9122,-0.0939286,32.1146,0,0,296,676
1.12,50,1285,1,30.3328,0.285089,32.3461,0,0,602,558
1.12,51,311,0,30.3138,0.272855,31.8529,0,0,128,372
1.12,52,637,1,30.3179,0.276553,31.8551,0,0,262,206
1.12,53,988,0,30.0115,-0.0354684,31.7113,0,0,428,630
1.12,54,1030,0,30.3292,0.286727,31.8613,0,0,453,646
1.12,55,538,0,28.7656,-1.01239,31.1715,0,0,221,486
1.12,56,1164,0,30.2966,0.257261,31.8435,0,0,537,300
1.12,57,838,0,30.1877,0.121836,31.8031,0,0,359,565
1.12,58,654,1,30.3255,0.286337,31.8594,0,0,269,106
1.12,59,43,0,30.2435,0.205112,31.3333,0,0,24,559
1.12,60,550,0,28.8122,-2.40283,30.7438,0,0,226,578
1.12,61,542,1,30.1863,0.0729215,31.3273,0,0,222,547
1.12,62,83,0,30.2855,0.117294,31.3706,0,0,40,530
1.12,63,990,0,29.2418,-1.385,30.9429,0,0,429,486
1.12,64,1284,0,30.2443,0.0366613,31.349,0,0,601,482
1.12,65,1154,0,24.4693,-1.8072,7.70142,1,0,521,611
1.12,66,945,0,30.2623,0.230147,31.3427,0,0,405,152
1.12,67,660,1,30.3248,0.287622,31.3761,0,0,271,600
1.12,68,177,0,30.3088,0.272991,31.3675,0,0,76,117
1.12,69,428,0,30.3143,0.282894,30.8878,0,0,178,576
1.12,70,1187,1,22.8366,-5.4116,13.5267,1,0,553,488
1.12,71,1011,2,30.2432,0.0437811,30.8609,0,0,440,382
1.12,72,397,0,29.9372,-0.408105,30.7874,0,0,164,577
1.12,73,37,2,30.3201,0.291785,30.8911,0,0,20,488
1.12,74,562,0,27.956,-3.30148,29.994,0,0,230,673
1.12,75,1269,0,29.9723,-0.131631,30.7497,0,0,594,482
1.12,76,394,0,27.3911,-2.64662,29.4189,0,0,163,31
1.12,77,386,0,29.8382,-0.173916,30.1771,0,0,160,483
1.12,78,1352,0,29.8549,-1.39215,30.3289,0,0,645,41
1.12,79,81,0,28.973,-2.5519,30.0013,0,0,39,383
1.12,80,549,1,30.3187,0.292006,30.4074,0,0,225,548
1.12,81,1104,0,26.1787,-2.83719,7.29036,1,0,500,285
1.12,82,661,0,29.4448,-2.13514,29.605,0,0,272,599
1.12,83,625,1,30.2992,0.289312,29.9133,0,0,255,572
1.12,84,784,0,29.4854,-0.892676,29.1242,0,0,335,630
1.12,85,1423,0,30.3069,0.291164,29.4361,0,0,682,599
1.12,86,1261,1,30.294,0.281564,29.4289,0,0,587,22
1.12,87,1150,0,29.5092,-5.63353,4.15515,1,0,151,369
1.12,88,790,0,30.3058,0.290041,29.4355,0,0,337,155
1.12,89,37,1,22.4025,-4.89331,11.1128,1,0,426,148
1.12,90,1039,1,27.9951,-4.18244,12.7029,1,0,290,515
1.12,91,1052,1,24.7014,-8.01499,14.8686,1,0,364,3
1.12,92,596,0,30.246,0.291372,28.9114,0,0,244,192
1.12,93,647,1,30.2853,0.275041,28.9428,0,0,265,64
1.12,94,537,0,30.1871,0.0197242,28.9168,0,0,220,299
1.12,95,1274,0,29.9884,-0.0950144,28.8011,0,0,595,391
1.12,96,830,0,30.3005,0.290185,28.9503,0,0,354,18
1.12,97,330,1,22.3301,-4.83242,12.2238,1,0,136,631
1.12,98,1246,0,30.3023,0.291923,28.9512,0,0,579,591
1.12,99,579,0,30.298,0.293033,28.4665,0,0,238,3
1.12,100,975,0,29.545,-0.727243,28.2252,0,0,422,683
1.12,101,1170,1,30.2957,0.290738,28.4654,0,0,541,142
1.12,102,1385,0,30.2665,0.261075,28.4512,0,0,660,365
1.12,103,1268,0,30.2972,0.292278,28.4661,0,0,593,101
1.12,104,547,1,29.8345,-0.866077,28.3259,0,0,224,296
1.12,105,1045,1,24.7343,-8.95385,13.5361,1,0,464,296
1.12,106,1006,0,30.2869,0.287288,27.9787,0,0,438,233
1.12,107,1240,0,29.2953,-2.33683,27.6679,0,0,576,300
1.12,108,1246,0,23.366,-10,4.34221,1,0,563,569
1.12,109,605,0,30.2881,0.288485,27.9793,0,0,247,7
1.12,110,1338,1,23.0733,-5.71589,10.1305,1,0,19,99
1.12,111,721,0,24.1448,-7.49429,24.9688,0,0,303,483
1.12,112,933,0,30.2732,0.278438,27.4898,0,0,399,622
1.12,113,1052,0,30.2887,0.294694,27.4971,0,0,467,3
1.12,114,392,0,30.1188,-0.0681568,26.9603,0,0,162,611
1.12,115,46,1,29.3154,-5.34865,5.07927,1,0,626,118
1.12,116,220,0,30.2701,0.280546,27.006,0,0,92,16
1.12,117,1401,0,30.2551,0.229571,27.006,0,0,670,229
1.12,118,276,0,30.2857,0.297264,27.0133,0,0,115,677
1.12,119,1031,1,30.279,0.295856,26.5278,0,0,454,599
1.12,120,328,0,30.2732,0.2896,26.5252,0,0,134,615
1.12,121,584,0,30.0966,0.10739,26.4437,0,0,240,636
1.12,122,1366,0,30.246,0.259825,26.5128,0,0,651,556
1.12,123,268,0,29.8319,-0.454251,25.8936,0,0,111,64
1.12,124,226,0,30.2698,0.291656,26.0413,0,0,95,626
1.12,125,813,0,26.4756,-10,4.06204,1,0,592,202
1.12,126,1108,2,29.3931,-5.42732,4.47098,1,0,501,447
1.12,127,1409,0,24.4036,-7.57219,16.4124,1,0,673,668
1.12,128,66,0,29.8989,-0.0986445,25.3998,0,0,34,204
1.12,129,1102,0,29.3667,-5.42568,3.81583,1,0,499,99
1.12,130,320,0,30.2431,0.273099,25.0653,0,0,132,630
1.12,131,445,1,30.2476,0.280786,25.0674,0,0,186,125
1.12,132,949,0,30.1987,0.205443,25.0495,0,0,406,204
1.12,133,454,0,30.259,0.291481,25.0722,0,0,189,263
1.12,134,766,0,30.1525,0.173942,25.0258,0,0,327,99
1.12,135,33,0,24.7134,-8.1099,9.0247,1,0,554,226
1.12,136,1302,0,30.112,0.253183,0.0774058,1,0,403,294
1.12,137,682,0,30.2582,0.296844,24.5897,0,0,282,485
1.12,138,60,0,30.2565,0.294846,24.589,0,0,32,45
1.12,139,469,0,29.7672,-0.907844,24.4945,0,0,193,104
1.12,140,73,0,30.2472,0.290034,24.1029,0,0,36,636
1.12,141,535,0,30.257,0.301833,24.107,0,0,219,531
1.12,142,530,0,26.0634,-0.201664,21.6569,0,0,217,481
1.12,143,11,1,30.2553,0.299838,24.1063,0,0,8,19
1.12,144,764,0,30.2502,0.29367,24.1042,0,0,325,307
1.12,145,847,1,24.8914,-8.33108,9.24831,1,0,227,341
1.12,146,1299,0,30.1081,0.321936,23.9814,0,0,610,31
1.12,147,129,0,26.9544,-10,9.24955,1,0,56,548
1.12,148,531,0,26.3464,-0.0537299,21.3507,0,0,218,476
1.12,149,854,0,30.1921,0.210923,23.6032,0,0,366,395
1.12,150,330,0,30.0489,0.237605,23.4793,0,0,135,101
1.12,151,1337,0,30.0589,-0.0270504,23.5578,0,0,637,97
1.12,152,297,0,30.239,0.286426,23.6176,0,0,123,471
1.12,153,1294,0,30.2066,0.202707,23.1248,0,0,607,22
1.12,154,566,0,30.1001,0.326555,23.0189,0,0,232,566
1.12,155,1167,0,30.245,0.300518,23.1379,0,0,539,479
1.12,156,1282,1,30.2473,0.303368,23.1389,0,0,600,338
1.12,157,362,0,30.2285,0.291226,23.1325,0,0,149,83
1.12,158,775,0,27.9736,-2.42246,22.2222,0,0,331,133
1.12,159,749,0,26.2301,0.00414553,20.867,0,0,318,299
1.12,160,831,0,29.7044,-1.8477,22.4553,0,0,355,246
1.12,161,1319,0,30.2226,0.278676,22.6472,0,0,624,506
1.12,162,802,0,30.2216,0.27739,22.6468,0,0,342,306
1.12,163,931,0,30.2365,0.29654,22.6526,0,0,398,48
1.12,164,17,0,30.2366,0.296621,22.6526,0,0,12,15
1.12,165,480,0,30.2225,0.278437,22.6471,0,0,196,79
1.12,166,33,0,30.0872,0.274246,22.5367,0,0,18,486
1.12,167,271,0,26.3505,-0.33483,20.5318,0,0,113,156
1.12,168,77,0,29.0794,-0.734174,21.7944,0,0,38,479
1.12,169,236,0,30.2338,0.299883,22.1696,0,0,99,374
1.12,170,778,1,27.0998,-10,3.04074,1,0,333,105
1.12,171,185,1,30.2281,0.295425,22.1666,0,0,79,516
1.12,172,847,0,29.8701,-0.356669,22.0516,0,0,363,477
1.12,173,1138,0,26.1298,-10,20.5047,0,0,521,673
1.12,174,1432,0,29.6096,-0.303921,21.4694,0,0,689,297
1.12,175,126,1,26.4435,-10,10.3525,1,0,514,330
1.12,176,83,0,26.2791,-0.23976,19.213,0,0,40,381
1.12,177,335,1,30.0348,0.176871,21.0817,0,0,137,385
1.12,178,786,0,26.5351,-0.344675,19.3263,0,0,336,338
1.12,179,1192,1,30.2278,0.306457,21.2035,0,0,555,549
1.12,180,1238,0,28.8751,-2.49894,20.7561,0,0,575,532
1.12,181,1392,0,30.1974,0.221639,20.7149,0,0,665,462
1.12,182,1032,0,30.2213,0.304975,20.7193,0,0,455,298
1.12,183,648,0,30.2209,0.304343,20.7191,0,0,266,508
1.12,184,394,0,24.0237,-3.32053,18.2944,0,0,163,477
1.12,185,1045,0,29.9065,-0.0970988,20.606,0,0,463,390
1.12,186,37,0,30.0132,0.226162,20.5919,0,0,20,156
1.12,187,1187,0,25.8871,-10,5.88698,1,0,553,530
1.12,188,387,0,25.6604,-2.68389,18.7085,0,0,161,672
1.12,189,286,0,30.221,0.304513,20.7192,0,0,119,301
1.12,190,563,0,26.108,-1.18117,18.7869,0,0,231,340
1.12,191,428,0,26.2913,-0.217463,18.7929,0,0,178,100
1.12,192,990,0,25.7061,-1.52462,18.2474,0,0,429,298
1.12,193,81,0,25.4742,-2.23342,18.1943,0,0,39,340
1.12,194,1011,1,30.0049,0.193765,20.1109,0,0,440,482
1.12,195,760,0,30.2107,0.297476,20.2337,0,0,323,598
1.12,196,699,0,30.1793,0.258677,19.7413,0,0,292,635
1.12,197,843,0,23.44,-10,6.95784,1,0,223,392
1.12,198,1191,0,25.8907,-10,3.37792,1,0,638,623
1.12,199,1242,0,25.4244,-4.10722,17.8339,0,0,577,338
1.12,200,1422,0,26.6168,-0.522285,18.079,0,0,681,97
1.12,201,682,2,25.8282,-10,3.63323,1,0,533,678
1.12,202,784,0,25.7421,-1.26834,17.4034,0,0,335,481
1.12,203,1052,1,26.0807,-10,5.11975,1,0,364,340
1.12,204,751,0,26.6022,-1.2347,17.6827,0,0,319,384
1.12,205,960,0,29.8087,-0.46604,19.1555,0,0,414,631
1.12,206,1424,0,24.6091,-10,17.5243,0,0,683,485
1.12,207,157,0,30.1983,0.302713,18.7845,0,0,68,280
1.12,208,257,0,26.9515,-0.794722,17.3561,0,0,107,14
1.12,209,254,0,30.1991,0.304068,18.7847,0,0,106,142
1.12,210,1006,0,25.487,-9.3331,6.57567,1,0,437,640
1.12,211,957,0,30.1963,0.308109,18.3022,0,0,411,573
1.12,212,772,0,30.1476,0.194637,18.288,0,0,330,439
1.12,213,1123,1,30.1833,0.298928,18.2966,0,0,511,76
1.12,214,1269,0,26.4182,-1.03851,16.7462,0,0,594,567
1.12,215,14,0,27.3892,-10,8.27041,1,0,622,517
1.12,216,672,0,30.1854,0.290637,18.2988,0,0,277,652
1.12,217,861,0,30.1789,0.280137,18.2967,0,0,369,644
1.12,218,44,0,30.1933,0.311925,17.8196,0,0,25,595
1.12,219,1233,0,27.1041,-0.968438,16.544,0,0,574,378
1.12,220,75,0,26.9457,-1.14776,16.494,0,0,37,568
1.12,221,547,0,29.9122,-0.0541772,17.6926,0,0,224,478
1.12,222,1167,0,24.08,-10,1.09732,1,0,522,339
1.12,223,269,0,26.9764,-0.919734,16.493,0,0,112,677
1.12,224,880,0,30.0702,0.121229,17.3008,0,0,376,346
1.12,225,890,0,29.984,-0.0350374,17.2757,0,0,382,378
1.12,226,542,0,30.0732,0.120404,17.302,0,0,222,676
1.12,227,971,0,30.1857,0.308458,17.3358,0,0,420,220
1.12,228,561,0,26.0654,-2.54273,15.8286,0,0,229,481
1.12,229,719,0,30.0885,0.127999,17.3062,0,0,302,547
1.12,230,1285,0,30.0346,0.333143,17.2447,0,0,602,381
1.12,231,1045,1,26.3796,-10,2.38002,1,0,464,100
1.12,232,1039,0,29.9173,-5.95749,0.575213,1,0,290,358
1.12,233,183,0,30.1813,0.310036,16.8529,0,0,78,628
1.12,234,386,0,26.4839,-1.41369,15.4853,0,0,160,382
1.12,235,241,0,30.1816,0.310576,16.853,0,0,101,161
1.12,236,537,0,26.5514,-1.04566,15.4889,0,0,220,571
1.12,237,159,0,30.1228,0.109534,16.8391,0,0,69,330
1.12,238,566,1,27.345,-10,0.896173,1,0,430,547
1.12,239,1034,0,30.0475,0.0784025,16.3337,0,0,457,398
1.12,240,1371,0,30.1673,0.294777,16.3675,0,0,652,96
1.12,241,457,0,30.175,0.308544,16.3697,0,0,190,661
1.12,242,1201,0,26.7211,-7.6955,15.4766,0,0,560,185
1.12,243,1240,0,26.0657,-2.67512,14.5512,0,0,576,631
1.12,244,647,0,29.9691,0.240695,15.7901,0,0,265,136
1.12,245,1002,0,30.1645,0.267025,15.8859,0,0,435,513
1.12,246,1228,0,30.0815,0.109376,15.8651,0,0,572,391
1.12,247,550,0,26.1833,-2.9557,14.5851,0,0,226,385
1.12,248,683,0,25.7077,-6.77186,14.5679,0,0,283,530
1.12,249,34,0,25.4865,-8.12681,14.1034,0,0,19,678
1.12,250,398,0,29.9095,-0.189533,15.3408,0,0,165,53
1.12,251,1050,0,27.5625,-1.44532,14.502,0,0,466,379
1.12,252,1183,0,30.1617,0.303578,15.4033,0,0,550,163
1.12,253,1333,0,30.1647,0.309281,15.404,0,0,634,9
1.12,254,980,0,30.1572,0.29499,15.4021,0,0,425,115
1.12,255,42,0,30.1114,0.214367,14.909,0,0,23,402
1.12,256,346,0,30.1566,0.303885,14.9206,0,0,142,457
1.12,257,1088,0,30.1571,0.304885,14.9207,0,0,490,233
1.12,258,1003,0,30.1599,0.310346,14.9214,0,0,436,541
1.12,259,1330,0,25.04,-10,4.44024,1,0,571,672
1.12,260,549,0,30.0086,0.338826,14.843,0,0,225,390
1.12,261,1031,0,30.003,0.3394,14.3628,0,0,454,679
1.12,262,986,0,27.4031,-1.79538,13.5608,0,0,427,383
1.12,263,988,0,27.2321,-1.86909,13.5133,0,0,428,672
1.12,264,1230,0,29.5459,-0.399975,14.3016,0,0,573,569
1.12,265,11,0,29.998,0.328662,14.3616,0,0,8,57
1.12,266,920,0,30.1233,0.2565,13.9499,0,0,394,518
1.12,267,1249,0,30.1308,0.271513,13.9518,0,0,581,432
1.12,268,535,0,26.4474,-1.56918,12.8936,0,0,219,531
1.12,269,403,0,30.1508,0.313741,13.9566,0,0,166,113
1.12,270,736,0,30.1514,0.314888,13.9568,0,0,310,508
1.12,271,538,0,26.6693,-3.48616,12.5297,0,0,221,382
1.12,272,1246,0,27.2219,-1.78179,12.6138,0,0,579,495
1.12,273,1172,0,28.572,-4.79974,12.681,0,0,542,375
1.12,274,33,1,29.5661,0.407842,12.7583,0,0,18,461
1.12,275,1103,0,30.1339,0.29974,12.9903,0,0,500,334
1.12,276,268,0,26.6526,-2.68281,12.0741,0,0,111,687
1.12,277,84,0,30.1323,0.296077,12.99,0,0,41,208
1.12,278,1353,0,30.1404,0.314411,12.9918,0,0,646,231
1.12,279,1038,0,30.1183,0.274962,12.5058,0,0,459,64
1.12,280,530,0,25.84,-10,11.5814,0,0,217,562
1.12,281,344,0,30.1355,0.315617,12.5096,0,0,140,295
1.12,282,711,0,30.1255,0.291976,12.5074,0,0,297,603
1.12,283,779,0,26.5889,-0.539274,11.6173,0,0,333,687
1.12,284,331,0,28.1009,-2.16034,11.973,0,0,136,332
1.12,285,832,0,30.0928,0.166823,12.0199,0,0,356,293
1.12,286,31,0,30.0772,0.185295,12.0163,0,0,17,55
1.12,287,1170,0,29.9754,0.342754,11.9633,0,0,541,617
1.12,288,1317,0,29.9828,-0.0300971,11.996,0,0,623,400
1.12,289,981,0,28.0282,-2.29561,11.491,0,0,426,461
1.12,290,1086,0,29.4726,-0.92959,11.8784,0,0,489,560
1.12,291,726,0,29.9429,0.0310576,11.9783,0,0,305,312
1.12,292,38,0,30.1246,0.315149,11.5452,0,0,21,90
1.12,293,1303,1,30.0874,0.221792,11.538,0,0,614,352
1.12,294,1335,0,30.1216,0.307516,11.5446,0,0,635,51
1.12,295,1238,0,26.16,-10,10.752,0,0,575,392
1.12,296,347,0,30.1032,0.272076,11.06,0,0,143,126
1.12,297,813,0,30.1158,0.305989,11.0624,0,0,346,87
1.12,298,1067,0,29.2687,0.40907,10.7887,0,0,477,500
1.12,299,1079,1,30.0213,0.299193,11.0281,0,0,484,644
1.12,300,1142,0,30.1213,0.320644,11.0635,0,0,523,341
1.12,301,704,0,30.1155,0.319609,10.5814,0,0,294,445
1.12,302,1211,0,30.1163,0.321862,10.5816,0,0,564,186
1.12,303,475,0,30.0996,0.268319,10.5786,0,0,195,513
1.12,304,601,0,30.1074,0.29699,10.5799,0,0,246,646
1.12,305,469,0,27.1181,-4.40177,9.51638,0,0,193,71
1.12,306,428,0,26.64,-10,9.48864,0,0,178,264
1.12,307,686,0,30.1005,0.291297,10.0978,0,0,285,54
1.12,308,1422,0,26.8,-10,9.0624,0,0,681,476
1.12,309,77,0,26.8,-10,9.0624,0,0,38,678
1.12,310,15,1,30.0986,0.32397,9.61555,0,0,10,569
1.12,311,83,0,26.8,-10,9.0624,0,0,40,100
1.12,312,1259,0,30.0846,0.257386,9.61434,0,0,586,14
1.12,313,586,0,30.074,0.224592,9.61255,0,0,240,412
1.12,314,848,0,28.3934,-0.90707,8.75909,0,0,364,273
1.12,315,778,0,30.1004,0.322911,9.13618,0,0,332,141
1.12,316,363,2,29.9004,0.353515,9.07474,0,0,150,626
1.12,317,579,0,28.0636,-3.05715,8.74472,0,0,238,402
1.12,318,271,0,26.96,-10,8.6336,0,0,113,531
1.12,319,706,0,30.0854,0.274076,9.13377,0,0,295,410
1.12,320,728,0,30.0856,-0.273917,8.65442,0,0,306,58
1.12,321,744,0,30.0935,0.317654,8.65431,0,0,316,137
1.12,322,39,0,30.0953,0.323823,8.65458,0,0,22,235
1.12,323,140,0,28.7216,-2.74813,8.41572,0,0,63,103
1.12,324,1323,0,29.7357,-0.549141,8.58451,0,0,626,683
1.12,325,1162,0,30.0884,0.31867,8.17282,0,0,536,212
1.12,326,531,0,27.28,-10,7.76832,0,0,218,339
1.12,327,99,0,30.0816,0.312587,7.69116,0,0,47,359
1.12,328,1337,0,27.7439,-5.19632,7.34559,0,0,637,392
1.12,329,822,0,30.0819,0.313997,7.69121,0,0,351,290
1.12,330,790,0,28.5054,-3.37849,7.44104,0,0,337,549
1.12,331,1151,0,30.0712,0.24878,7.6903,0,0,529,63
1.12,332,766,0,28.0607,-4.60966,6.91982,0,0,327,280
1.12,333,157,0,27.6,-10,6.8928,0,0,68,257
1.12,334,544,0,27.6,-10,6.8928,0,0,223,566
1.12,335,842,0,30.042,0.171397,7.20541,0,0,361,130
1.12,336,1165,0,30.0332,0.160132,7.20382,0,0,538,262
1.12,337,882,0,30.077,0.315237,7.20992,0,0,378,89
1.12,338,682,2,29.4347,0.421861,7.0716,0,0,282,558
1.12,339,1192,0,29.9146,0.353287,6.69255,0,0,555,611
1.12,340,977,0,30.0421,0.185528,6.72507,0,0,424,285
1.12,341,1209,0,27.76,-10,6.4512,0,0,563,162
1.12,342,940,0,28.1156,-5.07952,6.46928,0,0,403,636
1.12,343,721,0,27.76,-10,6.4512,0,0,303,568
1.12,344,542,1,28.9277,-3.52419,6.10258,0,0,222,461
1.12,345,48,0,30.0436,0.206863,6.24491,0,0,27,138
1.12,346,386,0,27.92,-10,6.00704,0,0,160,102
1.12,347,1349,0,29.7409,-1.10988,6.20989,0,0,644,95
1.12,348,1308,0,30.064,0.328891,5.76669,0,0,618,480
1.12,349,1256,0,29.867,0.119294,5.25488,0,0,585,648
1.12,350,93,0,30.0537,0.30134,5.28518,0,0,44,7
1.12,351,1388,0,30.0581,0.325785,5.2856,0,0,662,507
1.12,352,1116,0,30.0395,0.206596,5.28389,0,0,507,526
1.12,353,660,0,29.9581,0.333713,5.2679,0,0,271,246
1.12,354,1064,0,30.0513,0.225223,5.2853,0,0,474,104
1.12,355,1298,0,30.0359,0.222387,4.80317,0,0,609,381
1.12,356,53,0,30.0536,0.331025,4.80473,0,0,29,211
1.12,357,1396,0,30.0465,0.287159,4.80411,0,0,667,541
1.12,358,278,0,30.0523,0.323423,4.80462,0,0,116,491
1.12,359,998,0,30.0421,0.289398,4.32338,0,0,432,397
1.12,360,1378,0,30.0468,0.321501,4.32375,0,0,656,145
1.12,361,166,0,30.0424,0.291689,4.32341,0,0,72,78
1.12,362,66,0,28.779,-6.29711,4.2143,0,0,34,465
1.12,363,1119,0,29.2957,-5.28934,4.26522,0,0,509,131
1.12,364,960,0,28.56,-10,4.2048,0,0,414,673
1.12,365,1046,0,29.1567,-3.01221,3.76516,0,0,464,679
1.12,366,1343,0,29.4131,-4.02196,3.79591,0,0,643,54
1.12,367,404,0,30.0296,0.229553,3.84214,0,0,167,519
1.12,368,355,0,30.0405,0.313799,3.84293,0,0,146,105
1.12,369,335,0,29.8784,0.318863,3.82204,0,0,137,384
1.12,370,553,0,29.4968,-3.47359,3.80229,0,0,227,251
1.12,371,868,0,30.0429,0.332295,3.8431,0,0,371,524
1.12,372,988,0,28.88,-10,3.28832,0,0,428,102
1.12,373,250,0,30.0374,0.331075,3.3624,0,0,104,495
1.12,374,993,0,29.0138,-1.63591,3.29046,0,0,430,571
1.12,375,318,0,30.037,0.327731,3.36237,0,0,131,535
1.12,376,637,0,29.956,0.330732,3.35329,0,0,262,545
1.12,377,719,0,29.04,-10,2.82624,0,0,302,148
1.12,378,1282,0,29.8691,0.362257,2.86604,0,0,600,567
1.12,379,1176,0,30.0305,0.315231,2.88171,0,0,544,491
1.12,380,19,0,30.0318,0.329534,2.88179,0,0,14,30
1.12,381,60,0,29.2309,-6.48205,2.83396,0,0,32,395
1.12,382,749,0,29.2,-10,2.3616,0,0,318,479
1.12,383,550,0,29.2,-10,2.3616,0,0,226,299
1.12,384,634,0,29.925,-0.908944,2.39636,0,0,260,347
1.12,385,733,0,30.0226,0.280848,2.40109,0,0,309,431
1.12,386,1421,0,30.0264,0.328612,2.40127,0,0,680,50
1.12,387,1299,2,29.7472,-3.02989,1.90676,0,0,610,558
1.12,388,738,0,30.0206,0.320249,1.92082,0,0,312,581
1.12,389,1065,0,30.02,0.311291,1.9208,0,0,476,131
1.12,390,1011,0,30.004,0.0586881,1.92016,0,0,440,674
1.12,391,81,0,29.36,-10,1.8944,0,0,39,155
1.12,392,245,0,30.0215,0.335345,1.92086,0,0,102,137
1.12,393,1194,0,30.0148,0.30666,1.44047,0,0,557,365
1.12,394,34,0,29.52,-10,1.42464,0,0,19,477
1.12,395,830,0,29.8455,-4.70741,0.956262,0,0,354,517
1.12,396,1317,0,29.68,-10,0.95232,0,0,623,203
1.12,397,269,0,29.68,-10,0.95232,0,0,112,431
1.12,398,1240,0,29.68,-10,0.95232,0,0,576,385
1.12,399,1312,0,29.9993,-0.0433107,0.479989,0,0,620,369
1.136,0,566,1,30.3602,0.285358,34.7766,0,0,232,680
1.136,1,271,0,30.1791,0.0739711,34.696,0,0,113,488
1.136,2,1254,1,27.6254,-4.379,12.3452,1,0,585,597
1.136,3,387,0,28.4742,-3.04117,34.0835,0,0,161,155
1.136,4,1050,0,30.3435,0.271734,34.7667,0,0,466,408
1.136,5,1070,1,27.5533,-10,8.28191,1,0,477,106
1.136,6,33,2,30.3353,0.234953,34.7684,0,0,18,485
1.136,7,847,1,29.7777,-1.04373,34.5744,0,0,363,676
1.136,8,531,0,30.3602,0.285358,34.7766,0,0,218,532
1.136,9,843,0,28.7945,-0.938534,33.9279,0,0,362,483
1.136,10,335,2,30.2951,-0.00741186,34.7572,0,0,137,680
1.136,11,1233,0,30.3556,0.286091,34.2909,0,0,574,478
1.136,12,1432,2,30.3301,0.290184,34.2647,0,0,689,578
1.136,13,17,1,27.2331,-10,8.36003,1,0,2,35
1.136,14,751,0,29.8365,-0.803118,34.0813,0,0,319,390
1.136,15,1299,1,30.3531,0.284054,34.2894,0,0,610,578
1.136,16,56,0,30.3211,0.257275,34.2706,0,0,30,542
1.136,17,257,0,30.3556,0.286091,34.2909,0,0,107,80
1.136,18,530,0,30.0825,0.0829022,34.1816,0,0,217,532
1.136,19,682,1,27.0105,-3.41893,18.3806,1,0,533,297
1.136,20,1242,0,27.7616,-5.65597,33.4452,0,0,577,102
1.136,21,1167,0,22.7484,-6.1006,16.2313,1,0,522,680
1.136,22,1187,0,30.351,0.286825,33.8052,0,0,552,296
1.136,23,75,0,30.1545,-0.220725,33.7362,0,0,37,679
1.136,24,140,0,30.3463,0.282864,33.8024,0,0,63,377
1.136,25,786,0,30.3486,0.284754,33.8037,0,0,336,101
1.136,26,571,0,29.8581,-2.73632,33.7627,0,0,234,476
1.136,27,330,1,30.3019,0.199882,33.7729,0,0,135,339
1.136,28,449,0,30.2761,0.22067,33.7636,0,0,187,566
1.136,29,1,0,30.1514,0.115566,33.6903,0,0,1,6
1.136,30,843,0,21.6391,-4.09928,17.6526,1,0,223,565
1.136,31,1325,0,25.5356,-9.39791,13.1464,1,0,28,279
1.136,32,749,0,30.3427,0.284326,33.3174,0,0,318,22
1.136,33,269,0,30.3443,0.285736,33.3183,0,0,112,675
1.136,34,810,0,30.1827,0.145182,33.2266,0,0,345,46
1.136,35,1138,1,25.1444,-2.98331,16.4178,1,0,283,122
1.136,36,33,2,23.1356,-5.79426,1.38643,2,0,638,391
1.136,37,1124,0,29.9065,-0.434808,33.1914,0,0,511,518
1.136,38,563,0,29.6124,-0.181016,33.0251,0,0,231,297
1.136,39,561,0,28.8114,-0.396939,32.4982,0,0,229,571
1.136,40,1422,0,30.3399,0.286655,32.8329,0,0,681,675
1.136,41,906,0,28.3539,-10,5.66075,1,0,386,126
1.136,42,566,1,21.9725,-4.43106,13.2185,1,0,430,675
1.136,43,976,0,30.2658,0.169787,32.8086,0,0,423,237
1.136,44,1246,0,22.5646,-10,8.97108,1,0,685,230
1.136,45,986,0,30.1514,-0.0982351,32.7665,0,0,427,384
1.136,46,1037,0,30.2754,0.229977,32.7967,0,0,458,667
1.136,47,898,0,30.2825,0.236317,32.8008,0,0,385,549
1.136,48,1343,0,29.9532,-0.954552,32.75,0,0,643,88
1.136,49,708,0,29.9107,-0.0942955,32.5932,0,0,296,676
1.136,50,1285,1,30.3373,0.284358,32.8315,0,0,602,558
1.136,51,311,0,30.3181,0.272142,32.338,0,0,128,372
1.136,52,637,1,30.3223,0.275834,32.3403,0,0,262,206
1.136,53,988,0,30.0109,-0.0354382,32.1915,0,0,428,630
1.136,54,1030,0,30.3338,0.285992,32.3466,0,0,453,646
1.136,55,538,0,28.7498,-0.990447,31.6315,0,0,221,486
1.136,56,1164,0,30.3007,0.25657,32.3283,0,0,537,300
1.136,57,838,0,30.1896,0.121723,32.2861,0,0,359,565
1.136,58,654,1,30.3301,0.285603,32.3447,0,0,269,106
1.136,59,43,0,30.2467,0.20416,31.8172,0,0,24,559
1.136,60,550,0,28.7721,-2.50477,31.2042,0,0,226,578
1.136,61,542,1,30.1875,0.0712673,31.8103,0,0,222,547
1.136,62,83,0,30.2872,0.109564,31.8552,0,0,40,530
1.136,63,990,0,29.2181,-1.48364,31.4103,0,0,429,486
1.136,64,1284,0,30.2447,0.0266667,31.8329,0,0,601,482
1.136,65,1154,0,24.4406,-1.7916,8.09247,1,0,521,611
1.136,66,945,0,30.266,0.229489,31.8269,0,0,405,152
1.136,67,660,1,30.3294,0.286886,31.8614,0,0,271,600
1.136,68,177,0,30.3132,0.272277,31.8525,0,0,76,117
1.136,69,428,0,30.3188,0.282165,31.3729,0,0,178,576
1.136,70,1187,1,22.7517,-5.30776,13.8907,1,0,553,488
1.136,71,1011,2,30.2438,0.0340807,31.3448,0,0,440,382
1.136,72,397,0,29.9307,-0.405676,31.2663,0,0,164,577
1.136,73,37,2,30.3247,0.291041,31.3762,0,0,20,488
1.136,74,562,0,27.9363,-1.23344,30.4409,0,0,230,673
1.136,75,1269,0,29.9701,-0.139442,31.2292,0,0,594,482
1.136,76,394,0,27.3492,-2.62006,29.8565,0,0,163,31
1.136,77,386,0,29.8354,-0.172918,30.6544,0,0,160,483
1.136,78,1352,0,29.8328,-1.38311,30.8062,0,0,645,41
1.136,79,81,0,28.9325,-2.52973,30.4643,0,0,39,383
1.136,80,549,1,30.3233,0.291261,30.8926,0,0,225,548
1.136,81,1104,0,26.1338,-2.80724,7.70851,1,0,500,285
1.136,82,661,0,29.4098,-2.19026,30.0755,0,0,272,599
1.136,83,625,1,30.3038,0.288571,30.3982,0,0,255,572
1.136,84,784,0,29.4712,-0.887882,29.5958,0,0,335,630
1.136,85,1423,0,30.3116,0.29042,29.921,0,0,682,599
1.136,86,1261,1,30.2985,0.280836,29.9137,0,0,587,22
1.136,87,1150,0,29.4205,-5.54318,4.62588,1,0,151,369
1.136,88,790,0,30.3104,0.289299,29.9204,0,0,337,155
1.136,89,37,1,22.3256,-4.80471,11.47,1,0,426,148
1.136,90,1039,1,27.929,-4.12844,13.1498,1,0,290,515
1.136,91,1052,1,24.5763,-7.81994,15.2618,1,0,364,3
1.136,92,596,0,30.2507,0.290624,29.3955,0,0,244,192
1.136,93,647,1,30.2897,0.274322,29.4274,0,0,265,64
1.136,94,537,0,30.1874,0.0177151,29.3998,0,0,220,299
1.136,95,1274,0,29.9868,-0.0993827,29.2809,0,0,595,391
1.136,96,830,0,30.3051,0.289442,29.4352,0,0,354,18
1.136,97,330,1,22.2542,-4.74543,12.5799,1,0,136,631
1.136,98,1246,0,30.3069,0.291178,29.4361,0,0,579,591
1.136,99,579,0,30.3026,0.292285,28.9513,0,0,238,3
1.136,100,975,0,29.5336,-0.714974,28.6977,0,0,422,683
1.136,101,1170,1,30.3003,0.289994,28.9502,0,0,541,142
1.136,102,1385,0,30.2706,0.260375,28.9355,0,0,660,365
1.136,103,1268,0,30.3019,0.291532,28.951,0,0,593,101
1.136,104,547,1,29.8201,-0.895789,28.803,0,0,224,296
1.136,105,1045,1,24.5949,-8.71052,13.9296,1,0,464,296
1.136,106,1006,0,30.2915,0.28655,28.4634,0,0,438,233
1.136,107,1240,0,29.2566,-2.41848,28.136,0,0,576,300
1.136,108,1246,0,23.206,-10,4.7135,1,0,563,569
1.136,109,605,0,30.2927,0.287745,28.4639,0,0,247,7
1.136,110,1338,1,22.9836,-5.60267,10.4982,1,0,19,99
1.136,111,721,0,24.0242,-7.54024,25.3532,0,0,303,483
1.136,112,933,0,30.2777,0.277713,27.9743,0,0,399,622
1.136,113,1052,0,30.2934,0.293943,27.9818,0,0,467,3
1.136,114,392,0,30.1176,-0.072118,27.4421,0,0,162,611
1.136,115,46,1,29.2311,-5.26926,5.54697,1,0,626,118
1.136,116,220,0,30.2745,0.279818,27.4904,0,0,92,16
1.136,117,1401,0,30.2588,0.229001,27.4901,0,0,670,229
1.136,118,276,0,30.2905,0.296509,27.4979,0,0,115,677
1.136,119,1031,1,30.2837,0.295103,27.0123,0,0,454,599
1.136,120,328,0,30.2778,0.288857,27.0096,0,0,134,615
1.136,121,584,0,30.0983,0.107285,26.9253,0,0,240,636
1.136,122,1366,0,30.2501,0.259124,26.9968,0,0,651,556
1.136,123,268,0,29.8247,-0.454679,26.3708,0,0,111,64
1.136,124,226,0,30.2744,0.290909,26.5257,0,0,95,626
1.136,125,813,0,26.3156,-10,4.48309,1,0,592,202
1.136,126,1108,2,29.3075,-5.34607,4.9399,1,0,501,447
1.136,127,1409,0,24.2853,-7.39428,16.801,1,0,673,668
1.136,128,66,0,29.8974,-0.0969953,25.8782,0,0,34,204
1.136,129,1102,0,29.2812,-5.34443,4.28433,1,0,499,99
1.136,130,320,0,30.2474,0.272379,25.5493,0,0,132,630
1.136,131,445,1,30.252,0.280055,25.5514,0,0,186,125
1.136,132,949,0,30.202,0.20498,25.5327,0,0,406,204
1.136,133,454,0,30.2636,0.290734,25.5564,0,0,189,263
1.136,134,766,0,30.1552,0.173586,25.5082,0,0,327,99
1.136,135,33,0,24.5868,-7.91083,9.41809,1,0,554,226
1.136,136,1302,1,29.952,-10,0.556638,1,0,403,294
1.136,137,682,0,30.2629,0.296088,25.0739,0,0,282,485
1.136,138,60,0,30.2612,0.294093,25.0731,0,0,32,45
1.136,139,469,0,29.7529,-0.893202,24.9706,0,0,193,104
1.136,140,73,0,30.2518,0.289288,24.587,0,0,36,636
1.136,141,535,0,30.2618,0.301067,24.5912,0,0,219,531
1.136,142,530,0,26.0606,-0.16987,22.0738,0,0,217,481
1.136,143,11,1,30.2601,0.299076,24.5905,0,0,8,19
1.136,144,764,0,30.2549,0.292919,24.5883,0,0,325,307
1.136,145,847,1,24.7615,-8.12348,9.6445,1,0,227,341
1.136,146,1299,0,30.1132,0.321129,24.4632,0,0,610,31
1.136,147,129,0,26.7944,-10,9.67826,1,0,56,548
1.136,148,531,0,26.346,-0.0277732,21.7723,0,0,218,476
1.136,149,854,0,30.1955,0.210358,24.0863,0,0,366,395
1.136,150,330,0,30.0527,0.23704,23.9601,0,0,135,101
1.136,151,1337,0,30.0585,-0.026089,24.0387,0,0,637,97
1.136,152,297,0,30.2436,0.285686,24.1015,0,0,123,471
1.136,153,1294,0,30.2098,0.19873,23.6081,0,0,607,22
1.136,154,566,0,30.1053,0.32574,23.5006,0,0,232,566
1.136,155,1167,0,30.2498,0.299755,23.6219,0,0,539,479
1.136,156,1282,1,30.2522,0.302599,23.6229,0,0,600,338
1.136,157,362,0,30.2331,0.290477,23.6162,0,0,149,83
1.136,158,775,0,27.935,-2.41472,22.6692,0,0,331,133
1.136,159,749,0,26.2306,0.0300092,21.2867,0,0,318,299
1.136,160,831,0,29.6743,-1.88408,22.9301,0,0,355,246
1.136,161,1319,0,30.2271,0.277945,23.1308,0,0,624,506
1.136,162,802,0,30.2261,0.276662,23.1304,0,0,342,306
1.136,163,931,0,30.2413,0.295783,23.1365,0,0,398,48
1.136,164,17,0,30.2413,0.295864,23.1365,0,0,12,15
1.136,165,480,0,30.2269,0.277707,23.1308,0,0,196,79
1.136,166,33,0,30.0916,0.273529,23.0181,0,0,18,486
1.136,167,271,0,26.3457,-0.302463,20.9533,0,0,113,156
1.136,168,77,0,29.0663,-0.816576,22.2595,0,0,38,479
1.136,169,236,0,30.2385,0.29912,22.6534,0,0,99,374
1.136,170,778,1,26.9398,-10,3.47177,1,0,333,105
1.136,171,185,1,30.2328,0.294669,22.6503,0,0,79,516
1.136,172,847,0,29.8644,-0.357964,22.5294,0,0,363,477
1.136,173,1138,0,25.9698,-10,20.9203,0,0,521,673
1.136,174,1432,0,29.6048,-0.299442,21.943,0,0,689,297
1.136,175,126,1,26.2835,-10,10.773,1,0,514,330
1.136,176,83,0,26.2758,-0.205275,19.6334,0,0,40,381
1.136,177,335,1,30.0376,0.17389,21.5623,0,0,137,385
1.136,178,786,0,26.5302,-0.304985,19.7508,0,0,336,338
1.136,179,1192,1,30.2327,0.305682,21.6872,0,0,555,549
1.136,180,1238,0,28.8337,-2.5866,21.2175,0,0,575,532
1.136,181,1392,0,30.201,0.221021,21.1982,0,0,665,462
1.136,182,1032,0,30.2262,0.304203,21.2029,0,0,455,298
1.136,183,648,0,30.2257,0.303572,21.2027,0,0,266,508
1.136,184,394,0,23.9731,-3.16494,18.6779,0,0,163,477
1.136,185,1045,0,29.905,-0.0957295,21.0845,0,0,463,390
1.136,186,37,0,30.0168,0.22567,21.0722,0,0,20,156
1.136,187,1187,0,25.731,-9.75686,6.29868,1,0,553,530
1.136,188,387,0,25.6178,-2.66015,19.1183,0,0,161,672
1.136,189,286,0,30.2258,0.303742,21.2028,0,0,119,301
1.136,190,563,0,26.0897,-1.14284,19.2043,0,0,231,340
1.136,191,428,0,26.2885,-0.176794,19.2135,0,0,178,100
1.136,192,990,0,25.6825,-1.47687,18.6583,0,0,429,298
1.136,193,81,0,25.439,-2.2008,18.6013,0,0,39,340
1.136,194,1011,1,30.008,0.190919,20.5911,0,0,440,482
1.136,195,760,0,30.2154,0.296716,20.7172,0,0,323,598
1.136,196,699,0,30.1834,0.257969,20.2243,0,0,292,635
1.136,197,843,0,23.28,-10,7.33032,1,0,223,392
1.136,198,1191,0,25.7307,-10,3.78961,1,0,638,623
1.136,199,1242,0,25.3581,-4.14241,18.2396,0,0,577,338
1.136,200,1422,0,26.6093,-0.472437,18.5047,0,0,681,97
1.136,201,682,2,25.6682,-10,4.04392,1,0,533,678
1.136,202,784,0,25.7228,-1.20321,17.815,0,0,335,481
1.136,203,1052,1,25.9207,-10,5.53448,1,0,364,340
1.136,204,751,0,26.5831,-1.19266,18.108,0,0,319,384
1.136,205,960,0,29.8012,-0.467925,19.6323,0,0,414,631
1.136,206,1424,0,24.4491,-10,17.9155,0,0,683,485
1.136,207,157,0,30.2031,0.301943,19.2677,0,0,68,280
1.136,208,257,0,26.9397,-0.739042,17.7872,0,0,107,14
1.136,209,254,0,30.204,0.303296,19.268,0,0,106,142
1.136,210,1006,0,25.3417,-9.08318,6.98114,1,0,437,640
1.136,211,957,0,30.2012,0.30733,18.7854,0,0,411,573
1.136,212,772,0,30.1507,0.19423,18.7705,0,0,330,439
1.136,213,1123,1,30.1881,0.298163,18.7796,0,0,511,76
1.136,214,1269,0,26.4027,-0.968839,17.1686,0,0,594,567
1.136,215,14,0,27.2292,-10,8.70608,1,0,622,517
1.136,216,672,0,30.19,0.289884,18.7818,0,0,277,652
1.136,217,861,0,30.1833,0.2794,18.7796,0,0,369,644
1.136,218,1128,0,30.1982,0.311139,0.304803,1,0,25,595
1.136,219,1233,0,27.0896,-0.906434,16.9774,0,0,574,378
1.136,220,75,0,26.9282,-1.09063,16.9248,0,0,37,568
1.136,221,547,0,29.9112,-0.0629656,18.1712,0,0,224,478
1.136,222,1167,0,23.92,-10,1.48004,1,0,522,339
1.136,223,269,0,26.9627,-0.855805,16.9244,0,0,112,677
1.136,224,880,0,30.0722,0.121176,17.782,0,0,376,346
1.136,225,890,0,29.9835,-0.0354518,17.7554,0,0,382,378
1.136,226,542,0,30.0751,0.119829,17.7832,0,0,222,676
1.136,227,971,0,30.1907,0.307678,17.8188,0,0,420,220
1.136,228,561,0,26.0271,-2.39128,16.2451,0,0,229,481
1.136,229,719,0,30.0903,0.118022,17.7876,0,0,302,547
1.136,230,1285,0,30.04,0.332314,17.7253,0,0,602,381
1.136,231,1045,1,26.2196,-10,2.79953,1,0,464,100
1.136,232,1039,0,29.8234,-5.86323,1.05239,1,0,290,358
1.136,233,183,0,30.1862,0.309253,17.3359,0,0,78,628
1.136,234,386,0,26.4628,-1.32326,15.9087,0,0,160,382
1.136,235,241,0,30.1865,0.309792,17.336,0,0,101,161
1.136,236,537,0,26.5359,-0.963033,15.9134,0,0,220,571
1.136,237,159,0,30.1243,0.0992701,17.3211,0,0,69,330
1.136,238,566,1,27.185,-10,1.33113,1,0,430,547
1.136,239,1034,0,30.0487,0.077876,16.8145,0,0,457,398
1.136,240,1371,0,30.172,0.294017,16.8503,0,0,652,96
1.136,241,457,0,30.1799,0.307764,16.8526,0,0,190,661
1.136,242,1201,0,26.597,-7.75891,15.9021,0,0,560,185
1.136,243,1240,0,26.0242,-2.59435,14.9676,0,0,576,631
1.136,244,647,0,29.9729,0.239973,16.2697,0,0,265,136
1.136,245,1002,0,30.1688,0.266345,16.3686,0,0,435,513
1.136,246,1228,0,30.0851,0.226995,16.3464,0,0,572,391
1.136,247,550,0,26.1372,-2.88026,15.0033,0,0,226,385
1.136,248,1138,0,25.5976,-6.87917,0.165496,1,0,283,530
1.136,249,34,0,25.3562,-8.1451,14.5091,0,0,19,678
1.136,250,398,0,29.9065,-0.186946,15.8193,0,0,165,53
1.136,251,1050,0,27.5406,-1.36885,14.9427,0,0,466,379
1.136,252,1183,0,30.1666,0.302804,15.8859,0,0,550,163
1.136,253,1333,0,30.1696,0.308498,15.8868,0,0,634,9
1.136,254,980,0,30.1619,0.294228,15.8846,0,0,425,115
1.136,255,42,0,30.1148,0.213702,15.3908,0,0,23,402
1.136,256,346,0,30.1615,0.30311,15.4032,0,0,142,457
1.136,257,1088,0,30.162,0.304109,15.4033,0,0,490,233
1.136,258,1003,0,30.1648,0.309562,15.4041,0,0,436,541
1.136,259,1330,0,24.88,-10,4.83832,1,0,571,672
1.136,260,549,0,30.014,0.337986,15.3232,0,0,225,390
1.136,261,1031,0,30.0085,0.338559,14.8429,0,0,454,679
1.136,262,986,0,27.3758,-1.70526,13.9988,0,0,427,383
1.136,263,988,0,27.2038,-1.76834,13.9485,0,0,428,672
1.136,264,1230,0,29.5386,-0.455867,14.7742,0,0,573,569
1.136,265,11,0,30.0032,0.327837,14.8416,0,0,8,57
1.136,266,920,1,30.1285,0.322116,14.432,0,0,394,518
1.136,267,1249,0,30.1352,0.270781,14.434,0,0,581,432
1.136,268,535,0,26.4254,-1.37602,13.3164,0,0,219,531
1.136,269,403,0,30.1558,0.31295,14.4391,0,0,166,113
1.136,270,736,0,30.1564,0.314095,14.4393,0,0,310,508
1.136,271,538,0,26.6162,-3.31947,12.9556,0,0,221,382
1.136,272,1246,0,27.1954,-1.65639,13.0489,0,0,579,495
1.136,273,1172,0,28.4934,-4.91319,13.1369,0,0,542,375
1.136,274,33,1,29.5726,0.406878,13.2315,0,0,18,461
1.136,275,1103,0,30.1387,0.29897,13.4725,0,0,500,334
1.136,276,268,0,26.613,-2.47909,12.4999,0,0,111,687
1.136,277,84,0,30.137,0.295311,13.4722,0,0,41,208
1.136,278,1353,0,30.1454,0.313618,13.4741,0,0,646,231
1.136,279,1038,0,30.1227,0.274224,12.9878,0,0,459,64
1.136,280,530,0,25.68,-10,11.9923,0,0,217,562
1.136,281,344,0,30.1405,0.314822,12.9918,0,0,140,295
1.136,282,711,0,30.1301,0.291215,12.9895,0,0,297,603
1.136,283,779,0,26.581,-0.495645,12.0426,0,0,333,687
1.136,284,330,0,28.0678,-2.06611,0.0271153,1,0,136,332
1.136,285,832,0,30.0954,0.161188,12.5014,0,0,356,293
1.136,286,31,0,30.0802,0.184657,12.4976,0,0,17,55
1.136,287,1170,0,29.9809,0.341906,12.443,0,0,541,617
1.136,288,1317,0,29.9823,-0.0290893,12.4758,0,0,623,400
1.136,289,981,0,27.9932,-2.19044,11.9389,0,0,426,461
1.136,290,1086,0,29.458,-0.912107,12.3497,0,0,489,560
1.136,291,726,0,29.9433,0.0303012,12.4574,0,0,305,312
1.136,292,38,0,30.1296,0.314354,12.0272,0,0,21,90
1.136,293,1303,1,30.0909,0.221114,12.0194,0,0,614,352
1.136,294,1335,0,30.1265,0.306733,12.0266,0,0,635,51
1.136,295,1238,0,26,-10,11.168,0,0,575,392
1.136,296,347,0,30.1075,0.271339,11.5417,0,0,143,126
1.136,297,813,0,30.1207,0.305207,11.5444,0,0,346,87
1.136,298,1067,0,29.2752,0.408077,11.2571,0,0,477,500
1.136,299,1079,1,30.0261,0.298411,11.5085,0,0,484,644
1.136,300,1142,0,30.1264,0.31984,11.5455,0,0,523,341
1.136,301,704,0,30.1206,0.318806,11.0634,0,0,294,445
1.136,302,1211,0,30.1215,0.321056,11.0635,0,0,564,186
1.136,303,475,0,30.1039,0.266439,11.0602,0,0,195,513
1.136,304,601,0,30.1122,0.296221,11.0617,0,0,246,646
1.136,305,469,0,27.053,-4.06669,9.94923,0,0,193,71
1.136,306,428,0,26.48,-10,9.91232,0,0,178,264
1.136,307,686,0,30.1051,0.290534,10.5795,0,0,285,54
1.136,308,1422,0,26.64,-10,9.48864,0,0,681,476
1.136,309,77,0,26.6433,-9.79391,9.48869,0,0,38,678
1.136,310,15,1,30.1037,0.323159,10.0972,0,0,10,569
1.136,311,83,0,26.64,-10,9.48864,0,0,40,100
1.136,312,1259,0,30.0887,0.256665,10.0958,0,0,586,14
1.136,313,586,0,30.0776,0.223909,10.0938,0,0,240,412
1.136,314,848,0,28.3794,-0.880595,9.21316,0,0,364,273
1.136,315,778,0,30.1056,0.322102,9.61787,0,0,332,141
1.136,316,363,2,29.9061,0.352647,9.55324,0,0,150,626
1.136,317,579,0,28.0177,-2.86994,9.193,0,0,238,402
1.136,318,271,0,26.8,-10,9.0624,0,0,113,531
1.136,319,706,0,30.0897,0.273334,9.61521,0,0,295,410
1.136,320,728,0,30.0809,-0.296213,9.13571,0,0,306,58
1.136,321,744,0,30.0985,0.316854,9.13589,0,0,316,137
1.136,322,39,0,30.1004,0.323013,9.13619,0,0,22,235
1.136,323,140,0,28.6796,-2.6248,8.87459,0,0,63,103
1.136,324,1323,0,29.727,-0.542037,9.06015,0,0,626,683
1.136,325,1162,0,30.0935,0.317868,8.65432,0,0,536,212
1.136,326,531,0,27.12,-10,8.20224,0,0,218,339
1.136,327,99,0,30.0866,0.311793,8.17255,0,0,47,359
1.136,328,1337,0,27.668,-4.73976,7.78828,0,0,637,392
1.136,329,822,0,30.0869,0.313201,8.1726,0,0,351,290
1.136,330,790,0,28.4543,-3.19193,7.89631,0,0,337,549
1.136,331,1151,0,30.0752,0.248126,8.1715,0,0,529,63
1.136,332,766,0,27.9926,-4.26097,7.3677,0,0,327,280
1.136,333,157,0,27.4438,-9.76517,7.3319,0,0,68,257
1.136,334,544,0,27.44,-10,7.33184,0,0,223,566
1.136,335,842,0,30.0447,0.170891,7.68613,0,0,361,130
1.136,336,1165,0,30.0358,0.159511,7.68439,0,0,538,262
1.136,337,882,0,30.082,0.314439,7.69123,0,0,378,89
1.136,338,682,2,29.4415,0.420871,7.54266,0,0,282,558
1.136,339,1192,0,29.9202,0.352419,7.17128,0,0,555,611
1.136,340,977,0,30.045,0.185172,7.20579,0,0,424,285
1.136,341,1209,0,27.6,-10,6.8928,0,0,563,162
1.136,342,940,0,28.0408,-4.67548,6.91794,0,0,403,636
1.136,343,721,0,27.6,-10,6.8928,0,0,303,568
1.136,344,542,1,28.8739,-3.36392,6.56456,0,0,222,461
1.136,345,48,0,30.0469,0.206391,6.72566,0,0,27,138
1.136,346,386,0,27.76,-10,6.4512,0,0,160,102
1.136,347,1349,0,29.7235,-1.08945,6.68546,0,0,644,95
1.136,348,1308,0,30.0693,0.32807,6.2478,0,0,618,480
1.136,349,1256,0,29.8689,0.118674,5.73279,0,0,585,648
1.136,350,93,0,30.0585,0.300559,5.76612,0,0,44,7
1.136,351,1388,0,30.0633,0.324969,5.76661,0,0,662,507
1.136,352,1116,0,30.0427,0.202606,5.76457,0,0,507,526
1.136,353,660,0,29.9635,0.332878,5.74731,0,0,271,246
1.136,354,1064,0,30.0549,0.224701,5.76618,0,0,474,104
1.136,355,1298,0,30.0395,0.2219,5.2838,0,0,609,381
1.136,356,53,0,30.0589,0.3302,5.28567,0,0,29,211
1.136,357,1396,0,30.0511,0.286395,5.28493,0,0,667,541
1.136,358,278,0,30.0575,0.32261,5.28554,0,0,116,491
1.136,359,998,0,30.0467,0.28862,4.80413,0,0,432,397
1.136,360,1378,0,30.0519,0.320691,4.80458,0,0,656,145
1.136,361,166,0,30.0471,0.290919,4.80416,0,0,72,78
1.136,362,66,0,28.6851,-5.86628,4.67326,0,0,34,465
1.136,363,1119,0,29.2096,-5.38138,4.73258,0,0,509,131
1.136,364,960,0,28.4,-10,4.6592,0,0,414,673
1.136,365,1046,0,29.1101,-2.91115,4.23093,0,0,464,679
1.136,366,1343,0,29.3509,-3.88816,4.26552,0,0,643,54
1.136,367,404,0,30.0333,0.22901,4.32267,0,0,167,519
1.136,368,355,0,30.0455,0.312999,4.32366,0,0,146,105
1.136,369,335,0,29.8835,0.318066,4.30018,0,0,137,384
1.136,370,553,0,29.443,-3.36221,4.27338,0,0,227,251
1.136,371,868,0,30.0482,0.331468,4.32387,0,0,371,524
1.136,372,988,0,28.72,-10,3.74784,0,0,428,102
1.136,373,250,0,30.0426,0.330249,3.84308,0,0,104,495
1.136,374,993,0,28.9884,-1.59,3.75428,0,0,430,571
1.136,375,318,0,30.0422,0.326911,3.84305,0,0,131,535
1.136,376,637,0,29.9613,0.329901,3.83267,0,0,262,545
1.136,377,719,0,28.88,-10,3.28832,0,0,302,148
1.136,378,1282,0,29.8749,0.361374,3.34404,0,0,600,567
1.136,379,1176,0,30.0355,0.314429,3.36228,0,0,544,491
1.136,380,19,0,30.0371,0.32871,3.36238,0,0,14,30
1.136,381,60,0,29.1346,-6.02056,3.30011,0,0,32,395
1.136,382,749,0,29.04,-10,2.82624,0,0,318,479
1.136,383,550,0,29.04,-10,2.82624,0,0,226,299
1.136,384,634,0,29.9106,-0.894894,2.87493,0,0,260,347
1.136,385,733,0,30.0271,0.280089,2.88152,0,0,309,431
1.136,386,1421,0,30.0317,0.327789,2.88178,0,0,680,50
1.136,387,1299,2,29.7533,0.377532,2.38282,0,0,610,558
1.136,388,738,0,30.0257,0.319438,2.40124,0,0,312,581
1.136,389,1065,0,30.025,0.310493,2.4012,0,0,476,131
1.136,390,1011,0,30.0049,0.0566588,2.40024,0,0,440,674
1.136,391,81,0,29.2,-10,2.3616,0,0,39,155
1.136,392,245,0,30.0269,0.334511,2.40129,0,0,102,137
1.136,393,1194,0,30.0197,0.305867,1.92079,0,0,557,365
1.136,394,34,0,29.36,-10,1.8944,0,0,19,477
1.136,395,830,0,29.7738,-4.48417,1.43264,0,0,354,517
1.136,396,1317,0,29.52,-10,1.42464,0,0,623,203
1.136,397,269,0,29.52,-10,1.42464,0,0,112,431
1.136,398,1240,0,29.52,-10,1.42464,0,0,576,385
1.136,399,1312,0,29.9986,-0.0444775,0.959966,0,0,620,369
1.136,400,1285,0,29.84,-10,0.47744,0,0,602,30
1.136,401,538,0,29.84,-10,0.47744,0,0,221,31
1.136,402,920,0,29.84,-10,0.47744,0,0,394,437
1.136,403,561,0,29.84,-10,0.47744,0,0,229,148
1.136,404,1233,0,29.84,-10,0.47744,0,0,574,677
1.152,0,566,1,30.3647,0.284627,35.2625,0,0,232,680
1.152,1,271,0,30.1803,0.0735389,35.1789,0,0,113,488
1.152,2,1254,1,27.5562,-4.32093,12.7861,1,0,585,597
1.152,3,387,0,28.4257,-3.03344,34.5383,0,0,161,155
1.152,4,1050,0,30.3479,0.271026,35.2523,0,0,466,408
1.152,5,1070,1,27.3933,-10,8.7202,1,0,477,106
1.152,6,33,2,30.339,0.234361,35.2538,0,0,18,485
1.152,7,847,1,29.7603,-1.09035,35.0506,0,0,363,676
1.152,8,531,0,30.3647,0.284627,35.2625,0,0,218,532
1.152,9,843,0,28.7797,-0.926281,34.3883,0,0,362,483
1.152,10,335,2,30.2948,-0.0182588,35.242,0,0,137,680
1.152,11,1233,0,30.3602,0.285358,34.7766,0,0,574,478
1.152,12,1432,2,30.3347,0.289443,34.7501,0,0,689,578
1.152,13,17,1,27.0731,-10,8.7932,1,0,2,35
1.152,14,751,0,29.8234,-0.815757,34.5585,0,0,319,390
1.152,15,1299,1,30.3577,0.283325,34.7751,0,0,610,578
1.152,16,56,0,30.3252,0.256587,34.7558,0,0,30,542
1.152,17,257,0,30.3602,0.285358,34.7766,0,0,107,80
1.152,18,530,0,30.0836,0.0677708,34.663,0,0,217,532
1.152,19,682,1,26.9565,-3.37929,18.8119,1,0,533,297
1.152,20,1242,0,27.6695,-5.75423,33.8879,0,0,577,102
1.152,21,1167,0,22.6537,-5.92125,16.5938,1,0,522,680
1.152,22,1187,0,30.3556,0.286091,34.2909,0,0,552,296
1.152,23,75,0,30.1506,-0.241134,34.2186,0,0,37,679
1.152,24,140,0,30.3508,0.282138,34.2881,0,0,63,377
1.152,25,786,0,30.3531,0.284023,34.2894,0,0,336,101
1.152,26,571,0,29.8157,-2.65437,34.2397,0,0,234,476
1.152,27,330,1,30.3051,0.199334,34.2578,0,0,135,339
1.152,28,449,0,30.2796,0.220136,34.248,0,0,187,566
1.152,29,1,0,30.1532,0.115025,34.1727,0,0,1,6
1.152,30,843,0,21.5746,-4.03158,17.9978,1,0,223,565
1.152,31,1325,0,25.3893,-9.14421,13.5526,1,0,28,279
1.152,32,749,0,30.3472,0.283597,33.8029,0,0,318,22
1.152,33,269,0,30.3489,0.285004,33.8039,0,0,112,675
1.152,34,810,0,30.185,0.144614,33.7096,0,0,345,46
1.152,35,1138,1,25.0972,-2.95509,16.8193,1,0,283,122
1.152,36,33,2,23.0448,-5.67856,1.75515,2,0,638,391
1.152,37,1124,0,29.8996,-0.429073,33.6698,0,0,511,518
1.152,38,563,0,29.6088,-0.223422,33.4988,0,0,231,297
1.152,39,561,0,28.8052,-0.388675,32.9591,0,0,229,571
1.152,40,1422,0,30.3445,0.285921,33.3184,0,0,681,675
1.152,41,906,0,28.1939,-10,6.11185,1,0,386,126
1.152,42,566,1,21.9029,-4.35507,13.569,1,0,430,675
1.152,43,976,0,30.2685,0.169452,33.2929,0,0,423,237
1.152,44,1246,0,22.4046,-10,9.32955,1,0,685,230
1.152,45,986,0,30.1498,-0.102123,33.2489,0,0,427,384
1.152,46,1037,0,30.279,0.229321,33.2812,0,0,458,667
1.152,47,898,0,30.2863,0.235654,33.2853,0,0,385,549
1.152,48,1343,0,29.938,-0.95225,33.229,0,0,643,88
1.152,49,708,0,29.9092,-0.0946624,33.0717,0,0,296,676
1.152,50,1285,1,30.3418,0.283628,33.3169,0,0,602,558
1.152,51,311,0,30.3225,0.271431,32.8231,0,0,128,372
1.152,52,637,1,30.3267,0.275118,32.8255,0,0,262,206
1.152,53,988,0,30.0103,-0.035419,32.6717,0,0,428,630
1.152,54,1030,0,30.3383,0.285259,32.832,0,0,453,646
1.152,55,538,0,28.7343,-0.969055,32.0912,0,0,221,486
1.152,56,1164,0,30.3048,0.255881,32.8132,0,0,537,300
1.152,57,838,0,30.1916,0.121611,32.7692,0,0,359,565
1.152,58,654,1,30.3316,0.096317,32.83,0,0,269,106
1.152,59,43,0,30.25,0.203213,32.3012,0,0,24,559
1.152,60,550,0,28.7304,-2.60669,31.6639,0,0,226,578
1.152,61,542,1,30.1886,0.0695691,32.2933,0,0,222,547
1.152,62,83,0,30.2889,0.101856,32.3398,0,0,40,530
1.152,63,990,0,29.1927,-1.58343,31.8774,0,0,429,486
1.152,64,1284,0,30.245,0.0167579,32.3168,0,0,601,482
1.152,65,1154,0,24.4122,-1.77618,8.48307,1,0,521,611
1.152,66,945,0,30.2697,0.228833,32.3112,0,0,405,152
1.152,67,660,1,30.334,0.28615,32.3467,0,0,271,600
1.152,68,177,0,30.3175,0.271566,32.3376,0,0,76,117
1.152,69,428,0,30.3233,0.281437,31.8581,0,0,178,576
1.152,70,1187,1,22.6684,-5.20706,14.2534,1,0,553,488
1.152,71,1011,2,30.2442,0.0242292,31.8287,0,0,440,382
1.152,72,397,0,29.9243,-0.403256,31.745,0,0,164,577
1.152,73,37,2,30.3294,0.290298,31.8615,0,0,20,488
1.152,74,562,0,27.9135,-1.42317,30.8876,0,0,230,673
1.152,75,1269,0,29.9678,-0.146997,31.7087,0,0,594,482
1.152,76,394,0,27.3077,-2.59172,30.2935,0,0,163,31
1.152,77,386,0,29.8326,-0.171942,31.1318,0,0,160,483
1.152,78,1352,0,29.8108,-1.374,31.2832,0,0,645,41
1.152,79,81,0,28.8924,-2.50544,30.9265,0,0,39,383
1.152,80,549,1,30.328,0.290518,31.3778,0,0,225,548
1.152,81,1104,0,26.0893,-2.77776,8.12593,1,0,500,285
1.152,82,661,0,29.3739,-2.23819,30.5455,0,0,272,599
1.152,83,625,1,30.3084,0.287831,30.8831,0,0,255,572
1.152,84,784,0,29.457,-0.882917,30.0671,0,0,335,630
1.152,85,1423,0,30.3162,0.289678,30.4061,0,0,682,599
1.152,86,1261,1,30.3029,0.280109,30.3986,0,0,587,22
1.152,87,1150,0,29.3333,-5.45518,5.09521,1,0,151,369
1.152,88,790,0,30.315,0.288559,30.4055,0,0,337,155
1.152,89,37,1,22.2501,-4.71861,11.826,1,0,426,148
1.152,90,1039,1,27.8638,-4.0755,13.5956,1,0,290,515
1.152,91,1052,1,24.4542,-7.63254,15.6531,1,0,364,3
1.152,92,596,0,30.2553,0.289878,29.8795,0,0,244,192
1.152,93,647,1,30.2941,0.273605,29.9121,0,0,265,64
1.152,94,537,0,30.1876,0.0159209,29.8828,0,0,220,299
1.152,95,1274,0,29.9851,-0.103555,29.7606,0,0,595,391
1.152,96,830,0,30.3098,0.288702,29.9201,0,0,354,18
1.152,97,330,1,22.1796,-4.66088,12.9348,1,0,136,631
1.152,98,1246,0,30.3094,0.152117,29.921,0,0,579,591
1.152,99,579,0,30.3073,0.291539,29.4363,0,0,238,3
1.152,100,975,0,29.5223,-0.702914,29.1701,0,0,422,683
1.152,101,1170,1,30.3049,0.289252,29.4351,0,0,541,142
1.152,102,1385,0,30.2748,0.259676,29.4199,0,0,660,365
1.152,103,1268,0,30.3065,0.290787,29.4359,0,0,593,101
1.152,104,547,1,29.8053,-0.924856,29.2799,0,0,224,296
1.152,105,1045,1,24.4592,-8.47806,14.3209,1,0,464,296
1.152,106,1006,0,30.2961,0.285813,28.9481,0,0,438,233
1.152,107,1240,0,29.2166,-2.50021,28.6034,0,0,576,300
1.152,108,1246,0,23.046,-10,5.08224,1,0,563,569
1.152,109,605,0,30.2973,0.287006,28.9487,0,0,247,7
1.152,110,1338,1,22.8958,-5.493,10.8646,1,0,19,99
1.152,111,721,0,23.9028,-7.58305,25.7357,0,0,303,483
1.152,112,933,0,30.2821,0.276989,28.4588,0,0,399,622
1.152,113,1052,0,30.2981,0.293194,28.4666,0,0,467,3
1.152,114,392,0,30.1164,-0.0759083,27.924,0,0,162,611
1.152,115,46,1,29.1481,-5.19173,6.01333,1,0,626,118
1.152,116,220,0,30.279,0.279091,27.9749,0,0,92,16
1.152,117,1401,0,30.2624,0.228432,27.9743,0,0,670,229
1.152,118,276,0,30.2952,0.295754,27.9827,0,0,115,677
1.152,119,1031,1,30.2884,0.294351,27.497,0,0,454,599
1.152,120,328,0,30.2824,0.288115,27.4942,0,0,134,615
1.152,121,584,0,30.1,0.107179,27.4069,0,0,240,636
1.152,122,1366,0,30.2543,0.258425,27.4809,0,0,651,556
1.152,123,268,0,29.8174,-0.454917,26.8479,0,0,111,64
1.152,124,226,0,30.279,0.290164,27.0102,0,0,95,626
1.152,125,813,0,26.1556,-10,4.90158,1,0,592,202
1.152,126,1108,2,29.2233,-5.26673,5.40747,1,0,501,447
1.152,127,1409,0,24.1698,-7.22309,17.1877,1,0,673,668
1.152,128,66,0,29.8958,-0.0953599,26.3565,0,0,34,204
1.152,129,1102,0,29.197,-5.2651,4.75148,1,0,499,99
1.152,130,320,0,30.2518,0.27166,26.0333,0,0,132,630
1.152,131,445,1,30.2565,0.279325,26.0355,0,0,186,125
1.152,132,949,0,30.2053,0.204518,26.016,0,0,406,204
1.152,133,454,0,30.2683,0.289988,26.0407,0,0,189,263
1.152,134,766,0,30.158,0.17323,25.9908,0,0,327,99
1.152,135,33,0,24.4633,-7.71959,9.8095,1,0,554,226
1.152,136,1302,1,29.792,-10,1.03331,1,0,403,294
1.152,137,682,0,30.2677,0.295333,25.5582,0,0,282,485
1.152,138,60,0,30.2659,0.293342,25.5574,0,0,32,45
1.152,139,469,0,29.7389,-0.87883,25.4464,0,0,193,104
1.152,140,73,0,30.2564,0.288544,25.0711,0,0,36,636
1.152,141,535,0,30.2666,0.300303,25.0755,0,0,219,531
1.152,142,530,0,26.0584,-0.141208,22.4908,0,0,217,481
1.152,143,11,1,30.2649,0.298316,25.0747,0,0,8,19
1.152,144,764,0,30.2596,0.292169,25.0724,0,0,325,307
1.152,145,847,1,24.6347,-7.92423,10.0387,1,0,227,341
1.152,146,1299,0,30.1184,0.320323,24.9451,0,0,610,31
1.152,147,129,0,26.6344,-10,10.1044,1,0,56,548
1.152,148,531,0,26.3459,-0.00361231,22.1938,0,0,218,476
1.152,149,854,0,30.1988,0.209795,24.5695,0,0,366,395
1.152,150,330,0,30.0565,0.236477,24.441,0,0,135,101
1.152,151,1337,0,30.0581,-0.0251353,24.5196,0,0,637,97
1.152,152,297,0,30.2481,0.284946,24.5854,0,0,123,471
1.152,153,1294,0,30.2129,0.194649,24.0916,0,0,607,22
1.152,154,566,0,30.1105,0.324927,23.9823,0,0,232,566
1.152,155,1167,0,30.2546,0.298993,24.106,0,0,539,479
1.152,156,1282,1,30.257,0.301833,24.107,0,0,600,338
1.152,157,362,0,30.2377,0.289729,24.1,0,0,149,83
1.152,158,775,0,27.8965,-2.40705,23.1155,0,0,331,133
1.152,159,749,0,26.2314,0.0539148,21.7064,0,0,318,299
1.152,160,831,0,29.6436,-1.91648,23.4044,0,0,355,246
1.152,161,1319,0,30.2315,0.277216,23.6145,0,0,624,506
1.152,162,802,0,30.2305,0.275934,23.6141,0,0,342,306
1.152,163,931,0,30.246,0.295027,23.6204,0,0,398,48
1.152,164,17,0,30.246,0.295109,23.6204,0,0,12,15
1.152,165,480,0,30.2313,0.276978,23.6145,0,0,196,79
1.152,166,33,0,30.0958,0.261994,23.4997,0,0,18,486
1.152,167,271,0,26.3414,-0.272298,21.3748,0,0,113,156
1.152,168,77,0,29.0519,-0.900754,22.7243,0,0,38,479
1.152,169,236,0,30.2433,0.298359,23.1373,0,0,99,374
1.152,170,778,1,26.7798,-10,3.90025,1,0,333,105
1.152,171,185,1,30.2375,0.293914,23.1341,0,0,79,516
1.152,172,847,0,29.8586,-0.359157,23.0071,0,0,363,477
1.152,173,1154,0,25.8098,-10,0.360214,1,0,521,673
1.152,174,1432,0,29.6001,-0.295012,22.4166,0,0,689,297
1.152,175,126,1,26.1235,-10,11.191,1,0,514,330
1.152,176,83,0,26.273,-0.173838,20.0538,0,0,40,381
1.152,177,335,1,30.0403,0.170922,22.043,0,0,137,385
1.152,178,786,0,26.5259,-0.268058,20.1752,0,0,336,338
1.152,179,1192,1,30.2376,0.304909,22.171,0,0,555,549
1.152,180,1238,0,28.791,-2.67103,21.6781,0,0,575,532
1.152,181,1392,0,30.2045,0.220405,21.6814,0,0,665,462
1.152,182,1032,0,30.231,0.303432,21.6866,0,0,455,298
1.152,183,648,0,30.2306,0.302802,21.6864,0,0,266,508
1.152,184,394,0,23.9246,-3.02762,19.0607,0,0,163,477
1.152,185,1045,0,29.8813,-1.48028,21.5626,0,0,463,390
1.152,186,37,0,30.0204,0.225179,21.5525,0,0,20,156
1.152,187,1187,0,25.5792,-9.48373,6.70794,1,0,553,530
1.152,188,387,0,25.5756,-2.63785,19.5275,0,0,161,672
1.152,189,286,0,30.2307,0.302972,21.6865,0,0,119,301
1.152,190,563,0,26.0727,-1.06607,19.6214,0,0,231,340
1.152,191,428,0,26.2862,-0.139474,19.6341,0,0,178,100
1.152,192,990,0,25.6594,-1.43942,19.0689,0,0,429,298
1.152,193,81,0,25.4043,-2.16975,19.0078,0,0,39,340
1.152,194,1011,1,30.011,0.188085,21.0712,0,0,440,482
1.152,195,760,0,30.2202,0.295957,21.2007,0,0,323,598
1.152,196,699,0,30.1875,0.257262,20.7073,0,0,292,635
1.152,197,843,0,23.12,-10,7.70024,1,0,223,392
1.152,198,1191,0,25.5707,-10,4.19874,1,0,638,623
1.152,199,1242,0,25.2912,-4.18173,18.6443,0,0,577,338
1.152,200,1422,0,26.6024,-0.42618,18.9304,0,0,681,97
1.152,201,682,2,25.5082,-10,4.45205,1,0,533,678
1.152,202,784,0,25.7045,-1.14423,18.2262,0,0,335,481
1.152,203,1052,1,25.7607,-10,5.94665,1,0,364,340
1.152,204,751,0,26.5646,-1.15387,18.533,0,0,319,384
1.152,205,960,0,29.7937,-0.469664,20.109,0,0,414,631
1.152,206,1424,0,24.2891,-10,18.3041,0,0,683,485
1.152,207,157,0,30.2079,0.301175,19.751,0,0,68,280
1.152,208,257,0,26.9287,-0.686945,18.218,0,0,107,14
1.152,209,254,0,30.2088,0.302526,19.7513,0,0,106,142
1.152,210,1006,0,25.2002,-8.84413,7.38434,1,0,437,640
1.152,211,957,0,30.2062,0.306553,19.2687,0,0,411,573
1.152,212,772,0,30.1539,0.193824,19.2529,0,0,330,439
1.152,213,1123,1,30.1929,0.2974,19.2627,0,0,511,76
1.152,214,1269,0,26.3882,-0.905103,17.5908,0,0,594,567
1.152,215,14,0,27.0692,-10,9.13918,1,0,622,517
1.152,216,672,0,30.1947,0.289134,19.2649,0,0,277,652
1.152,217,861,0,30.1878,0.278663,19.2626,0,0,369,644
1.152,218,1128,0,30.0382,-10,0.785415,1,0,25,595
1.152,219,1233,0,27.076,-0.848357,17.4106,0,0,574,378
1.152,220,75,0,26.9116,-1.03793,17.3554,0,0,37,568
1.152,221,547,0,29.9101,-0.0715152,18.6497,0,0,224,478
1.152,222,1167,0,23.76,-10,1.8602,1,0,522,339
1.152,223,269,0,26.95,-0.796175,17.3556,0,0,112,677
1.152,224,880,0,30.0741,0.121123,18.2632,0,0,376,346
1.152,225,890,0,29.9829,-0.0358661,18.2352,0,0,382,378
1.152,226,542,0,30.077,0.119244,18.2644,0,0,222,676
1.152,227,971,0,30.1956,0.306899,18.302,0,0,420,220
1.152,228,561,0,25.9911,-2.2523,16.6609,0,0,229,481
1.152,229,719,0,30.0921,0.107844,18.2691,0,0,302,547
1.152,230,1285,0,30.0453,0.331487,18.206,0,0,602,381
1.152,231,1045,1,26.0596,-10,3.21649,1,0,464,100
1.152,232,1039,0,29.7311,-5.77134,1.52809,1,0,290,358
1.152,233,183,0,30.1911,0.308472,17.819,0,0,78,628
1.152,234,386,0,26.4429,-1.24016,16.3318,0,0,160,382
1.152,235,241,0,30.1915,0.30901,17.8191,0,0,101,161
1.152,236,537,0,26.5217,-0.887707,16.3378,0,0,220,571
1.152,237,159,0,30.1258,0.0890409,17.8031,0,0,69,330
1.152,238,566,1,27.025,-10,1.76353,1,0,430,547
1.152,239,1034,0,30.05,0.0773505,17.2953,0,0,457,398
1.152,240,1371,0,30.1767,0.293259,17.3331,0,0,652,96
1.152,241,457,0,30.1849,0.306984,17.3355,0,0,190,661
1.152,242,1201,0,26.4719,-7.81641,16.3257,0,0,560,185
1.152,243,1240,0,25.9837,-2.52747,15.3834,0,0,576,631
1.152,244,647,0,29.9768,0.239253,16.7493,0,0,265,136
1.152,245,1002,0,30.1731,0.265667,16.8514,0,0,435,513
1.152,246,1228,0,30.0886,0.219322,16.8278,0,0,572,391
1.152,247,550,0,26.0922,-2.81638,15.4208,0,0,226,385
1.152,248,1138,0,25.4376,-10,0.572498,1,0,283,530
1.152,249,34,0,25.2256,-8.16147,14.9127,0,0,19,678
1.152,250,398,0,29.9035,-0.184384,16.2978,0,0,165,53
1.152,251,1050,0,27.5198,-1.29693,15.383,0,0,466,379
1.152,252,1183,0,30.1714,0.302032,16.3687,0,0,550,163
1.152,253,1333,0,30.1746,0.307717,16.3696,0,0,634,9
1.152,254,980,0,30.1666,0.293469,16.3673,0,0,425,115
1.152,255,42,0,30.1182,0.213039,15.8727,0,0,23,402
1.152,256,346,0,30.1663,0.302337,15.8858,0,0,142,457
1.152,257,1088,0,30.1668,0.303334,15.886,0,0,490,233
1.152,258,1003,0,30.1698,0.308779,15.8868,0,0,436,541
1.152,259,1330,0,24.72,-10,5.23384,1,0,571,672
1.152,260,549,0,30.0194,0.337149,15.8035,0,0,225,390
1.152,261,1031,0,30.0139,0.33772,15.3231,0,0,454,679
1.152,262,986,0,27.3499,-1.62119,14.4364,0,0,427,383
1.152,263,988,0,27.177,-1.67454,14.3833,0,0,428,672
1.152,264,1230,0,29.5304,-0.5132,15.2467,0,0,573,569
1.152,265,11,0,30.0084,0.327014,15.3217,0,0,8,57
1.152,266,920,1,30.1336,0.32131,14.9141,0,0,394,518
1.152,267,1249,0,30.1395,0.270051,14.9162,0,0,581,432
1.152,268,535,0,26.406,-1.20873,13.7389,0,0,219,531
1.152,269,403,0,30.1608,0.312161,14.9217,0,0,166,113
1.152,270,736,0,30.1614,0.313304,14.9218,0,0,310,508
1.152,271,538,0,26.5656,-3.16488,13.3806,0,0,221,382
1.152,272,1246,0,27.1708,-1.54123,13.4836,0,0,579,495
1.152,273,1172,0,28.413,-5.02392,13.5915,0,0,542,375
1.152,274,33,1,29.5791,0.405915,13.7048,0,0,18,461
1.152,275,1103,0,30.1434,0.298201,13.9548,0,0,500,334
1.152,276,268,0,26.5762,-2.29776,12.9251,0,0,111,687
1.152,277,84,0,30.1417,0.294548,13.9544,0,0,41,208
1.152,278,1353,0,30.1504,0.312827,13.9565,0,0,646,231
1.152,279,1038,0,30.1271,0.273487,13.4698,0,0,459,64
1.152,280,530,0,25.52,-10,12.4006,0,0,217,562
1.152,281,344,0,30.1456,0.314028,13.4742,0,0,140,295
1.152,282,711,0,30.1348,0.290457,13.4716,0,0,297,603
1.152,283,779,0,26.5737,-0.454687,12.4677,0,0,333,687
1.152,284,330,0,27.9078,-10,0.47364,1,0,136,332
1.152,285,832,0,30.0979,0.15573,12.9829,0,0,356,293
1.152,286,31,0,30.0831,0.18402,12.9789,0,0,17,55
1.152,287,1170,0,29.9863,0.34106,12.9228,0,0,541,617
1.152,288,1317,0,29.9818,-0.0280893,12.9555,0,0,623,400
1.152,289,981,0,27.8332,-10,12.3843,0,0,426,461
1.152,290,1086,0,29.4437,-0.894978,12.8208,0,0,489,560
1.152,291,726,0,29.9438,0.0294977,12.9365,0,0,305,312
1.152,292,38,0,30.1346,0.313561,12.5094,0,0,21,90
1.152,293,1303,1,30.0944,0.220437,12.5009,0,0,614,352
1.152,294,1335,0,30.1314,0.305951,12.5087,0,0,635,51
1.152,295,1238,0,25.84,-10,11.5814,0,0,575,392
1.152,296,347,0,30.1118,0.270604,12.0235,0,0,143,126
1.152,297,813,0,30.1256,0.304427,12.0264,0,0,346,87
1.152,298,1067,0,29.2817,0.407085,11.7256,0,0,477,500
1.152,299,1079,1,30.0308,0.29763,11.989,0,0,484,644
1.152,300,1142,0,30.1315,0.319038,12.0276,0,0,523,341
1.152,301,704,0,30.1257,0.318006,11.5454,0,0,294,445
1.152,302,1211,0,30.1266,0.320251,11.5456,0,0,564,186
1.152,303,475,0,30.1081,0.264584,11.542,0,0,195,513
1.152,304,601,0,30.1169,0.295453,11.5436,0,0,246,646
1.152,305,469,0,26.9927,-3.77058,10.3811,0,0,193,71
1.152,306,428,0,26.32,-10,10.3334,0,0,178,264
1.152,307,686,0,30.1098,0.289774,11.0613,0,0,285,54
1.152,308,1422,0,26.48,-10,9.91232,0,0,681,476
1.152,309,77,0,26.5091,-8.38774,9.91284,0,0,38,678
1.152,310,15,1,30.1089,0.32235,10.579,0,0,10,569
1.152,311,83,0,26.48,-10,9.91232,0,0,40,100
1.152,312,1259,0,30.0928,0.255945,10.5772,0,0,586,14
1.152,313,586,0,30.0811,0.223226,10.5751,0,0,240,412
1.152,314,848,0,28.3657,-0.854911,9.66701,0,0,364,273
1.152,315,778,0,30.1107,0.321295,10.0996,0,0,332,141
1.152,316,363,2,29.9117,0.35178,10.0318,0,0,150,626
1.152,317,579,0,27.9745,-2.69755,9.6406,0,0,238,402
1.152,318,271,0,26.64,-10,9.48864,0,0,113,531
1.152,319,706,0,30.0941,0.272594,10.0967,0,0,295,410
1.152,320,728,0,30.0758,-0.318402,9.61693,0,0,306,58
1.152,321,744,0,30.1036,0.316054,9.61754,0,0,316,137
1.152,322,39,0,30.1056,0.322204,9.61788,0,0,22,235
1.152,323,140,0,28.6394,-2.50862,9.33282,0,0,63,103
1.152,324,1323,0,29.7185,-0.535025,9.53564,0,0,626,683
1.152,325,1162,0,30.0986,0.317066,9.1359,0,0,536,212
1.152,326,531,0,26.96,-10,8.6336,0,0,218,339
1.152,327,99,0,30.0915,0.311,8.65401,0,0,47,359
1.152,328,1337,0,27.5986,-4.33936,8.22986,0,0,637,392
1.152,329,822,0,30.0919,0.312406,8.65408,0,0,351,290
1.152,330,790,0,28.406,-3.01898,8.3508,0,0,337,549
1.152,331,1151,0,30.0791,0.247475,8.65277,0,0,529,63
1.152,332,766,0,27.9294,-3.94837,7.81457,0,0,327,280
1.152,333,157,0,27.3153,-8.02663,7.76895,0,0,68,257
1.152,334,544,0,27.28,-10,7.76832,0,0,223,566
1.152,335,842,0,30.0475,0.170387,8.16689,0,0,361,130
1.152,336,1165,0,30.0383,0.158892,8.165,0,0,538,262
1.152,337,882,0,30.0871,0.313642,8.17262,0,0,378,89
1.152,338,682,2,29.4482,0.419882,8.01383,0,0,282,558
1.152,339,1192,0,29.9258,0.351554,7.65009,0,0,555,611
1.152,340,977,0,30.048,0.184817,7.68656,0,0,424,285
1.152,341,1209,0,27.44,-10,7.33184,0,0,563,162
1.152,342,940,0,28.0506,0.610302,7.36675,0,0,403,636
1.152,343,721,0,27.44,-10,7.33184,0,0,303,568
1.152,344,542,1,28.8225,-3.21376,7.02572,0,0,222,461
1.152,345,48,0,30.0502,0.205921,7.20646,0,0,27,138
1.152,346,386,0,27.6,-10,6.8928,0,0,160,102
1.152,347,1349,0,29.7064,-1.06945,7.16077,0,0,644,95
1.152,348,1308,0,30.0745,0.327252,6.72899,0,0,618,480
1.152,349,1256,0,29.8708,0.118055,6.21072,0,0,585,648
1.152,350,93,0,30.0633,0.299779,6.24713,0,0,44,7
1.152,351,1388,0,30.0684,0.324155,6.2477,0,0,662,507
1.152,352,1116,0,30.0459,0.198499,6.2453,0,0,507,526
1.152,353,660,0,29.9688,0.332045,6.22681,0,0,271,246
1.152,354,1064,0,30.0585,0.22418,6.24711,0,0,474,104
1.152,355,1298,0,30.043,0.221415,5.76449,0,0,609,381
1.152,356,53,0,30.0641,0.329377,5.7667,0,0,29,211
1.152,357,1396,0,30.0557,0.285633,5.76582,0,0,667,541
1.152,358,278,0,30.0626,0.321799,5.76655,0,0,116,491
1.152,359,998,0,30.0513,0.287844,5.28495,0,0,432,397
1.152,360,1378,0,30.057,0.319882,5.2855,0,0,656,145
1.152,361,166,0,30.0517,0.290151,5.28499,0,0,72,78
1.152,362,66,0,28.5975,-5.47819,5.13082,0,0,34,465
1.152,363,1119,0,29.122,-5.47112,5.19853,0,0,509,131
1.152,364,960,0,28.24,-10,5.11104,0,0,414,673
1.152,365,1046,0,29.0651,-2.81483,4.69597,0,0,464,679
1.152,366,1343,0,29.2907,-3.76166,4.73417,0,0,643,54
1.152,367,404,0,30.0369,0.228469,4.80326,0,0,167,519
1.152,368,355,0,30.0505,0.312201,4.80446,0,0,146,105
1.152,369,335,0,29.8886,0.317271,4.7784,0,0,137,384
1.152,370,553,0,29.3909,-3.25622,4.74363,0,0,227,251
1.152,371,868,0,30.0535,0.330642,4.80473,0,0,371,524
1.152,372,988,0,28.56,-10,4.2048,0,0,428,102
1.152,373,250,0,30.0479,0.329426,4.32385,0,0,104,495
1.152,374,993,0,28.9637,-1.54563,4.21769,0,0,430,571
1.152,375,318,0,30.0474,0.326092,4.32381,0,0,131,535
1.152,376,637,0,29.9665,0.329072,4.31213,0,0,262,545
1.152,377,719,0,28.72,-10,3.74784,0,0,302,148
1.152,378,1282,0,29.8807,0.360492,3.82213,0,0,600,567
1.152,379,1176,0,30.0405,0.313627,3.84293,0,0,544,491
1.152,380,19,0,30.0423,0.327889,3.84306,0,0,14,30
1.152,381,60,0,29.0449,-5.60541,3.76483,0,0,32,395
1.152,382,749,0,28.88,-10,3.28832,0,0,318,479
1.152,383,550,0,28.88,-10,3.28832,0,0,226,299
1.152,384,634,0,29.8965,-0.881078,3.35328,0,0,260,347
1.152,385,733,0,30.0315,0.279331,3.36202,0,0,309,431
1.152,386,1421,0,30.0369,0.326968,3.36237,0,0,680,50
1.152,387,1299,2,29.7593,0.37662,2.85896,0,0,610,558
1.152,388,738,0,30.0308,0.318629,2.88173,0,0,312,581
1.152,389,1065,0,30.0299,0.309696,2.88168,0,0,476,131
1.152,390,1011,0,30.0057,0.0546418,2.88033,0,0,440,674
1.152,391,81,0,29.04,-10,2.82624,0,0,39,155
1.152,392,245,0,30.0322,0.33368,2.88181,0,0,102,137
1.152,393,1194,0,30.0245,0.305076,2.40118,0,0,557,365
1.152,394,34,0,29.2,-10,2.3616,0,0,19,477
1.152,395,830,0,29.7054,-4.27567,1.90793,0,0,354,517
1.152,396,1317,0,29.36,-10,1.8944,0,0,623,203
1.152,397,269,0,29.36,-10,1.8944,0,0,112,431
1.152,398,1240,0,29.36,-10,1.8944,0,0,576,385
1.152,399,1312,0,29.9979,-0.0456231,1.43993,0,0,620,369
1.152,400,1285,1,29.7918,-3.01444,0.954108,0,0,602,30
1.152,401,538,0,29.68,-10,0.95232,0,0,221,31
1.152,402,920,0,29.845,0.315384,0.954961,0,0,394,437
1.152,403,561,0,29.68,-10,0.95232,0,0,229,148
1.152,404,1233,0,29.68,-10,0.95232,0,0,574,677
1.152,405,683,0,29.84,-10,0.47744,0,0,283,257
1.152,406,784,0,29.84,-10,0.47744,0,0,335,383
1.152,407,37,0,29.84,-10,0.47744,0,0,20,30
1.152,408,799,0,30.0054,0.338682,0.480087,0,0,341,67
1.168,0,566,1,30.3693,0.283898,35.7484,0,0,232,680
1.168,1,271,0,30.1814,0.073095,35.6618,0,0,113,488
1.168,2,1254,1,27.488,-4.26406,13.2259,1,0,585,597
1.168,3,387,0,28.4195,-0.383323,34.993,0,0,161,155
1.168,4,1050,0,30.3522,0.27032,35.7379,0,0,466,408
1.168,5,1070,1,27.2333,-10,9.15593,1,0,477,106
1.168,6,33,2,30.3428,0.233769,35.7393,0,0,18,485
1.168,7,847,1,29.7421,-1.13747,35.5264,0,0,363,676
1.168,8,531,0,30.3693,0.283898,35.7484,0,0,218,532
1.168,9,843,0,28.765,-0.914289,34.8486,0,0,362,483
1.168,10,335,2,30.2943,-0.0292705,35.7267,0,0,137,680
1.168,11,1233,0,30.3647,0.284627,35.2625,0,0,574,478
1.168,12,1432,2,30.3393,0.288704,35.2355,0,0,689,578
1.168,13,17,1,26.9131,-10,9.22381,1,0,2,35
1.168,14,751,0,29.8102,-0.827299,35.0355,0,0,319,390
1.168,15,1299,1,30.3622,0.282598,35.2609,0,0,610,578
1.168,16,56,0,30.3293,0.255901,35.2411,0,0,30,542
1.168,17,257,0,30.3647,0.284627,35.2625,0,0,107,80
1.168,18,530,0,30.0844,0.0522488,35.1443,0,0,217,532
1.168,19,682,1,26.903,-3.34034,19.2424,1,0,533,297
1.168,20,1242,0,27.5759,-5.8493,34.3291,0,0,577,102
1.168,21,1167,0,22.5616,-5.75346,16.9547,1,0,522,680
1.168,22,1187,0,30.3602,0.285358,34.7766,0,0,552,296
1.168,23,75,0,30.1465,-0.258751,34.701,0,0,37,679
1.168,24,140,0,30.3553,0.281412,34.7737,0,0,63,377
1.168,25,786,0,30.3577,0.283294,34.7751,0,0,336,101
1.168,26,571,0,29.7745,-2.57563,34.7161,0,0,234,476
1.168,27,330,1,30.3083,0.198786,34.7428,0,0,135,339
1.168,28,449,0,30.2831,0.219603,34.7326,0,0,187,566
1.168,29,1,0,30.1551,0.114485,34.6552,0,0,1,6
1.168,30,843,0,21.5112,-3.96559,18.3419,1,0,223,565
1.168,31,1325,0,25.2468,-8.9018,13.9566,1,0,28,279
1.168,32,749,0,30.3517,0.282868,34.2886,0,0,318,22
1.168,33,269,0,30.3534,0.284273,34.2896,0,0,112,675
1.168,34,810,0,30.1873,0.144046,34.1926,0,0,345,46
1.168,35,1138,1,25.0503,-2.92721,17.2201,1,0,283,122
1.168,36,33,2,22.9557,-5.56652,2.12244,2,0,638,391
1.168,37,1124,0,29.8929,-0.423405,34.1481,0,0,511,518
1.168,38,563,0,29.6045,-0.267062,33.9725,0,0,231,297
1.168,39,561,0,28.7991,-0.380546,33.4199,0,0,229,571
1.168,40,1422,0,30.3491,0.285189,33.804,0,0,681,675
1.168,41,906,0,28.0339,-10,6.56039,1,0,386,126
1.168,42,566,1,21.8344,-4.28109,13.9183,1,0,430,675
1.168,43,976,0,30.2712,0.169117,33.7772,0,0,423,237
1.168,44,1246,0,22.2446,-10,9.68546,1,0,685,230
1.168,45,986,0,30.1533,0.216631,33.7314,0,0,427,384
1.168,46,1037,0,30.2827,0.228666,33.7657,0,0,458,667
1.168,47,898,0,30.2901,0.234992,33.77,0,0,385,549
1.168,48,1343,0,29.9228,-0.949811,33.7077,0,0,643,88
1.168,49,708,0,29.9077,-0.0950294,33.5503,0,0,296,676
1.168,50,1285,1,30.3464,0.282899,33.8025,0,0,602,558
1.168,51,311,0,30.3268,0.270721,33.3084,0,0,128,372
1.168,52,637,1,30.3311,0.274402,33.3108,0,0,262,206
1.168,53,988,0,30.0098,-0.03541,33.1518,0,0,428,630
1.168,54,1030,0,30.3429,0.284527,33.3175,0,0,453,646
1.168,55,538,0,28.7191,-0.948192,32.5507,0,0,221,486
1.168,56,1164,0,30.3088,0.255193,33.2981,0,0,537,300
1.168,57,838,0,30.1935,0.121497,33.2523,0,0,359,565
1.168,58,654,1,30.3332,0.096327,33.3154,0,0,269,106
1.168,59,43,0,30.2532,0.202272,32.7853,0,0,24,559
1.168,60,550,0,28.6871,-2.70849,32.1229,0,0,226,578
1.168,61,542,1,30.1897,0.0678273,32.7763,0,0,222,547
1.168,62,83,0,30.2904,0.095089,32.8244,0,0,40,530
1.168,63,990,0,29.1658,-1.68424,32.3441,0,0,429,486
1.168,64,1284,0,30.2451,0.0069775,32.8008,0,0,601,482
1.168,65,1154,0,24.384,-1.76095,8.87321,1,0,521,611
1.168,66,945,0,30.2733,0.228178,32.7956,0,0,405,152
1.168,67,660,1,30.3385,0.285417,32.8321,0,0,271,600
1.168,68,177,0,30.3218,0.270855,32.8228,0,0,76,117
1.168,69,428,0,30.3278,0.280711,32.3433,0,0,178,576
1.168,70,1187,1,22.5866,-5.10936,14.6148,1,0,553,488
1.168,71,1011,2,30.2444,0.0142276,32.3126,0,0,440,382
1.168,72,397,0,29.9179,-0.400843,32.2237,0,0,164,577
1.168,73,37,2,30.334,0.289557,32.3469,0,0,20,488
1.168,74,562,0,27.8877,-1.61647,31.3338,0,0,230,673
1.168,75,1269,0,29.9653,-0.154305,32.1881,0,0,594,482
1.168,76,394,0,27.2634,-2.76878,30.7297,0,0,163,31
1.168,77,386,0,29.8299,-0.170989,31.609,0,0,160,483
1.168,78,1352,0,29.789,-1.36482,31.7598,0,0,645,41
1.168,79,81,0,28.8527,-2.47945,31.3882,0,0,39,383
1.168,80,549,1,30.3326,0.289776,31.8631,0,0,225,548
1.168,81,1104,0,26.0453,-2.74874,8.54266,1,0,500,285
1.168,82,661,0,29.3375,-2.2795,31.0149,0,0,272,599
1.168,83,625,1,30.313,0.287094,31.3682,0,0,255,572
1.168,84,784,0,29.443,-0.877798,30.5382,0,0,335,630
1.168,85,1423,0,30.3208,0.288937,30.8912,0,0,682,599
1.168,86,1261,1,30.3074,0.279384,30.8835,0,0,587,22
1.168,87,1150,0,29.2474,-5.36946,5.56317,1,0,151,369
1.168,88,790,0,30.3196,0.28782,30.8906,0,0,337,155
1.168,89,37,1,22.176,-4.63492,12.1808,1,0,426,148
1.168,90,1039,1,27.7995,-4.02362,14.0404,1,0,290,515
1.168,91,1052,1,24.335,-7.45237,16.0424,1,0,364,3
1.168,92,596,0,30.2599,0.289133,30.3637,0,0,244,192
1.168,93,647,1,30.2984,0.272889,30.3969,0,0,265,64
1.168,94,537,0,30.1879,0.0143144,30.3658,0,0,220,299
1.168,95,1274,0,29.9831,-0.125142,30.2404,0,0,595,391
1.168,96,830,0,30.3144,0.287962,30.4052,0,0,354,18
1.168,97,330,1,22.1063,-4.57867,13.2885,1,0,136,631
1.168,98,1246,0,30.3116,0.142006,30.406,0,0,579,591
1.168,99,579,0,30.312,0.290795,29.9213,0,0,238,3
1.168,100,975,0,29.5113,-0.69106,29.6423,0,0,422,683
1.168,101,1170,1,30.3096,0.288512,29.92,0,0,541,142
1.168,102,1385,0,30.2789,0.258979,29.9044,0,0,660,365
1.168,103,1268,0,30.3112,0.290044,29.9209,0,0,593,101
1.168,104,547,1,29.7901,-0.953282,29.7565,0,0,224,296
1.168,105,1045,1,24.3271,-8.2558,14.7102,1,0,464,296
1.168,106,1006,0,30.3007,0.285078,29.4329,0,0,438,233
1.168,107,1240,0,29.1753,-2.58198,29.0702,0,0,576,300
1.168,108,1246,0,22.886,-10,5.44841,1,0,563,569
1.168,109,605,0,30.3019,0.286269,29.4335,0,0,247,7
1.168,110,1338,1,22.8096,-5.38671,11.2295,1,0,19,99
1.168,111,721,0,23.7809,-7.62291,26.1162,0,0,303,483
1.168,112,933,0,30.2865,0.276267,28.9434,0,0,399,622
1.168,113,1052,0,30.3019,0.234901,28.9514,0,0,467,3
1.168,114,392,0,30.1201,0.228037,28.4059,0,0,162,611
1.168,115,46,1,29.0662,-5.116,6.47839,1,0,626,118
1.168,116,220,0,30.2835,0.278365,28.4594,0,0,92,16
1.168,117,1401,0,30.2661,0.227864,28.4585,0,0,670,229
1.168,118,276,0,30.2999,0.295002,28.4675,0,0,115,677
1.168,119,1031,1,30.2931,0.2936,27.9816,0,0,454,599
1.168,120,328,0,30.287,0.287375,27.9787,0,0,134,615
1.168,121,584,0,30.1017,0.107074,27.8885,0,0,240,636
1.168,122,1366,0,30.2584,0.257727,27.965,0,0,651,556
1.168,123,268,0,29.8101,-0.454975,27.3248,0,0,111,64
1.168,124,226,0,30.2837,0.28942,27.4947,0,0,95,626
1.168,125,813,0,25.9956,-10,5.31751,1,0,592,202
1.168,126,1108,2,29.1402,-5.18925,5.87372,1,0,501,447
1.168,127,1409,0,24.0568,-7.05825,17.5726,1,0,673,668
1.168,128,66,0,29.8943,-0.093739,26.8348,0,0,34,204
1.168,129,1102,0,29.114,-5.18762,5.21731,1,0,499,99
1.168,130,320,0,30.2561,0.270943,26.5174,0,0,132,630
1.168,131,445,1,30.261,0.278597,26.5197,0,0,186,125
1.168,132,949,0,30.2086,0.204056,26.4993,0,0,406,204
1.168,133,454,0,30.2729,0.289244,26.525,0,0,189,263
1.168,134,766,0,30.1608,0.172875,26.4733,0,0,327,99
1.168,135,33,0,24.3427,-7.53574,10.199,1,0,554,226
1.168,136,1302,1,29.632,-10,1.50742,1,0,403,294
1.168,137,682,0,30.2724,0.29458,26.0425,0,0,282,485
1.168,138,60,0,30.2706,0.292592,26.0417,0,0,32,45
1.168,139,469,0,29.725,-0.864721,25.922,0,0,193,104
1.168,140,73,0,30.261,0.287801,25.5553,0,0,36,636
1.168,141,535,0,30.2714,0.299541,25.5598,0,0,219,531
1.168,142,530,0,26.0565,-0.115368,22.9077,0,0,217,481
1.168,143,11,1,30.2697,0.297558,25.559,0,0,8,19
1.168,144,764,0,30.2642,0.29142,25.5567,0,0,325,307
1.168,145,847,1,24.5109,-7.73286,10.4308,1,0,227,341
1.168,146,1299,0,30.1235,0.31952,25.427,0,0,610,31
1.168,147,129,0,26.4744,-10,10.528,1,0,56,548
1.168,148,531,0,26.3462,0.0189099,22.6154,0,0,218,476
1.168,149,854,0,30.2022,0.209232,25.0527,0,0,366,395
1.168,150,330,0,30.0602,0.235914,24.922,0,0,135,101
1.168,151,1337,0,30.0577,-0.0241888,25.0006,0,0,637,97
1.168,152,297,0,30.2527,0.284209,25.0695,0,0,123,471
1.168,153,1294,0,30.216,0.190463,24.575,0,0,607,22
1.168,154,566,0,30.1157,0.324115,24.4642,0,0,232,566
1.168,155,1167,0,30.2594,0.298233,24.5902,0,0,539,479
1.168,156,1282,1,30.2618,0.301067,24.5912,0,0,600,338
1.168,157,362,0,30.2424,0.288983,24.5839,0,0,149,83
1.168,158,775,0,27.8581,-2.39947,23.5613,0,0,331,133
1.168,159,749,0,26.2326,0.0760466,22.1261,0,0,318,299
1.168,160,831,0,29.6125,-1.94515,23.8782,0,0,355,246
1.168,161,1319,0,30.2359,0.276489,24.0983,0,0,624,506
1.168,162,802,0,30.2349,0.275208,24.0979,0,0,342,306
1.168,163,931,0,30.2507,0.294273,24.1044,0,0,398,48
1.168,164,17,0,30.2508,0.294354,24.1044,0,0,12,15
1.168,165,480,0,30.2358,0.276251,24.0982,0,0,196,79
1.168,166,33,0,30.0999,0.256782,23.9813,0,0,18,486
1.168,167,271,0,26.3374,-0.244143,21.7962,0,0,113,156
1.168,168,77,0,29.0361,-0.986603,23.1889,0,0,38,479
1.168,169,236,0,30.2481,0.297599,23.6212,0,0,99,374
1.168,170,778,1,26.6198,-10,4.32617,1,0,333,105
1.168,171,185,1,30.2422,0.293162,23.618,0,0,79,516
1.168,172,847,0,29.8528,-0.360252,23.4848,0,0,363,477
1.168,173,1154,0,25.6498,-10,0.770611,1,0,521,673
1.168,174,1432,0,29.5955,-0.290632,22.8902,0,0,689,297
1.168,175,126,1,25.9635,-10,11.6064,1,0,514,330
1.168,176,83,0,26.2707,-0.145142,20.4741,0,0,40,381
1.168,177,335,1,30.043,0.16797,22.5236,0,0,137,385
1.168,178,786,0,26.5222,-0.233641,20.5996,0,0,336,338
1.168,179,1192,1,30.2425,0.304138,22.6549,0,0,555,549
1.168,180,1238,0,28.7469,-2.7517,22.1381,0,0,575,532
1.168,181,1392,0,30.208,0.219791,22.1648,0,0,665,462
1.168,182,1032,0,30.2359,0.302663,22.1704,0,0,455,298
1.168,183,648,0,30.2354,0.302034,22.1702,0,0,266,508
1.168,184,394,0,23.8782,-2.90544,19.4428,0,0,163,477
1.168,185,1045,0,29.8564,-1.55314,22.0403,0,0,463,390
1.168,186,37,0,30.024,0.224689,22.0329,0,0,20,156
1.168,187,1187,0,25.4316,-9.22711,7.11485,1,0,553,530
1.168,188,387,0,25.5338,-2.61674,19.9361,0,0,161,672
1.168,189,286,0,30.2355,0.302203,22.1702,0,0,119,301
1.168,190,563,0,26.0567,-0.997738,20.0384,0,0,231,340
1.168,191,428,0,26.2846,-0.105149,20.0547,0,0,178,100
1.168,192,990,0,25.6369,-1.41126,19.4791,0,0,429,298
1.168,193,81,0,25.37,-2.13992,19.4137,0,0,39,340
1.168,194,1011,1,30.014,0.185265,21.5515,0,0,440,482
1.168,195,760,0,30.2249,0.2952,21.6843,0,0,323,598
1.168,196,699,0,30.1916,0.256557,21.1903,0,0,292,635
1.168,197,843,0,22.96,-10,8.0676,1,0,223,392
1.168,198,1191,0,25.4107,-10,4.60531,1,0,638,623
1.168,199,1242,0,25.2236,-4.22463,19.0479,0,0,577,338
1.168,200,1422,0,26.5963,-0.383187,19.3559,0,0,681,97
1.168,201,682,2,25.3482,-10,4.85762,1,0,533,678
1.168,202,784,0,25.687,-1.09062,18.6372,0,0,335,481
1.168,203,1052,1,25.6007,-10,6.35626,1,0,364,340
1.168,204,751,0,26.5468,-1.11804,18.9578,0,0,319,384
1.168,205,960,0,29.7861,-0.471269,20.5856,0,0,414,631
1.168,206,1424,0,24.1336,-9.71861,18.6903,0,0,683,485
1.168,207,157,0,30.2127,0.300408,20.2344,0,0,68,280
1.168,208,257,0,26.9185,-0.638133,18.6487,0,0,107,14
1.168,209,254,0,30.2137,0.301757,20.2348,0,0,106,142
1.168,210,1006,0,25.0623,-8.61528,7.78534,1,0,437,640
1.168,211,957,0,30.211,0.305777,19.7521,0,0,411,573
1.168,212,772,0,30.1569,0.193419,19.7354,0,0,330,439
1.168,213,1123,1,30.1976,0.296638,19.7458,0,0,511,76
1.168,214,1269,0,26.3747,-0.846661,18.0128,0,0,594,567
1.168,215,14,0,26.9092,-10,9.56973,1,0,622,517
1.168,216,672,0,30.1993,0.288385,19.7481,0,0,277,652
1.168,217,861,0,30.1922,0.277929,19.7457,0,0,369,644
1.168,218,1128,0,29.8782,-10,1.26347,1,0,25,595
1.168,219,1233,0,27.0633,-0.793884,17.8436,0,0,574,378
1.168,220,75,0,26.8958,-0.989275,17.7857,0,0,37,568
1.168,221,547,0,29.9088,-0.0798325,19.1283,0,0,224,478
1.168,222,1167,0,23.6,-10,2.2378,1,0,522,339
1.168,223,269,0,26.9382,-0.740468,17.7867,0,0,112,677
1.168,224,880,0,30.076,0.121068,18.7444,0,0,376,346
1.168,225,890,0,29.9823,-0.0362798,18.7149,0,0,382,378
1.168,226,542,0,30.0789,0.118648,18.7457,0,0,222,676
1.168,227,971,0,30.2005,0.306122,18.7852,0,0,420,220
1.168,228,561,0,25.9571,-2.12441,17.0762,0,0,229,481
1.168,229,719,0,30.0936,0.0974636,18.7506,0,0,302,547
1.168,230,1285,0,30.0506,0.330661,18.6869,0,0,602,381
1.168,231,1045,1,25.8996,-10,3.63088,1,0,464,100
1.168,232,1039,0,29.6402,-5.68173,2.00233,1,0,290,358
1.168,233,183,0,30.1961,0.307692,18.3021,0,0,78,628
1.168,234,386,0,26.4243,-1.16359,16.7546,0,0,160,382
1.168,235,241,0,30.1964,0.308229,18.3022,0,0,101,161
1.168,236,537,0,26.5086,-0.818851,16.7619,0,0,220,571
1.168,237,159,0,30.1271,0.0804118,18.2852,0,0,69,330
1.168,238,566,1,26.865,-10,2.19337,1,0,430,547
1.168,239,1034,0,30.0512,0.0768259,17.7761,0,0,457,398
1.168,240,1371,0,30.1814,0.292502,17.816,0,0,652,96
1.168,241,457,0,30.1898,0.306207,17.8186,0,0,190,661
1.168,242,1201,0,26.346,-7.86845,16.7472,0,0,560,185
1.168,243,1240,0,25.9442,-2.47284,15.7985,0,0,576,631
1.168,244,647,0,29.9806,0.238534,17.229,0,0,265,136
1.168,245,1002,0,30.1773,0.26499,17.3342,0,0,435,513
1.168,246,1228,0,30.092,0.211429,17.3093,0,0,572,391
1.168,247,550,0,26.048,-2.76293,15.8375,0,0,226,385
1.168,248,1138,0,25.2776,-10,0.97694,1,0,283,530
1.168,249,1338,0,25.0948,-8.17606,0.208182,1,0,19,678
1.168,250,398,0,29.9006,-0.181845,16.7762,0,0,165,53
1.168,251,1050,0,27.5002,-1.22922,15.823,0,0,466,379
1.168,252,1183,0,30.1762,0.301261,16.8515,0,0,550,163
1.168,253,1333,0,30.1795,0.306938,16.8524,0,0,634,9
1.168,254,980,0,30.1713,0.292711,16.8501,0,0,425,115
1.168,255,42,0,30.1216,0.212377,16.3546,0,0,23,402
1.168,256,346,0,30.1711,0.301565,16.3686,0,0,142,457
1.168,257,1088,0,30.1717,0.302561,16.3687,0,0,490,233
1.168,258,1003,0,30.1747,0.307997,16.3696,0,0,436,541
1.168,259,1330,0,24.56,-10,5.6268,1,0,571,672
1.168,260,549,0,30.0248,0.336312,16.2839,0,0,225,390
1.168,261,1031,0,30.0193,0.336883,15.8034,0,0,454,679
1.168,262,986,0,27.3252,-1.54265,14.8736,0,0,427,383
1.168,263,988,0,27.1516,-1.58708,14.8178,0,0,428,672
1.168,264,1230,0,29.5213,-0.571926,15.719,0,0,573,569
1.168,265,11,0,30.0137,0.326192,15.802,0,0,8,57
1.168,266,920,1,30.1387,0.320506,15.3964,0,0,394,518
1.168,267,1249,0,30.1438,0.269322,15.3985,0,0,581,432
1.168,268,535,0,26.389,-1.06286,14.1611,0,0,219,531
1.168,269,403,0,30.1658,0.311373,15.4043,0,0,166,113
1.168,270,736,0,30.1664,0.312514,15.4045,0,0,310,508
1.168,271,538,0,26.5172,-3.02117,13.8049,0,0,221,382
1.168,272,1246,0,27.1477,-1.44126,13.918,0,0,579,495
1.168,273,1172,0,28.3309,-5.13193,14.0448,0,0,542,375
1.168,274,33,1,29.5856,0.404953,14.1781,0,0,18,461
1.168,275,1103,0,30.1482,0.297434,14.4372,0,0,500,334
1.168,276,268,0,26.542,-2.13562,13.3498,0,0,111,687
1.168,277,84,0,30.1464,0.293785,14.4368,0,0,41,208
1.168,278,1353,0,30.1554,0.312038,14.439,0,0,646,231
1.168,279,1038,0,30.1314,0.272752,13.9519,0,0,459,64
1.168,280,530,0,25.36,-10,12.8064,0,0,217,562
1.168,281,344,0,30.1506,0.313237,13.9566,0,0,140,295
1.168,282,711,0,30.1394,0.289699,13.9539,0,0,297,603
1.168,283,779,0,26.567,-0.416192,12.8928,0,0,333,687
1.168,284,330,0,27.7478,-10,0.917606,1,0,136,332
1.168,285,832,0,30.1003,0.150442,13.4646,0,0,356,293
1.168,286,31,0,30.0861,0.183384,13.4603,0,0,17,55
1.168,287,1170,0,29.9918,0.340216,13.4027,0,0,541,617
1.168,288,1317,0,29.9814,-0.027097,13.4352,0,0,623,400
1.168,289,981,0,27.6732,-10,12.827,0,0,426,461
1.168,290,1086,0,29.4297,-0.878192,13.2917,0,0,489,560
1.168,291,726,0,29.9443,0.028647,13.4156,0,0,305,312
1.168,292,38,0,30.1396,0.312769,12.9916,0,0,21,90
1.168,293,1303,1,30.098,0.219762,12.9825,0,0,614,352
1.168,294,1335,0,30.1363,0.305171,12.9909,0,0,635,51
1.168,295,1238,0,25.68,-10,11.9923,0,0,575,392
1.168,296,347,0,30.1161,0.269871,12.5054,0,0,143,126
1.168,297,813,0,30.1304,0.303649,12.5085,0,0,346,87
1.168,298,1067,0,29.2882,0.406094,12.1942,0,0,477,500
1.168,299,1079,1,30.0356,0.296851,12.4696,0,0,484,644
1.168,300,1142,0,30.1366,0.318237,12.5098,0,0,523,341
1.168,301,704,0,30.1308,0.317206,12.0275,0,0,294,445
1.168,302,1211,0,30.1317,0.319448,12.0277,0,0,564,186
1.168,303,475,0,30.1123,0.262755,12.0238,0,0,195,513
1.168,304,601,0,30.1216,0.294687,12.0256,0,0,246,646
1.168,305,469,0,26.9365,-3.5074,10.8121,0,0,193,71
1.168,306,428,0,26.16,-10,10.752,0,0,178,264
1.168,307,686,0,30.1144,0.289015,11.5431,0,0,285,54
1.168,308,1422,0,26.32,-10,10.3334,0,0,681,476
1.168,309,77,0,26.3925,-7.2902,10.3351,0,0,38,678
1.168,310,15,1,30.114,0.321542,11.0608,0,0,10,569
1.168,311,83,0,26.32,-10,10.3334,0,0,40,100
1.168,312,1259,0,30.0969,0.255227,11.0588,0,0,586,14
1.168,313,586,0,30.0847,0.222545,11.0564,0,0,240,412
1.168,314,848,0,28.3524,-0.829987,10.1206,0,0,364,273
1.168,315,778,0,30.1158,0.320489,10.5815,0,0,332,141
1.168,316,363,2,29.9173,0.350915,10.5105,0,0,150,626
1.168,317,579,0,27.9339,-2.53842,10.0875,0,0,238,402
1.168,318,271,0,26.48,-10,9.91232,0,0,113,531
1.168,319,706,0,30.0985,0.271856,10.5783,0,0,295,410
1.168,320,728,0,30.0704,-0.34047,10.0981,0,0,306,58
1.168,321,744,0,30.1086,0.315257,10.0993,0,0,316,137
1.168,322,39,0,30.1107,0.321396,10.0997,0,0,22,235
1.168,323,140,0,28.601,-2.39905,9.79044,0,0,63,103
1.168,324,1323,0,29.71,-0.528104,10.011,0,0,626,683
1.168,325,1162,0,30.1037,0.316267,9.61756,0,0,536,212
1.168,326,531,0,26.8,-10,9.0624,0,0,218,339
1.168,327,99,0,30.0965,0.310209,9.13556,0,0,47,359
1.168,328,1337,0,27.5348,-3.98603,8.67042,0,0,637,392
1.168,329,822,0,30.0969,0.311613,9.13563,0,0,351,290
1.168,330,790,0,28.3603,-2.8583,8.80457,0,0,337,549
1.168,331,1151,0,30.0831,0.246824,9.1341,0,0,529,63
1.168,332,766,0,27.8707,-3.66695,8.2605,0,0,327,280
1.168,333,157,0,27.2079,-6.71165,8.20427,0,0,68,257
1.168,334,544,0,27.12,-10,8.20224,0,0,223,566
1.168,335,842,0,30.0502,0.169885,8.64769,0,0,361,130
1.168,336,1165,0,30.0409,0.158274,8.64566,0,0,538,262
1.168,337,882,0,30.0921,0.312847,8.6541,0,0,378,89
1.168,338,682,2,29.4549,0.418896,8.48511,0,0,282,558
1.168,339,1192,0,29.9315,0.35069,8.12899,0,0,555,611
1.168,340,977,0,30.0509,0.184463,8.16737,0,0,424,285
1.168,341,1209,0,27.28,-10,7.76832,0,0,563,162
1.168,342,940,0,28.0603,0.609062,7.81571,0,0,403,636
1.168,343,721,0,27.28,-10,7.76832,0,0,303,568
1.168,344,542,1,28.7733,-3.07286,7.48609,0,0,222,461
1.168,345,48,0,30.0535,0.205451,7.68732,0,0,27,138
1.168,346,386,0,27.44,-10,7.33184,0,0,160,102
1.168,347,1349,0,29.6896,-1.04985,7.6358,0,0,644,95
1.168,348,1308,0,30.0797,0.326434,7.21027,0,0,618,480
1.168,349,1256,0,29.8727,0.117437,6.68868,0,0,585,648
1.168,350,93,0,30.0681,0.299001,6.72822,0,0,44,7
1.168,351,1388,0,30.0736,0.323342,6.72888,0,0,662,507
1.168,352,1116,0,30.049,0.194277,6.72609,0,0,507,526
1.168,353,660,0,29.9741,0.331213,6.7064,0,0,271,246
1.168,354,1064,0,30.0621,0.22366,6.72811,0,0,474,104
1.168,355,1298,0,30.0466,0.22093,6.24524,0,0,609,381
1.168,356,53,0,30.0694,0.328556,6.24781,0,0,29,211
1.168,357,1396,0,30.0602,0.284873,6.24678,0,0,667,541
1.168,358,278,0,30.0678,0.32099,6.24763,0,0,116,491
1.168,359,998,0,30.0559,0.28707,5.76585,0,0,432,397
1.168,360,1378,0,30.0621,0.319075,5.76649,0,0,656,145
1.168,361,166,0,30.0564,0.289385,5.76589,0,0,72,78
1.168,362,66,0,28.5154,-5.12717,5.58707,0,0,34,465
1.168,363,1119,0,29.0331,-5.55857,5.66306,0,0,509,131
1.168,364,960,0,28.08,-10,5.56032,0,0,414,673
1.168,365,1046,0,29.0209,-2.75987,5.1603,0,0,464,679
1.168,366,1343,0,29.2325,-3.64192,5.20189,0,0,643,54
1.168,367,404,0,30.0406,0.227928,5.28391,0,0,167,519
1.168,368,355,0,30.0555,0.311404,5.28535,0,0,146,105
1.168,369,335,0,29.8937,0.316477,5.2567,0,0,137,384
1.168,370,553,0,29.3404,-3.15524,5.21308,0,0,227,251
1.168,371,868,0,30.0588,0.329818,5.28567,0,0,371,524
1.168,372,988,0,28.4,-10,4.6592,0,0,428,102
1.168,373,250,0,30.0532,0.328604,4.8047,0,0,104,495
1.168,374,993,0,28.9396,-1.50271,4.68073,0,0,430,571
1.168,375,318,0,30.0526,0.325275,4.80465,0,0,131,535
1.168,376,637,0,29.9718,0.328244,4.79168,0,0,262,545
1.168,377,719,0,28.56,-10,4.2048,0,0,302,148
1.168,378,1282,0,29.8864,0.359612,4.30031,0,0,600,567
1.168,379,1176,0,30.0455,0.312828,4.32365,0,0,544,491
1.168,380,19,0,30.0476,0.327068,4.32382,0,0,14,30
1.168,381,60,0,28.9612,-5.23039,4.22821,0,0,32,395
1.168,382,749,0,28.72,-10,3.74784,0,0,318,479
1.168,383,550,0,28.72,-10,3.74784,0,0,226,299
1.168,384,634,0,29.8827,-0.867489,3.8314,0,0,260,347
1.168,385,733,0,30.036,0.278576,3.8426,0,0,309,431
1.168,386,1421,0,30.0421,0.326149,3.84304,0,0,680,50
1.168,387,1299,2,29.7653,0.375709,3.33521,0,0,610,558
1.168,388,738,0,30.0359,0.317822,3.3623,0,0,312,581
1.168,389,1065,0,30.0349,0.308901,3.36224,0,0,476,131
1.168,390,1011,0,30.0075,0.109813,3.36045,0,0,440,674
1.168,391,81,0,28.88,-10,3.28832,0,0,39,155
1.168,392,245,0,30.0376,0.33285,3.36241,0,0,102,137
1.168,393,1194,0,30.0294,0.304287,2.88165,0,0,557,365
1.168,394,34,0,29.04,-10,2.82624,0,0,19,477
1.168,395,830,0,29.6401,-4.0806,2.38217,0,0,354,517
1.168,396,1317,0,29.2,-10,2.3616,0,0,623,203
1.168,397,269,0,29.2,-10,2.3616,0,0,112,431
1.168,398,1240,0,29.2,-10,2.3616,0,0,576,385
1.168,399,1312,0,29.9971,-0.046748,1.91989,0,0,620,369
1.168,400,1285,1,29.7452,-2.91058,1.43003,0,0,602,30
1.168,401,538,0,29.52,-10,1.42464,0,0,221,31
1.168,402,920,0,29.8501,0.314589,1.43256,0,0,394,437
1.168,403,561,0,29.52,-10,1.42464,0,0,229,148
1.168,404,1233,0,29.52,-10,1.42464,0,0,574,677
1.168,405,683,0,29.68,-10,0.95232,0,0,283,257
1.168,406,784,0,29.68,-10,0.95232,0,0,335,383
1.168,407,37,0,29.68,-10,0.95232,0,0,20,30
1.168,408,799,0,30.0108,0.337843,0.96026,0,0,341,67
1.168,409,965,0,29.9956,-0.276764,0.479929,0,0,417,428
1.168,410,185,0,30.0038,0.237252,0.480061,0,0,79,368
1.168,411,584,0,29.9087,-5.70751,0.478539,0,0,240,511
1.168,412,387,0,29.84,-10,0.47744,0,0,161,647
1.168,413,626,0,29.9989,-0.0685999,0.479982,0,0,255,394
1.168,414,394,0,29.84,-10,0.47744,0,0,163,174
1.184,0,566,1,30.3738,0.28317,36.2344,0,0,232,680
1.184,1,271,0,30.1826,0.0726397,36.1448,0,0,113,488
1.184,2,1254,1,27.4207,-4.20836,13.6646,1,0,585,597
1.184,3,387,0,28.4119,-0.476246,35.4476,0,0,161,155
1.184,4,1050,0,30.3565,0.269614,36.2236,0,0,466,408
1.184,5,1070,1,27.0733,-10,9.58911,1,0,477,106
1.184,6,33,2,30.3465,0.233179,36.2248,0,0,18,485
1.184,7,847,1,29.7231,-1.18506,36.002,0,0,363,676
1.184,8,531,0,30.3738,0.28317,36.2344,0,0,218,532
1.184,9,843,0,28.7506,-0.902547,35.3086,0,0,362,483
1.184,10,335,2,30.2937,-0.040446,36.2114,0,0,137,680
1.184,11,1233,0,30.3693,0.283898,35.7484,0,0,574,478
1.184,12,1432,2,30.3439,0.287965,35.721,0,0,689,578
1.184,13,17,1,26.7531,-10,9.65186,1,0,2,35
1.184,14,751,0,29.7968,-0.83781,35.5122,0,0,319,390
1.184,15,1299,1,30.3667,0.281872,35.7468,0,0,610,578
1.184,16,56,0,30.3334,0.255216,35.7264,0,0,30,542
1.184,17,257,0,30.3693,0.283898,35.7484,0,0,107,80
1.184,18,530,0,30.085,0.0363397,35.6257,0,0,217,532
1.184,19,682,1,26.8502,-3.30207,19.672,1,0,533,297
1.184,20,1242,0,27.4808,-5.94122,34.7688,0,0,577,102
1.184,21,1167,0,22.4721,-5.59603,17.3143,1,0,522,680
1.184,22,1187,0,30.3647,0.284627,35.2625,0,0,552,296
1.184,23,75,0,30.1421,-0.274129,35.1832,0,0,37,679
1.184,24,140,0,30.3598,0.280688,35.2595,0,0,63,377
1.184,25,786,0,30.3622,0.282568,35.2609,0,0,336,101
1.184,26,571,0,29.7345,-2.49993,35.1918,0,0,234,476
1.184,27,330,1,30.3115,0.198237,35.2277,0,0,135,339
1.184,28,449,0,30.2866,0.219071,35.2171,0,0,187,566
1.184,29,1,0,30.1569,0.113946,35.1377,0,0,1,6
1.184,30,843,0,21.4488,-3.90126,18.6851,1,0,223,565
1.184,31,1325,0,25.1081,-8.66996,14.3583,1,0,28,279
1.184,32,749,0,30.3562,0.282142,34.7743,0,0,318,22
1.184,33,269,0,30.358,0.283544,34.7753,0,0,112,675
1.184,34,810,0,30.1896,0.14348,34.6756,0,0,345,46
1.184,35,1138,1,25.0039,-2.89967,17.6202,1,0,283,122
1.184,36,33,2,22.8684,-5.45796,2.48833,2,0,638,391
1.184,37,1124,0,29.8862,-0.417803,34.6263,0,0,511,518
1.184,38,563,0,29.5996,-0.311908,34.4461,0,0,231,297
1.184,39,561,0,28.7932,-0.37255,33.8806,0,0,229,571
1.184,40,1422,0,30.3536,0.284458,34.2897,0,0,681,675
1.184,41,906,0,27.8739,-10,7.00638,1,0,386,126
1.184,42,566,1,21.767,-4.20904,14.2666,1,0,430,675
1.184,43,976,0,30.2739,0.168782,34.2616,0,0,423,237
1.184,44,1246,0,22.0846,-10,10.0388,1,0,685,230
1.184,45,986,0,30.1566,0.209109,34.2139,0,0,427,384
1.184,46,1037,0,30.2863,0.228014,34.2503,0,0,458,667
1.184,47,898,0,30.2938,0.234332,34.2547,0,0,385,549
1.184,48,1343,0,29.9076,-0.947239,34.1862,0,0,643,88
1.184,49,708,0,29.9062,-0.0953965,34.0288,0,0,296,676
1.184,50,1285,1,30.3509,0.282172,34.2881,0,0,602,558
1.184,51,311,0,30.3311,0.270013,33.7937,0,0,128,372
1.184,52,637,1,30.3355,0.273689,33.7962,0,0,262,206
1.184,53,988,0,30.0092,-0.0346064,33.632,0,0,428,630
1.184,54,1030,0,30.3474,0.283797,33.8031,0,0,453,646
1.184,55,538,0,28.7042,-0.927845,33.01,0,0,221,486
1.184,56,1164,0,30.3129,0.254506,33.7831,0,0,537,300
1.184,57,838,0,30.1955,0.121384,33.7354,0,0,359,565
1.184,58,654,1,30.3347,0.0963361,33.8007,0,0,269,106
1.184,59,43,0,30.2565,0.201336,33.2694,0,0,24,559
1.184,60,550,0,28.6421,-2.81009,32.5811,0,0,226,578
1.184,61,542,1,30.1907,0.066043,33.2594,0,0,222,547
1.184,62,83,0,30.2918,0.0890765,33.3091,0,0,40,530
1.184,63,990,0,29.1372,-1.78596,32.8103,0,0,429,486
1.184,64,1284,0,30.245,-0.00267816,33.2847,0,0,601,482
1.184,65,1154,0,24.3561,-1.7459,9.26291,1,0,521,611
1.184,66,945,1,30.277,0.227524,33.28,0,0,405,152
1.184,67,660,1,30.3431,0.284685,33.3176,0,0,271,600
1.184,68,177,0,30.3262,0.270147,33.308,0,0,76,117
1.184,69,428,0,30.3323,0.279987,32.8286,0,0,178,576
1.184,70,1187,1,22.5064,-5.01453,14.9749,1,0,553,488
1.184,71,1011,2,30.2445,0.00407584,32.7965,0,0,440,382
1.184,72,397,0,29.9115,-0.398438,32.7023,0,0,164,577
1.184,73,37,2,30.3386,0.288817,32.8323,0,0,20,488
1.184,74,562,0,27.8587,-1.8125,31.7795,0,0,230,673
1.184,75,1269,0,29.9627,-0.16148,32.6676,0,0,594,482
1.184,76,394,0,27.2163,-2.9447,31.1651,0,0,163,31
1.184,77,386,0,29.8272,-0.168858,32.0863,0,0,160,483
1.184,78,1352,0,29.7673,-1.35557,32.2361,0,0,645,41
1.184,79,81,0,28.8135,-2.45207,31.8492,0,0,39,383
1.184,80,549,1,30.3372,0.289036,32.3485,0,0,225,548
1.184,81,1104,0,26.0018,-2.72017,8.95869,1,0,500,285
1.184,82,661,0,29.3004,-2.31476,31.4837,0,0,272,599
1.184,83,625,1,30.3176,0.286357,31.8532,0,0,255,572
1.184,84,784,0,29.429,-0.872538,31.009,0,0,335,630
1.184,85,1423,0,30.3254,0.288198,31.3764,0,0,682,599
1.184,86,1261,1,30.3119,0.27866,31.3685,0,0,587,22
1.184,87,1150,0,29.1628,-5.28592,6.02977,1,0,151,369
1.184,88,790,0,30.3242,0.287083,31.3758,0,0,337,155
1.184,89,37,1,22.1031,-4.55354,12.5344,1,0,426,148
1.184,90,1039,1,27.7359,-3.97275,14.4842,1,0,290,515
1.184,91,1052,1,24.2185,-7.27904,16.4299,1,0,364,3
1.184,92,596,0,30.2646,0.28839,30.8479,0,0,244,192
1.184,93,647,1,30.3028,0.272175,30.8817,0,0,265,64
1.184,94,537,0,30.1881,0.0128728,30.8488,0,0,220,299
1.184,95,1274,0,29.9808,-0.147168,30.72,0,0,595,391
1.184,96,830,0,30.319,0.287225,30.8903,0,0,354,18
1.184,97,330,1,22.0343,-4.4987,13.641,1,0,136,631
1.184,98,1246,0,30.3137,0.131601,30.891,0,0,579,591
1.184,99,579,0,30.3166,0.290052,30.4063,0,0,238,3
1.184,100,975,0,29.5004,-0.679404,30.1143,0,0,422,683
1.184,101,1170,1,30.3142,0.287773,30.4051,0,0,541,142
1.184,102,1385,0,30.2831,0.258284,30.3889,0,0,660,365
1.184,103,1268,0,30.3158,0.289303,30.4059,0,0,593,101
1.184,104,547,1,29.7744,-0.981071,30.2329,0,0,224,296
1.184,105,1045,1,24.1985,-8.04309,15.0974,1,0,464,296
1.184,106,1006,0,30.3052,0.284344,29.9178,0,0,438,233
1.184,107,1240,0,29.1327,-2.66373,29.5364,0,0,576,300
1.184,108,1246,0,22.726,-10,5.81203,1,0,563,569
1.184,109,605,0,30.3065,0.285534,29.9184,0,0,247,7
1.184,110,1338,1,22.725,-5.28365,11.5931,1,0,19,99
1.184,111,721,0,23.6583,-7.65998,26.4947,0,0,303,483
1.184,112,933,0,30.2909,0.275546,29.428,0,0,399,622
1.184,113,1052,0,30.3056,0.233616,29.4363,0,0,467,3
1.184,114,392,0,30.1236,0.220861,28.8879,0,0,162,611
1.184,115,46,1,28.9855,-5.042,6.94216,1,0,626,118
1.184,116,220,0,30.2879,0.277641,28.944,0,0,92,16
1.184,117,1401,0,30.2697,0.227297,28.9429,0,0,670,229
1.184,118,276,0,30.3046,0.29425,28.9523,0,0,115,677
1.184,119,1031,1,30.2978,0.292852,28.4664,0,0,454,599
1.184,120,328,0,30.2916,0.286637,28.4634,0,0,134,615
1.184,121,584,0,30.1035,0.106967,28.3702,0,0,240,636
1.184,122,1366,0,30.2625,0.257031,28.4492,0,0,651,556
1.184,123,268,0,29.8028,-0.454866,27.8017,0,0,111,64
1.184,124,226,0,30.2883,0.288678,27.9794,0,0,95,626
1.184,125,813,0,25.8356,-10,5.73088,1,0,592,202
1.184,126,1108,2,29.0584,-5.11357,6.33865,1,0,501,447
1.184,127,1409,0,23.9464,-6.89945,17.9557,1,0,673,668
1.184,128,66,0,29.8929,-0.0921322,27.3131,0,0,34,204
1.184,129,1102,0,29.0322,-5.11194,5.68182,1,0,499,99
1.184,130,320,0,30.2604,0.270227,27.0016,0,0,132,630
1.184,131,445,1,30.2654,0.277871,27.0039,0,0,186,125
1.184,132,949,0,30.2118,0.203596,26.9827,0,0,406,204
1.184,133,454,0,30.2775,0.288502,27.0095,0,0,189,263
1.184,134,766,0,30.1635,0.17252,26.956,0,0,327,99
1.184,135,33,0,24.225,-7.35891,10.5866,1,0,554,226
1.184,136,1302,1,29.472,-10,1.97897,1,0,403,294
1.184,137,682,0,30.2771,0.293829,26.5269,0,0,282,485
1.184,138,60,0,30.2753,0.291844,26.5261,0,0,32,45
1.184,139,469,0,29.7114,-0.850867,26.3974,0,0,193,104
1.184,140,73,0,30.2656,0.28706,26.0395,0,0,36,636
1.184,141,535,0,30.2762,0.298781,26.0442,0,0,219,531
1.184,142,530,0,26.0551,-0.0920987,23.3246,0,0,217,481
1.184,143,11,1,30.2744,0.296801,26.0434,0,0,8,19
1.184,144,764,0,30.2689,0.290674,26.041,0,0,325,307
1.184,145,847,1,24.3902,-7.54894,10.8211,1,0,227,341
1.184,146,1299,0,30.1286,0.318718,25.9091,0,0,610,31
1.184,147,129,0,26.3144,-10,10.949,1,0,56,548
1.184,148,531,0,26.3469,0.0399342,23.0369,0,0,218,476
1.184,149,854,0,30.2055,0.208672,25.536,0,0,366,395
1.184,150,330,0,30.064,0.235353,25.403,0,0,135,101
1.184,151,1337,0,30.0573,-0.0232499,25.4815,0,0,637,97
1.184,152,297,0,30.2572,0.283473,25.5536,0,0,123,471
1.184,153,1294,0,30.219,0.18617,25.0585,0,0,607,22
1.184,154,566,0,30.1209,0.323304,24.9461,0,0,232,566
1.184,155,1167,0,30.2642,0.297474,25.0744,0,0,539,479
1.184,156,1282,1,30.2666,0.300303,25.0755,0,0,600,338
1.184,157,362,0,30.247,0.288239,25.0678,0,0,149,83
1.184,158,775,0,27.8198,-2.39196,24.0064,0,0,331,133
1.184,159,749,0,26.2342,0.0965714,22.5458,0,0,318,299
1.184,160,831,0,29.581,-1.97028,24.3515,0,0,355,246
1.184,161,997,1,30.2404,0.275763,0.107148,1,0,624,506
1.184,162,802,0,30.2393,0.274484,24.5817,0,0,342,306
1.184,163,931,0,30.2554,0.293521,24.5885,0,0,398,48
1.184,164,17,0,30.2555,0.293602,24.5885,0,0,12,15
1.184,165,480,0,30.2402,0.275526,24.5821,0,0,196,79
1.184,166,33,0,30.1039,0.251428,24.4629,0,0,18,486
1.184,167,271,0,26.334,-0.217831,22.2175,0,0,113,156
1.184,168,77,0,29.0189,-1.07402,23.6532,0,0,38,479
1.184,169,236,0,30.2528,0.296841,24.1053,0,0,99,374
1.184,170,778,1,26.4598,-10,4.74952,1,0,333,105
1.184,171,185,1,30.2469,0.292411,24.1019,0,0,79,516
1.184,172,847,0,29.8471,-0.361252,23.9623,0,0,363,477
1.184,173,1154,0,25.4898,-10,1.17845,1,0,521,673
1.184,174,1432,0,29.5909,-0.286302,23.3636,0,0,689,297
1.184,175,126,1,25.8054,-9.87798,12.0193,1,0,514,330
1.184,176,83,0,26.2688,-0.118862,20.8944,0,0,40,381
1.184,177,335,1,30.0456,0.165032,23.0044,0,0,137,385
1.184,178,786,0,26.519,-0.201524,21.0239,0,0,336,338
1.184,179,1192,1,30.2473,0.303368,23.1389,0,0,555,549
1.184,180,1238,0,28.7017,-2.8287,22.5973,0,0,575,532
1.184,181,1392,0,30.2115,0.219177,22.6481,0,0,665,462
1.184,182,1032,0,30.2407,0.301896,22.6542,0,0,455,298
1.184,183,648,0,30.2402,0.301268,22.654,0,0,266,508
1.184,184,394,0,23.8331,-2.81459,19.8241,0,0,163,477
1.184,185,1045,0,29.8304,-1.62666,22.5176,0,0,463,390
1.184,186,37,0,30.0275,0.2242,22.5133,0,0,20,156
1.184,187,1187,0,25.2879,-8.98178,7.51945,1,0,553,530
1.184,188,387,0,25.4947,-2.4421,20.344,0,0,161,672
1.184,189,286,0,30.2404,0.301437,22.6541,0,0,119,301
1.184,190,563,0,26.0417,-0.936962,20.455,0,0,231,340
1.184,191,428,0,26.2834,-0.0735117,20.4752,0,0,178,100
1.184,192,990,0,25.6146,-1.3915,19.8889,0,0,429,298
1.184,193,81,0,25.3363,-2.11104,19.8191,0,0,39,340
1.184,194,1011,1,30.0169,0.182459,22.0317,0,0,440,482
1.184,195,760,0,30.2296,0.294444,22.168,0,0,323,598
1.184,196,703,0,30.1957,0.255853,0.451452,1,0,292,635
1.184,197,843,0,22.8,-10,8.4324,1,0,223,392
1.184,198,1191,0,25.2507,-10,5.00932,1,0,638,623
1.184,199,1242,0,25.1552,-4.2706,19.4504,0,0,577,338
1.184,200,1422,0,26.5908,-0.343156,19.7814,0,0,681,97
1.184,201,682,2,25.1882,-10,5.26063,1,0,533,678
1.184,202,784,0,25.6704,-1.04174,19.048,0,0,335,481
1.184,203,1052,1,25.4407,-10,6.76331,1,0,364,340
1.184,204,751,0,26.5294,-1.08488,19.3823,0,0,319,384
1.184,205,960,0,29.7786,-0.472752,21.0621,0,0,414,631
1.184,206,1424,0,23.9827,-9.43139,19.074,0,0,683,485
1.184,207,157,0,30.2175,0.299643,20.7179,0,0,68,280
1.184,208,257,0,26.909,-0.592339,19.0792,0,0,107,14
1.184,209,254,0,30.2185,0.30099,20.7183,0,0,106,142
1.184,210,1006,0,24.928,-8.39601,8.18419,1,0,437,640
1.184,211,957,0,30.2159,0.305003,20.2356,0,0,411,573
1.184,212,772,0,30.16,0.193014,20.218,0,0,330,439
1.184,213,1123,1,30.2023,0.295878,20.2291,0,0,511,76
1.184,214,1269,0,26.362,-0.792973,18.4346,0,0,594,567
1.184,215,14,0,26.7492,-10,9.99772,1,0,622,517
1.184,216,672,0,30.2039,0.287638,20.2314,0,0,277,652
1.184,217,861,0,30.1967,0.277196,20.2289,0,0,369,644
1.184,218,1128,0,29.7182,-10,1.73896,1,0,25,595
1.184,219,1233,0,27.0514,-0.742724,18.2765,0,0,574,378
1.184,220,75,0,26.8807,-0.944218,18.2158,0,0,37,568
1.184,221,547,0,29.9074,-0.0879229,19.6068,0,0,224,478
1.184,222,1167,0,23.44,-10,2.61284,1,0,522,339
1.184,223,269,0,26.9271,-0.688351,18.2175,0,0,112,677
1.184,224,880,0,30.078,0.121013,19.2256,0,0,376,346
1.184,225,890,0,29.9817,-0.0366933,19.1946,0,0,382,378
1.184,226,542,0,30.0808,0.118043,19.227,0,0,222,676
1.184,227,971,0,30.2053,0.305347,19.2685,0,0,420,220
1.184,228,561,0,25.925,-2.00643,17.491,0,0,229,481
1.184,229,719,0,30.095,0.086882,19.2321,0,0,302,547
1.184,230,1285,0,30.0558,0.329836,19.1677,0,0,602,381
1.184,231,1045,1,25.7396,-10,4.04271,1,0,464,100
1.184,232,1039,0,29.5507,-5.59433,2.47514,1,0,290,358
1.184,233,183,0,30.201,0.306913,18.7853,0,0,78,628
1.184,234,386,0,26.4068,-1.0929,17.1771,0,0,160,382
1.184,235,241,0,30.2013,0.30745,18.7854,0,0,101,161
1.184,236,537,0,26.4965,-0.755752,17.1859,0,0,220,571
1.184,237,159,0,30.1282,0.0730314,18.7672,0,0,69,330
1.184,238,566,1,26.705,-10,2.62065,1,0,430,547
1.184,239,1034,0,30.0524,0.0763025,18.257,0,0,457,398
1.184,240,1371,0,30.1861,0.291746,18.299,0,0,652,96
1.184,241,457,0,30.1946,0.30543,18.3017,0,0,190,661
1.184,242,1201,0,26.2194,-7.91552,17.1667,0,0,560,185
1.184,243,1240,0,25.9053,-2.42903,16.213,0,0,576,631
1.184,244,647,0,29.9852,0.287449,17.7088,0,0,265,136
1.184,245,1002,0,30.1813,0.247331,17.8171,0,0,435,513
1.184,246,1228,0,30.0953,0.203316,17.7908,0,0,572,391
1.184,247,550,0,26.0044,-2.71896,16.2536,0,0,226,385
1.184,248,1138,0,25.1191,-9.9081,1.37885,1,0,283,530
1.184,249,1338,0,24.9348,-10,0.607139,1,0,19,678
1.184,250,398,0,29.8978,-0.17933,17.2545,0,0,165,53
1.184,251,1050,0,27.4815,-1.16539,16.2627,0,0,466,379
1.184,252,1183,0,30.181,0.300492,17.3344,0,0,550,163
1.184,253,1333,0,30.1844,0.30616,17.3354,0,0,634,9
1.184,254,980,0,30.176,0.291954,17.3329,0,0,425,115
1.184,255,42,0,30.125,0.211716,16.8366,0,0,23,402
1.184,256,346,0,30.1759,0.300795,16.8514,0,0,142,457
1.184,257,1088,0,30.1765,0.301789,16.8516,0,0,490,233
1.184,258,1003,0,30.1796,0.307217,16.8525,0,0,436,541
1.184,259,1330,0,24.4,-10,6.0172,1,0,571,672
1.184,260,549,0,30.0301,0.335478,16.7644,0,0,225,390
1.184,261,1031,0,30.0246,0.336047,16.2838,0,0,454,679
1.184,262,986,0,27.3019,-1.45733,15.3104,0,0,427,383
1.184,263,988,0,27.1276,-1.50538,15.2518,0,0,428,672
1.184,264,1230,0,29.5112,-0.631998,16.1912,0,0,573,569
1.184,265,11,0,30.0189,0.325373,16.2823,0,0,8,57
1.184,266,920,1,30.1439,0.319702,15.8787,0,0,394,518
1.184,267,1249,0,30.1481,0.268595,15.8809,0,0,581,432
1.184,268,535,0,26.374,-0.93485,14.5831,0,0,219,531
1.184,269,403,0,30.1708,0.310587,15.8871,0,0,166,113
1.184,270,736,0,30.1714,0.311726,15.8872,0,0,310,508
1.184,271,538,0,26.471,-2.88728,14.2284,0,0,221,382
1.184,272,1246,0,27.1261,-1.3493,14.352,0,0,579,495
1.184,273,1172,0,28.2471,-5.23717,14.4967,0,0,542,375
1.184,274,33,1,29.5921,0.403994,14.6516,0,0,18,461
1.184,275,1103,0,30.153,0.296668,14.9197,0,0,500,334
1.184,276,268,0,26.5102,-1.99,13.7739,0,0,111,687
1.184,277,84,0,30.1511,0.293025,14.9192,0,0,41,208
1.184,278,1353,0,30.1604,0.31125,14.9216,0,0,646,231
1.184,279,1038,0,30.1358,0.272019,14.4341,0,0,459,64
1.184,280,530,0,25.2,-10,13.2096,0,0,217,562
1.184,281,344,0,30.1556,0.312447,14.4391,0,0,140,295
1.184,282,711,0,30.1441,0.288944,14.4362,0,0,297,603
1.184,283,779,0,26.5609,-0.379968,13.3178,0,0,333,687
1.184,284,330,0,27.5878,-10,1.35901,1,0,136,332
1.184,285,832,0,30.1026,0.145319,13.9462,0,0,356,293
1.184,286,31,0,30.089,0.18275,13.9417,0,0,17,55
1.184,287,1170,0,29.9972,0.339373,13.8826,0,0,541,617
1.184,288,1317,0,29.981,-0.0261133,13.9149,0,0,623,400
1.184,289,981,0,27.5132,-10,13.2672,0,0,426,461
1.184,290,1086,0,29.4159,-0.861742,13.7623,0,0,489,560
1.184,291,726,0,29.9447,0.0277492,13.8947,0,0,305,312
1.184,292,38,0,30.1446,0.311979,13.4739,0,0,21,90
1.184,293,1303,1,30.1015,0.219088,13.4641,0,0,614,352
1.184,294,1335,0,30.1412,0.304393,13.4731,0,0,635,51
1.184,295,1238,0,25.5408,-8.70097,12.401,0,0,575,392
1.184,296,347,0,30.1205,0.269139,12.9873,0,0,143,126
1.184,297,813,0,30.1353,0.302873,12.9906,0,0,346,87
1.184,298,1067,0,29.2947,0.405106,12.6629,0,0,477,500
1.184,299,1079,1,30.0403,0.296074,12.9502,0,0,484,644
1.184,300,1142,0,30.1417,0.317437,12.9921,0,0,523,341
1.184,301,704,0,30.1358,0.316408,12.5097,0,0,294,445
1.184,302,1211,0,30.1368,0.318647,12.5099,0,0,564,186
1.184,303,475,0,30.1165,0.260951,12.5056,0,0,195,513
1.184,304,601,0,30.1263,0.293923,12.5076,0,0,246,646
1.184,305,469,0,26.8842,-3.27229,11.2422,0,0,193,71
1.184,306,428,0,26,-10,11.168,0,0,178,264
1.184,307,686,0,30.119,0.288257,12.025,0,0,285,54
1.184,308,1422,0,26.16,-10,10.752,0,0,681,476
1.184,309,77,0,26.2898,-6.41703,10.7558,0,0,38,678
1.184,310,15,1,30.1192,0.320737,11.5427,0,0,10,569
1.184,311,83,0,26.16,-10,10.752,0,0,40,100
1.184,312,1259,0,30.1009,0.254511,11.5404,0,0,586,14
1.184,313,586,0,30.0882,0.221866,11.5379,0,0,240,412
1.184,314,848,0,28.3395,-0.806719,10.5741,0,0,364,273
1.184,315,778,0,30.1209,0.319685,11.0634,0,0,332,141
1.184,316,363,2,29.9229,0.350052,10.9893,0,0,150,626
1.184,317,579,0,27.8956,-2.39121,10.5339,0,0,238,402
1.184,318,271,0,26.32,-10,10.3334,0,0,113,531
1.184,319,706,0,30.1028,0.271119,11.0599,0,0,295,410
1.184,320,728,0,30.0646,-0.362402,10.5791,0,0,306,58
1.184,321,744,0,30.1137,0.314461,10.5811,0,0,316,137
1.184,322,39,0,30.1159,0.32059,10.5815,0,0,22,235
1.184,323,140,0,28.5643,-2.29559,10.2475,0,0,63,103
1.184,324,1323,0,29.7017,-0.521271,10.4862,0,0,626,683
1.184,325,1162,0,30.1087,0.315469,10.0993,0,0,536,212
1.184,326,531,0,26.64,-10,9.48864,0,0,218,339
1.184,327,99,0,30.1014,0.30942,9.61718,0,0,47,359
1.184,328,1337,0,27.4761,-3.67249,9.11004,0,0,637,392
1.184,329,822,0,30.1019,0.310822,9.61726,0,0,351,290
1.184,330,790,0,28.317,-2.70876,9.25764,0,0,337,549
1.184,331,1151,0,30.087,0.246175,9.61549,0,0,529,63
1.184,332,766,0,27.8161,-3.41258,8.70556,0,0,327,280
1.184,333,157,0,27.1169,-5.68919,8.63815,0,0,68,257
1.184,334,544,0,26.96,-10,8.6336,0,0,223,566
1.184,335,842,0,30.0529,0.169384,9.12854,0,0,361,130
1.184,336,1165,0,30.0434,0.157658,9.12635,0,0,538,262
1.184,337,882,0,30.0971,0.312053,9.13565,0,0,378,89
1.184,338,682,2,29.4616,0.417911,8.9565,0,0,282,558
1.184,339,1192,0,29.937,0.349828,8.60799,0,0,555,611
1.184,340,977,0,30.0539,0.184109,8.64824,0,0,424,285
1.184,341,1209,0,27.12,-10,8.20224,0,0,563,162
1.184,342,940,0,28.0701,0.607823,8.26483,0,0,403,636
1.184,343,721,0,27.12,-10,8.20224,0,0,303,568
1.184,344,542,1,28.7262,-2.94046,7.94571,0,0,222,461
1.184,345,48,0,30.0568,0.204982,8.16823,0,0,27,138
1.184,346,386,0,27.28,-10,7.76832,0,0,160,102
1.184,347,1349,0,29.6731,-1.03066,8.11057,0,0,644,95
1.184,348,1308,0,30.0849,0.325619,7.69163,0,0,618,480
1.184,349,1256,0,29.8745,0.11682,7.16667,0,0,585,648
1.184,350,93,0,30.0729,0.298225,7.20939,0,0,44,7
1.184,351,1388,0,30.0788,0.322531,7.21014,0,0,662,507
1.184,352,1116,0,30.052,0.189937,7.20692,0,0,507,526
1.184,353,660,0,29.9794,0.330383,7.18607,0,0,271,246
1.184,354,1064,0,30.0656,0.223141,7.20916,0,0,474,104
1.184,355,1298,0,30.0501,0.220446,6.72604,0,0,609,381
1.184,356,53,0,30.0746,0.327736,6.729,0,0,29,211
1.184,357,1396,0,30.0648,0.284114,6.72782,0,0,667,541
1.184,358,278,0,30.0729,0.320182,6.7288,0,0,116,491
1.184,359,998,0,30.0605,0.286298,6.24681,0,0,432,397
1.184,360,1378,0,30.0672,0.31827,6.24757,0,0,656,145
1.184,361,166,0,30.061,0.288619,6.24687,0,0,72,78
1.184,362,66,0,28.4385,-4.80849,6.04209,0,0,34,465
1.184,363,1119,0,28.9428,-5.64373,6.12615,0,0,509,131
1.184,364,960,0,27.92,-10,6.00704,0,0,414,673
1.184,365,1046,0,28.9776,-2.70906,5.62394,0,0,464,679
1.184,366,1343,0,29.176,-3.52845,5.66871,0,0,643,54
1.184,367,404,0,30.0442,0.227388,5.76462,0,0,167,519
1.184,368,355,0,30.0605,0.310609,5.76632,0,0,146,105
1.184,369,335,0,29.8987,0.315685,5.73508,0,0,137,384
1.184,370,553,0,29.2915,-3.05897,5.68174,0,0,227,251
1.184,371,868,0,30.064,0.328995,5.76669,0,0,371,524
1.184,372,988,0,28.24,-10,5.11104,0,0,428,102
1.184,373,250,0,30.0584,0.327783,5.28563,0,0,104,495
1.184,374,993,0,28.9162,-1.46119,5.14339,0,0,430,571
1.184,375,318,0,30.0578,0.32446,5.28557,0,0,131,535
1.184,376,637,0,29.977,0.327417,5.27131,0,0,262,545
1.184,377,719,0,28.4,-10,4.6592,0,0,302,148
1.184,378,1282,0,29.8922,0.358733,4.77859,0,0,600,567
1.184,379,1176,0,30.0505,0.31203,4.80446,0,0,544,491
1.184,380,19,0,30.0528,0.326249,4.80466,0,0,14,30
1.184,381,60,0,28.883,-4.89036,4.69033,0,0,32,395
1.184,382,749,0,28.56,-10,4.2048,0,0,318,479
1.184,383,550,0,28.56,-10,4.2048,0,0,226,299
1.184,384,634,0,29.869,-0.854123,4.3093,0,0,260,347
1.184,385,733,0,30.0404,0.277821,4.32325,0,0,309,431
1.184,386,1421,0,30.0473,0.325332,4.3238,0,0,680,50
1.184,387,1299,2,29.7713,0.3748,3.81155,0,0,610,558
1.184,388,738,0,30.0409,0.317016,3.84296,0,0,312,581
1.184,389,1065,0,30.0398,0.308107,3.84287,0,0,476,131
1.184,390,1011,0,30.0091,0.100905,3.8406,0,0,440,674
1.184,391,81,0,28.72,-10,3.74784,0,0,39,155
1.184,392,245,0,30.0429,0.332021,3.8431,0,0,102,137
1.184,393,1194,0,30.0343,0.303499,3.3622,0,0,557,365
1.184,394,34,0,28.88,-10,3.28832,0,0,19,477
1.184,395,830,0,29.5777,-3.89781,2.85541,0,0,354,517
1.184,396,1317,0,29.04,-10,2.82624,0,0,623,203
1.184,397,269,0,29.04,-10,2.82624,0,0,112,431
1.184,398,1240,0,29.04,-10,2.82624,0,0,576,385
1.184,399,1312,0,29.9964,-0.0478528,2.39983,0,0,620,369
1.184,400,1285,1,29.7002,-2.8115,1.90524,0,0,602,30
1.184,401,538,0,29.36,-10,1.8944,0,0,221,31
1.184,402,920,0,29.8551,0.313795,1.91024,0,0,394,437
1.184,403,561,0,29.36,-10,1.8944,0,0,229,148
1.184,404,1233,0,29.36,-10,1.8944,0,0,574,677
1.184,405,683,0,29.52,-10,1.42464,0,0,283,257
1.184,406,784,0,29.52,-10,1.42464,0,0,335,383
1.184,407,37,0,29.5239,-9.75362,1.4247,0,0,20,30
1.184,408,799,0,30.0162,0.337005,1.44052,0,0,341,67
1.184,409,965,0,29.9912,-0.273292,0.959788,0,0,417,428
1.184,410,185,0,30.0076,0.236662,0.960182,0,0,79,368
1.184,411,584,0,29.822,-5.41598,0.955691,0,0,240,511
1.184,412,387,0,29.68,-10,0.95232,0,0,161,647
1.184,413,626,0,29.9978,-0.068968,0.959947,0,0,255,394
1.184,414,394,0,29.68,-10,0.95232,0,0,163,174
1.184,415,945,0,29.9467,-3.32991,0.479148,0,0,405,96
1.184,416,1319,0,29.8809,-7.44112,0.478095,0,0,624,20
1.184,417,563,0,29.84,-10,0.47744,0,0,231,312
1.184,418,1423,0,29.9394,-3.7888,0.47903,0,0,682,326
1.2,0,566,1,30.3783,0.282444,36.7204,0,0,232,680
1.2,1,271,0,30.1838,0.0721738,36.6277,0,0,113,488
1.2,2,1254,1,27.3542,-4.15379,14.1023,1,0,585,597
1.2,3,387,0,28.4028,-0.572273,35.902,0,0,161,155
1.2,4,1050,0,30.3608,0.26891,36.7094,0,0,466,408
1.2,5,1070,1,26.9133,-10,10.0197,1,0,477,106
1.2,6,33,2,30.3502,0.232591,36.7104,0,0,18,485
1.2,7,847,1,29.7034,-1.23312,36.4773,0,0,363,676
1.2,8,531,0,30.3783,0.282444,36.7204,0,0,218,532
1.2,9,843,0,28.7363,-0.89105,35.7684,0,0,362,483
1.2,10,335,2,30.2928,-0.0517857,36.696,0,0,137,680
1.2,11,1233,0,30.3738,0.28317,36.2344,0,0,574,478
1.2,12,1432,2,30.3485,0.287229,36.2066,0,0,689,578
1.2,13,17,1,26.5931,-10,10.0773,1,0,2,35
1.2,14,751,0,29.7832,-0.847354,35.9887,0,0,319,390
1.2,15,1299,1,30.3712,0.281148,36.2327,0,0,610,578
1.2,16,56,0,30.3374,0.254532,36.2118,0,0,30,542
1.2,17,257,0,30.3738,0.28317,36.2344,0,0,107,80
1.2,18,530,0,30.0853,0.020045,36.1071,0,0,217,532
1.2,19,682,1,26.798,-3.26446,20.1008,1,0,533,297
1.2,20,1242,0,27.385,-5.98816,35.207,0,0,577,102
1.2,21,1167,0,22.3849,-5.4479,17.6725,1,0,522,680
1.2,22,1187,0,30.3693,0.283898,35.7484,0,0,552,296
1.2,23,75,0,30.1375,-0.287684,35.6654,0,0,37,679
1.2,24,140,0,30.3643,0.279966,35.7453,0,0,63,377
1.2,25,786,0,30.3667,0.281842,35.7468,0,0,336,101
1.2,26,571,0,29.6956,-2.42712,35.667,0,0,234,476
1.2,27,330,1,30.3146,0.197688,35.7128,0,0,135,339
1.2,28,449,0,30.2901,0.218541,35.7018,0,0,187,566
1.2,29,1,0,30.1587,0.113408,35.6202,0,0,1,6
1.2,30,843,0,21.3874,-3.83852,19.0273,1,0,223,565
1.2,31,1325,0,24.9729,-8.44821,14.7579,1,0,28,279
1.2,32,749,0,30.3607,0.281417,35.26,0,0,318,22
1.2,33,269,0,30.3625,0.282816,35.2611,0,0,112,675
1.2,34,810,0,30.1919,0.142916,35.1587,0,0,345,46
1.2,35,1138,1,24.958,-2.87245,18.0195,1,0,283,122
1.2,36,33,2,22.7827,-5.35273,2.85286,2,0,638,391
1.2,37,1124,0,29.8796,-0.412268,35.1043,0,0,511,518
1.2,38,563,0,29.5938,-0.357935,34.9196,0,0,231,297
1.2,39,561,0,28.7873,-0.364684,34.3412,0,0,229,571
1.2,40,1422,0,30.3582,0.283728,34.7754,0,0,681,675
1.2,41,906,0,27.7139,-10,7.4498,1,0,386,126
1.2,42,566,1,21.7008,-4.13886,14.6138,1,0,430,675
1.2,43,976,0,30.2766,0.168448,34.746,0,0,423,237
1.2,44,1246,0,21.9246,-10,10.3896,1,0,685,230
1.2,45,986,0,30.1598,0.201375,34.6964,0,0,427,384
1.2,46,1037,0,30.29,0.227362,34.7349,0,0,458,667
1.2,47,898,0,30.2976,0.233673,34.7394,0,0,385,549
1.2,48,1343,0,29.8925,-0.944542,34.6645,0,0,643,88
1.2,49,708,0,29.9046,-0.0957638,34.5072,0,0,296,676
1.2,50,1285,1,30.3554,0.281447,34.7738,0,0,602,558
1.2,51,311,0,30.3354,0.269307,34.279,0,0,128,372
1.2,52,637,1,30.3398,0.272977,34.2816,0,0,262,206
1.2,53,988,0,30.0087,-0.0338262,34.1121,0,0,428,630
1.2,54,1030,0,30.352,0.283068,34.2887,0,0,453,646
1.2,55,538,0,28.6897,-0.907993,33.469,0,0,221,486
1.2,56,1164,0,30.317,0.253822,34.2682,0,0,537,300
1.2,57,838,0,30.1974,0.121269,34.2185,0,0,359,565
1.2,58,654,1,30.3362,0.096344,34.2861,0,0,269,106
1.2,59,43,0,30.2597,0.200406,33.7536,0,0,24,559
1.2,60,550,0,28.5956,-2.91139,33.0387,0,0,226,578
1.2,61,542,1,30.1917,0.0642167,33.7425,0,0,222,547
1.2,62,83,0,30.2932,0.0836782,33.7938,0,0,40,530
1.2,63,990,0,29.107,-1.88844,33.276,0,0,429,486
1.2,64,1284,0,30.2449,-0.0122081,33.7686,0,0,601,482
1.2,65,1154,0,24.3284,-1.73104,9.65216,1,0,521,611
1.2,66,945,1,30.2806,0.226872,33.7645,0,0,405,152
1.2,67,660,1,30.3476,0.283955,33.8032,0,0,271,600
1.2,68,177,0,30.3305,0.26944,33.7933,0,0,76,117
1.2,69,428,0,30.3368,0.279264,33.314,0,0,178,576
1.2,70,1187,1,22.4276,-4.92246,15.3337,1,0,553,488
1.2,71,1011,2,30.2444,-0.00622576,33.2804,0,0,440,382
1.2,72,397,0,29.9052,-0.396043,33.1808,0,0,164,577
1.2,73,37,2,30.3432,0.288079,33.3178,0,0,20,488
1.2,74,562,0,27.8265,-2.01048,32.2247,0,0,230,673
1.2,75,1269,0,29.96,-0.168529,33.1469,0,0,594,482
1.2,76,394,0,27.1664,-3.11909,31.5998,0,0,163,31
1.2,77,386,0,29.8245,-0.166771,32.5635,0,0,160,483
1.2,78,1352,0,29.7458,-1.34626,32.712,0,0,645,41
1.2,79,81,0,28.7747,-2.42359,32.3096,0,0,39,383
1.2,80,549,1,30.3419,0.288297,32.834,0,0,225,548
1.2,81,1104,0,25.9587,-2.69204,9.37403,1,0,500,285
1.2,82,661,0,29.2629,-2.34448,31.9519,0,0,272,599
1.2,83,625,1,30.3222,0.285623,32.3384,0,0,255,572
1.2,84,784,0,29.4152,-0.867152,31.4797,0,0,335,630
1.2,85,1423,0,30.33,0.287461,31.8617,0,0,682,599
1.2,86,1261,1,30.3163,0.277938,31.8535,0,0,587,22
1.2,87,1150,0,29.0795,-5.20448,6.49505,1,0,151,369
1.2,88,790,0,30.3288,0.286348,31.861,0,0,337,155
1.2,89,37,1,22.0315,-4.47438,12.887,1,0,426,148
1.2,90,1039,1,27.6731,-3.92287,14.927,1,0,290,515
1.2,91,1052,1,24.1047,-7.11218,16.8156,1,0,364,3
1.2,92,596,0,30.2692,0.287648,31.3322,0,0,244,192
1.2,93,647,1,30.3071,0.271462,31.3666,0,0,265,64
1.2,94,537,0,30.1883,0.0115764,31.3319,0,0,220,299
1.2,95,1274,0,29.9781,-0.169629,31.1997,0,0,595,391
1.2,96,830,0,30.3235,0.286489,31.3754,0,0,354,18
1.2,97,330,1,21.9636,-4.42091,13.9924,1,0,136,631
1.2,98,1246,0,30.3157,0.120902,31.3761,0,0,579,591
1.2,99,579,0,30.3212,0.289311,30.8915,0,0,238,3
1.2,100,975,0,29.4897,-0.667945,30.5861,0,0,422,683
1.2,101,1170,1,30.3188,0.287035,30.8902,0,0,541,142
1.2,102,1385,0,30.2872,0.25759,30.8735,0,0,660,365
1.2,103,1268,0,30.3204,0.288563,30.891,0,0,593,101
1.2,104,547,1,29.7583,-1.00823,30.709,0,0,224,296
1.2,105,1045,1,24.073,-7.83937,15.4825,1,0,464,296
1.2,106,1006,0,30.3098,0.283612,30.4028,0,0,438,233
1.2,107,1240,0,29.089,-2.72933,30.0018,0,0,576,300
1.2,108,1246,0,22.566,-10,6.17308,1,0,563,569
1.2,109,605,0,30.311,0.2848,30.4034,0,0,247,7
1.2,110,1338,1,22.6421,-5.1837,11.9554,1,0,19,99
1.2,111,721,0,23.5352,-7.69442,26.8713,0,0,303,483
1.2,112,933,0,30.2953,0.274828,29.9127,0,0,399,622
1.2,113,1052,0,30.3093,0.232303,29.9212,0,0,467,3
1.2,114,392,0,30.127,0.213482,29.3699,0,0,162,611
1.2,115,46,1,28.906,-4.96967,7.40466,1,0,626,118
1.2,116,220,0,30.2923,0.276918,29.4287,0,0,92,16
1.2,117,1401,0,30.2733,0.226732,29.4272,0,0,670,229
1.2,118,276,0,30.3093,0.293501,29.4373,0,0,115,677
1.2,119,1031,1,30.3024,0.292104,28.9513,0,0,454,599
1.2,120,328,0,30.2962,0.2859,28.9481,0,0,134,615
1.2,121,584,0,30.1052,0.106861,28.8518,0,0,240,636
1.2,122,1366,0,30.2666,0.256336,28.9335,0,0,651,556
1.2,123,268,0,29.7956,-0.4546,28.2784,0,0,111,64
1.2,124,226,0,30.2929,0.287937,28.464,0,0,95,626
1.2,125,813,0,25.6756,-10,6.14169,1,0,592,202
1.2,126,1108,2,28.9778,-5.03961,6.8023,1,0,501,447
1.2,127,1409,0,23.8385,-6.74636,18.3371,1,0,673,668
1.2,128,66,0,29.8914,-0.0905388,27.7914,0,0,34,204
1.2,129,1102,0,28.9516,-5.03799,6.14505,1,0,499,99
1.2,130,320,0,30.2648,0.269513,27.4858,0,0,132,630
1.2,131,445,1,30.2698,0.277146,27.4882,0,0,186,125
1.2,132,949,0,30.2151,0.203136,27.4662,0,0,406,204
1.2,133,454,0,30.2821,0.287761,27.494,0,0,189,263
1.2,134,766,0,30.1663,0.172166,27.4386,0,0,327,99
1.2,135,33,0,24.1099,-7.1887,10.9723,1,0,554,226
1.2,136,1302,1,29.312,-10,2.44797,1,0,403,294
1.2,137,682,0,30.2818,0.293079,27.0115,0,0,282,485
1.2,138,60,0,30.2799,0.291097,27.0106,0,0,32,45
1.2,139,469,0,29.698,-0.837262,26.8726,0,0,193,104
1.2,140,73,0,30.2702,0.286321,26.5238,0,0,36,636
1.2,141,535,0,30.281,0.298022,26.5287,0,0,219,531
1.2,142,530,0,26.0539,-0.0711643,23.7414,0,0,217,481
1.2,143,11,1,30.2791,0.296045,26.5279,0,0,8,19
1.2,144,764,0,30.2735,0.289929,26.5253,0,0,325,307
1.2,145,847,1,24.2722,-7.37205,11.2094,1,0,227,341
1.2,146,1299,0,30.1336,0.317917,26.3912,0,0,610,31
1.2,147,129,0,26.1544,-10,11.3675,1,0,56,548
1.2,148,531,0,26.3478,0.0595853,23.4585,0,0,218,476
1.2,149,854,0,30.2088,0.208113,26.0193,0,0,366,395
1.2,150,330,0,30.0678,0.234793,25.8841,0,0,135,101
1.2,151,1337,0,30.057,-0.0223182,25.9624,0,0,637,97
1.2,152,297,0,30.2617,0.282738,26.0378,0,0,123,471
1.2,153,1294,0,30.2219,0.181771,25.5421,0,0,607,22
1.2,154,566,0,30.126,0.322496,25.4281,0,0,232,566
1.2,155,1167,0,30.2689,0.296717,25.5587,0,0,539,479
1.2,156,1282,1,30.2714,0.299541,25.5598,0,0,600,338
1.2,157,362,0,30.2516,0.287496,25.5519,0,0,149,83
1.2,158,775,0,27.7817,-2.38452,24.4509,0,0,331,133
1.2,159,749,0,26.236,0.115634,22.9656,0,0,318,299
1.2,160,831,0,29.5491,-1.9921,24.8243,0,0,355,246
1.2,161,997,1,30.0804,-10,0.588433,1,0,624,506
1.2,162,802,0,30.2437,0.273761,25.0656,0,0,342,306
1.2,163,931,0,30.2601,0.29277,25.0726,0,0,398,48
1.2,164,17,0,30.2601,0.292851,25.0727,0,0,12,15
1.2,165,480,0,30.2446,0.274802,25.066,0,0,196,79
1.2,166,33,0,30.1078,0.246051,24.9447,0,0,18,486
1.2,167,271,0,26.3309,-0.193208,22.6388,0,0,113,156
1.2,168,77,0,29.0003,-1.16289,24.1172,0,0,38,479
1.2,169,236,0,30.2576,0.296085,24.5894,0,0,99,374
1.2,170,778,1,26.2998,-10,5.17032,1,0,333,105
1.2,171,185,1,30.2515,0.291661,24.5859,0,0,79,516
1.2,172,847,0,29.8413,-0.362163,24.4398,0,0,363,477
1.2,173,1154,0,25.3298,-10,1.58372,1,0,521,673
1.2,174,1432,0,29.5864,-0.282021,23.837,0,0,689,297
1.2,175,126,1,25.6518,-9.60346,12.4297,1,0,514,330
1.2,176,83,0,26.2673,-0.0947517,21.3147,0,0,40,381
1.2,177,335,1,30.0482,0.162109,23.4851,0,0,137,385
1.2,178,786,0,26.5162,-0.171504,21.4481,0,0,336,338
1.2,179,1192,1,30.2522,0.302599,23.6229,0,0,555,549
1.2,180,1238,0,28.6553,-2.90207,23.0558,0,0,575,532
1.2,181,1392,0,30.215,0.218565,23.1316,0,0,665,462
1.2,182,1032,0,30.2455,0.30113,23.1381,0,0,455,298
1.2,183,648,0,30.245,0.300503,23.1379,0,0,266,508
1.2,184,394,0,23.7891,-2.75027,20.2047,0,0,163,477
1.2,185,1045,0,29.8032,-1.70079,22.9944,0,0,463,390
1.2,186,37,0,30.0311,0.223711,22.9938,0,0,20,156
1.2,187,1187,0,25.1479,-8.74703,7.92182,1,0,553,530
1.2,188,387,0,25.4581,-2.28913,20.7513,0,0,161,672
1.2,189,286,0,30.2452,0.300671,23.138,0,0,119,301
1.2,190,563,0,26.0276,-0.883003,20.8715,0,0,231,340
1.2,191,428,0,26.2827,-0.0442944,20.8957,0,0,178,100
1.2,192,990,0,25.5925,-1.37941,20.2984,0,0,429,298
1.2,193,81,0,25.3029,-2.08291,20.2239,0,0,39,340
1.2,194,1011,1,30.0198,0.179665,22.512,0,0,440,482
1.2,195,760,0,30.2343,0.29369,22.6517,0,0,323,598
1.2,196,703,0,30.097,-6.16971,0.933004,1,0,292,635
1.2,197,843,0,22.64,-10,8.79464,1,0,223,392
1.2,198,1191,0,25.0907,-10,5.41077,1,0,638,623
1.2,199,1242,0,25.0861,-4.31918,19.8517,0,0,577,338
1.2,200,1422,0,26.5859,-0.30582,20.2067,0,0,681,97
1.2,201,682,2,25.0282,-10,5.66109,1,0,533,678
1.2,202,784,0,25.6544,-0.997011,19.4584,0,0,335,481
1.2,203,1052,1,25.2807,-10,7.1678,1,0,364,340
1.2,204,751,0,26.5125,-1.05414,19.8065,0,0,319,384
1.2,205,960,0,29.771,-0.47412,21.5384,0,0,414,631
1.2,206,1424,0,23.8352,-9.21528,19.4554,0,0,683,485
1.2,207,157,0,30.2223,0.29888,21.2015,0,0,68,280
1.2,208,257,0,26.9002,-0.549318,19.5097,0,0,107,14
1.2,209,254,0,30.2233,0.300224,21.2018,0,0,106,142
1.2,210,1006,0,24.797,-8.18577,8.58094,1,0,437,640
1.2,211,957,0,30.2208,0.30423,20.7191,0,0,411,573
1.2,212,772,0,30.1631,0.19261,20.7006,0,0,330,439
1.2,213,1123,1,30.2071,0.295119,20.7124,0,0,511,76
1.2,214,1269,0,26.3501,-0.743562,18.8562,0,0,594,567
1.2,215,14,0,26.5892,-10,10.4231,1,0,622,517
1.2,216,672,0,30.2085,0.286892,20.7147,0,0,277,652
1.2,217,861,0,30.2011,0.276465,20.7121,0,0,369,644
1.2,218,1128,0,29.5582,-10,2.21189,1,0,25,595
1.2,219,1233,0,27.0403,-0.694618,18.7091,0,0,574,378
1.2,220,75,0,26.8662,-0.902397,18.6457,0,0,37,568
1.2,221,547,0,29.9058,-0.0957926,20.0853,0,0,224,478
1.2,222,1167,0,23.28,-10,2.98532,1,0,522,339
1.2,223,269,0,26.9169,-0.639517,18.6482,0,0,112,677
1.2,224,880,0,30.0799,0.120957,19.7069,0,0,376,346
1.2,225,890,0,29.9811,-0.0371064,19.6743,0,0,382,378
1.2,226,542,0,30.0827,0.117429,19.7083,0,0,222,676
1.2,227,971,0,30.2102,0.304573,19.7518,0,0,420,220
1.2,228,561,0,25.8946,-1.89732,17.9054,0,0,229,481
1.2,229,719,0,30.0962,0.0760999,19.7137,0,0,302,547
1.2,230,1285,0,30.0611,0.329014,19.6487,0,0,602,381
1.2,231,1045,1,25.5796,-10,4.45199,1,0,464,100
1.2,232,1039,0,29.4625,-5.50905,2.94654,1,0,290,358
1.2,233,183,0,30.2059,0.306137,19.2686,0,0,78,628
1.2,234,386,0,26.3904,-1.02744,17.5993,0,0,160,382
1.2,235,241,0,30.2062,0.306672,19.2687,0,0,101,161
1.2,236,537,0,26.4854,-0.697771,17.6096,0,0,220,571
1.2,237,159,0,30.1293,0.0666475,19.2493,0,0,69,330
1.2,238,566,1,26.545,-10,3.04537,1,0,430,547
1.2,239,1034,0,30.0536,0.0757798,18.7378,0,0,457,398
1.2,240,1371,0,30.1907,0.290993,18.782,0,0,652,96
1.2,241,457,0,30.1995,0.304656,18.7849,0,0,190,661
1.2,242,1201,0,26.092,-7.95802,17.5842,0,0,560,185
1.2,243,1240,0,25.867,-2.39486,16.6268,0,0,576,631
1.2,244,647,0,29.9898,0.286735,18.1886,0,0,265,136
1.2,245,1002,0,30.1851,0.2433,18.3001,0,0,435,513
1.2,246,1228,0,30.0984,0.194985,18.2724,0,0,572,391
1.2,247,550,0,25.9615,-2.68363,16.669,0,0,226,385
1.2,248,1138,0,24.9635,-9.72406,1.77826,1,0,283,530
1.2,249,1338,0,24.7748,-10,1.00354,1,0,19,678
1.2,250,398,0,29.8949,-0.176838,17.7329,0,0,165,53
1.2,251,1050,0,27.4638,-1.10515,16.7021,0,0,466,379
1.2,252,1183,0,30.1858,0.299724,17.8173,0,0,550,163
1.2,253,1333,0,30.1893,0.305384,17.8184,0,0,634,9
1.2,254,980,0,30.1806,0.291199,17.8158,0,0,425,115
1.2,255,42,0,30.1284,0.211057,17.3187,0,0,23,402
1.2,256,346,0,30.1807,0.300027,17.3343,0,0,142,457
1.2,257,1088,0,30.1813,0.301019,17.3345,0,0,490,233
1.2,258,1003,0,30.1845,0.306439,17.3354,0,0,436,541
1.2,259,1330,0,24.24,-10,6.40504,1,0,571,672
1.2,260,549,0,30.0355,0.334645,17.2449,0,0,225,390
1.2,261,1031,0,30.03,0.335213,16.7643,0,0,454,679
1.2,262,986,0,27.2798,-1.37772,15.7469,0,0,427,383
1.2,263,988,0,27.1047,-1.42892,15.6855,0,0,428,672
1.2,264,1230,0,29.5001,-0.69337,16.6632,0,0,573,569
1.2,265,11,0,30.0241,0.324555,16.7626,0,0,8,57
1.2,266,920,1,30.149,0.318901,16.361,0,0,394,518
1.2,267,1249,0,30.1524,0.267869,16.3633,0,0,581,432
1.2,268,535,0,26.3609,-0.821891,15.0049,0,0,219,531
1.2,269,403,0,30.1757,0.309803,16.3699,0,0,166,113
1.2,270,736,0,30.1764,0.31094,16.3701,0,0,310,508
1.2,271,538,0,26.4268,-2.76229,14.6513,0,0,221,382
1.2,272,1246,0,27.1059,-1.26453,14.7857,0,0,579,495
1.2,273,1129,0,28.1617,-5.33964,0.280334,1,0,542,375
1.2,274,33,1,29.5985,0.403035,15.1252,0,0,18,461
1.2,275,1103,0,30.1577,0.295904,15.4022,0,0,500,334
1.2,276,268,0,26.4804,-1.85872,14.1976,0,0,111,687
1.2,277,84,0,30.1558,0.292266,15.4017,0,0,41,208
1.2,278,1353,0,30.1653,0.310464,15.4042,0,0,646,231
1.2,279,1038,0,30.1401,0.271287,14.9163,0,0,459,64
1.2,280,530,0,25.04,-10,13.6102,0,0,217,562
1.2,281,344,0,30.1606,0.311658,14.9216,0,0,140,295
1.2,282,711,0,30.1487,0.28819,14.9186,0,0,297,603
1.2,283,779,0,26.5554,-0.345836,13.7427,0,0,333,687
1.2,284,330,0,27.4278,-10,1.79786,1,0,136,332
1.2,285,832,0,30.1049,0.140356,14.4279,0,0,356,293
1.2,286,31,0,30.0919,0.182117,14.4232,0,0,17,55
1.2,287,1170,0,30.0026,0.338532,14.3627,0,0,541,617
1.2,288,1313,0,29.9806,-0.0251374,0.260558,1,0,623,400
1.2,289,981,0,27.3532,-10,13.7049,0,0,426,461
1.2,290,1086,0,29.4023,-0.845617,14.2328,0,0,489,560
1.2,291,726,0,29.9452,0.0268046,14.3739,0,0,305,312
1.2,292,38,0,30.1496,0.311191,13.9563,0,0,21,90
1.2,293,1303,1,30.105,0.218416,13.9458,0,0,614,352
1.2,294,1335,0,30.146,0.303616,13.9555,0,0,635,51
1.2,295,1238,0,25.4222,-7.41012,12.8077,0,0,575,392
1.2,296,347,0,30.1248,0.268409,13.4693,0,0,143,126
1.2,297,813,0,30.1401,0.302097,13.4729,0,0,346,87
1.2,298,1067,0,29.3012,0.404119,13.1317,0,0,477,500
1.2,299,1079,1,30.0451,0.295298,13.431,0,0,484,644
1.2,300,1142,0,30.1468,0.31664,13.4744,0,0,523,341
1.2,301,704,0,30.1409,0.315612,12.9919,0,0,294,445
1.2,302,1211,0,30.1419,0.317847,12.9921,0,0,564,186
1.2,303,475,0,30.1207,0.25917,12.9876,0,0,195,513
1.2,304,601,0,30.131,0.29316,12.9897,0,0,246,646
1.2,305,469,0,26.8352,-3.06124,11.6716,0,0,193,71
1.2,306,428,0,25.84,-10,11.5814,0,0,178,264
1.2,307,686,0,30.1236,0.287502,12.507,0,0,285,54
1.2,308,1422,0,26,-10,11.168,0,0,681,476
1.2,309,77,0,26.1984,-5.71164,11.1749,0,0,38,678
1.2,310,15,1,30.1243,0.319932,12.0247,0,0,10,569
1.2,311,83,0,26,-10,11.168,0,0,40,100
1.2,312,1264,0,30.105,0.253796,0.434086,1,0,586,14
1.2,313,586,0,30.0918,0.221188,12.0193,0,0,240,412
1.2,314,848,0,28.3269,-0.784128,11.0273,0,0,364,273
1.2,315,778,0,30.126,0.318883,11.5455,0,0,332,141
1.2,316,363,2,29.9285,0.34919,11.4681,0,0,150,626
1.2,317,579,0,27.8596,-2.25474,10.9796,0,0,238,402
1.2,318,271,0,26.16,-10,10.752,0,0,113,531
1.2,319,706,0,30.107,0.262372,11.5416,0,0,295,410
1.2,320,728,0,30.0584,-0.384186,11.06,0,0,306,58
1.2,321,744,0,30.1187,0.313666,11.063,0,0,316,137
1.2,322,39,0,30.121,0.319786,11.0634,0,0,22,235
1.2,323,140,0,28.5291,-2.19778,10.7039,0,0,63,103
1.2,324,1323,0,29.6935,-0.514523,10.9613,0,0,626,683
1.2,325,1162,0,30.1137,0.314673,10.5811,0,0,536,212
1.2,326,531,0,26.48,-10,9.91232,0,0,218,339
1.2,327,99,0,30.1064,0.308632,10.0989,0,0,47,359
1.2,328,1337,0,27.4218,-3.39284,9.54878,0,0,637,392
1.2,329,822,0,30.1069,0.310032,10.099,0,0,351,290
1.2,330,790,0,28.2759,-2.56931,9.71005,0,0,337,549
1.2,331,1151,0,30.091,0.245528,10.0969,0,0,529,63
1.2,332,766,0,27.7652,-3.18182,9.1498,0,0,327,280
1.2,333,157,0,27.0389,-4.87627,9.07077,0,0,68,257
1.2,334,544,0,26.8,-10,9.0624,0,0,223,566
1.2,335,842,0,30.0556,0.168885,9.60943,0,0,361,130
1.2,336,1165,0,30.0459,0.157042,9.60708,0,0,538,262
1.2,337,882,0,30.102,0.311261,9.61728,0,0,378,89
1.2,338,682,2,29.4683,0.416927,9.42799,0,0,282,558
1.2,339,1192,0,29.9426,0.348967,9.08707,0,0,555,611
1.2,340,977,0,30.0568,0.183755,9.12914,0,0,424,285
1.2,341,1209,0,26.96,-10,8.6336,0,0,563,162
1.2,342,940,0,28.0798,0.606585,8.71411,0,0,403,636
1.2,343,721,0,26.96,-10,8.6336,0,0,303,568
1.2,344,542,1,28.6812,-2.81588,8.40461,0,0,222,461
1.2,345,48,0,30.0601,0.204513,8.64919,0,0,27,138
1.2,346,386,0,27.12,-10,8.20224,0,0,160,102
1.2,347,1349,0,29.6569,-1.01185,8.58508,0,0,644,95
1.2,348,1308,0,30.0901,0.324805,8.17307,0,0,618,480
1.2,349,1256,0,29.8764,0.116205,7.6447,0,0,585,648
1.2,350,93,0,30.0776,0.29745,7.69063,0,0,44,7
1.2,351,1388,0,30.0839,0.321722,7.69149,0,0,662,507
1.2,352,1116,0,30.055,0.185478,7.6878,0,0,507,526
1.2,353,660,0,29.9846,0.329554,7.66582,0,0,271,246
1.2,354,1064,0,30.0692,0.222624,7.69026,0,0,474,104
1.2,355,1298,0,30.0536,0.219963,7.2069,0,0,609,381
1.2,356,53,0,30.0799,0.326918,7.21028,0,0,29,211
1.2,357,1396,0,30.0693,0.283357,7.20892,0,0,667,541
1.2,358,278,0,30.078,0.319376,7.21004,0,0,116,491
1.2,359,998,0,30.0651,0.285526,6.72786,0,0,432,397
1.2,360,1378,0,30.0723,0.317466,6.72872,0,0,656,145
1.2,361,166,0,30.0656,0.287856,6.72792,0,0,72,78
1.2,362,66,0,28.3662,-4.51819,6.49595,0,0,34,465
1.2,363,1119,0,28.8512,-5.72661,6.58776,0,0,509,131
1.2,364,960,0,27.7779,-8.88352,6.45149,0,0,414,673
1.2,365,1046,0,28.935,-2.6622,6.0869,0,0,464,679
1.2,366,1343,0,29.1213,-3.42079,6.13465,0,0,643,54
1.2,367,404,0,30.0479,0.22685,6.24539,0,0,167,519
1.2,368,355,0,30.0654,0.309816,6.24737,0,0,146,105
1.2,369,335,0,29.9037,0.314894,6.21354,0,0,137,384
1.2,370,553,0,29.244,-2.96711,6.14965,0,0,227,251
1.2,371,868,0,30.0693,0.328175,6.2478,0,0,371,524
1.2,372,988,0,28.08,-10,5.56032,0,0,428,102
1.2,373,250,0,30.0636,0.326964,5.76665,0,0,104,495
1.2,374,993,0,28.8935,-1.42101,5.60568,0,0,430,571
1.2,375,318,0,30.063,0.323646,5.76658,0,0,131,535
1.2,376,637,0,29.9822,0.326593,5.75103,0,0,262,545
1.2,377,719,0,28.24,-10,5.11104,0,0,302,148
1.2,378,1282,0,29.8979,0.357856,5.25695,0,0,600,567
1.2,379,1176,0,30.0555,0.311234,5.28535,0,0,544,491
1.2,380,19,0,30.058,0.325432,5.28559,0,0,14,30
1.2,381,60,0,28.8097,-4.58094,5.15129,0,0,32,395
1.2,382,749,0,28.4,-10,4.6592,0,0,318,479
1.2,383,550,0,28.4,-10,4.6592,0,0,226,299
1.2,384,634,0,29.8555,-0.840976,4.78699,0,0,260,347
1.2,385,733,0,30.0449,0.277068,4.80397,0,0,309,431
1.2,386,1421,0,30.0525,0.324516,4.80464,0,0,680,50
1.2,387,1299,2,29.7773,0.373893,4.28799,0,0,610,558
1.2,388,738,0,30.046,0.316212,4.32369,0,0,312,581
1.2,389,1065,0,30.0447,0.307315,4.32359,0,0,476,131
1.2,390,1011,0,30.0106,0.0918588,4.32077,0,0,440,674
1.2,391,81,0,28.56,-10,4.2048,0,0,39,155
1.2,392,245,0,30.0482,0.331195,4.32387,0,0,102,137
1.2,393,1194,0,30.0391,0.302712,3.84282,0,0,557,365
1.2,394,34,0,28.72,-10,3.74784,0,0,19,477
1.2,395,830,0,29.5181,-3.72625,3.3277,0,0,354,517
1.2,396,1317,0,28.88,-10,3.28832,0,0,623,203
1.2,397,269,0,28.88,-10,3.28832,0,0,112,431
1.2,398,1240,0,28.88,-10,3.28832,0,0,576,385
1.2,399,1312,0,29.9956,-0.0489375,2.87976,0,0,620,369
1.2,400,1285,1,29.6567,-2.71688,2.37974,0,0,602,30
1.2,401,538,0,29.2,-10,2.3616,0,0,221,31
1.2,402,920,0,29.8601,0.313003,2.38801,0,0,394,437
1.2,403,561,0,29.2,-10,2.3616,0,0,229,148
1.2,404,1233,0,29.2,-10,2.3616,0,0,574,677
1.2,405,683,0,29.36,-10,1.8944,0,0,283,257
1.2,406,784,0,29.36,-10,1.8944,0,0,335,383
1.2,407,37,0,29.3816,-8.89788,1.89481,0,0,20,30
1.2,408,799,0,30.0216,0.336169,1.92086,0,0,341,67
1.2,409,965,0,29.9869,-0.269854,1.43958,0,0,417,428
1.2,410,185,0,30.0114,0.236073,1.44036,0,0,79,368
1.2,411,584,0,29.7397,-5.1459,1.43153,0,0,240,511
1.2,412,387,0,29.52,-10,1.42464,0,0,161,647
1.2,413,626,0,29.9967,-0.0693358,1.43989,0,0,255,394
1.2,414,394,0,29.52,-10,1.42464,0,0,163,174
1.2,415,945,0,29.9522,0.340467,0.958382,0,0,405,96
1.2,416,1319,0,29.8133,-4.23035,0.955107,0,0,624,20
1.2,417,563,0,29.68,-10,0.95232,0,0,231,312
1.2,418,1423,0,29.8811,-3.64003,0.957128,0,0,682,326
1.2,419,1193,0,29.9921,-0.495014,0.479873,0,0,556,79
1.2,420,1021,0,30.0042,0.262453,0.480067,0,0,446,263
1.2,421,1019,0,29.9983,-0.103554,0.479973,0,0,445,497
