source,target,length,source_x,source_y
1,2,29.058,900538,-5.34132e+06
1,166,29.058,900538,-5.34132e+06
1,165,29.058,900538,-5.34132e+06
944,537,29.058,918055,-5.33777e+06
1054,1056,29.058,900697,-5.34149e+06
1054,1190,29.058,900697,-5.34149e+06
1054,1061,29.058,900697,-5.34149e+06
393,394,29.058,911994,-5.33847e+06
393,753,29.058,911994,-5.33847e+06
393,396,29.058,911994,-5.33847e+06
2,1,29.058,900344,-5.34126e+06
2,87,29.058,900344,-5.34126e+06
2,167,29.058,900344,-5.34126e+06
3,20,29.058,900273,-5.34135e+06
3,168,29.058,900273,-5.34135e+06
3,1138,29.058,900273,-5.34135e+06
387,479,29.058,905674,-5.34052e+06
4,5,29.058,898708,-5.34372e+06
4,468,29.058,898708,-5.34372e+06
4,311,29.058,898708,-5.34372e+06
5,4,29.058,899292,-5.34351e+06
5,324,29.058,899292,-5.34351e+06
5,926,29.058,899292,-5.34351e+06
948,475,29.058,905020,-5.34156e+06
397,396,29.058,911084,-5.33879e+06
397,730,29.058,911084,-5.33879e+06
397,1165,29.058,911084,-5.33879e+06
6,21,29.058,892883,-5.34562e+06
6,461,29.058,892883,-5.34562e+06
6,650,29.058,892883,-5.34562e+06
7,8,29.058,892611,-5.34575e+06
7,21,29.058,892611,-5.34575e+06
7,19,29.058,892611,-5.34575e+06
1124,108,29.058,917788,-5.33657e+06
407,408,29.058,913439,-5.33777e+06
8,7,29.058,893101,-5.34556e+06
8,471,29.058,893101,-5.34556e+06
8,1203,29.058,893101,-5.34556e+06
9,10,29.058,892286,-5.34555e+06
9,1362,29.058,892286,-5.34555e+06
9,1376,29.058,892286,-5.34555e+06
952,928,29.058,897756,-5.34328e+06
1126,1127,29.058,894648,-5.34389e+06
1126,345,29.058,894648,-5.34389e+06
1126,1128,29.058,894648,-5.34389e+06
401,980,29.058,883828,-5.34907e+06
10,9,29.058,892395,-5.34555e+06
10,1203,29.058,892395,-5.34555e+06
10,1181,29.058,892395,-5.34555e+06
11,14,29.058,892639,-5.34533e+06
11,17,29.058,892639,-5.34533e+06
11,1181,29.058,892639,-5.34533e+06
395,392,29.058,910899,-5.33885e+06
395,817,29.058,910899,-5.33885e+06
395,819,29.058,910899,-5.33885e+06
12,13,29.058,892945,-5.34521e+06
12,1202,29.058,892945,-5.34521e+06
12,23,29.058,892945,-5.34521e+06
13,12,29.058,892287,-5.34554e+06
13,1305,29.058,892287,-5.34554e+06
13,1306,29.058,892287,-5.34554e+06
956,955,29.058,916486,-5.33766e+06
405,406,29.058,913485,-5.33776e+06
405,404,29.058,913485,-5.33776e+06
405,408,29.058,913485,-5.33776e+06
14,11,29.058,892688,-5.34529e+06
15,16,29.058,894165,-5.34473e+06
15,609,29.058,894165,-5.34473e+06
15,1135,29.058,894165,-5.34473e+06
1132,1131,29.058,899833,-5.34149e+06
415,416,29.058,914573,-5.33713e+06
415,414,29.058,914573,-5.33713e+06
415,1182,29.058,914573,-5.33713e+06
16,15,29.058,893872,-5.3448e+06
17,11,29.058,893856,-5.34482e+06
896,897,29.058,901270,-5.34196e+06
896,1090,29.058,901270,-5.34196e+06
896,895,29.058,901270,-5.34196e+06
1134,895,29.058,901120,-5.34206e+06
1134,1222,29.058,901120,-5.34206e+06
1134,1317,29.058,901120,-5.34206e+06
409,410,29.058,913662,-5.3377e+06
18,135,29.058,892901,-5.34573e+06
19,24,29.058,892118,-5.34601e+06
19,612,29.058,892118,-5.34601e+06
19,7,29.058,892118,-5.34601e+06
403,404,29.058,913461,-5.33771e+06
403,410,29.058,913461,-5.33771e+06
403,543,29.058,913461,-5.33771e+06
20,3,29.058,900235,-5.34138e+06
20,1012,29.058,900235,-5.34138e+06
20,531,29.058,900235,-5.34138e+06
21,6,29.058,892559,-5.34568e+06
21,613,29.058,892559,-5.34568e+06
21,7,29.058,892559,-5.34568e+06
900,1029,29.058,900854,-5.34224e+06
900,1146,29.058,900854,-5.34224e+06
900,890,29.058,900854,-5.34224e+06
413,412,29.058,915082,-5.33696e+06
413,422,29.058,915082,-5.33696e+06
413,1367,29.058,915082,-5.33696e+06
22,613,29.058,892389,-5.34547e+06
22,1184,29.058,892389,-5.34547e+06
22,949,29.058,892389,-5.34547e+06
23,466,29.058,893307,-5.34507e+06
23,609,29.058,893307,-5.34507e+06
23,12,29.058,893307,-5.34507e+06
1140,155,29.058,901779,-5.3415e+06
1140,787,29.058,901779,-5.3415e+06
1140,1120,29.058,901779,-5.3415e+06
487,212,29.058,883131,-5.34746e+06
487,447,29.058,883131,-5.34746e+06
487,951,29.058,883131,-5.34746e+06
24,19,29.058,892533,-5.34584e+06
24,25,29.058,892533,-5.34584e+06
24,1354,29.058,892533,-5.34584e+06
25,24,29.058,892669,-5.3458e+06
904,903,29.058,901251,-5.34349e+06
904,901,29.058,901251,-5.34349e+06
904,909,29.058,901251,-5.34349e+06
1142,1122,29.058,901489,-5.34183e+06
1142,1301,29.058,901489,-5.34183e+06
1142,430,29.058,901489,-5.34183e+06
481,210,29.058,883713,-5.34735e+06
481,686,29.058,883713,-5.34735e+06
481,220,29.058,883713,-5.34735e+06
26,27,29.058,897497,-5.34214e+06
27,1072,29.058,898419,-5.34186e+06
27,26,29.058,898419,-5.34186e+06
27,1009,29.058,898419,-5.34186e+06
1024,1025,29.058,923894,-5.33553e+06
411,542,29.058,913448,-5.33771e+06
411,790,29.058,913448,-5.33771e+06
411,751,29.058,913448,-5.33771e+06
28,550,29.058,870790,-5.35125e+06
29,30,29.058,899966,-5.34331e+06
29,188,29.058,899966,-5.34331e+06
29,321,29.058,899966,-5.34331e+06
908,907,29.058,901823,-5.34336e+06
908,911,29.058,901823,-5.34336e+06
908,906,29.058,901823,-5.34336e+06
485,480,29.058,883153,-5.34751e+06
485,215,29.058,883153,-5.34751e+06
485,213,29.058,883153,-5.34751e+06
30,29,29.058,900054,-5.34329e+06
30,465,29.058,900054,-5.34329e+06
30,336,29.058,900054,-5.34329e+06
31,65,29.058,917226,-5.33769e+06
31,1077,29.058,917226,-5.33769e+06
31,59,29.058,917226,-5.33769e+06
1084,1082,29.058,881049,-5.34616e+06
1084,1041,29.058,881049,-5.34616e+06
1084,1043,29.058,881049,-5.34616e+06
431,433,29.058,900864,-5.34118e+06
32,33,29.058,884750,-5.34852e+06
33,32,29.058,884770,-5.34851e+06
33,74,29.058,884770,-5.34851e+06
33,567,29.058,884770,-5.34851e+06
848,234,29.058,876113,-5.35036e+06
1086,1082,29.058,880252,-5.34623e+06
425,424,29.058,902223,-5.34164e+06
728,479,29.058,906374,-5.34029e+06
728,501,29.058,906374,-5.34029e+06
728,734,29.058,906374,-5.34029e+06
34,35,29.058,915712,-5.33725e+06
35,34,29.058,915722,-5.33725e+06
35,1229,29.058,915722,-5.33725e+06
35,856,29.058,915722,-5.33725e+06
35,867,29.058,915722,-5.33725e+06
419,422,29.058,914536,-5.33709e+06
419,420,29.058,914536,-5.33709e+06
419,639,29.058,914536,-5.33709e+06
1367,413,29.058,915064,-5.33698e+06
36,727,29.058,906764,-5.34018e+06
37,38,29.058,907025,-5.3409e+06
852,540,29.058,917832,-5.33771e+06
429,379,29.058,900658,-5.34213e+06
429,428,29.058,900658,-5.34213e+06
429,582,29.058,900658,-5.34213e+06
732,729,29.058,902384,-5.34155e+06
1361,1184,29.058,892545,-5.34546e+06
38,37,29.058,907208,-5.34083e+06
38,39,29.058,907208,-5.34083e+06
38,328,29.058,907208,-5.34083e+06
39,38,29.058,907099,-5.34088e+06
39,947,29.058,907099,-5.34088e+06
39,1057,29.058,907099,-5.34088e+06
1028,660,29.058,885925,-5.34566e+06
439,295,29.058,893174,-5.34357e+06
439,441,29.058,893174,-5.34357e+06
439,668,29.058,893174,-5.34357e+06
40,1116,29.058,900474,-5.34239e+06
40,1311,29.058,900474,-5.34239e+06
40,898,29.058,900474,-5.34239e+06
41,1071,29.058,883576,-5.34918e+06
41,42,29.058,883576,-5.34918e+06
41,1074,29.058,883576,-5.34918e+06
856,857,29.058,915683,-5.33726e+06
856,89,29.058,915683,-5.33726e+06
856,35,29.058,915683,-5.33726e+06
1030,584,29.058,900666,-5.34231e+06
433,431,29.058,900505,-5.34129e+06
433,166,29.058,900505,-5.34129e+06
433,1108,29.058,900505,-5.34129e+06
42,41,29.058,883636,-5.34917e+06
42,47,29.058,883636,-5.34917e+06
42,979,29.058,883636,-5.34917e+06
43,44,29.058,900213,-5.34319e+06
427,426,29.058,899629,-5.34245e+06
427,366,29.058,899629,-5.34245e+06
427,361,29.058,899629,-5.34245e+06
1375,1145,29.058,901414,-5.34173e+06
44,43,29.058,900217,-5.34319e+06
44,473,29.058,900217,-5.34319e+06
44,323,29.058,900217,-5.34319e+06
45,46,29.058,905010,-5.34154e+06
860,97,29.058,917851,-5.33658e+06
860,861,29.058,917851,-5.33658e+06
860,100,29.058,917851,-5.33658e+06
437,436,29.058,882149,-5.34961e+06
437,564,29.058,882149,-5.34961e+06
437,398,29.058,882149,-5.34961e+06
1369,92,29.058,909590,-5.34012e+06
46,45,29.058,905063,-5.34153e+06
46,476,29.058,905063,-5.34153e+06
46,1035,29.058,905063,-5.34153e+06
47,48,29.058,883474,-5.34922e+06
47,42,29.058,883474,-5.34922e+06
47,562,29.058,883474,-5.34922e+06
1036,962,29.058,911614,-5.3402e+06
1036,286,29.058,911614,-5.3402e+06
1036,598,29.058,911614,-5.3402e+06
447,515,29.058,882937,-5.34745e+06
447,487,29.058,882937,-5.34745e+06
447,209,29.058,882937,-5.34745e+06
48,187,29.058,883498,-5.3492e+06
48,47,29.058,883498,-5.3492e+06
48,561,29.058,883498,-5.3492e+06
49,462,29.058,899923,-5.34332e+06
49,473,29.058,899923,-5.34332e+06
49,925,29.058,899923,-5.34332e+06
49,71,29.058,899923,-5.34332e+06
928,79,29.058,897745,-5.34329e+06
928,952,29.058,897745,-5.34329e+06
928,146,29.058,897745,-5.34329e+06
1038,985,29.058,899950,-5.34145e+06
1038,1131,29.058,899950,-5.34145e+06
1038,1133,29.058,899950,-5.34145e+06
441,439,29.058,891983,-5.34394e+06
441,298,29.058,891983,-5.34394e+06
441,676,29.058,891983,-5.34394e+06
50,278,29.058,913580,-5.33886e+06
50,520,29.058,913580,-5.33886e+06
50,987,29.058,913580,-5.33886e+06
51,52,29.058,944290,-5.32904e+06
51,489,29.058,944290,-5.32904e+06
51,338,29.058,944290,-5.32904e+06
435,84,29.058,882180,-5.34961e+06
435,266,29.058,882180,-5.34961e+06
435,572,29.058,882180,-5.34961e+06
52,51,29.058,943746,-5.3292e+06
52,494,29.058,943746,-5.3292e+06
52,488,29.058,943746,-5.3292e+06
53,455,29.058,888556,-5.3475e+06
53,699,29.058,888556,-5.3475e+06
53,610,29.058,888556,-5.3475e+06
932,931,29.058,887782,-5.3477e+06
445,576,29.058,875050,-5.35097e+06
445,238,29.058,875050,-5.35097e+06
445,1273,29.058,875050,-5.35097e+06
54,55,29.058,926928,-5.33459e+06
55,54,29.058,926674,-5.33468e+06
55,513,29.058,926674,-5.33468e+06
55,81,29.058,926674,-5.33468e+06
1044,1020,29.058,881077,-5.34625e+06
1044,1080,29.058,881077,-5.34625e+06
1044,1043,29.058,881077,-5.34625e+06
391,390,29.058,908915,-5.33948e+06
391,389,29.058,908915,-5.33948e+06
391,730,29.058,908915,-5.33948e+06
56,1088,29.058,900896,-5.34209e+06
57,149,29.058,900109,-5.34255e+06
936,937,29.058,885876,-5.34825e+06
1046,1052,29.058,882143,-5.3464e+06
1046,767,29.058,882143,-5.3464e+06
1046,1085,29.058,882143,-5.3464e+06
385,383,29.058,903886,-5.34108e+06
385,479,29.058,903886,-5.34108e+06
385,1198,29.058,903886,-5.34108e+06
58,116,29.058,887649,-5.34788e+06
58,786,29.058,887649,-5.34788e+06
58,604,29.058,887649,-5.34788e+06
59,60,29.058,917698,-5.33758e+06
59,64,29.058,917698,-5.33758e+06
59,31,29.058,917698,-5.33758e+06
443,442,29.058,889634,-5.34702e+06
60,540,29.058,917878,-5.33761e+06
60,59,29.058,917878,-5.33761e+06
60,620,29.058,917878,-5.33761e+06
61,62,29.058,917628,-5.33752e+06
61,73,29.058,917628,-5.33752e+06
61,620,29.058,917628,-5.33752e+06
940,883,29.058,893892,-5.34486e+06
389,388,29.058,908530,-5.3396e+06
389,532,29.058,908530,-5.3396e+06
389,391,29.058,908530,-5.3396e+06
62,61,29.058,916712,-5.33784e+06
62,526,29.058,916712,-5.33784e+06
62,625,29.058,916712,-5.33784e+06
63,614,29.058,895257,-5.34432e+06
63,965,29.058,895257,-5.34432e+06
63,137,29.058,895257,-5.34432e+06
1116,40,29.058,900030,-5.34255e+06
1116,147,29.058,900030,-5.34255e+06
1116,1151,29.058,900030,-5.34255e+06
463,1119,29.058,897596,-5.34414e+06
463,310,29.058,897596,-5.34414e+06
463,306,29.058,897596,-5.34414e+06
64,65,29.058,918371,-5.33731e+06
64,59,29.058,918371,-5.33731e+06
64,622,29.058,918371,-5.33731e+06
65,64,29.058,917687,-5.33748e+06
65,66,29.058,917687,-5.33748e+06
65,31,29.058,917687,-5.33748e+06
1008,629,29.058,909477,-5.3402e+06
1118,472,29.058,897632,-5.34414e+06
1118,464,29.058,897632,-5.34414e+06
1118,1197,29.058,897632,-5.34414e+06
457,456,29.058,891587,-5.3466e+06
66,65,29.058,917407,-5.33752e+06
66,507,29.058,917407,-5.33752e+06
66,744,29.058,917407,-5.33752e+06
67,68,29.058,886186,-5.34818e+06
451,452,29.058,875197,-5.35094e+06
451,916,29.058,875197,-5.35094e+06
451,1327,29.058,875197,-5.35094e+06
68,67,29.058,886543,-5.3481e+06
68,631,29.058,886543,-5.3481e+06
68,938,29.058,886543,-5.3481e+06
69,70,29.058,900568,-5.34318e+06
69,336,29.058,900568,-5.34318e+06
69,969,29.058,900568,-5.34318e+06
1012,1285,29.058,900164,-5.3414e+06
1012,20,29.058,900164,-5.3414e+06
1012,1105,29.058,900164,-5.3414e+06
461,6,29.058,892583,-5.34577e+06
461,708,29.058,892583,-5.34577e+06
461,1203,29.058,892583,-5.34577e+06
70,69,29.058,900183,-5.34326e+06
70,71,29.058,900183,-5.34326e+06
70,189,29.058,900183,-5.34326e+06
71,70,29.058,900035,-5.34329e+06
71,189,29.058,900035,-5.34329e+06
71,49,29.058,900035,-5.34329e+06
1188,744,29.058,915358,-5.33768e+06
1188,822,29.058,915358,-5.33768e+06
1188,112,29.058,915358,-5.33768e+06
471,653,29.058,894087,-5.34525e+06
471,601,29.058,894087,-5.34525e+06
471,8,29.058,894087,-5.34525e+06
72,507,29.058,917809,-5.33757e+06
72,73,29.058,917809,-5.33757e+06
72,526,29.058,917809,-5.33757e+06
73,72,29.058,918063,-5.33743e+06
73,61,29.058,918063,-5.33743e+06
73,603,29.058,918063,-5.33743e+06
1016,1017,29.058,898790,-5.34177e+06
1190,1054,29.058,900682,-5.34146e+06
1190,1287,29.058,900682,-5.34146e+06
1190,1056,29.058,900682,-5.34146e+06
465,30,29.058,900638,-5.34316e+06
465,335,29.058,900638,-5.34316e+06
465,967,29.058,900638,-5.34316e+06
74,75,29.058,884914,-5.34846e+06
74,181,29.058,884914,-5.34846e+06
74,33,29.058,884914,-5.34846e+06
75,74,29.058,885151,-5.34838e+06
75,182,29.058,885151,-5.34838e+06
75,174,29.058,885151,-5.34838e+06
459,1154,29.058,894759,-5.3445e+06
459,1153,29.058,894759,-5.3445e+06
459,467,29.058,894759,-5.3445e+06
76,77,29.058,943242,-5.32938e+06
76,491,29.058,943242,-5.32938e+06
76,80,29.058,943242,-5.32938e+06
77,76,29.058,943813,-5.3292e+06
77,1001,29.058,943813,-5.3292e+06
77,490,29.058,943813,-5.3292e+06
1020,1044,29.058,881107,-5.34628e+06
1020,1045,29.058,881107,-5.34628e+06
1020,1326,29.058,881107,-5.34628e+06
469,470,29.058,896525,-5.34448e+06
469,310,29.058,896525,-5.34448e+06
469,314,29.058,896525,-5.34448e+06
78,79,29.058,897948,-5.34323e+06
79,78,29.058,897895,-5.34325e+06
79,921,29.058,897895,-5.34325e+06
79,928,29.058,897895,-5.34325e+06
79,929,29.058,897895,-5.34325e+06
79,805,29.058,897895,-5.34325e+06
79,804,29.058,897895,-5.34325e+06
1196,143,29.058,897633,-5.34328e+06
479,728,29.058,905983,-5.34042e+06
479,385,29.058,905983,-5.34042e+06
479,387,29.058,905983,-5.34042e+06
80,624,29.058,931247,-5.33322e+06
80,76,29.058,931247,-5.33322e+06
80,1330,29.058,931247,-5.33322e+06
801,802,29.058,883073,-5.3473e+06
1318,504,29.058,913849,-5.33721e+06
81,55,29.058,931209,-5.33323e+06
81,1331,29.058,931209,-5.33323e+06
81,489,29.058,931209,-5.33323e+06
960,961,29.058,882392,-5.34914e+06
1198,385,29.058,904533,-5.34088e+06
473,44,29.058,900107,-5.34322e+06
473,49,29.058,900107,-5.34322e+06
473,468,29.058,900107,-5.34322e+06
82,557,29.058,884623,-5.34854e+06
82,173,29.058,884623,-5.34854e+06
82,647,29.058,884623,-5.34854e+06
83,179,29.058,884582,-5.34856e+06
83,567,29.058,884582,-5.34856e+06
83,182,29.058,884582,-5.34856e+06
467,318,29.058,890046,-5.34569e+06
467,560,29.058,890046,-5.34569e+06
467,459,29.058,890046,-5.34569e+06
84,435,29.058,882786,-5.34942e+06
84,187,29.058,882786,-5.34942e+06
84,185,29.058,882786,-5.34942e+06
805,806,29.058,897837,-5.34327e+06
805,615,29.058,897837,-5.34327e+06
805,79,29.058,897837,-5.34327e+06
85,86,29.058,883563,-5.34906e+06
85,645,29.058,883563,-5.34906e+06
85,641,29.058,883563,-5.34906e+06
964,191,29.058,899512,-5.34341e+06
477,981,29.058,906519,-5.34107e+06
477,474,29.058,906519,-5.34107e+06
477,1179,29.058,906519,-5.34107e+06
86,85,29.058,883472,-5.34908e+06
1316,1223,29.058,901441,-5.34185e+06
87,2,29.058,900280,-5.34124e+06
88,817,29.058,911980,-5.33847e+06
88,656,29.058,911980,-5.33847e+06
88,819,29.058,911980,-5.33847e+06
809,810,29.058,893605,-5.34422e+06
1326,1020,29.058,881307,-5.34617e+06
89,113,29.058,915336,-5.33737e+06
89,637,29.058,915336,-5.33737e+06
89,856,29.058,915336,-5.33737e+06
968,967,29.058,901815,-5.34338e+06
968,901,29.058,901815,-5.34338e+06
968,1315,29.058,901815,-5.34338e+06
90,111,29.058,914398,-5.33765e+06
90,780,29.058,914398,-5.33765e+06
90,975,29.058,914398,-5.33765e+06
91,98,29.058,919384,-5.33607e+06
91,1231,29.058,919384,-5.33607e+06
91,107,29.058,919384,-5.33607e+06
475,948,29.058,904570,-5.34171e+06
475,474,29.058,904570,-5.34171e+06
475,468,29.058,904570,-5.34171e+06
92,628,29.058,910092,-5.33993e+06
92,522,29.058,910092,-5.33993e+06
92,1369,29.058,910092,-5.33993e+06
813,814,29.058,902018,-5.34136e+06
93,94,29.058,909390,-5.34013e+06
93,524,29.058,909390,-5.34013e+06
93,1277,29.058,909390,-5.34013e+06
972,935,29.058,886349,-5.34813e+06
94,93,29.058,908919,-5.3403e+06
94,947,29.058,908919,-5.3403e+06
94,523,29.058,908919,-5.3403e+06
1324,508,29.058,918368,-5.33767e+06
95,96,29.058,909814,-5.34005e+06
95,523,29.058,909814,-5.34005e+06
95,1247,29.058,909814,-5.34005e+06
1148,889,29.058,900099,-5.34253e+06
495,902,29.058,903395,-5.34282e+06
495,873,29.058,903395,-5.34282e+06
495,277,29.058,903395,-5.34282e+06
96,95,29.058,910196,-5.3399e+06
96,524,29.058,910196,-5.3399e+06
96,687,29.058,910196,-5.3399e+06
97,860,29.058,917313,-5.33674e+06
97,98,29.058,917313,-5.33674e+06
97,113,29.058,917313,-5.33674e+06
912,1144,29.058,901424,-5.34175e+06
1150,158,29.058,901954,-5.34131e+06
1150,161,29.058,901954,-5.34131e+06
1150,156,29.058,901954,-5.34131e+06
489,488,29.058,943050,-5.32944e+06
489,51,29.058,943050,-5.32944e+06
489,81,29.058,943050,-5.32944e+06
98,91,29.058,918682,-5.3363e+06
98,97,29.058,918682,-5.3363e+06
98,869,29.058,918682,-5.3363e+06
99,100,29.058,917893,-5.33656e+06
483,222,29.058,883583,-5.34736e+06
483,655,29.058,883583,-5.34736e+06
483,217,29.058,883583,-5.34736e+06
100,99,29.058,917903,-5.33656e+06
100,1230,29.058,917903,-5.33656e+06
100,860,29.058,917903,-5.33656e+06
100,869,29.058,917903,-5.33656e+06
101,752,29.058,914741,-5.33759e+06
101,975,29.058,914741,-5.33759e+06
101,169,29.058,914741,-5.33759e+06
916,244,29.058,876633,-5.35076e+06
916,236,29.058,876633,-5.35076e+06
916,451,29.058,876633,-5.35076e+06
493,488,29.058,943635,-5.32924e+06
102,103,29.058,921115,-5.33536e+06
102,570,29.058,921115,-5.33536e+06
102,105,29.058,921115,-5.33536e+06
103,102,29.058,920952,-5.33541e+06
1092,1013,29.058,882727,-5.34905e+06
503,379,29.058,901885,-5.34173e+06
503,897,29.058,901885,-5.34173e+06
503,381,29.058,901885,-5.34173e+06
104,105,29.058,920891,-5.33543e+06
105,104,29.058,921151,-5.3354e+06
105,102,29.058,921151,-5.3354e+06
105,109,29.058,921151,-5.3354e+06
920,918,29.058,901893,-5.34329e+06
920,903,29.058,901893,-5.34329e+06
920,275,29.058,901893,-5.34329e+06
1094,1093,29.058,884401,-5.34631e+06
497,498,29.058,914935,-5.33703e+06
497,499,29.058,914935,-5.33703e+06
497,274,29.058,914935,-5.33703e+06
106,107,29.058,920932,-5.33537e+06
107,106,29.058,921180,-5.33539e+06
107,974,29.058,921180,-5.33539e+06
107,91,29.058,921180,-5.33539e+06
491,490,29.058,944457,-5.32899e+06
491,76,29.058,944457,-5.32899e+06
491,337,29.058,944457,-5.32899e+06
108,1124,29.058,917906,-5.33655e+06
108,434,29.058,917906,-5.33655e+06
108,110,29.058,917906,-5.33655e+06
109,434,29.058,919391,-5.33606e+06
109,749,29.058,919391,-5.33606e+06
109,105,29.058,919391,-5.33606e+06
924,703,29.058,892508,-5.34547e+06
501,1251,29.058,907178,-5.34003e+06
501,728,29.058,907178,-5.34003e+06
501,392,29.058,907178,-5.34003e+06
110,114,29.058,916106,-5.33712e+06
110,858,29.058,916106,-5.33712e+06
110,108,29.058,916106,-5.33712e+06
111,90,29.058,914831,-5.33753e+06
111,114,29.058,914831,-5.33753e+06
111,659,29.058,914831,-5.33753e+06
1100,1097,29.058,882408,-5.34913e+06
1100,1113,29.058,882408,-5.34913e+06
1100,1345,29.058,882408,-5.34913e+06
511,1007,29.058,909236,-5.34099e+06
511,590,29.058,909236,-5.34099e+06
511,966,29.058,909236,-5.34099e+06
112,780,29.058,915029,-5.33754e+06
112,942,29.058,915029,-5.33754e+06
112,1188,29.058,915029,-5.33754e+06
113,89,29.058,916132,-5.33712e+06
113,867,29.058,916132,-5.33712e+06
113,97,29.058,916132,-5.33712e+06
992,280,29.058,911927,-5.33938e+06
992,279,29.058,911927,-5.33938e+06
992,278,29.058,911927,-5.33938e+06
1102,1096,29.058,882365,-5.3491e+06
1102,1095,29.058,882365,-5.3491e+06
1102,1130,29.058,882365,-5.3491e+06
505,539,29.058,918234,-5.33766e+06
505,508,29.058,918234,-5.33766e+06
505,1073,29.058,918234,-5.33766e+06
114,111,29.058,915347,-5.33736e+06
114,110,29.058,915347,-5.33736e+06
114,865,29.058,915347,-5.33736e+06
115,564,29.058,882554,-5.34949e+06
115,562,29.058,882554,-5.34949e+06
115,398,29.058,882554,-5.34949e+06
499,497,29.058,914954,-5.33702e+06
116,58,29.058,886916,-5.34817e+06
117,118,29.058,887268,-5.34805e+06
996,997,29.058,911938,-5.33936e+06
996,946,29.058,911938,-5.33936e+06
996,998,29.058,911938,-5.33936e+06
509,286,29.058,913806,-5.33943e+06
509,740,29.058,913806,-5.33943e+06
509,538,29.058,913806,-5.33943e+06
118,117,29.058,887313,-5.34802e+06
118,119,29.058,887313,-5.34802e+06
118,120,29.058,887313,-5.34802e+06
119,118,29.058,887655,-5.34786e+06
119,610,29.058,887655,-5.34786e+06
119,1374,29.058,887655,-5.34786e+06
1108,1163,29.058,900475,-5.34129e+06
1108,1107,29.058,900475,-5.34129e+06
1108,433,29.058,900475,-5.34129e+06
455,53,29.058,889395,-5.34729e+06
120,118,29.058,887462,-5.34801e+06
121,607,29.058,887796,-5.3478e+06
121,122,29.058,887796,-5.3478e+06
121,124,29.058,887796,-5.3478e+06
1000,279,29.058,911855,-5.33943e+06
1110,875,29.058,885598,-5.34858e+06
449,452,29.058,875093,-5.35086e+06
449,575,29.058,875093,-5.35086e+06
449,446,29.058,875093,-5.35086e+06
122,123,29.058,886999,-5.34813e+06
122,121,29.058,886999,-5.34813e+06
122,1078,29.058,886999,-5.34813e+06
123,122,29.058,886815,-5.3482e+06
507,72,29.058,917858,-5.33759e+06
507,539,29.058,917858,-5.33759e+06
507,66,29.058,917858,-5.33759e+06
124,125,29.058,888815,-5.34738e+06
124,134,29.058,888815,-5.34738e+06
124,121,29.058,888815,-5.34738e+06
125,124,29.058,888613,-5.34746e+06
125,701,29.058,888613,-5.34746e+06
125,930,29.058,888613,-5.34746e+06
1004,328,29.058,907086,-5.34086e+06
453,249,29.058,878218,-5.35086e+06
126,616,29.058,889114,-5.34726e+06
126,610,29.058,889114,-5.34726e+06
126,529,29.058,889114,-5.34726e+06
127,128,29.058,889710,-5.34703e+06
128,127,29.058,889989,-5.34689e+06
128,616,29.058,889989,-5.34689e+06
128,611,29.058,889989,-5.34689e+06
785,162,29.058,901038,-5.34146e+06
785,1214,29.058,901038,-5.34146e+06
785,789,29.058,901038,-5.34146e+06
314,315,29.058,895876,-5.34467e+06
314,927,29.058,895876,-5.34467e+06
314,469,29.058,895876,-5.34467e+06
1302,1072,29.058,898747,-5.34179e+06
129,134,29.058,889955,-5.3469e+06
129,652,29.058,889955,-5.3469e+06
129,1186,29.058,889955,-5.3469e+06
130,131,29.058,889658,-5.34702e+06
1207,1206,29.058,879007,-5.3491e+06
1207,230,29.058,879007,-5.3491e+06
1207,235,29.058,879007,-5.3491e+06
260,587,29.058,887861,-5.34605e+06
260,258,29.058,887861,-5.34605e+06
260,1239,29.058,887861,-5.34605e+06
131,130,29.058,889632,-5.34703e+06
131,702,29.058,889632,-5.34703e+06
131,442,29.058,889632,-5.34703e+06
131,914,29.058,889632,-5.34703e+06
132,133,29.058,889587,-5.34703e+06
789,782,29.058,901118,-5.34144e+06
789,785,29.058,901118,-5.34144e+06
789,1337,29.058,901118,-5.34144e+06
1193,693,29.058,888824,-5.34759e+06
318,319,29.058,888840,-5.34599e+06
318,467,29.058,888840,-5.34599e+06
318,370,29.058,888840,-5.34599e+06
133,132,29.058,889589,-5.34703e+06
133,502,29.058,889589,-5.34703e+06
133,702,29.058,889589,-5.34703e+06
134,129,29.058,889363,-5.34715e+06
134,124,29.058,889363,-5.34715e+06
134,502,29.058,889363,-5.34715e+06
312,313,29.058,894090,-5.34527e+06
1300,1299,29.058,901200,-5.34141e+06
1300,160,29.058,901200,-5.34141e+06
1300,1061,29.058,901200,-5.34141e+06
135,326,29.058,892154,-5.34598e+06
135,717,29.058,892154,-5.34598e+06
135,18,29.058,892154,-5.34598e+06
136,957,29.058,895162,-5.34438e+06
136,617,29.058,895162,-5.34438e+06
136,614,29.058,895162,-5.34438e+06
793,791,29.058,874693,-5.35013e+06
258,259,29.058,886788,-5.34644e+06
258,370,29.058,886788,-5.34644e+06
258,260,29.058,886788,-5.34644e+06
1310,1298,29.058,901808,-5.3415e+06
1310,1238,29.058,901808,-5.3415e+06
1310,1334,29.058,901808,-5.3415e+06
137,139,29.058,895896,-5.34407e+06
137,63,29.058,895896,-5.34407e+06
137,1152,29.058,895896,-5.34407e+06
138,139,29.058,896520,-5.34382e+06
1215,629,29.058,909499,-5.3401e+06
268,269,29.058,883610,-5.34908e+06
268,646,29.058,883610,-5.34908e+06
268,644,29.058,883610,-5.34908e+06
139,138,29.058,896382,-5.34387e+06
139,137,29.058,896382,-5.34387e+06
139,141,29.058,896382,-5.34387e+06
140,141,29.058,896777,-5.34375e+06
797,798,29.058,914100,-5.33868e+06
1201,456,29.058,891587,-5.3466e+06
262,261,29.058,887087,-5.34626e+06
262,263,29.058,887087,-5.34626e+06
262,256,29.058,887087,-5.34626e+06
141,140,29.058,896780,-5.3437e+06
141,1205,29.058,896780,-5.3437e+06
141,139,29.058,896780,-5.3437e+06
142,617,29.058,895923,-5.34405e+06
142,705,29.058,895923,-5.34405e+06
142,329,29.058,895923,-5.34405e+06
256,369,29.058,888007,-5.34601e+06
256,262,29.058,888007,-5.34601e+06
256,633,29.058,888007,-5.34601e+06
1308,165,29.058,900536,-5.34135e+06
1308,1297,29.058,900536,-5.34135e+06
1308,1342,29.058,900536,-5.34135e+06
143,371,29.058,897549,-5.34332e+06
143,606,29.058,897549,-5.34332e+06
143,1196,29.058,897549,-5.34332e+06
144,615,29.058,898335,-5.3431e+06
144,804,29.058,898335,-5.3431e+06
144,1200,29.058,898335,-5.3431e+06
865,864,29.058,915668,-5.33726e+06
865,114,29.058,915668,-5.33726e+06
865,1280,29.058,915668,-5.33726e+06
266,435,29.058,881911,-5.34969e+06
266,1068,29.058,881911,-5.34969e+06
266,572,29.058,881911,-5.34969e+06
1382,1351,29.058,891428,-5.34631e+06
145,146,29.058,897730,-5.34329e+06
145,606,29.058,897730,-5.34329e+06
145,1115,29.058,897730,-5.34329e+06
146,145,29.058,897339,-5.34345e+06
146,928,29.058,897339,-5.34345e+06
146,329,29.058,897339,-5.34345e+06
1159,934,29.058,884675,-5.34885e+06
1159,1160,29.058,884675,-5.34885e+06
1159,1209,29.058,884675,-5.34885e+06
276,275,29.058,903160,-5.3429e+06
276,870,29.058,903160,-5.3429e+06
276,918,29.058,903160,-5.3429e+06
147,887,29.058,899283,-5.34279e+06
147,1116,29.058,899283,-5.34279e+06
147,606,29.058,899283,-5.34279e+06
148,149,29.058,900185,-5.3425e+06
148,1222,29.058,900185,-5.3425e+06
148,1200,29.058,900185,-5.3425e+06
869,868,29.058,917984,-5.33653e+06
869,100,29.058,917984,-5.33653e+06
869,98,29.058,917984,-5.33653e+06
1209,1210,29.058,884838,-5.3488e+06
1209,1160,29.058,884838,-5.3488e+06
1209,1158,29.058,884838,-5.3488e+06
1209,1159,29.058,884838,-5.3488e+06
270,271,29.058,883763,-5.34899e+06
149,148,29.058,900489,-5.34239e+06
149,152,29.058,900489,-5.34239e+06
149,57,29.058,900489,-5.34239e+06
150,151,29.058,900954,-5.34222e+06
150,1221,29.058,900954,-5.34222e+06
150,891,29.058,900954,-5.34222e+06
264,587,29.058,889129,-5.34564e+06
264,849,29.058,889129,-5.34564e+06
264,423,29.058,889129,-5.34564e+06
1380,1352,29.058,891443,-5.3463e+06
151,150,29.058,901038,-5.34218e+06
151,899,29.058,901038,-5.34218e+06
151,153,29.058,901038,-5.34218e+06
152,149,29.058,900856,-5.34225e+06
152,899,29.058,900856,-5.34225e+06
152,153,29.058,900856,-5.34225e+06
873,872,29.058,903939,-5.34264e+06
873,495,29.058,903939,-5.34264e+06
873,862,29.058,903939,-5.34264e+06
274,497,29.058,914835,-5.33709e+06
274,1076,29.058,914835,-5.33709e+06
274,421,29.058,914835,-5.33709e+06
153,151,29.058,901165,-5.34209e+06
153,1031,29.058,901165,-5.34209e+06
153,152,29.058,901165,-5.34209e+06
154,684,29.058,901341,-5.34178e+06
154,1120,29.058,901341,-5.34178e+06
154,1174,29.058,901341,-5.34178e+06
1167,722,29.058,900575,-5.34148e+06
1167,1168,29.058,900575,-5.34148e+06
1167,163,29.058,900575,-5.34148e+06
284,285,29.058,909966,-5.34075e+06
155,156,29.058,901929,-5.34142e+06
155,812,29.058,901929,-5.34142e+06
155,1140,29.058,901929,-5.34142e+06
156,155,29.058,901897,-5.34137e+06
156,812,29.058,901897,-5.34137e+06
156,1150,29.058,901897,-5.34137e+06
877,878,29.058,884799,-5.34883e+06
1153,965,29.058,895280,-5.34436e+06
1153,958,29.058,895280,-5.34436e+06
1153,459,29.058,895280,-5.34436e+06
278,50,29.058,912516,-5.3392e+06
278,992,29.058,912516,-5.3392e+06
278,687,29.058,912516,-5.3392e+06
157,1292,29.058,902009,-5.3413e+06
157,815,29.058,902009,-5.3413e+06
157,1062,29.058,902009,-5.3413e+06
158,1150,29.058,901903,-5.34129e+06
272,273,29.058,914724,-5.33709e+06
159,160,29.058,901308,-5.34139e+06
159,784,29.058,901308,-5.34139e+06
159,1062,29.058,901308,-5.34139e+06
160,159,29.058,901207,-5.34141e+06
160,1319,29.058,901207,-5.34141e+06
160,1300,29.058,901207,-5.34141e+06
817,88,29.058,911303,-5.33872e+06
817,395,29.058,911303,-5.33872e+06
817,770,29.058,911303,-5.33872e+06
1334,1310,29.058,901615,-5.34159e+06
161,162,29.058,901401,-5.34137e+06
161,782,29.058,901401,-5.34137e+06
161,1150,29.058,901401,-5.34137e+06
976,977,29.058,888682,-5.34578e+06
976,844,29.058,888682,-5.34578e+06
976,849,29.058,888682,-5.34578e+06
976,1366,29.058,888682,-5.34578e+06
162,161,29.058,900828,-5.34151e+06
162,785,29.058,900828,-5.34151e+06
162,163,29.058,900828,-5.34151e+06
1111,576,29.058,874786,-5.351e+06
292,293,29.058,897388,-5.34218e+06
163,1167,29.058,900643,-5.3415e+06
163,722,29.058,900643,-5.3415e+06
163,162,29.058,900643,-5.3415e+06
164,602,29.058,900533,-5.34142e+06
164,1298,29.058,900533,-5.34142e+06
164,722,29.058,900533,-5.34142e+06
821,822,29.058,915719,-5.3376e+06
165,1055,29.058,900578,-5.34136e+06
165,1308,29.058,900578,-5.34136e+06
165,1,29.058,900578,-5.34136e+06
980,979,29.058,883768,-5.34911e+06
980,401,29.058,883768,-5.34911e+06
980,646,29.058,883768,-5.34911e+06
166,1,29.058,900534,-5.3413e+06
166,168,29.058,900534,-5.3413e+06
166,433,29.058,900534,-5.3413e+06
1332,1261,29.058,889183,-5.34589e+06
167,432,29.058,900459,-5.34126e+06
167,1107,29.058,900459,-5.34126e+06
167,2,29.058,900459,-5.34126e+06
168,432,29.058,900440,-5.34129e+06
168,3,29.058,900440,-5.34129e+06
168,166,29.058,900440,-5.34129e+06
825,824,29.058,915715,-5.3376e+06
290,707,29.058,900058,-5.34383e+06
290,197,29.058,900058,-5.34383e+06
290,903,29.058,900058,-5.34383e+06
1342,1308,29.058,900244,-5.34124e+06
169,826,29.058,915293,-5.33769e+06
169,743,29.058,915293,-5.33769e+06
169,101,29.058,915293,-5.33769e+06
984,983,29.058,901482,-5.34166e+06
984,1141,29.058,901482,-5.34166e+06
984,1143,29.058,901482,-5.34166e+06
170,192,29.058,888041,-5.34769e+06
170,701,29.058,888041,-5.34769e+06
170,630,29.058,888041,-5.34769e+06
1119,463,29.058,897907,-5.34403e+06
300,301,29.058,886003,-5.34564e+06
300,660,29.058,886003,-5.34564e+06
300,682,29.058,886003,-5.34564e+06
171,175,29.058,886528,-5.3481e+06
171,935,29.058,886528,-5.3481e+06
171,630,29.058,886528,-5.3481e+06
172,173,29.058,883509,-5.34898e+06
172,644,29.058,883509,-5.34898e+06
172,325,29.058,883509,-5.34898e+06
829,830,29.058,915476,-5.33768e+06
1105,1106,29.058,899871,-5.34148e+06
1105,1012,29.058,899871,-5.34148e+06
1105,1104,29.058,899871,-5.34148e+06
294,1009,29.058,897467,-5.34216e+06
173,172,29.058,883811,-5.34883e+06
173,267,29.058,883811,-5.34883e+06
173,82,29.058,883811,-5.34883e+06
988,987,29.058,914261,-5.33865e+06
174,683,29.058,885969,-5.34818e+06
174,970,29.058,885969,-5.34818e+06
174,75,29.058,885969,-5.34818e+06
288,619,29.058,916793,-5.33762e+06
288,620,29.058,916793,-5.33762e+06
288,954,29.058,916793,-5.33762e+06
1340,1339,29.058,898169,-5.34284e+06
1340,353,29.058,898169,-5.34284e+06
1340,356,29.058,898169,-5.34284e+06
1340,1370,29.058,898169,-5.34284e+06
175,555,29.058,886179,-5.34815e+06
175,171,29.058,886179,-5.34815e+06
175,557,29.058,886179,-5.34815e+06
176,557,29.058,886217,-5.34811e+06
769,768,29.058,882239,-5.34641e+06
298,299,29.058,890329,-5.34446e+06
298,673,29.058,890329,-5.34446e+06
298,441,29.058,890329,-5.34446e+06
1286,724,29.058,901420,-5.34184e+06
1286,1246,29.058,901420,-5.34184e+06
1286,1384,29.058,901420,-5.34184e+06
177,647,29.058,883676,-5.34887e+06
177,325,29.058,883676,-5.34887e+06
177,438,29.058,883676,-5.34887e+06
178,179,29.058,884621,-5.34858e+06
1191,648,29.058,894042,-5.34524e+06
308,307,29.058,897893,-5.34401e+06
179,83,29.058,884612,-5.34857e+06
179,178,29.058,884612,-5.34857e+06
179,376,29.058,884612,-5.34857e+06
180,181,29.058,885646,-5.34825e+06
773,772,29.058,882159,-5.34645e+06
773,767,29.058,882159,-5.34645e+06
773,776,29.058,882159,-5.34645e+06
1113,961,29.058,882067,-5.34923e+06
1113,1344,29.058,882067,-5.34923e+06
1113,1100,29.058,882067,-5.34923e+06
302,716,29.058,895163,-5.34491e+06
302,653,29.058,895163,-5.34491e+06
302,303,29.058,895163,-5.34491e+06
181,180,29.058,885071,-5.34841e+06
181,74,29.058,885071,-5.34841e+06
181,568,29.058,885071,-5.34841e+06
182,267,29.058,884834,-5.34847e+06
182,83,29.058,884834,-5.34847e+06
182,75,29.058,884834,-5.34847e+06
296,295,29.058,894117,-5.34325e+06
296,662,29.058,894117,-5.34325e+06
296,766,29.058,894117,-5.34325e+06
1284,1285,29.058,899847,-5.34149e+06
183,184,29.058,907032,-5.34091e+06
184,183,29.058,907080,-5.34089e+06
184,375,29.058,907080,-5.34089e+06
184,981,29.058,907080,-5.34089e+06
777,768,29.058,882222,-5.34644e+06
777,1045,29.058,882222,-5.34644e+06
777,680,29.058,882222,-5.34644e+06
306,307,29.058,898426,-5.34383e+06
306,460,29.058,898426,-5.34383e+06
306,463,29.058,898426,-5.34383e+06
1294,764,29.058,878327,-5.35082e+06
185,186,29.058,883471,-5.34922e+06
185,187,29.058,883471,-5.34922e+06
185,84,29.058,883471,-5.34922e+06
186,185,29.058,883589,-5.34918e+06
186,1109,29.058,883589,-5.34918e+06
186,1071,29.058,883589,-5.34918e+06
1199,373,29.058,912641,-5.33983e+06
1199,982,29.058,912641,-5.33983e+06
1199,287,29.058,912641,-5.33983e+06
316,317,29.058,890024,-5.34569e+06
316,1261,29.058,890024,-5.34569e+06
316,458,29.058,890024,-5.34569e+06
187,48,29.058,883483,-5.34922e+06
187,185,29.058,883483,-5.34922e+06
187,84,29.058,883483,-5.34922e+06
188,29,29.058,899756,-5.3434e+06
781,656,29.058,914453,-5.33765e+06
781,750,29.058,914453,-5.33765e+06
781,637,29.058,914453,-5.33765e+06
1185,313,29.058,894083,-5.34526e+06
310,309,29.058,897316,-5.34423e+06
310,469,29.058,897316,-5.34423e+06
310,463,29.058,897316,-5.34423e+06
189,70,29.058,900247,-5.34325e+06
189,335,29.058,900247,-5.34325e+06
189,71,29.058,900247,-5.34325e+06
190,191,29.058,899521,-5.34341e+06
190,321,29.058,899521,-5.34341e+06
190,963,29.058,899521,-5.34341e+06
304,1271,29.058,895817,-5.34468e+06
304,305,29.058,895817,-5.34468e+06
304,716,29.058,895817,-5.34468e+06
1292,157,29.058,902008,-5.34126e+06
191,964,29.058,899514,-5.34341e+06
191,190,29.058,899514,-5.34341e+06
191,322,29.058,899514,-5.34341e+06
192,170,29.058,888157,-5.34766e+06
849,850,29.058,888725,-5.34576e+06
849,976,29.058,888725,-5.34576e+06
849,264,29.058,888725,-5.34576e+06
378,377,29.058,881202,-5.34992e+06
1366,976,29.058,888697,-5.34578e+06
193,713,29.058,888140,-5.34767e+06
194,711,29.058,892896,-5.34622e+06
194,693,29.058,892896,-5.34622e+06
194,203,29.058,892896,-5.34622e+06
1271,304,29.058,895813,-5.34468e+06
324,5,29.058,899375,-5.34349e+06
195,512,29.058,889230,-5.34744e+06
196,291,29.058,900426,-5.34372e+06
196,621,29.058,900426,-5.34372e+06
196,757,29.058,900426,-5.34372e+06
853,538,29.058,918383,-5.33766e+06
1257,1258,29.058,891154,-5.34419e+06
382,383,29.058,903418,-5.34124e+06
197,290,29.058,899168,-5.34408e+06
197,919,29.058,899168,-5.34408e+06
197,754,29.058,899168,-5.34408e+06
198,201,29.058,897888,-5.34451e+06
376,179,29.058,884627,-5.34857e+06
376,565,29.058,884627,-5.34857e+06
376,566,29.058,884627,-5.34857e+06
1364,1241,29.058,899224,-5.34167e+06
199,1272,29.058,898784,-5.3442e+06
199,289,29.058,898784,-5.3442e+06
199,621,29.058,898784,-5.3442e+06
200,201,29.058,897843,-5.34449e+06
857,856,29.058,915717,-5.33726e+06
322,191,29.058,899566,-5.34339e+06
1374,119,29.058,887020,-5.34813e+06
201,200,29.058,897752,-5.34453e+06
201,198,29.058,897752,-5.34453e+06
201,289,29.058,897752,-5.34453e+06
202,1272,29.058,897878,-5.34449e+06
1279,1117,29.058,897894,-5.34405e+06
332,331,29.058,899108,-5.34355e+06
203,204,29.058,897405,-5.34469e+06
203,919,29.058,897405,-5.34469e+06
203,194,29.058,897405,-5.34469e+06
204,203,29.058,897827,-5.34453e+06
204,205,29.058,897827,-5.34453e+06
204,578,29.058,897827,-5.34453e+06
861,860,29.058,917915,-5.33656e+06
1265,1117,29.058,897934,-5.34406e+06
326,135,29.058,892440,-5.34586e+06
205,204,29.058,897870,-5.34452e+06
206,207,29.058,897893,-5.34451e+06
320,321,29.058,899715,-5.34335e+06
1372,544,29.058,883352,-5.34722e+06
207,206,29.058,897919,-5.3445e+06
207,578,29.058,897919,-5.3445e+06
207,919,29.058,897919,-5.3445e+06
208,255,29.058,883054,-5.34737e+06
208,213,29.058,883054,-5.34737e+06
208,215,29.058,883054,-5.34737e+06
929,79,29.058,897896,-5.34324e+06
330,1216,29.058,898866,-5.34359e+06
330,335,29.058,898866,-5.34359e+06
330,331,29.058,898866,-5.34359e+06
209,210,29.058,883315,-5.34756e+06
209,227,29.058,883315,-5.34756e+06
209,447,29.058,883315,-5.34756e+06
210,481,29.058,883346,-5.34752e+06
210,209,29.058,883346,-5.34752e+06
210,219,29.058,883346,-5.34752e+06
1223,1151,29.058,901321,-5.34192e+06
1223,1237,29.058,901321,-5.34192e+06
1223,1316,29.058,901321,-5.34192e+06
340,842,29.058,891013,-5.34503e+06
340,634,29.058,891013,-5.34503e+06
340,586,29.058,891013,-5.34503e+06
549,1093,29.058,884677,-5.34627e+06
549,546,29.058,884677,-5.34627e+06
549,253,29.058,884677,-5.34627e+06
211,212,29.058,882062,-5.34786e+06
211,217,29.058,882062,-5.34786e+06
211,454,29.058,882062,-5.34786e+06
212,211,29.058,882523,-5.34771e+06
212,221,29.058,882523,-5.34771e+06
212,487,29.058,882523,-5.34771e+06
933,934,29.058,884438,-5.34892e+06
933,1002,29.058,884438,-5.34892e+06
933,1070,29.058,884438,-5.34892e+06
1273,445,29.058,875053,-5.35087e+06
1273,233,29.058,875053,-5.35087e+06
1273,576,29.058,875053,-5.35087e+06
334,333,29.058,899128,-5.34355e+06
334,460,29.058,899128,-5.34355e+06
334,1065,29.058,899128,-5.34355e+06
213,214,29.058,882972,-5.34752e+06
213,208,29.058,882972,-5.34752e+06
213,485,29.058,882972,-5.34752e+06
214,213,29.058,882939,-5.34753e+06
328,327,29.058,907112,-5.34085e+06
328,1004,29.058,907112,-5.34085e+06
328,947,29.058,907112,-5.34085e+06
328,38,29.058,907112,-5.34085e+06
215,220,29.058,882988,-5.3475e+06
215,485,29.058,882988,-5.3475e+06
215,208,29.058,882988,-5.3475e+06
216,225,29.058,883931,-5.34722e+06
937,936,29.058,885907,-5.34823e+06
937,939,29.058,885907,-5.34823e+06
937,970,29.058,885907,-5.34823e+06
338,51,29.058,952381,-5.32643e+06
217,482,29.058,883180,-5.3475e+06
217,211,29.058,883180,-5.3475e+06
217,483,29.058,883180,-5.3475e+06
218,219,29.058,883583,-5.34736e+06
218,225,29.058,883583,-5.34736e+06
218,482,29.058,883583,-5.34736e+06
1231,91,29.058,919920,-5.33589e+06
348,534,29.058,896427,-5.34336e+06
557,176,29.058,885882,-5.34819e+06
557,82,29.058,885882,-5.34819e+06
557,175,29.058,885882,-5.34819e+06
219,218,29.058,883241,-5.34748e+06
219,484,29.058,883241,-5.34748e+06
219,210,29.058,883241,-5.34748e+06
220,486,29.058,883042,-5.34751e+06
220,215,29.058,883042,-5.34751e+06
220,481,29.058,883042,-5.34751e+06
941,770,29.058,912299,-5.33836e+06
1217,1155,29.058,895441,-5.34424e+06
1217,1114,29.058,895441,-5.34424e+06
1217,885,29.058,895441,-5.34424e+06
342,344,29.058,893049,-5.34438e+06
342,634,29.058,893049,-5.34438e+06
342,810,29.058,893049,-5.34438e+06
221,212,29.058,883183,-5.34752e+06
221,951,29.058,883183,-5.34752e+06
221,480,29.058,883183,-5.34752e+06
222,223,29.058,883771,-5.34728e+06
222,483,29.058,883771,-5.34728e+06
222,402,29.058,883771,-5.34728e+06
336,69,29.058,899984,-5.34333e+06
336,958,29.058,899984,-5.34333e+06
336,30,29.058,899984,-5.34333e+06
545,444,29.058,883833,-5.34681e+06
545,252,29.058,883833,-5.34681e+06
545,253,29.058,883833,-5.34681e+06
223,222,29.058,883934,-5.34722e+06
224,225,29.058,883455,-5.34737e+06
881,880,29.058,893707,-5.34492e+06
881,1032,29.058,893707,-5.34492e+06
881,884,29.058,893707,-5.34492e+06
282,528,29.058,911591,-5.33948e+06
282,281,29.058,911591,-5.33948e+06
282,522,29.058,911591,-5.33948e+06
225,224,29.058,883753,-5.34729e+06
225,218,29.058,883753,-5.34729e+06
225,216,29.058,883753,-5.34729e+06
226,480,29.058,881128,-5.34836e+06
226,1266,29.058,881128,-5.34836e+06
226,229,29.058,881128,-5.34836e+06
1175,1174,29.058,901280,-5.34176e+06
356,357,29.058,898213,-5.34282e+06
356,1340,29.058,898213,-5.34282e+06
356,352,29.058,898213,-5.34282e+06
227,230,29.058,881143,-5.34836e+06
227,209,29.058,881143,-5.34836e+06
227,1268,29.058,881143,-5.34836e+06
228,229,29.058,880273,-5.34867e+06
885,949,29.058,892944,-5.34522e+06
885,882,29.058,892944,-5.34522e+06
885,1217,29.058,892944,-5.34522e+06
1161,254,29.058,882932,-5.34735e+06
286,741,29.058,912808,-5.33978e+06
286,509,29.058,912808,-5.33978e+06
286,1036,29.058,912808,-5.33978e+06
229,228,29.058,879733,-5.34886e+06
229,448,29.058,879733,-5.34886e+06
229,226,29.058,879733,-5.34886e+06
230,231,29.058,879623,-5.3489e+06
230,227,29.058,879623,-5.3489e+06
230,1207,29.058,879623,-5.3489e+06
280,995,29.058,911899,-5.33939e+06
280,992,29.058,911899,-5.33939e+06
280,279,29.058,911899,-5.33939e+06
280,528,29.058,911899,-5.33939e+06
231,230,29.058,880284,-5.34868e+06
232,233,29.058,875793,-5.35046e+06
232,847,29.058,875793,-5.35046e+06
232,527,29.058,875793,-5.35046e+06
889,1148,29.058,899741,-5.34266e+06
889,1149,29.058,899741,-5.34266e+06
889,1200,29.058,899741,-5.34266e+06
354,353,29.058,897787,-5.34294e+06
354,352,29.058,897787,-5.34294e+06
354,535,29.058,897787,-5.34294e+06
233,232,29.058,875945,-5.35046e+06
233,527,29.058,875945,-5.35046e+06
233,1273,29.058,875945,-5.35046e+06
234,235,29.058,876052,-5.35037e+06
234,848,29.058,876052,-5.35037e+06
234,446,29.058,876052,-5.35037e+06
1183,1184,29.058,892359,-5.34552e+06
364,360,29.058,899056,-5.34261e+06
235,234,29.058,875921,-5.35037e+06
235,446,29.058,875921,-5.35037e+06
235,1207,29.058,875921,-5.35037e+06
236,237,29.058,876285,-5.3508e+06
236,916,29.058,876285,-5.3508e+06
236,1377,29.058,876285,-5.3508e+06
893,894,29.058,901068,-5.34214e+06
893,892,29.058,901068,-5.34214e+06
893,1146,29.058,901068,-5.34214e+06
1169,1065,29.058,899161,-5.34354e+06
358,359,29.058,898489,-5.34276e+06
358,350,29.058,898489,-5.34276e+06
358,349,29.058,898489,-5.34276e+06
237,236,29.058,876249,-5.35081e+06
238,239,29.058,876691,-5.35076e+06
238,445,29.058,876691,-5.35076e+06
238,1260,29.058,876691,-5.35076e+06
352,361,29.058,898503,-5.34275e+06
352,354,29.058,898503,-5.34275e+06
352,356,29.058,898503,-5.34275e+06
239,240,29.058,878224,-5.35053e+06
239,238,29.058,878224,-5.35053e+06
239,243,29.058,878224,-5.35053e+06
240,239,29.058,878275,-5.35052e+06
240,241,29.058,878275,-5.35052e+06
240,450,29.058,878275,-5.35052e+06
833,834,29.058,884411,-5.3463e+06
362,359,29.058,899034,-5.34263e+06
362,363,29.058,899034,-5.34263e+06
362,959,29.058,899034,-5.34263e+06
1350,1329,29.058,923925,-5.33557e+06
241,240,29.058,878265,-5.35056e+06
242,243,29.058,878351,-5.35054e+06
242,245,29.058,878351,-5.35054e+06
242,1267,29.058,878351,-5.35054e+06
1255,1256,29.058,891155,-5.3442e+06
1255,1259,29.058,891155,-5.3442e+06
1255,1254,29.058,891155,-5.3442e+06
1255,1348,29.058,891155,-5.3442e+06
372,373,29.058,913273,-5.33961e+06
243,242,29.058,878752,-5.3505e+06
243,239,29.058,878752,-5.3505e+06
243,249,29.058,878752,-5.3505e+06
244,916,29.058,878163,-5.35053e+06
244,915,29.058,878163,-5.35053e+06
244,248,29.058,878163,-5.35053e+06
837,838,29.058,896369,-5.34385e+06
837,329,29.058,896369,-5.34385e+06
837,1320,29.058,896369,-5.34385e+06
1177,614,29.058,894259,-5.34471e+06
1177,1037,29.058,894259,-5.34471e+06
1177,884,29.058,894259,-5.34471e+06
366,365,29.058,900325,-5.34223e+06
366,1322,29.058,900325,-5.34223e+06
366,427,29.058,900325,-5.34223e+06
245,242,29.058,878241,-5.35057e+06
246,1075,29.058,878824,-5.35039e+06
360,361,29.058,899013,-5.34262e+06
360,364,29.058,899013,-5.34262e+06
360,1240,29.058,899013,-5.34262e+06
1348,1255,29.058,891143,-5.3442e+06
247,248,29.058,878823,-5.35039e+06
248,247,29.058,878643,-5.35044e+06
248,1075,29.058,878643,-5.35044e+06
248,244,29.058,878643,-5.35044e+06
841,705,29.058,896278,-5.34388e+06
370,258,29.058,886862,-5.34649e+06
370,318,29.058,886862,-5.34649e+06
370,257,29.058,886862,-5.34649e+06
1358,1194,29.058,898162,-5.34285e+06
249,453,29.058,878324,-5.35079e+06
249,1328,29.058,878324,-5.35079e+06
249,243,29.058,878324,-5.35079e+06
250,917,29.058,878367,-5.35077e+06
250,764,29.058,878367,-5.35077e+06
250,915,29.058,878367,-5.35077e+06
1263,1264,29.058,875365,-5.34992e+06
1263,1262,29.058,875365,-5.34992e+06
1263,1112,29.058,875365,-5.34992e+06
380,381,29.058,902328,-5.34158e+06
251,514,29.058,885606,-5.34571e+06
251,677,29.058,885606,-5.34571e+06
251,723,29.058,885606,-5.34571e+06
252,253,29.058,884462,-5.3466e+06
252,1129,29.058,884462,-5.3466e+06
252,545,29.058,884462,-5.3466e+06
845,633,29.058,888688,-5.34579e+06
1249,1248,29.058,902025,-5.34136e+06
374,918,29.058,904811,-5.34237e+06
374,855,29.058,904811,-5.34237e+06
374,510,29.058,904811,-5.34237e+06
253,252,29.058,884778,-5.34648e+06
253,545,29.058,884778,-5.34648e+06
253,549,29.058,884778,-5.34648e+06
254,1161,29.058,883051,-5.34724e+06
254,255,29.058,883051,-5.34724e+06
254,548,29.058,883051,-5.34724e+06
368,367,29.058,899883,-5.34237e+06
1356,1355,29.058,909858,-5.34052e+06
255,208,29.058,883104,-5.34728e+06
255,254,29.058,883104,-5.34728e+06
255,802,29.058,883104,-5.34728e+06
257,369,29.058,885686,-5.34678e+06
257,686,29.058,885686,-5.34678e+06
257,370,29.058,885686,-5.34678e+06
688,1138,29.058,899698,-5.34153e+06
688,1011,29.058,899698,-5.34153e+06
688,1244,29.058,899698,-5.34153e+06
259,258,29.058,885972,-5.34672e+06
259,654,29.058,885972,-5.34672e+06
259,950,29.058,885972,-5.34672e+06
261,262,29.058,887025,-5.34625e+06
692,693,29.058,889309,-5.34742e+06
263,262,29.058,886839,-5.34631e+06
265,586,29.058,888689,-5.34579e+06
696,697,29.058,874450,-5.35021e+06
267,173,29.058,883447,-5.34895e+06
267,182,29.058,883447,-5.34895e+06
267,563,29.058,883447,-5.34895e+06
269,268,29.058,883634,-5.34905e+06
269,1162,29.058,883634,-5.34905e+06
269,271,29.058,883634,-5.34905e+06
700,699,29.058,887437,-5.34794e+06
700,712,29.058,887437,-5.34794e+06
700,607,29.058,887437,-5.34794e+06
271,270,29.058,883625,-5.34902e+06
271,644,29.058,883625,-5.34902e+06
271,269,29.058,883625,-5.34902e+06
273,272,29.058,914814,-5.33705e+06
273,638,29.058,914814,-5.33705e+06
273,414,29.058,914814,-5.33705e+06
640,641,29.058,883549,-5.34901e+06
640,438,29.058,883549,-5.34901e+06
640,1293,29.058,883549,-5.34901e+06
275,276,29.058,903002,-5.34295e+06
275,920,29.058,903002,-5.34295e+06
275,906,29.058,903002,-5.34295e+06
277,862,29.058,904707,-5.3424e+06
277,495,29.058,904707,-5.3424e+06
277,966,29.058,904707,-5.3424e+06
644,172,29.058,883574,-5.349e+06
644,271,29.058,883574,-5.349e+06
644,268,29.058,883574,-5.349e+06
279,280,29.058,911896,-5.3394e+06
279,992,29.058,911896,-5.3394e+06
279,1000,29.058,911896,-5.3394e+06
281,282,29.058,911934,-5.33933e+06
648,649,29.058,894150,-5.34521e+06
648,720,29.058,894150,-5.34521e+06
648,1191,29.058,894150,-5.34521e+06
283,510,29.058,909288,-5.34098e+06
283,595,29.058,909288,-5.34098e+06
283,962,29.058,909288,-5.34098e+06
285,284,29.058,909976,-5.34075e+06
285,922,29.058,909976,-5.34075e+06
285,595,29.058,909976,-5.34075e+06
285,598,29.058,909976,-5.34075e+06
652,651,29.058,890181,-5.34681e+06
652,129,29.058,890181,-5.34681e+06
652,1186,29.058,890181,-5.34681e+06
287,1199,29.058,913952,-5.33937e+06
287,737,29.058,913952,-5.33937e+06
287,537,29.058,913952,-5.33937e+06
289,199,29.058,897383,-5.3447e+06
289,201,29.058,897383,-5.3447e+06
289,512,29.058,897383,-5.3447e+06
592,591,29.058,909963,-5.34074e+06
592,593,29.058,909963,-5.34074e+06
592,590,29.058,909963,-5.34074e+06
291,196,29.058,900814,-5.34361e+06
291,902,29.058,900814,-5.34361e+06
291,911,29.058,900814,-5.34361e+06
293,292,29.058,897441,-5.34216e+06
596,595,29.058,909967,-5.34076e+06
295,296,29.058,894056,-5.34327e+06
295,439,29.058,894056,-5.34327e+06
295,662,29.058,894056,-5.34327e+06
297,632,29.058,894070,-5.34326e+06
297,579,29.058,894070,-5.34326e+06
297,1270,29.058,894070,-5.34326e+06
600,424,29.058,902255,-5.34162e+06
299,298,29.058,889490,-5.34471e+06
299,1312,29.058,889490,-5.34471e+06
299,745,29.058,889490,-5.34471e+06
301,300,29.058,885562,-5.34575e+06
301,678,29.058,885562,-5.34575e+06
301,551,29.058,885562,-5.34575e+06
604,58,29.058,889351,-5.3473e+06
303,779,29.058,895719,-5.34475e+06
303,1204,29.058,895719,-5.34475e+06
303,302,29.058,895719,-5.34475e+06
305,304,29.058,895266,-5.34488e+06
305,470,29.058,895266,-5.34488e+06
305,649,29.058,895266,-5.34488e+06
672,671,29.058,893695,-5.3434e+06
672,662,29.058,893695,-5.3434e+06
672,668,29.058,893695,-5.3434e+06
307,306,29.058,898040,-5.34397e+06
307,308,29.058,898040,-5.34397e+06
307,1178,29.058,898040,-5.34397e+06
309,310,29.058,897866,-5.34402e+06
676,675,29.058,891224,-5.34418e+06
676,1259,29.058,891224,-5.34418e+06
676,441,29.058,891224,-5.34418e+06
311,4,29.058,898324,-5.34388e+06
311,472,29.058,898324,-5.34388e+06
311,1117,29.058,898324,-5.34388e+06
313,312,29.058,894124,-5.34525e+06
313,1185,29.058,894124,-5.34525e+06
313,653,29.058,894124,-5.34525e+06
680,547,29.058,883503,-5.34639e+06
680,682,29.058,883503,-5.34639e+06
680,777,29.058,883503,-5.34639e+06
315,314,29.058,895844,-5.34468e+06
317,316,29.058,889767,-5.34575e+06
684,154,29.058,901372,-5.3418e+06
684,1246,29.058,901372,-5.3418e+06
684,516,29.058,901372,-5.3418e+06
319,318,29.058,889072,-5.34594e+06
321,320,29.058,899615,-5.3434e+06
321,190,29.058,899615,-5.3434e+06
321,29,29.058,899615,-5.3434e+06
752,751,29.058,913159,-5.33793e+06
752,101,29.058,913159,-5.33793e+06
752,750,29.058,913159,-5.33793e+06
323,44,29.058,900133,-5.34321e+06
325,177,29.058,883118,-5.34902e+06
325,554,29.058,883118,-5.34902e+06
325,172,29.058,883118,-5.34902e+06
756,707,29.058,900082,-5.34383e+06
327,328,29.058,907116,-5.34085e+06
329,146,29.058,896765,-5.3437e+06
329,142,29.058,896765,-5.3437e+06
329,837,29.058,896765,-5.3437e+06
760,621,29.058,900021,-5.34381e+06
760,759,29.058,900021,-5.34381e+06
760,757,29.058,900021,-5.34381e+06
331,332,29.058,899122,-5.34355e+06
331,1065,29.058,899122,-5.34355e+06
331,330,29.058,899122,-5.34355e+06
333,334,29.058,899112,-5.34355e+06
764,1294,29.058,878328,-5.35082e+06
764,763,29.058,878328,-5.35082e+06
764,250,29.058,878328,-5.35082e+06
335,189,29.058,900103,-5.3433e+06
335,465,29.058,900103,-5.3433e+06
335,330,29.058,900103,-5.3433e+06
1062,1061,29.058,901589,-5.34132e+06
1062,159,29.058,901589,-5.34132e+06
1062,157,29.058,901589,-5.34132e+06
337,491,29.058,952381,-5.32643e+06
704,703,29.058,892436,-5.3455e+06
339,343,29.058,892395,-5.34459e+06
339,423,29.058,892395,-5.34459e+06
339,835,29.058,892395,-5.34459e+06
341,343,29.058,894024,-5.34409e+06
341,635,29.058,894024,-5.34409e+06
341,808,29.058,894024,-5.34409e+06
708,461,29.058,892195,-5.34597e+06
708,651,29.058,892195,-5.34597e+06
708,717,29.058,892195,-5.34597e+06
1060,815,29.058,901981,-5.3414e+06
1060,1248,29.058,901981,-5.3414e+06
1060,1063,29.058,901981,-5.3414e+06
343,339,29.058,893110,-5.34436e+06
343,341,29.058,893110,-5.34436e+06
343,808,29.058,893110,-5.34436e+06
344,342,29.058,893984,-5.3441e+06
344,346,29.058,893984,-5.3441e+06
344,810,29.058,893984,-5.3441e+06
553,554,29.058,883047,-5.34903e+06
553,599,29.058,883047,-5.34903e+06
553,563,29.058,883047,-5.34903e+06
1070,1069,29.058,884101,-5.34902e+06
1070,933,29.058,884101,-5.34902e+06
1070,1109,29.058,884101,-5.34902e+06
345,1126,29.058,894991,-5.34378e+06
345,635,29.058,894991,-5.34378e+06
345,536,29.058,894991,-5.34378e+06
712,701,29.058,888009,-5.34771e+06
712,713,29.058,888009,-5.34771e+06
712,700,29.058,888009,-5.34771e+06
346,347,29.058,895032,-5.34377e+06
346,344,29.058,895032,-5.34377e+06
346,636,29.058,895032,-5.34377e+06
347,346,29.058,895154,-5.34374e+06
347,636,29.058,895154,-5.34374e+06
347,1359,29.058,895154,-5.34374e+06
349,1194,29.058,897883,-5.34291e+06
349,358,29.058,897883,-5.34291e+06
349,534,29.058,897883,-5.34291e+06
716,302,29.058,895807,-5.34471e+06
716,710,29.058,895807,-5.34471e+06
716,304,29.058,895807,-5.34471e+06
1225,392,29.058,909369,-5.33934e+06
350,1194,29.058,898240,-5.34283e+06
350,351,29.058,898240,-5.34283e+06
350,358,29.058,898240,-5.34283e+06
1068,266,29.058,881162,-5.34994e+06
351,350,29.058,898193,-5.34284e+06
353,1340,29.058,898101,-5.34285e+06
353,354,29.058,898101,-5.34285e+06
353,355,29.058,898101,-5.34285e+06
656,657,29.058,913081,-5.33809e+06
656,88,29.058,913081,-5.33809e+06
656,781,29.058,913081,-5.33809e+06
355,353,29.058,898151,-5.34283e+06
357,356,29.058,898175,-5.34283e+06
660,300,29.058,886711,-5.34545e+06
660,1028,29.058,886711,-5.34545e+06
660,661,29.058,886711,-5.34545e+06
359,358,29.058,898800,-5.34268e+06
359,362,29.058,898800,-5.34268e+06
359,367,29.058,898800,-5.34268e+06
361,352,29.058,898800,-5.34268e+06
361,360,29.058,898800,-5.34268e+06
361,427,29.058,898800,-5.34268e+06
664,663,29.058,893683,-5.34339e+06
664,668,29.058,893683,-5.34339e+06
664,632,29.058,893683,-5.34339e+06
363,362,29.058,899075,-5.34262e+06
365,366,29.058,900633,-5.34213e+06
365,558,29.058,900633,-5.34213e+06
365,1090,29.058,900633,-5.34213e+06
668,667,29.058,893653,-5.34342e+06
668,664,29.058,893653,-5.34342e+06
668,672,29.058,893653,-5.34342e+06
668,439,29.058,893653,-5.34342e+06
367,368,29.058,899626,-5.34245e+06
367,428,29.058,899626,-5.34245e+06
367,359,29.058,899626,-5.34245e+06
369,256,29.058,886570,-5.34653e+06
369,257,29.058,886570,-5.34653e+06
369,950,29.058,886570,-5.34653e+06
736,681,29.058,883446,-5.34641e+06
736,679,29.058,883446,-5.34641e+06
736,767,29.058,883446,-5.34641e+06
371,143,29.058,897694,-5.34329e+06
373,372,29.058,913257,-5.33961e+06
373,923,29.058,913257,-5.33961e+06
373,1199,29.058,913257,-5.33961e+06
373,737,29.058,913257,-5.33961e+06
740,739,29.058,913354,-5.3396e+06
740,1253,29.058,913354,-5.3396e+06
740,509,29.058,913354,-5.3396e+06
375,184,29.058,907035,-5.34091e+06
377,378,29.058,881567,-5.34981e+06
377,564,29.058,881567,-5.34981e+06
377,605,29.058,881567,-5.34981e+06
744,1188,29.058,915887,-5.3376e+06
744,824,29.058,915887,-5.3376e+06
744,66,29.058,915887,-5.3376e+06
379,429,29.058,901227,-5.34195e+06
379,424,29.058,901227,-5.34195e+06
379,503,29.058,901227,-5.34195e+06
381,380,29.058,902611,-5.34149e+06
381,726,29.058,902611,-5.34149e+06
381,503,29.058,902611,-5.34149e+06
748,749,29.058,919812,-5.3359e+06
383,382,29.058,903733,-5.34113e+06
383,385,29.058,903733,-5.34113e+06
383,726,29.058,903733,-5.34113e+06
384,725,29.058,904505,-5.34088e+06
529,1010,29.058,889659,-5.34706e+06
529,530,29.058,889659,-5.34706e+06
529,126,29.058,889659,-5.34706e+06
386,478,29.058,905915,-5.34044e+06
386,727,29.058,905915,-5.34044e+06
386,725,29.058,905915,-5.34044e+06
388,389,29.058,908878,-5.33948e+06
533,532,29.058,906958,-5.3401e+06
533,1227,29.058,906958,-5.3401e+06
533,727,29.058,906958,-5.3401e+06
390,391,29.058,908899,-5.33948e+06
392,395,29.058,909731,-5.33922e+06
392,1225,29.058,909731,-5.33922e+06
392,501,29.058,909731,-5.33922e+06
537,506,29.058,918209,-5.33771e+06
537,944,29.058,918209,-5.33771e+06
537,287,29.058,918209,-5.33771e+06
394,393,29.058,911580,-5.33861e+06
394,818,29.058,911580,-5.33861e+06
394,816,29.058,911580,-5.33861e+06
396,397,29.058,911424,-5.33867e+06
396,393,29.058,911424,-5.33867e+06
396,1289,29.058,911424,-5.33867e+06
541,506,29.058,918044,-5.33764e+06
541,1304,29.058,918044,-5.33764e+06
541,540,29.058,918044,-5.33764e+06
398,399,29.058,882263,-5.34958e+06
398,437,29.058,882263,-5.34958e+06
398,115,29.058,882263,-5.34958e+06
1052,1053,29.058,882143,-5.34643e+06
1052,1046,29.058,882143,-5.34643e+06
1052,1051,29.058,882143,-5.34643e+06
399,398,29.058,882195,-5.34959e+06
400,641,29.058,883610,-5.34904e+06
609,23,29.058,894426,-5.34463e+06
609,15,29.058,894426,-5.34463e+06
609,618,29.058,894426,-5.34463e+06
402,222,29.058,883403,-5.34739e+06
404,403,29.058,913259,-5.33787e+06
404,405,29.058,913259,-5.33787e+06
404,658,29.058,913259,-5.33787e+06
613,21,29.058,892451,-5.34553e+06
613,22,29.058,892451,-5.34553e+06
613,703,29.058,892451,-5.34553e+06
406,405,29.058,913518,-5.33775e+06
408,407,29.058,913469,-5.33776e+06
408,405,29.058,913469,-5.33776e+06
408,410,29.058,913469,-5.33776e+06
617,618,29.058,895365,-5.34427e+06
617,142,29.058,895365,-5.34427e+06
617,136,29.058,895365,-5.34427e+06
410,409,29.058,913477,-5.33775e+06
410,408,29.058,913477,-5.33775e+06
410,403,29.058,913477,-5.33775e+06
412,413,29.058,915204,-5.33693e+06
621,760,29.058,899248,-5.34405e+06
621,196,29.058,899248,-5.34405e+06
621,199,29.058,899248,-5.34405e+06
414,504,29.058,914510,-5.3371e+06
414,273,29.058,914510,-5.3371e+06
414,415,29.058,914510,-5.3371e+06
416,415,29.058,914546,-5.33715e+06
561,562,29.058,883534,-5.34917e+06
561,48,29.058,883534,-5.34917e+06
561,642,29.058,883534,-5.34917e+06
1078,122,29.058,886810,-5.3482e+06
417,418,29.058,914647,-5.33711e+06
720,719,29.058,894035,-5.34525e+06
720,648,29.058,894035,-5.34525e+06
720,1180,29.058,894035,-5.34525e+06
720,715,29.058,894035,-5.34525e+06
418,417,29.058,914413,-5.33727e+06
418,638,29.058,914413,-5.33727e+06
418,542,29.058,914413,-5.33727e+06
1239,260,29.058,887041,-5.34625e+06
420,419,29.058,913896,-5.33722e+06
565,376,29.058,884666,-5.34856e+06
421,422,29.058,914871,-5.33703e+06
421,496,29.058,914871,-5.33703e+06
421,274,29.058,914871,-5.33703e+06
724,1286,29.058,901272,-5.34194e+06
724,1237,29.058,901272,-5.34194e+06
724,1156,29.058,901272,-5.34194e+06
1233,834,29.058,884395,-5.34632e+06
422,419,29.058,914633,-5.33707e+06
422,421,29.058,914633,-5.33707e+06
422,413,29.058,914633,-5.33707e+06
1076,639,29.058,914630,-5.33718e+06
1076,274,29.058,914630,-5.33718e+06
1076,543,29.058,914630,-5.33718e+06
423,339,29.058,890944,-5.34505e+06
423,835,29.058,890944,-5.34505e+06
423,264,29.058,890944,-5.34505e+06
424,379,29.058,902190,-5.34164e+06
424,425,29.058,902190,-5.34164e+06
424,600,29.058,902190,-5.34164e+06
569,1099,29.058,882411,-5.34909e+06
569,1095,29.058,882411,-5.34909e+06
569,1341,29.058,882411,-5.34909e+06
426,427,29.058,899891,-5.34236e+06
1247,95,29.058,909823,-5.34008e+06
428,367,29.058,900237,-5.34226e+06
428,429,29.058,900237,-5.34226e+06
428,794,29.058,900237,-5.34226e+06
573,555,29.058,886232,-5.34811e+06
1241,1242,29.058,899241,-5.34167e+06
1241,1244,29.058,899241,-5.34167e+06
1241,1364,29.058,899241,-5.34167e+06
1241,1365,29.058,899241,-5.34167e+06
430,582,29.058,901296,-5.34194e+06
430,1139,29.058,901296,-5.34194e+06
430,1142,29.058,901296,-5.34194e+06
432,627,29.058,900644,-5.34123e+06
432,168,29.058,900644,-5.34123e+06
432,167,29.058,900644,-5.34123e+06
513,55,29.058,924815,-5.33527e+06
513,1023,29.058,924815,-5.33527e+06
513,1026,29.058,924815,-5.33527e+06
434,109,29.058,918571,-5.33633e+06
434,108,29.058,918571,-5.33633e+06
434,1125,29.058,918571,-5.33633e+06
436,437,29.058,882177,-5.3496e+06
517,559,29.058,901393,-5.34169e+06
517,787,29.058,901393,-5.34169e+06
517,1120,29.058,901393,-5.34169e+06
438,177,29.058,883510,-5.34899e+06
438,563,29.058,883510,-5.34899e+06
438,640,29.058,883510,-5.34899e+06
440,518,29.058,890421,-5.34443e+06
440,670,29.058,890421,-5.34443e+06
440,661,29.058,890421,-5.34443e+06
521,798,29.058,914163,-5.33867e+06
521,989,29.058,914163,-5.33867e+06
521,990,29.058,914163,-5.33867e+06
442,443,29.058,889725,-5.34699e+06
442,131,29.058,889725,-5.34699e+06
442,1186,29.058,889725,-5.34699e+06
444,515,29.058,883053,-5.34722e+06
444,544,29.058,883053,-5.34722e+06
444,545,29.058,883053,-5.34722e+06
525,887,29.058,900090,-5.34252e+06
446,235,29.058,875973,-5.35045e+06
446,234,29.058,875973,-5.35045e+06
446,449,29.058,875973,-5.35045e+06
448,229,29.058,878979,-5.3491e+06
448,1208,29.058,878979,-5.3491e+06
448,527,29.058,878979,-5.3491e+06
593,594,29.058,910029,-5.34072e+06
593,1007,29.058,910029,-5.34072e+06
593,592,29.058,910029,-5.34072e+06
450,240,29.058,878596,-5.35046e+06
452,449,29.058,874937,-5.35096e+06
452,451,29.058,874937,-5.35096e+06
452,574,29.058,874937,-5.35096e+06
597,598,29.058,909989,-5.34075e+06
454,211,29.058,875758,-5.3498e+06
454,550,29.058,875758,-5.3498e+06
454,697,29.058,875758,-5.3498e+06
456,457,29.058,891643,-5.34659e+06
456,1201,29.058,891643,-5.34659e+06
456,512,29.058,891643,-5.34659e+06
601,471,29.058,894215,-5.34522e+06
601,721,29.058,894215,-5.34522e+06
601,1189,29.058,894215,-5.34522e+06
458,1155,29.058,894643,-5.34452e+06
458,316,29.058,894643,-5.34452e+06
458,957,29.058,894643,-5.34452e+06
460,306,29.058,898755,-5.34369e+06
460,963,29.058,898755,-5.34369e+06
460,334,29.058,898755,-5.34369e+06
605,377,29.058,881243,-5.34991e+06
462,49,29.058,899728,-5.34339e+06
464,1118,29.058,897915,-5.34404e+06
673,674,29.058,891054,-5.34423e+06
673,298,29.058,891054,-5.34423e+06
673,1256,29.058,891054,-5.34423e+06
466,23,29.058,892705,-5.34528e+06
468,4,29.058,900485,-5.34307e+06
468,473,29.058,900485,-5.34307e+06
468,475,29.058,900485,-5.34307e+06
677,251,29.058,885001,-5.34596e+06
677,682,29.058,885001,-5.34596e+06
677,681,29.058,885001,-5.34596e+06
470,469,29.058,895921,-5.34467e+06
470,305,29.058,895921,-5.34467e+06
470,714,29.058,895921,-5.34467e+06
472,710,29.058,897361,-5.34422e+06
472,1118,29.058,897361,-5.34422e+06
472,311,29.058,897361,-5.34422e+06
681,677,29.058,884135,-5.34632e+06
681,736,29.058,884135,-5.34632e+06
681,1232,29.058,884135,-5.34632e+06
474,477,29.058,906083,-5.34121e+06
474,475,29.058,906083,-5.34121e+06
474,1059,29.058,906083,-5.34121e+06
476,1057,29.058,904723,-5.34166e+06
476,46,29.058,904723,-5.34166e+06
476,963,29.058,904723,-5.34166e+06
685,690,29.058,874247,-5.35025e+06
685,695,29.058,874247,-5.35025e+06
685,552,29.058,874247,-5.35025e+06
478,386,29.058,905620,-5.34053e+06
480,485,29.058,883290,-5.34752e+06
480,226,29.058,883290,-5.34752e+06
480,221,29.058,883290,-5.34752e+06
625,519,29.058,914892,-5.33844e+06
625,990,29.058,914892,-5.33844e+06
625,62,29.058,914892,-5.33844e+06
482,217,29.058,883563,-5.34738e+06
482,686,29.058,883563,-5.34738e+06
482,218,29.058,883563,-5.34738e+06
484,219,29.058,882679,-5.34766e+06
484,655,29.058,882679,-5.34766e+06
484,486,29.058,882679,-5.34766e+06
629,626,29.058,909281,-5.3402e+06
629,1008,29.058,909281,-5.3402e+06
629,1215,29.058,909281,-5.3402e+06
486,220,29.058,882044,-5.34787e+06
486,484,29.058,882044,-5.34787e+06
486,552,29.058,882044,-5.34787e+06
488,489,29.058,943628,-5.32925e+06
488,493,29.058,943628,-5.32925e+06
488,52,29.058,943628,-5.32925e+06
633,586,29.058,888667,-5.34579e+06
633,256,29.058,888667,-5.34579e+06
633,845,29.058,888667,-5.34579e+06
490,491,29.058,943925,-5.32916e+06
490,492,29.058,943925,-5.32916e+06
490,77,29.058,943925,-5.32916e+06
492,490,29.058,943913,-5.32917e+06
637,89,29.058,914768,-5.33755e+06
637,942,29.058,914768,-5.33755e+06
637,781,29.058,914768,-5.33755e+06
494,52,29.058,943673,-5.32922e+06
496,421,29.058,914942,-5.33702e+06
577,578,29.058,897857,-5.34451e+06
498,497,29.058,915043,-5.33699e+06
500,1227,29.058,907982,-5.33977e+06
581,580,29.058,913156,-5.33785e+06
581,761,29.058,913156,-5.33785e+06
581,751,29.058,913156,-5.33785e+06
502,133,29.058,889590,-5.34705e+06
502,702,29.058,889590,-5.34705e+06
502,134,29.058,889590,-5.34705e+06
504,1318,29.058,913870,-5.33723e+06
504,414,29.058,913870,-5.33723e+06
504,1290,29.058,913870,-5.33723e+06
585,584,29.058,900734,-5.34229e+06
506,541,29.058,918180,-5.33766e+06
506,537,29.058,918180,-5.33766e+06
506,851,29.058,918180,-5.33766e+06
508,505,29.058,918205,-5.33773e+06
508,538,29.058,918205,-5.33773e+06
508,1324,29.058,918205,-5.33773e+06
589,590,29.058,909961,-5.34074e+06
510,283,29.058,908733,-5.34116e+06
510,982,29.058,908733,-5.34116e+06
510,374,29.058,908733,-5.34116e+06
512,195,29.058,892893,-5.34622e+06
512,456,29.058,892893,-5.34622e+06
512,289,29.058,892893,-5.34622e+06
514,251,29.058,885511,-5.34557e+06
514,778,29.058,885511,-5.34557e+06
514,1066,29.058,885511,-5.34557e+06
515,444,29.058,883168,-5.34729e+06
515,447,29.058,883168,-5.34729e+06
515,1373,29.058,883168,-5.34729e+06
516,684,29.058,901318,-5.34179e+06
518,440,29.058,891935,-5.34395e+06
518,665,29.058,891935,-5.34395e+06
518,632,29.058,891935,-5.34395e+06
519,625,29.058,913546,-5.33887e+06
519,798,29.058,913546,-5.33887e+06
519,946,29.058,913546,-5.33887e+06
520,50,29.058,914893,-5.33845e+06
520,800,29.058,914893,-5.33845e+06
520,1077,29.058,914893,-5.33845e+06
522,523,29.058,910813,-5.33971e+06
522,92,29.058,910813,-5.33971e+06
522,282,29.058,910813,-5.33971e+06
523,522,29.058,909370,-5.34016e+06
523,94,29.058,909370,-5.34016e+06
523,95,29.058,909370,-5.34016e+06
524,96,29.058,909657,-5.34007e+06
524,626,29.058,909657,-5.34007e+06
524,93,29.058,909657,-5.34007e+06
526,72,29.058,917539,-5.33758e+06
526,622,29.058,917539,-5.33758e+06
526,62,29.058,917539,-5.33758e+06
527,233,29.058,875895,-5.35038e+06
527,232,29.058,875895,-5.35038e+06
527,448,29.058,875895,-5.35038e+06
528,282,29.058,911728,-5.33944e+06
528,280,29.058,911728,-5.33944e+06
528,946,29.058,911728,-5.33944e+06
530,529,29.058,889745,-5.34704e+06
531,602,29.058,900462,-5.34133e+06
531,20,29.058,900462,-5.34133e+06
531,1006,29.058,900462,-5.34133e+06
532,389,29.058,908033,-5.33975e+06
532,533,29.058,908033,-5.33975e+06
532,1227,29.058,908033,-5.33975e+06
534,636,29.058,897080,-5.34315e+06
534,348,29.058,897080,-5.34315e+06
534,349,29.058,897080,-5.34315e+06
535,536,29.058,897266,-5.34309e+06
535,354,29.058,897266,-5.34309e+06
535,913,29.058,897266,-5.34309e+06
536,535,29.058,895776,-5.34354e+06
536,635,29.058,895776,-5.34354e+06
536,345,29.058,895776,-5.34354e+06
538,853,29.058,917701,-5.33795e+06
538,508,29.058,917701,-5.33795e+06
538,509,29.058,917701,-5.33795e+06
539,505,29.058,918110,-5.33763e+06
539,507,29.058,918110,-5.33763e+06
539,1323,29.058,918110,-5.33763e+06
540,60,29.058,917914,-5.33761e+06
540,541,29.058,917914,-5.33761e+06
540,852,29.058,917914,-5.33761e+06
542,411,29.058,913987,-5.33745e+06
542,638,29.058,913987,-5.33745e+06
542,418,29.058,913987,-5.33745e+06
543,639,29.058,914096,-5.33741e+06
543,1076,29.058,914096,-5.33741e+06
543,403,29.058,914096,-5.33741e+06
544,1372,29.058,883349,-5.34721e+06
544,444,29.058,883349,-5.34721e+06
544,1371,29.058,883349,-5.34721e+06
546,547,29.058,884152,-5.34637e+06
546,834,29.058,884152,-5.34637e+06
546,549,29.058,884152,-5.34637e+06
1362,9,29.058,892350,-5.34552e+06
547,546,29.058,884210,-5.34626e+06
547,680,29.058,884210,-5.34626e+06
547,678,29.058,884210,-5.34626e+06
548,747,29.058,884621,-5.34629e+06
548,1232,29.058,884621,-5.34629e+06
548,254,29.058,884621,-5.34629e+06
1216,330,29.058,895335,-5.34438e+06
1216,1218,29.058,895335,-5.34438e+06
1216,1154,29.058,895335,-5.34438e+06
550,28,29.058,874141,-5.35028e+06
550,454,29.058,874141,-5.35028e+06
550,791,29.058,874141,-5.35028e+06
551,301,29.058,885609,-5.34549e+06
552,1112,29.058,875899,-5.34975e+06
552,685,29.058,875899,-5.34975e+06
552,486,29.058,875899,-5.34975e+06
554,553,29.058,883077,-5.34902e+06
554,325,29.058,883077,-5.34902e+06
554,1098,29.058,883077,-5.34902e+06
1370,1340,29.058,898156,-5.34284e+06
555,556,29.058,886186,-5.34812e+06
555,573,29.058,886186,-5.34812e+06
555,175,29.058,886186,-5.34812e+06
556,555,29.058,886219,-5.34811e+06
1224,558,29.058,901752,-5.34178e+06
558,731,29.058,901329,-5.34191e+06
558,365,29.058,901329,-5.34191e+06
558,1224,29.058,901329,-5.34191e+06
559,1174,29.058,901338,-5.34174e+06
559,517,29.058,901338,-5.34174e+06
559,1176,29.058,901338,-5.34174e+06
560,467,29.058,889767,-5.34576e+06
562,561,29.058,883003,-5.34936e+06
562,115,29.058,883003,-5.34936e+06
562,47,29.058,883003,-5.34936e+06
563,438,29.058,883300,-5.34901e+06
563,267,29.058,883300,-5.34901e+06
563,553,29.058,883300,-5.34901e+06
564,377,29.058,881835,-5.34972e+06
564,437,29.058,881835,-5.34972e+06
564,115,29.058,881835,-5.34972e+06
1232,681,29.058,884072,-5.34637e+06
1232,548,29.058,884072,-5.34637e+06
1232,747,29.058,884072,-5.34637e+06
566,376,29.058,884709,-5.34855e+06
567,83,29.058,884687,-5.34853e+06
567,33,29.058,884687,-5.34853e+06
567,762,29.058,884687,-5.34853e+06
568,181,29.058,885227,-5.34837e+06
570,102,29.058,920910,-5.33538e+06
571,572,29.058,882224,-5.3496e+06
572,571,29.058,882186,-5.34962e+06
572,435,29.058,882186,-5.34962e+06
572,266,29.058,882186,-5.34962e+06
1240,360,29.058,899067,-5.34261e+06
574,452,29.058,874954,-5.35095e+06
575,449,29.058,875151,-5.35089e+06
576,445,29.058,874856,-5.35098e+06
576,1111,29.058,874856,-5.35098e+06
576,1273,29.058,874856,-5.35098e+06
578,577,29.058,897891,-5.34451e+06
578,204,29.058,897891,-5.34451e+06
578,207,29.058,897891,-5.34451e+06
579,297,29.058,894512,-5.34309e+06
580,581,29.058,913423,-5.33778e+06
582,429,29.058,901103,-5.34199e+06
582,1156,29.058,901103,-5.34199e+06
582,430,29.058,901103,-5.34199e+06
583,731,29.058,901879,-5.34173e+06
583,1088,29.058,901879,-5.34173e+06
583,1122,29.058,901879,-5.34173e+06
584,585,29.058,900718,-5.34229e+06
584,1030,29.058,900718,-5.34229e+06
584,890,29.058,900718,-5.34229e+06
586,633,29.058,889181,-5.34562e+06
586,265,29.058,889181,-5.34562e+06
586,340,29.058,889181,-5.34562e+06
587,264,29.058,888250,-5.34593e+06
587,260,29.058,888250,-5.34593e+06
587,844,29.058,888250,-5.34593e+06
588,1156,29.058,901097,-5.34209e+06
588,1088,29.058,901097,-5.34209e+06
588,1029,29.058,901097,-5.34209e+06
590,511,29.058,909920,-5.34076e+06
590,589,29.058,909920,-5.34076e+06
590,592,29.058,909920,-5.34076e+06
591,592,29.058,909983,-5.34074e+06
1315,968,29.058,902440,-5.34331e+06
594,593,29.058,909982,-5.34073e+06
595,283,29.058,909927,-5.34077e+06
595,596,29.058,909927,-5.34077e+06
595,285,29.058,909927,-5.34077e+06
598,597,29.058,910027,-5.34074e+06
598,1036,29.058,910027,-5.34074e+06
598,285,29.058,910027,-5.34074e+06
599,1096,29.058,882795,-5.34906e+06
599,553,29.058,882795,-5.34906e+06
599,1097,29.058,882795,-5.34906e+06
1323,539,29.058,918303,-5.33756e+06
602,531,29.058,900507,-5.34138e+06
602,164,29.058,900507,-5.34138e+06
602,1309,29.058,900507,-5.34138e+06
603,73,29.058,918600,-5.33725e+06
603,1077,29.058,918600,-5.33725e+06
603,623,29.058,918600,-5.33725e+06
606,145,29.058,898130,-5.34316e+06
606,143,29.058,898130,-5.34316e+06
606,147,29.058,898130,-5.34316e+06
607,608,29.058,887194,-5.34805e+06
607,121,29.058,887194,-5.34805e+06
607,700,29.058,887194,-5.34805e+06
608,607,29.058,886978,-5.34814e+06
610,126,29.058,888818,-5.34738e+06
610,119,29.058,888818,-5.34738e+06
610,53,29.058,888818,-5.34738e+06
611,128,29.058,890984,-5.34648e+06
611,612,29.058,890984,-5.34648e+06
611,1351,29.058,890984,-5.34648e+06
612,611,29.058,891783,-5.34615e+06
612,19,29.058,891783,-5.34615e+06
612,1352,29.058,891783,-5.34615e+06
614,63,29.058,894903,-5.34445e+06
614,1177,29.058,894903,-5.34445e+06
614,136,29.058,894903,-5.34445e+06
615,144,29.058,897448,-5.34341e+06
615,805,29.058,897448,-5.34341e+06
615,1205,29.058,897448,-5.34341e+06
616,126,29.058,889555,-5.34707e+06
616,128,29.058,889555,-5.34707e+06
616,914,29.058,889555,-5.34707e+06
618,617,29.058,895032,-5.3444e+06
618,965,29.058,895032,-5.3444e+06
618,609,29.058,895032,-5.3444e+06
619,288,29.058,916454,-5.33763e+06
619,955,29.058,916454,-5.33763e+06
619,743,29.058,916454,-5.33763e+06
620,60,29.058,917375,-5.33753e+06
620,288,29.058,917375,-5.33753e+06
620,61,29.058,917375,-5.33753e+06
622,526,29.058,918745,-5.3372e+06
622,64,29.058,918745,-5.3372e+06
622,1025,29.058,918745,-5.3372e+06
623,624,29.058,923048,-5.33583e+06
623,1329,29.058,923048,-5.33583e+06
623,603,29.058,923048,-5.33583e+06
624,623,29.058,924864,-5.33525e+06
624,80,29.058,924864,-5.33525e+06
624,1171,29.058,924864,-5.33525e+06
626,524,29.058,908684,-5.34038e+06
626,629,29.058,908684,-5.34038e+06
626,981,29.058,908684,-5.34038e+06
627,432,29.058,900829,-5.34118e+06
628,92,29.058,909427,-5.34008e+06
630,170,29.058,887074,-5.34796e+06
630,930,29.058,887074,-5.34796e+06
630,171,29.058,887074,-5.34796e+06
631,699,29.058,887233,-5.34792e+06
631,68,29.058,887233,-5.34792e+06
631,713,29.058,887233,-5.34792e+06
632,297,29.058,893670,-5.34341e+06
632,518,29.058,893670,-5.34341e+06
632,664,29.058,893670,-5.34341e+06
634,342,29.058,892478,-5.34457e+06
634,340,29.058,892478,-5.34457e+06
634,840,29.058,892478,-5.34457e+06
635,536,29.058,894879,-5.34382e+06
635,341,29.058,894879,-5.34382e+06
635,345,29.058,894879,-5.34382e+06
636,346,29.058,895855,-5.34351e+06
636,534,29.058,895855,-5.34351e+06
636,347,29.058,895855,-5.34351e+06
638,273,29.058,914574,-5.3372e+06
638,542,29.058,914574,-5.3372e+06
638,418,29.058,914574,-5.3372e+06
639,543,29.058,914478,-5.33724e+06
639,1076,29.058,914478,-5.33724e+06
639,419,29.058,914478,-5.33724e+06
641,640,29.058,883559,-5.34904e+06
641,400,29.058,883559,-5.34904e+06
641,85,29.058,883559,-5.34904e+06
1299,1300,29.058,901273,-5.34139e+06
642,643,29.058,883586,-5.34913e+06
642,645,29.058,883586,-5.34913e+06
642,561,29.058,883586,-5.34913e+06
643,642,29.058,883428,-5.34928e+06
645,642,29.058,883581,-5.34911e+06
645,85,29.058,883581,-5.34911e+06
645,765,29.058,883581,-5.34911e+06
646,268,29.058,883609,-5.34912e+06
646,980,29.058,883609,-5.34912e+06
646,1074,29.058,883609,-5.34912e+06
647,177,29.058,883976,-5.34877e+06
647,82,29.058,883976,-5.34877e+06
647,762,29.058,883976,-5.34877e+06
649,650,29.058,894802,-5.34502e+06
649,648,29.058,894802,-5.34502e+06
649,305,29.058,894802,-5.34502e+06
1307,832,29.058,915656,-5.33762e+06
650,649,29.058,894106,-5.34524e+06
650,715,29.058,894106,-5.34524e+06
650,6,29.058,894106,-5.34524e+06
651,652,29.058,891338,-5.34633e+06
651,708,29.058,891338,-5.34633e+06
651,718,29.058,891338,-5.34633e+06
653,471,29.058,894830,-5.34501e+06
653,302,29.058,894830,-5.34501e+06
653,313,29.058,894830,-5.34501e+06
654,259,29.058,884514,-5.34708e+06
654,655,29.058,884514,-5.34708e+06
654,951,29.058,884514,-5.34708e+06
655,484,29.058,883773,-5.34731e+06
655,483,29.058,883773,-5.34731e+06
655,654,29.058,883773,-5.34731e+06
657,656,29.058,913476,-5.33796e+06
657,658,29.058,913476,-5.33796e+06
657,975,29.058,913476,-5.33796e+06
1379,1353,29.058,891272,-5.34635e+06
658,657,29.058,913617,-5.33786e+06
658,404,29.058,913617,-5.33786e+06
658,780,29.058,913617,-5.33786e+06
659,111,29.058,913388,-5.33799e+06
659,942,29.058,913388,-5.33799e+06
659,753,29.058,913388,-5.33799e+06
661,440,29.058,889400,-5.34473e+06
661,1295,29.058,889400,-5.34473e+06
661,660,29.058,889400,-5.34473e+06
662,296,29.058,893950,-5.34331e+06
662,672,29.058,893950,-5.34331e+06
662,295,29.058,893950,-5.34331e+06
663,664,29.058,893550,-5.34343e+06
665,666,29.058,891240,-5.34417e+06
665,518,29.058,891240,-5.34417e+06
665,1259,29.058,891240,-5.34417e+06
666,665,29.058,891180,-5.34418e+06
667,668,29.058,893627,-5.34342e+06
669,670,29.058,891159,-5.34419e+06
670,440,29.058,891099,-5.34421e+06
670,669,29.058,891099,-5.34421e+06
670,1256,29.058,891099,-5.34421e+06
671,672,29.058,893689,-5.34341e+06
1331,81,29.058,931763,-5.33305e+06
674,673,29.058,891140,-5.34421e+06
675,676,29.058,891157,-5.3442e+06
678,679,29.058,884698,-5.34606e+06
678,301,29.058,884698,-5.34606e+06
678,547,29.058,884698,-5.34606e+06
679,678,29.058,885296,-5.34587e+06
679,736,29.058,885296,-5.34587e+06
679,723,29.058,885296,-5.34587e+06
1339,1340,29.058,898178,-5.34283e+06
682,677,29.058,885628,-5.34576e+06
682,680,29.058,885628,-5.34576e+06
682,300,29.058,885628,-5.34576e+06
683,174,29.058,885868,-5.34825e+06
686,481,29.058,884310,-5.34715e+06
686,482,29.058,884310,-5.34715e+06
686,257,29.058,884310,-5.34715e+06
687,278,29.058,911105,-5.33963e+06
687,993,29.058,911105,-5.33963e+06
687,96,29.058,911105,-5.33963e+06
689,1006,29.058,900215,-5.34126e+06
1283,1074,29.058,883516,-5.34922e+06
690,685,29.058,870762,-5.35126e+06
691,907,29.058,902459,-5.3433e+06
693,692,29.058,889435,-5.34737e+06
693,194,29.058,889435,-5.34737e+06
693,1193,29.058,889435,-5.34737e+06
694,695,29.058,874903,-5.35005e+06
695,694,29.058,874820,-5.35008e+06
695,685,29.058,874820,-5.35008e+06
695,698,29.058,874820,-5.35008e+06
697,696,29.058,874783,-5.35011e+06
697,791,29.058,874783,-5.35011e+06
697,454,29.058,874783,-5.35011e+06
1291,1280,29.058,915723,-5.33724e+06
698,1005,29.058,874856,-5.35007e+06
698,1262,29.058,874856,-5.35007e+06
698,695,29.058,874856,-5.35007e+06
699,700,29.058,887544,-5.34785e+06
699,631,29.058,887544,-5.34785e+06
699,53,29.058,887544,-5.34785e+06
701,712,29.058,888081,-5.34768e+06
701,125,29.058,888081,-5.34768e+06
701,170,29.058,888081,-5.34768e+06
702,914,29.058,889619,-5.34703e+06
702,131,29.058,889619,-5.34703e+06
702,502,29.058,889619,-5.34703e+06
702,133,29.058,889619,-5.34703e+06
703,704,29.058,892470,-5.3455e+06
703,924,29.058,892470,-5.3455e+06
703,613,29.058,892470,-5.3455e+06
705,1320,29.058,896290,-5.34389e+06
705,841,29.058,896290,-5.34389e+06
705,142,29.058,896290,-5.34389e+06
1363,1131,29.058,899831,-5.34149e+06
706,1003,29.058,885122,-5.34871e+06
706,876,29.058,885122,-5.34871e+06
706,1211,29.058,885122,-5.34871e+06
707,290,29.058,900040,-5.34384e+06
707,756,29.058,900040,-5.34384e+06
707,754,29.058,900040,-5.34384e+06
709,710,29.058,895871,-5.34471e+06
710,716,29.058,896366,-5.34453e+06
710,472,29.058,896366,-5.34453e+06
710,709,29.058,896366,-5.34453e+06
1061,1062,29.058,900911,-5.34148e+06
1061,1300,29.058,900911,-5.34148e+06
1061,1054,29.058,900911,-5.34148e+06
711,194,29.058,891586,-5.34661e+06
713,193,29.058,887954,-5.34772e+06
713,712,29.058,887954,-5.34772e+06
713,631,29.058,887954,-5.34772e+06
1371,544,29.058,883415,-5.3472e+06
714,470,29.058,895852,-5.34469e+06
715,650,29.058,894143,-5.34521e+06
715,720,29.058,894143,-5.34521e+06
715,1236,29.058,894143,-5.34521e+06
717,135,29.058,891863,-5.3461e+06
717,718,29.058,891863,-5.3461e+06
717,708,29.058,891863,-5.3461e+06
718,717,29.058,891562,-5.34623e+06
718,1353,29.058,891562,-5.34623e+06
718,651,29.058,891562,-5.34623e+06
1069,1070,29.058,883509,-5.34925e+06
719,720,29.058,894018,-5.34525e+06
721,601,29.058,894076,-5.34526e+06
722,1167,29.058,900563,-5.34144e+06
722,164,29.058,900563,-5.34144e+06
722,163,29.058,900563,-5.34144e+06
723,251,29.058,886035,-5.34564e+06
723,745,29.058,886035,-5.34564e+06
723,679,29.058,886035,-5.34564e+06
725,386,29.058,904168,-5.34099e+06
725,384,29.058,904168,-5.34099e+06
725,945,29.058,904168,-5.34099e+06
726,381,29.058,902932,-5.34139e+06
726,383,29.058,902932,-5.34139e+06
726,733,29.058,902932,-5.34139e+06
1077,31,29.058,916748,-5.33783e+06
1077,603,29.058,916748,-5.33783e+06
1077,520,29.058,916748,-5.33783e+06
727,386,29.058,906210,-5.34034e+06
727,533,29.058,906210,-5.34034e+06
727,36,29.058,906210,-5.34034e+06
729,731,29.058,903214,-5.3413e+06
729,732,29.058,903214,-5.3413e+06
729,945,29.058,903214,-5.3413e+06
730,397,29.058,909326,-5.33935e+06
730,391,29.058,909326,-5.33935e+06
730,1226,29.058,909326,-5.33935e+06
731,729,29.058,902280,-5.3416e+06
731,558,29.058,902280,-5.3416e+06
731,583,29.058,902280,-5.3416e+06
733,726,29.058,903284,-5.34128e+06
734,735,29.058,906743,-5.34018e+06
734,1228,29.058,906743,-5.34018e+06
734,728,29.058,906743,-5.34018e+06
1085,1081,29.058,881042,-5.34616e+06
1085,1083,29.058,881042,-5.34616e+06
1085,1046,29.058,881042,-5.34616e+06
735,734,29.058,906728,-5.34019e+06
737,738,29.058,913291,-5.3396e+06
737,373,29.058,913291,-5.3396e+06
737,287,29.058,913291,-5.3396e+06
738,737,29.058,913262,-5.33961e+06
739,740,29.058,913332,-5.33961e+06
741,286,29.058,913274,-5.33962e+06
741,742,29.058,913274,-5.33962e+06
741,1253,29.058,913274,-5.33962e+06
742,741,29.058,913310,-5.33961e+06
743,169,29.058,915822,-5.33762e+06
743,828,29.058,915822,-5.33762e+06
743,619,29.058,915822,-5.33762e+06
745,723,29.058,886551,-5.34549e+06
745,1027,29.058,886551,-5.34549e+06
745,299,29.058,886551,-5.34549e+06
746,747,29.058,884343,-5.34636e+06
747,746,29.058,884406,-5.34633e+06
747,548,29.058,884406,-5.34633e+06
747,1232,29.058,884406,-5.34633e+06
749,1034,29.058,919795,-5.33592e+06
749,748,29.058,919795,-5.33592e+06
749,109,29.058,919795,-5.33592e+06
750,752,29.058,913822,-5.33781e+06
750,781,29.058,913822,-5.33781e+06
750,753,29.058,913822,-5.33781e+06
751,752,29.058,913346,-5.33779e+06
751,411,29.058,913346,-5.33779e+06
751,581,29.058,913346,-5.33779e+06
753,393,29.058,912649,-5.33823e+06
753,750,29.058,912649,-5.33823e+06
753,659,29.058,912649,-5.33823e+06
1347,1343,29.058,881644,-5.34934e+06
754,755,29.058,900049,-5.34384e+06
754,197,29.058,900049,-5.34384e+06
754,707,29.058,900049,-5.34384e+06
755,754,29.058,900087,-5.34383e+06
757,758,29.058,900012,-5.34382e+06
757,196,29.058,900012,-5.34382e+06
757,760,29.058,900012,-5.34382e+06
758,757,29.058,900063,-5.3438e+06
759,760,29.058,900059,-5.3438e+06
761,581,29.058,913154,-5.33786e+06
1355,1356,29.058,909857,-5.34052e+06
762,647,29.058,884234,-5.34868e+06
762,943,29.058,884234,-5.34868e+06
762,567,29.058,884234,-5.34868e+06
763,764,29.058,878385,-5.3508e+06
765,645,29.058,883234,-5.34915e+06
766,296,29.058,894512,-5.34309e+06
767,773,29.058,882199,-5.34645e+06
767,1046,29.058,882199,-5.34645e+06
767,736,29.058,882199,-5.34645e+06
768,769,29.058,882230,-5.34642e+06
768,777,29.058,882230,-5.34642e+06
768,776,29.058,882230,-5.34642e+06
770,771,29.058,912240,-5.33838e+06
770,941,29.058,912240,-5.33838e+06
770,817,29.058,912240,-5.33838e+06
1202,12,29.058,892625,-5.34534e+06
1202,1181,29.058,892625,-5.34534e+06
1202,1218,29.058,892625,-5.34534e+06
771,770,29.058,912283,-5.33837e+06
772,773,29.058,882088,-5.34646e+06
774,775,29.058,882206,-5.34642e+06
775,774,29.058,882198,-5.34642e+06
775,776,29.058,882198,-5.34642e+06
775,1051,29.058,882198,-5.34642e+06
775,1325,29.058,882198,-5.34642e+06
776,775,29.058,882186,-5.34643e+06
776,1050,29.058,882186,-5.34643e+06
776,773,29.058,882186,-5.34643e+06
776,768,29.058,882186,-5.34643e+06
778,514,29.058,885594,-5.3455e+06
1210,1209,29.058,884847,-5.34879e+06
1210,1211,29.058,884847,-5.34879e+06
1210,1212,29.058,884847,-5.34879e+06
1210,879,29.058,884847,-5.34879e+06
779,303,29.058,895859,-5.3447e+06
780,112,29.058,913896,-5.33779e+06
780,90,29.058,913896,-5.33779e+06
780,658,29.058,913896,-5.33779e+06
782,783,29.058,901136,-5.34144e+06
782,161,29.058,901136,-5.34144e+06
782,789,29.058,901136,-5.34144e+06
783,782,29.058,901058,-5.34146e+06
784,159,29.058,901292,-5.34139e+06
786,58,29.058,888251,-5.34763e+06
1154,459,29.058,895211,-5.34441e+06
1154,957,29.058,895211,-5.34441e+06
1154,1216,29.058,895211,-5.34441e+06
787,517,29.058,901476,-5.34164e+06
787,1173,29.058,901476,-5.34164e+06
787,1140,29.058,901476,-5.34164e+06
788,1083,29.058,885857,-5.34442e+06
790,411,29.058,913138,-5.33787e+06
791,792,29.058,874669,-5.35014e+06
791,793,29.058,874669,-5.35014e+06
791,697,29.058,874669,-5.35014e+06
791,550,29.058,874669,-5.35014e+06
792,791,29.058,874681,-5.35013e+06
794,428,29.058,899946,-5.34235e+06
1162,269,29.058,883833,-5.34898e+06
795,796,29.058,914245,-5.33866e+06
795,987,29.058,914245,-5.33866e+06
795,800,29.058,914245,-5.33866e+06
796,795,29.058,914254,-5.33865e+06
798,797,29.058,914089,-5.33869e+06
798,519,29.058,914089,-5.33869e+06
798,521,29.058,914089,-5.33869e+06
799,800,29.058,914312,-5.33864e+06
800,799,29.058,914329,-5.33863e+06
800,520,29.058,914329,-5.33863e+06
800,795,29.058,914329,-5.33863e+06
802,801,29.058,882947,-5.34734e+06
802,1275,29.058,882947,-5.34734e+06
802,255,29.058,882947,-5.34734e+06
1106,1105,29.058,900298,-5.34134e+06
1106,986,29.058,900298,-5.34134e+06
1106,1107,29.058,900298,-5.34134e+06
803,804,29.058,897931,-5.34324e+06
804,803,29.058,897938,-5.34323e+06
804,79,29.058,897938,-5.34323e+06
804,144,29.058,897938,-5.34323e+06
806,805,29.058,897914,-5.34324e+06
807,808,29.058,893646,-5.34419e+06
808,807,29.058,893598,-5.34421e+06
808,343,29.058,893598,-5.34421e+06
808,341,29.058,893598,-5.34421e+06
810,809,29.058,893664,-5.3442e+06
810,344,29.058,893664,-5.3442e+06
810,342,29.058,893664,-5.3442e+06
1114,1222,29.058,897366,-5.34345e+06
1114,1217,29.058,897366,-5.34345e+06
1114,1205,29.058,897366,-5.34345e+06
811,812,29.058,901861,-5.34141e+06
812,811,29.058,901894,-5.3414e+06
812,155,29.058,901894,-5.3414e+06
812,156,29.058,901894,-5.3414e+06
814,813,29.058,901990,-5.34136e+06
814,815,29.058,901990,-5.34136e+06
814,1248,29.058,901990,-5.34136e+06
815,814,29.058,901951,-5.34135e+06
815,1060,29.058,901951,-5.34135e+06
815,157,29.058,901951,-5.34135e+06
816,1166,29.058,911446,-5.33866e+06
816,823,29.058,911446,-5.33866e+06
816,1165,29.058,911446,-5.33866e+06
816,394,29.058,911446,-5.33866e+06
818,394,29.058,911457,-5.33865e+06
1186,129,29.058,889803,-5.34696e+06
1186,442,29.058,889803,-5.34696e+06
1186,652,29.058,889803,-5.34696e+06
819,820,29.058,911406,-5.33868e+06
819,88,29.058,911406,-5.33868e+06
819,395,29.058,911406,-5.33868e+06
820,819,29.058,911453,-5.33867e+06
822,821,29.058,915676,-5.33761e+06
822,1188,29.058,915676,-5.33761e+06
822,832,29.058,915676,-5.33761e+06
823,816,29.058,911462,-5.33866e+06
824,825,29.058,915696,-5.33761e+06
824,744,29.058,915696,-5.33761e+06
824,832,29.058,915696,-5.33761e+06
826,827,29.058,915429,-5.33769e+06
826,830,29.058,915429,-5.33769e+06
826,169,29.058,915429,-5.33769e+06
1194,350,29.058,898174,-5.34284e+06
1194,349,29.058,898174,-5.34284e+06
1194,1195,29.058,898174,-5.34284e+06
1194,1358,29.058,898174,-5.34284e+06
827,826,29.058,915409,-5.3377e+06
828,830,29.058,915456,-5.33769e+06
828,1288,29.058,915456,-5.33769e+06
828,743,29.058,915456,-5.33769e+06
830,829,29.058,915454,-5.33768e+06
830,828,29.058,915454,-5.33768e+06
830,1123,29.058,915454,-5.33768e+06
830,826,29.058,915454,-5.33768e+06
831,832,29.058,915649,-5.33762e+06
832,831,29.058,915673,-5.33761e+06
832,824,29.058,915673,-5.33761e+06
832,1307,29.058,915673,-5.33761e+06
832,822,29.058,915673,-5.33761e+06
834,833,29.058,884362,-5.34632e+06
834,1233,29.058,884362,-5.34632e+06
834,546,29.058,884362,-5.34632e+06
1266,226,29.058,880549,-5.34857e+06
835,836,29.058,891758,-5.3448e+06
835,339,29.058,891758,-5.3448e+06
835,423,29.058,891758,-5.3448e+06
836,835,29.058,891701,-5.34481e+06
838,837,29.058,896312,-5.34387e+06
839,840,29.058,891712,-5.34482e+06
840,839,29.058,891762,-5.3448e+06
840,634,29.058,891762,-5.3448e+06
840,842,29.058,891762,-5.3448e+06
842,340,29.058,891609,-5.34485e+06
842,843,29.058,891609,-5.34485e+06
842,840,29.058,891609,-5.34485e+06
1274,1050,29.058,882153,-5.34644e+06
843,842,29.058,891686,-5.34483e+06
844,976,29.058,888630,-5.3458e+06
844,846,29.058,888630,-5.3458e+06
844,587,29.058,888630,-5.3458e+06
846,844,29.058,888674,-5.34578e+06
847,232,29.058,875727,-5.35048e+06
1059,474,29.058,905412,-5.34142e+06
850,849,29.058,888693,-5.34577e+06
1218,1216,29.058,895453,-5.34424e+06
1218,1115,29.058,895453,-5.34424e+06
1218,1202,29.058,895453,-5.34424e+06
851,506,29.058,918032,-5.33778e+06
854,855,29.058,904042,-5.34262e+06
855,854,29.058,904063,-5.34261e+06
855,374,29.058,904063,-5.34261e+06
855,870,29.058,904063,-5.34261e+06
1067,974,29.058,921462,-5.33525e+06
858,859,29.058,915756,-5.33723e+06
858,110,29.058,915756,-5.33723e+06
858,1280,29.058,915756,-5.33723e+06
1226,730,29.058,908889,-5.33947e+06
859,858,29.058,915716,-5.33724e+06
862,277,29.058,904025,-5.34261e+06
862,863,29.058,904025,-5.34261e+06
862,873,29.058,904025,-5.34261e+06
863,862,29.058,903984,-5.34262e+06
864,865,29.058,915699,-5.33725e+06
866,867,29.058,915736,-5.33725e+06
1170,1022,29.058,923956,-5.33556e+06
1170,1172,29.058,923956,-5.33556e+06
1170,1023,29.058,923956,-5.33556e+06
1170,1171,29.058,923956,-5.33556e+06
867,866,29.058,915767,-5.33724e+06
867,113,29.058,915767,-5.33724e+06
867,35,29.058,915767,-5.33724e+06
868,869,29.058,917947,-5.33655e+06
870,276,29.058,903983,-5.34264e+06
870,871,29.058,903983,-5.34264e+06
870,855,29.058,903983,-5.34264e+06
871,870,29.058,904027,-5.34263e+06
872,873,29.058,903967,-5.34263e+06
874,875,29.058,884542,-5.34888e+06
874,879,29.058,884542,-5.34888e+06
874,1333,29.058,884542,-5.34888e+06
1178,307,29.058,897874,-5.34403e+06
875,979,29.058,884269,-5.34897e+06
875,874,29.058,884269,-5.34897e+06
875,1110,29.058,884269,-5.34897e+06
876,706,29.058,884884,-5.34878e+06
878,1314,29.058,884905,-5.34878e+06
878,877,29.058,884905,-5.34878e+06
878,1211,29.058,884905,-5.34878e+06
879,874,29.058,884798,-5.34881e+06
879,1160,29.058,884798,-5.34881e+06
879,1210,29.058,884798,-5.34881e+06
880,881,29.058,893833,-5.34488e+06
882,883,29.058,893329,-5.34507e+06
882,884,29.058,893329,-5.34507e+06
882,885,29.058,893329,-5.34507e+06
1250,945,29.058,903488,-5.3412e+06
883,882,29.058,893619,-5.34497e+06
883,888,29.058,893619,-5.34497e+06
883,940,29.058,893619,-5.34497e+06
884,882,29.058,893875,-5.34486e+06
884,1177,29.058,893875,-5.34486e+06
884,881,29.058,893875,-5.34486e+06
886,887,29.058,900071,-5.34253e+06
887,886,29.058,900056,-5.34253e+06
887,147,29.058,900056,-5.34253e+06
887,525,29.058,900056,-5.34253e+06
888,883,29.058,893908,-5.3449e+06
890,891,29.058,900755,-5.34228e+06
890,900,29.058,900755,-5.34228e+06
890,584,29.058,900755,-5.34228e+06
1258,1259,29.058,891159,-5.3442e+06
1258,1256,29.058,891159,-5.3442e+06
1258,1257,29.058,891159,-5.3442e+06
1258,1276,29.058,891159,-5.3442e+06
891,890,29.058,900919,-5.34223e+06
891,1269,29.058,900919,-5.34223e+06
891,150,29.058,900919,-5.34223e+06
892,893,29.058,901177,-5.34211e+06
892,1219,29.058,901177,-5.34211e+06
892,1278,29.058,901177,-5.34211e+06
894,893,29.058,901068,-5.34214e+06
894,1147,29.058,901068,-5.34214e+06
894,1282,29.058,901068,-5.34214e+06
895,896,29.058,901179,-5.34202e+06
895,1031,29.058,901179,-5.34202e+06
895,1134,29.058,901179,-5.34202e+06
897,896,29.058,901492,-5.34187e+06
897,1089,29.058,901492,-5.34187e+06
897,503,29.058,901492,-5.34187e+06
1043,1042,29.058,881035,-5.34621e+06
1043,1044,29.058,881035,-5.34621e+06
1043,1084,29.058,881035,-5.34621e+06
898,1146,29.058,900946,-5.34221e+06
898,1029,29.058,900946,-5.34221e+06
898,40,29.058,900946,-5.34221e+06
899,1219,29.058,901140,-5.34213e+06
899,152,29.058,901140,-5.34213e+06
899,151,29.058,901140,-5.34213e+06
901,905,29.058,901677,-5.34339e+06
901,904,29.058,901677,-5.34339e+06
901,968,29.058,901677,-5.34339e+06
902,291,29.058,902856,-5.34299e+06
902,495,29.058,902856,-5.34299e+06
902,905,29.058,902856,-5.34299e+06
903,904,29.058,900848,-5.34361e+06
903,920,29.058,900848,-5.34361e+06
903,290,29.058,900848,-5.34361e+06
905,901,29.058,902161,-5.34321e+06
905,909,29.058,902161,-5.34321e+06
905,902,29.058,902161,-5.34321e+06
1051,1050,29.058,882189,-5.34643e+06
1051,775,29.058,882189,-5.34643e+06
1051,1048,29.058,882189,-5.34643e+06
1051,1052,29.058,882189,-5.34643e+06
906,910,29.058,902278,-5.34318e+06
906,908,29.058,902278,-5.34318e+06
906,275,29.058,902278,-5.34318e+06
907,908,29.058,901939,-5.34336e+06
907,969,29.058,901939,-5.34336e+06
907,691,29.058,901939,-5.34336e+06
909,905,29.058,901648,-5.34334e+06
909,969,29.058,901648,-5.34334e+06
909,904,29.058,901648,-5.34334e+06
910,911,29.058,901529,-5.34337e+06
910,906,29.058,901529,-5.34337e+06
910,967,29.058,901529,-5.34337e+06
911,910,29.058,901159,-5.34351e+06
911,908,29.058,901159,-5.34351e+06
911,291,29.058,901159,-5.34351e+06
913,535,29.058,896747,-5.34324e+06
1123,830,29.058,915474,-5.33768e+06
914,702,29.058,889625,-5.34703e+06
914,616,29.058,889625,-5.34703e+06
914,131,29.058,889625,-5.34703e+06
915,1075,29.058,878744,-5.35047e+06
915,244,29.058,878744,-5.35047e+06
915,250,29.058,878744,-5.35047e+06
917,250,29.058,878248,-5.35085e+06
918,920,29.058,903614,-5.34275e+06
918,374,29.058,903614,-5.34275e+06
918,276,29.058,903614,-5.34275e+06
919,203,29.058,898562,-5.34427e+06
919,197,29.058,898562,-5.34427e+06
919,207,29.058,898562,-5.34427e+06
921,79,29.058,897860,-5.34326e+06
1131,1132,29.058,899837,-5.34149e+06
1131,1038,29.058,899837,-5.34149e+06
1131,1363,29.058,899837,-5.34149e+06
1131,1285,29.058,899837,-5.34149e+06
922,285,29.058,909987,-5.34075e+06
923,373,29.058,913254,-5.33962e+06
925,49,29.058,899725,-5.34337e+06
926,5,29.058,899331,-5.3435e+06
927,314,29.058,895832,-5.34469e+06
1075,915,29.058,878698,-5.35044e+06
1075,246,29.058,878698,-5.35044e+06
1075,248,29.058,878698,-5.35044e+06
930,931,29.058,888045,-5.34766e+06
930,630,29.058,888045,-5.34766e+06
930,125,29.058,888045,-5.34766e+06
1234,1093,29.058,884392,-5.34632e+06
931,973,29.058,887735,-5.34772e+06
931,932,29.058,887735,-5.34772e+06
931,930,29.058,887735,-5.34772e+06
934,1159,29.058,884646,-5.34886e+06
934,933,29.058,884646,-5.34886e+06
934,1019,29.058,884646,-5.34886e+06
935,971,29.058,886410,-5.34812e+06
935,972,29.058,886410,-5.34812e+06
935,171,29.058,886410,-5.34812e+06
1083,1082,29.058,882016,-5.34578e+06
1083,1085,29.058,882016,-5.34578e+06
1083,788,29.058,882016,-5.34578e+06
938,970,29.058,886247,-5.34816e+06
938,978,29.058,886247,-5.34816e+06
938,68,29.058,886247,-5.34816e+06
1242,1241,29.058,899285,-5.34166e+06
1242,1243,29.058,899285,-5.34166e+06
1242,1104,29.058,899285,-5.34166e+06
939,937,29.058,886067,-5.34819e+06
942,637,29.058,914621,-5.33762e+06
942,112,29.058,914621,-5.33762e+06
942,659,29.058,914621,-5.33762e+06
943,762,29.058,884298,-5.34867e+06
945,729,29.058,903820,-5.3411e+06
945,725,29.058,903820,-5.3411e+06
945,1250,29.058,903820,-5.3411e+06
1027,745,29.058,885933,-5.34568e+06
946,996,29.058,912500,-5.3392e+06
946,528,29.058,912500,-5.3392e+06
946,519,29.058,912500,-5.3392e+06
947,94,29.058,907684,-5.34069e+06
947,39,29.058,907684,-5.34069e+06
947,328,29.058,907684,-5.34069e+06
949,885,29.058,892940,-5.34522e+06
949,1032,29.058,892940,-5.34522e+06
949,22,29.058,892940,-5.34522e+06
950,369,29.058,886643,-5.34655e+06
950,259,29.058,886643,-5.34655e+06
950,1261,29.058,886643,-5.34655e+06
951,221,29.058,884104,-5.34721e+06
951,654,29.058,884104,-5.34721e+06
951,487,29.058,884104,-5.34721e+06
953,954,29.058,916506,-5.33766e+06
1035,46,29.058,905119,-5.34151e+06
954,953,29.058,916537,-5.33765e+06
954,955,29.058,916537,-5.33765e+06
954,288,29.058,916537,-5.33765e+06
955,956,29.058,916511,-5.33765e+06
955,619,29.058,916511,-5.33765e+06
955,954,29.058,916511,-5.33765e+06
957,136,29.058,895271,-5.34437e+06
957,1154,29.058,895271,-5.34437e+06
957,458,29.058,895271,-5.34437e+06
958,1153,29.058,895406,-5.34436e+06
958,336,29.058,895406,-5.34436e+06
958,1155,29.058,895406,-5.34436e+06
959,362,29.058,899076,-5.34262e+06
961,960,29.058,882422,-5.34913e+06
961,1097,29.058,882422,-5.34913e+06
961,1113,29.058,882422,-5.34913e+06
1107,167,29.058,900364,-5.34132e+06
1107,1106,29.058,900364,-5.34132e+06
1107,1108,29.058,900364,-5.34132e+06
962,966,29.058,911085,-5.34038e+06
962,283,29.058,911085,-5.34038e+06
962,1036,29.058,911085,-5.34038e+06
963,190,29.058,899913,-5.34329e+06
963,460,29.058,899913,-5.34329e+06
963,476,29.058,899913,-5.34329e+06
965,1153,29.058,895216,-5.34437e+06
965,63,29.058,895216,-5.34437e+06
965,618,29.058,895216,-5.34437e+06
966,962,29.058,908637,-5.34118e+06
966,511,29.058,908637,-5.34118e+06
966,277,29.058,908637,-5.34118e+06
1317,1134,29.058,901238,-5.34196e+06
1317,1335,29.058,901238,-5.34196e+06
1317,1385,29.058,901238,-5.34196e+06
967,968,29.058,901466,-5.34333e+06
967,910,29.058,901466,-5.34333e+06
967,465,29.058,901466,-5.34333e+06
969,907,29.058,901457,-5.34331e+06
969,909,29.058,901457,-5.34331e+06
969,69,29.058,901457,-5.34331e+06
1115,1151,29.058,897970,-5.34321e+06
1115,1218,29.058,897970,-5.34321e+06
1115,145,29.058,897970,-5.34321e+06
970,174,29.058,886167,-5.34816e+06
970,938,29.058,886167,-5.34816e+06
970,937,29.058,886167,-5.34816e+06
971,935,29.058,886742,-5.34801e+06
973,931,29.058,887750,-5.34771e+06
974,1067,29.058,921202,-5.33534e+06
974,107,29.058,921202,-5.33534e+06
974,1192,29.058,921202,-5.33534e+06
1325,775,29.058,882227,-5.34641e+06
975,90,29.058,914346,-5.3377e+06
975,101,29.058,914346,-5.3377e+06
975,657,29.058,914346,-5.3377e+06
977,976,29.058,888678,-5.34578e+06
1187,1071,29.058,883541,-5.34921e+06
978,938,29.058,886170,-5.34819e+06
979,875,29.058,884133,-5.34901e+06
979,980,29.058,884133,-5.34901e+06
979,42,29.058,884133,-5.34901e+06
981,477,29.058,907809,-5.34066e+06
981,626,29.058,907809,-5.34066e+06
981,184,29.058,907809,-5.34066e+06
982,510,29.058,911150,-5.34035e+06
982,1007,29.058,911150,-5.34035e+06
982,1199,29.058,911150,-5.34035e+06
1333,874,29.058,885112,-5.34872e+06
983,984,29.058,901422,-5.34175e+06
985,986,29.058,900312,-5.34129e+06
985,1006,29.058,900312,-5.34129e+06
985,1038,29.058,900312,-5.34129e+06
1195,1194,29.058,898185,-5.34284e+06
986,985,29.058,900314,-5.34132e+06
986,1106,29.058,900314,-5.34132e+06
986,1138,29.058,900314,-5.34132e+06
987,795,29.058,914217,-5.33867e+06
987,988,29.058,914217,-5.33867e+06
987,50,29.058,914217,-5.33867e+06
989,521,29.058,914147,-5.33868e+06
990,625,29.058,914193,-5.33866e+06
990,991,29.058,914193,-5.33866e+06
990,521,29.058,914193,-5.33866e+06
1341,569,29.058,882267,-5.34911e+06
991,990,29.058,914150,-5.33867e+06
993,994,29.058,911846,-5.33941e+06
993,995,29.058,911846,-5.33941e+06
993,687,29.058,911846,-5.33941e+06
1139,430,29.058,901136,-5.34203e+06
1139,1338,29.058,901136,-5.34203e+06
1139,1031,29.058,901136,-5.34203e+06
994,993,29.058,911862,-5.33941e+06
995,999,29.058,911886,-5.3394e+06
995,280,29.058,911886,-5.3394e+06
995,993,29.058,911886,-5.3394e+06
997,996,29.058,911926,-5.33936e+06
998,996,29.058,911901,-5.33937e+06
999,995,29.058,911872,-5.3394e+06
1001,77,29.058,943880,-5.32918e+06
1147,894,29.058,901022,-5.34215e+06
1002,933,29.058,884764,-5.34884e+06
1003,706,29.058,884963,-5.34875e+06
1003,1103,29.058,884963,-5.34875e+06
1003,1368,29.058,884963,-5.34875e+06
1005,698,29.058,874805,-5.35009e+06
1006,689,29.058,900293,-5.34127e+06
1006,985,29.058,900293,-5.34127e+06
1006,531,29.058,900293,-5.34127e+06
1007,511,29.058,910714,-5.3405e+06
1007,982,29.058,910714,-5.3405e+06
1007,593,29.058,910714,-5.3405e+06
1009,294,29.058,897713,-5.34207e+06
1009,27,29.058,897713,-5.34207e+06
1009,1336,29.058,897713,-5.34207e+06
1091,1089,29.058,901392,-5.34183e+06
1091,1238,29.058,901392,-5.34183e+06
1091,1246,29.058,901392,-5.34183e+06
1010,529,29.058,889738,-5.34704e+06
1011,1018,29.058,899082,-5.3417e+06
1011,1017,29.058,899082,-5.3417e+06
1011,688,29.058,899082,-5.3417e+06
1013,1092,29.058,882839,-5.34904e+06
1013,1101,29.058,882839,-5.34904e+06
1013,1098,29.058,882839,-5.34904e+06
1014,1015,29.058,898312,-5.34189e+06
1014,1017,29.058,898312,-5.34189e+06
1014,1303,29.058,898312,-5.34189e+06
1015,1014,29.058,898303,-5.34188e+06
1017,1011,29.058,898510,-5.34184e+06
1017,1016,29.058,898510,-5.34184e+06
1017,1014,29.058,898510,-5.34184e+06
1099,1098,29.058,882713,-5.34906e+06
1099,569,29.058,882713,-5.34906e+06
1099,1345,29.058,882713,-5.34906e+06
1018,1011,29.058,898945,-5.34173e+06
1019,934,29.058,884783,-5.34883e+06
1021,1172,29.058,923961,-5.33558e+06
1022,1170,29.058,923941,-5.33556e+06
1022,1235,29.058,923941,-5.33556e+06
1022,1329,29.058,923941,-5.33556e+06
1023,1025,29.058,923872,-5.33557e+06
1023,1170,29.058,923872,-5.33557e+06
1023,513,29.058,923872,-5.33557e+06
1025,1023,29.058,923272,-5.33576e+06
1025,1024,29.058,923272,-5.33576e+06
1025,622,29.058,923272,-5.33576e+06
1026,513,29.058,923903,-5.33554e+06
1029,900,29.058,901114,-5.34211e+06
1029,898,29.058,901114,-5.34211e+06
1029,588,29.058,901114,-5.34211e+06
1031,895,29.058,901141,-5.34206e+06
1031,153,29.058,901141,-5.34206e+06
1031,1139,29.058,901141,-5.34206e+06
1032,1033,29.058,893329,-5.34508e+06
1032,881,29.058,893329,-5.34508e+06
1032,1313,29.058,893329,-5.34508e+06
1032,949,29.058,893329,-5.34508e+06
1033,1032,29.058,893329,-5.34507e+06
1034,749,29.058,919849,-5.3359e+06
1037,1177,29.058,893959,-5.34489e+06
1039,1040,29.058,901779,-5.34153e+06
1039,1063,29.058,901779,-5.34153e+06
1039,1349,29.058,901779,-5.34153e+06
1040,1039,29.058,901793,-5.3415e+06
1040,1297,29.058,901793,-5.3415e+06
1040,1385,29.058,901793,-5.3415e+06
1041,1079,29.058,882342,-5.34567e+06
1041,1081,29.058,882342,-5.34567e+06
1041,1084,29.058,882342,-5.34567e+06
1042,1043,29.058,881166,-5.34621e+06
1045,1020,29.058,882176,-5.34639e+06
1045,1048,29.058,882176,-5.34639e+06
1045,777,29.058,882176,-5.34639e+06
1047,1048,29.058,882276,-5.3464e+06
1048,1047,29.058,882233,-5.34641e+06
1048,1045,29.058,882233,-5.34641e+06
1048,1051,29.058,882233,-5.34641e+06
1049,1050,29.058,882152,-5.34644e+06
1050,1049,29.058,882177,-5.34643e+06
1050,1051,29.058,882177,-5.34643e+06
1050,776,29.058,882177,-5.34643e+06
1050,1274,29.058,882177,-5.34643e+06
1053,1052,29.058,882118,-5.34645e+06
1055,165,29.058,900617,-5.34141e+06
1055,1056,29.058,900617,-5.34141e+06
1055,1297,29.058,900617,-5.34141e+06
1056,1055,29.058,900635,-5.34143e+06
1056,1054,29.058,900635,-5.34143e+06
1056,1190,29.058,900635,-5.34143e+06
1057,476,29.058,906478,-5.34108e+06
1057,1058,29.058,906478,-5.34108e+06
1057,39,29.058,906478,-5.34108e+06
1058,1057,29.058,905403,-5.34141e+06
1063,1141,29.058,901881,-5.34147e+06
1063,1039,29.058,901881,-5.34147e+06
1063,1060,29.058,901881,-5.34147e+06
1064,1272,29.058,897855,-5.3445e+06
1065,331,29.058,899139,-5.34355e+06
1065,1169,29.058,899139,-5.34355e+06
1065,334,29.058,899139,-5.34355e+06
1066,514,29.058,885429,-5.34554e+06
1071,41,29.058,883565,-5.34919e+06
1071,186,29.058,883565,-5.34919e+06
1071,1187,29.058,883565,-5.34919e+06
1072,27,29.058,898471,-5.34185e+06
1072,1136,29.058,898471,-5.34185e+06
1072,1302,29.058,898471,-5.34185e+06
1073,505,29.058,918325,-5.33755e+06
1074,1283,29.058,883590,-5.34915e+06
1074,41,29.058,883590,-5.34915e+06
1074,646,29.058,883590,-5.34915e+06
1079,1041,29.058,885881,-5.34442e+06
1080,1044,29.058,881028,-5.34626e+06
1081,1041,29.058,881061,-5.34607e+06
1081,1085,29.058,881061,-5.34607e+06
1081,1087,29.058,881061,-5.34607e+06
1082,1083,29.058,881045,-5.34606e+06
1082,1086,29.058,881045,-5.34606e+06
1082,1084,29.058,881045,-5.34606e+06
1087,1081,29.058,880201,-5.34625e+06
1088,56,29.058,901054,-5.34207e+06
1088,588,29.058,901054,-5.34207e+06
1088,583,29.058,901054,-5.34207e+06
1089,897,29.058,901342,-5.34189e+06
1089,1091,29.058,901342,-5.34189e+06
1089,1090,29.058,901342,-5.34189e+06
1090,896,29.058,900938,-5.34203e+06
1090,1089,29.058,900938,-5.34203e+06
1090,365,29.058,900938,-5.34203e+06
1093,549,29.058,884430,-5.34631e+06
1093,1094,29.058,884430,-5.34631e+06
1093,1234,29.058,884430,-5.34631e+06
1095,569,29.058,882640,-5.34905e+06
1095,1096,29.058,882640,-5.34905e+06
1095,1102,29.058,882640,-5.34905e+06
1096,1102,29.058,882483,-5.34909e+06
1096,1095,29.058,882483,-5.34909e+06
1096,599,29.058,882483,-5.34909e+06
1097,961,29.058,882643,-5.34908e+06
1097,1100,29.058,882643,-5.34908e+06
1097,599,29.058,882643,-5.34908e+06
1098,1099,29.058,882917,-5.34904e+06
1098,1013,29.058,882917,-5.34904e+06
1098,554,29.058,882917,-5.34904e+06
1101,1013,29.058,882851,-5.34899e+06
1103,1003,29.058,885063,-5.34874e+06
1104,1136,29.058,899597,-5.34157e+06
1104,1105,29.058,899597,-5.34157e+06
1104,1242,29.058,899597,-5.34157e+06
1109,186,29.058,883678,-5.34915e+06
1109,1070,29.058,883678,-5.34915e+06
1109,1121,29.058,883678,-5.34915e+06
1112,552,29.058,875494,-5.34988e+06
1112,1262,29.058,875494,-5.34988e+06
1112,1263,29.058,875494,-5.34988e+06
1117,1265,29.058,898075,-5.344e+06
1117,311,29.058,898075,-5.344e+06
1117,1279,29.058,898075,-5.344e+06
1120,154,29.058,901462,-5.34165e+06
1120,517,29.058,901462,-5.34165e+06
1120,1140,29.058,901462,-5.34165e+06
1121,1109,29.058,885128,-5.34871e+06
1122,1142,29.058,901487,-5.34182e+06
1122,1144,29.058,901487,-5.34182e+06
1122,583,29.058,901487,-5.34182e+06
1125,434,29.058,917777,-5.33657e+06
1127,1126,29.058,894624,-5.3439e+06
1128,1126,29.058,894617,-5.3439e+06
1129,252,29.058,884513,-5.34659e+06
1130,1102,29.058,882245,-5.34912e+06
1133,1038,29.058,899838,-5.34149e+06
1135,15,29.058,893828,-5.34488e+06
1136,1104,29.058,899019,-5.34172e+06
1136,1072,29.058,899019,-5.34172e+06
1136,1137,29.058,899019,-5.34172e+06
1137,1136,29.058,898876,-5.34176e+06
1138,986,29.058,900008,-5.34144e+06
1138,3,29.058,900008,-5.34144e+06
1138,688,29.058,900008,-5.34144e+06
1141,984,29.058,901574,-5.34161e+06
1141,1063,29.058,901574,-5.34161e+06
1141,1145,29.058,901574,-5.34161e+06
1143,984,29.058,901442,-5.3417e+06
1144,1145,29.058,901418,-5.34178e+06
1144,1122,29.058,901418,-5.34178e+06
1144,912,29.058,901418,-5.34178e+06
1145,1144,29.058,901396,-5.34177e+06
1145,1141,29.058,901396,-5.34177e+06
1145,1375,29.058,901396,-5.34177e+06
1146,898,29.058,901067,-5.34214e+06
1146,900,29.058,901067,-5.34214e+06
1146,893,29.058,901067,-5.34214e+06
1149,889,29.058,900097,-5.34255e+06
1151,1115,29.058,899723,-5.34266e+06
1151,1223,29.058,899723,-5.34266e+06
1151,1116,29.058,899723,-5.34266e+06
1152,137,29.058,896614,-5.34379e+06
1155,458,29.058,895355,-5.34437e+06
1155,1217,29.058,895355,-5.34437e+06
1155,958,29.058,895355,-5.34437e+06
1156,588,29.058,901103,-5.34203e+06
1156,582,29.058,901103,-5.34203e+06
1156,724,29.058,901103,-5.34203e+06
1157,1158,29.058,884801,-5.34882e+06
1158,1157,29.058,884839,-5.3488e+06
1158,1211,29.058,884839,-5.3488e+06
1158,1209,29.058,884839,-5.3488e+06
1158,1213,29.058,884839,-5.3488e+06
1160,1159,29.058,884819,-5.3488e+06
1160,1209,29.058,884819,-5.3488e+06
1160,879,29.058,884819,-5.3488e+06
1163,1108,29.058,900858,-5.34117e+06
1164,1165,29.058,911440,-5.33866e+06
1165,1164,29.058,911418,-5.33867e+06
1165,816,29.058,911418,-5.33867e+06
1165,397,29.058,911418,-5.33867e+06
1166,816,29.058,911443,-5.33866e+06
1168,1167,29.058,900530,-5.3415e+06
1171,1170,29.058,923995,-5.33554e+06
1171,1172,29.058,923995,-5.33554e+06
1171,624,29.058,923995,-5.33554e+06
1172,1170,29.058,923958,-5.33556e+06
1172,1021,29.058,923958,-5.33556e+06
1172,1171,29.058,923958,-5.33556e+06
1173,787,29.058,901459,-5.34164e+06
1174,559,29.058,901335,-5.34174e+06
1174,1175,29.058,901335,-5.34174e+06
1174,154,29.058,901335,-5.34174e+06
1176,559,29.058,901418,-5.34172e+06
1179,477,29.058,906940,-5.34094e+06
1180,720,29.058,894029,-5.34525e+06
1181,11,29.058,892327,-5.34549e+06
1181,10,29.058,892327,-5.34549e+06
1181,1202,29.058,892327,-5.34549e+06
1182,415,29.058,914620,-5.33712e+06
1184,1183,29.058,892466,-5.34548e+06
1184,22,29.058,892466,-5.34548e+06
1184,1361,29.058,892466,-5.34548e+06
1189,601,29.058,894082,-5.34526e+06
1192,974,29.058,921174,-5.33534e+06
1197,1118,29.058,897909,-5.34407e+06
1200,889,29.058,899539,-5.34272e+06
1200,144,29.058,899539,-5.34272e+06
1200,148,29.058,899539,-5.34272e+06
1203,10,29.058,892475,-5.34563e+06
1203,461,29.058,892475,-5.34563e+06
1203,8,29.058,892475,-5.34563e+06
1204,303,29.058,895856,-5.34472e+06
1205,141,29.058,897292,-5.34348e+06
1205,615,29.058,897292,-5.34348e+06
1205,1114,29.058,897292,-5.34348e+06
1206,1207,29.058,878677,-5.34922e+06
1208,448,29.058,878705,-5.34919e+06
1211,1210,29.058,884849,-5.34879e+06
1211,706,29.058,884849,-5.34879e+06
1211,878,29.058,884849,-5.34879e+06
1211,1158,29.058,884849,-5.34879e+06
1212,1210,29.058,884873,-5.34878e+06
1213,1158,29.058,884807,-5.34881e+06
1214,785,29.058,901016,-5.34147e+06
1219,899,29.058,901151,-5.34212e+06
1219,892,29.058,901151,-5.34212e+06
1219,1220,29.058,901151,-5.34212e+06
1220,1219,29.058,901224,-5.34209e+06
1221,150,29.058,900953,-5.34222e+06
1222,1114,29.058,899926,-5.34259e+06
1222,1134,29.058,899926,-5.34259e+06
1222,148,29.058,899926,-5.34259e+06
1227,500,29.058,907451,-5.33994e+06
1227,532,29.058,907451,-5.33994e+06
1227,533,29.058,907451,-5.33994e+06
1228,734,29.058,906751,-5.34018e+06
1229,35,29.058,915730,-5.33725e+06
1230,100,29.058,917908,-5.33656e+06
1235,1022,29.058,923923,-5.33556e+06
1236,715,29.058,894066,-5.34525e+06
1237,724,29.058,901435,-5.34182e+06
1237,1223,29.058,901435,-5.34182e+06
1237,1238,29.058,901435,-5.34182e+06
1238,1091,29.058,901396,-5.3418e+06
1238,1310,29.058,901396,-5.3418e+06
1238,1237,29.058,901396,-5.3418e+06
1243,1242,29.058,899251,-5.34168e+06
1244,1245,29.058,899292,-5.34165e+06
1244,1241,29.058,899292,-5.34165e+06
1244,688,29.058,899292,-5.34165e+06
1245,1244,29.058,899238,-5.34166e+06
1246,684,29.058,901402,-5.34181e+06
1246,1091,29.058,901402,-5.34181e+06
1246,1286,29.058,901402,-5.34181e+06
1248,1060,29.058,901995,-5.34137e+06
1248,1249,29.058,901995,-5.34137e+06
1248,814,29.058,901995,-5.34137e+06
1251,501,29.058,907829,-5.33983e+06
1252,1253,29.058,913298,-5.33961e+06
1253,1252,29.058,913322,-5.33961e+06
1253,740,29.058,913322,-5.33961e+06
1253,741,29.058,913322,-5.33961e+06
1254,1255,29.058,891160,-5.3442e+06
1256,1255,29.058,891151,-5.3442e+06
1256,1258,29.058,891151,-5.3442e+06
1256,673,29.058,891151,-5.3442e+06
1256,670,29.058,891151,-5.3442e+06
1259,1258,29.058,891163,-5.3442e+06
1259,1255,29.058,891163,-5.3442e+06
1259,665,29.058,891163,-5.3442e+06
1259,676,29.058,891163,-5.3442e+06
1260,238,29.058,876085,-5.35086e+06
1261,316,29.058,889040,-5.34593e+06
1261,1332,29.058,889040,-5.34593e+06
1261,950,29.058,889040,-5.34593e+06
1262,698,29.058,875110,-5.35e+06
1262,1112,29.058,875110,-5.35e+06
1262,1263,29.058,875110,-5.35e+06
1264,1263,29.058,874931,-5.35004e+06
1267,242,29.058,878395,-5.35052e+06
1268,227,29.058,880585,-5.34858e+06
1269,891,29.058,900848,-5.34226e+06
1270,297,29.058,893543,-5.34344e+06
1272,199,29.058,898242,-5.34437e+06
1272,202,29.058,898242,-5.34437e+06
1272,1064,29.058,898242,-5.34437e+06
1275,802,29.058,882951,-5.34734e+06
1276,1258,29.058,891173,-5.34419e+06
1277,93,29.058,909404,-5.34009e+06
1278,892,29.058,901157,-5.34211e+06
1280,1291,29.058,915714,-5.33724e+06
1280,858,29.058,915714,-5.33724e+06
1280,1281,29.058,915714,-5.33724e+06
1280,865,29.058,915714,-5.33724e+06
1281,1280,29.058,915706,-5.33725e+06
1282,894,29.058,901121,-5.34212e+06
1285,1012,29.058,899876,-5.34148e+06
1285,1284,29.058,899876,-5.34148e+06
1285,1131,29.058,899876,-5.34148e+06
1287,1190,29.058,900712,-5.34145e+06
1288,828,29.058,915397,-5.3377e+06
1289,396,29.058,912274,-5.33836e+06
1290,504,29.058,913846,-5.33722e+06
1293,640,29.058,883248,-5.34915e+06
1295,661,29.058,889132,-5.34478e+06
1296,1309,29.058,899909,-5.34091e+06
1297,1055,29.058,900602,-5.34143e+06
1297,1040,29.058,900602,-5.34143e+06
1297,1308,29.058,900602,-5.34143e+06
1298,1310,29.058,900579,-5.34142e+06
1298,164,29.058,900579,-5.34142e+06
1298,1309,29.058,900579,-5.34142e+06
1301,1142,29.058,901479,-5.34186e+06
1303,1014,29.058,898075,-5.34196e+06
1304,541,29.058,917849,-5.33771e+06
1305,13,29.058,892187,-5.34557e+06
1306,13,29.058,892341,-5.34552e+06
1309,602,29.058,900521,-5.34136e+06
1309,1298,29.058,900521,-5.34136e+06
1309,1296,29.058,900521,-5.34136e+06
1311,40,29.058,900095,-5.34255e+06
1312,299,29.058,889118,-5.34478e+06
1313,1032,29.058,893309,-5.34508e+06
1314,878,29.058,884934,-5.34877e+06
1319,160,29.058,901192,-5.34142e+06
1320,705,29.058,896346,-5.34387e+06
1320,837,29.058,896346,-5.34387e+06
1320,1321,29.058,896346,-5.34387e+06
1320,1357,29.058,896346,-5.34387e+06
1321,1320,29.058,896354,-5.34386e+06
1322,366,29.058,899965,-5.34234e+06
1327,451,29.058,875136,-5.35089e+06
1328,249,29.058,878114,-5.35089e+06
1329,623,29.058,923905,-5.33557e+06
1329,1022,29.058,923905,-5.33557e+06
1329,1350,29.058,923905,-5.33557e+06
1330,80,29.058,931777,-5.33306e+06
1335,1317,29.058,901543,-5.34181e+06
1336,1009,29.058,897815,-5.34204e+06
1337,789,29.058,901137,-5.34143e+06
1338,1139,29.058,901545,-5.34182e+06
1343,1344,29.058,881634,-5.34935e+06
1343,1346,29.058,881634,-5.34935e+06
1343,1347,29.058,881634,-5.34935e+06
1344,1343,29.058,881638,-5.34935e+06
1344,1113,29.058,881638,-5.34935e+06
1344,1345,29.058,881638,-5.34935e+06
1345,1344,29.058,882006,-5.34925e+06
1345,1099,29.058,882006,-5.34925e+06
1345,1100,29.058,882006,-5.34925e+06
1346,1343,29.058,881591,-5.34936e+06
1349,1039,29.058,901870,-5.34151e+06
1351,611,29.058,891380,-5.34632e+06
1351,1382,29.058,891380,-5.34632e+06
1351,1383,29.058,891380,-5.34632e+06
1352,612,29.058,891438,-5.3463e+06
1352,1380,29.058,891438,-5.3463e+06
1352,1381,29.058,891438,-5.3463e+06
1353,718,29.058,891275,-5.34634e+06
1353,1378,29.058,891275,-5.34634e+06
1353,1379,29.058,891275,-5.34634e+06
1354,24,29.058,892563,-5.34582e+06
1357,1320,29.058,896368,-5.34386e+06
1359,347,29.058,894619,-5.3439e+06
1360,1385,29.058,901409,-5.34188e+06
1365,1241,29.058,899227,-5.34167e+06
1368,1003,29.058,884759,-5.34878e+06
1373,515,29.058,883333,-5.34722e+06
1376,9,29.058,892195,-5.34557e+06
1377,236,29.058,876313,-5.35079e+06
1378,1353,29.058,891233,-5.34636e+06
1381,1352,29.058,891390,-5.34632e+06
1383,1351,29.058,891376,-5.34632e+06
1384,1286,29.058,901313,-5.34191e+06
1385,1360,29.058,901469,-5.34183e+06
1385,1317,29.058,901469,-5.34183e+06
1385,1040,29.058,901469,-5.34183e+06
