edge_id,source,target,length,source_x,source_y,target_x,target_y
0,1,2,488.515,479563.80261721165,3158020.256048067,480051.36930914514,3158054.7679618755
1,1,3,1913.671,479563.80261721165,3158020.256048067,481303.2430339963,3158650.433036119
2,2,12,25.356,480051.36930914514,3158054.7679618755,480071.7016084027,3158069.379135574
3,2,507,55.176,480051.36930914514,3158054.7679618755,480051.5692627135,3157999.796237478
4,4,5,20.302,480032.8231687128,3158284.8994601057,480015.5791078959,3158274.182712518
5,4,6,249.628,480032.8231687128,3158284.8994601057,479911.3231934001,3158501.9239009796
6,5,505,6.333,480015.5791078959,3158274.182712518,480017.68184067897,3158268.2299869666
7,5,506,61.242,480015.5791078959,3158274.182712518,479962.9287008929,3158242.8872330748
8,6,603,14.845,479911.3231934001,3158501.9239009796,479903.48028580763,3158514.4892600286
9,7,8,237.289,476487.76014258363,3157832.8218070655,476725.40165347257,3157833.699380898
10,8,456,642.185,476725.40165347257,3157833.699380898,477368.4168972291,3157833.7371392404
11,8,456,644.922,476725.40165347257,3157833.699380898,477368.4168972291,3157833.7371392404
12,9,10,18.488,476108.30498598376,3157802.9012088925,476107.5109834245,3157821.304215826
13,9,11,34.076,476108.30498598376,3157802.9012088925,476141.0486744077,3157794.492442708
14,10,626,67.801,476107.5109834245,3157821.304215826,476104.7823024873,3157888.800004432
15,11,7,348.738,476141.0486744077,3157794.492442708,476487.76014258363,3157832.8218070655
16,12,13,209.718,480071.7016084027,3158069.379135574,480036.77660502866,3158274.334940332
17,13,4,11.315,480036.77660502866,3158274.334940332,480032.8231687128,3158284.8994601057
18,14,15,77.595,477277.1276861371,3160663.642619938,477277.633006484,3160586.335640334
19,14,16,100.117,477277.1276861371,3160663.642619938,477274.83703555446,3160763.3649455593
20,14,17,360.858,477277.1276861371,3160663.642619938,476935.1322045962,3160602.326505031
21,15,14,77.595,477277.633006484,3160586.335640334,477277.1276861371,3160663.642619938
22,15,202,285.911,477277.633006484,3160586.335640334,477563.8064865703,3160587.911209149
23,15,275,248.081,477277.633006484,3160586.335640334,477282.6306427873,3160339.219336643
24,16,199,288.167,477274.83703555446,3160763.3649455593,477563.43110189476,3160764.6920463066
25,16,14,100.117,477274.83703555446,3160763.3649455593,477277.1276861371,3160663.642619938
26,16,197,342.304,477274.83703555446,3160763.3649455593,476932.0241652518,3160762.2734498098
27,16,200,281.989,477274.83703555446,3160763.3649455593,477271.147443335,3161044.2905565114
28,17,197,160.62,476935.1322045962,3160602.326505031,476932.0241652518,3160762.2734498098
29,17,245,256.089,476935.1322045962,3160602.326505031,477008.38652898074,3160359.5072679124
30,17,14,360.858,476935.1322045962,3160602.326505031,477277.1276861371,3160663.642619938
31,18,19,15.549,475281.7842527877,3158620.8235036656,475266.21203507355,3158620.8563432163
32,18,20,258.228,475281.7842527877,3158620.8235036656,475275.97841245896,3158878.0347010912
33,19,638,15.106,475266.21203507355,3158620.8563432163,475266.5911237162,3158605.8109138873
34,19,430,356.816,475266.21203507355,3158620.8563432163,474909.39775544207,3158601.883630201
35,20,426,14.036,475275.97841245896,3158878.0347010912,475261.92308650544,3158878.2748425943
36,20,555,192.855,475275.97841245896,3158878.0347010912,475270.95492414804,3159070.113682397
37,21,22,369.36,479877.6771015853,3158993.666920145,480246.3176770355,3158985.251785606
38,22,147,13.197,480246.3176770355,3158985.251785606,480249.9775837281,3158997.8861718425
39,22,148,169.743,480246.3176770355,3158985.251785606,480399.0586294117,3158913.3176172525
40,23,24,14.595,478269.04443297785,3157526.4339132044,478264.716969642,3157540.323265609
41,23,25,778.855,478269.04443297785,3157526.4339132044,478978.1712021633,3157774.983361458
42,24,511,200.391,478264.716969642,3157540.323265609,478193.6619140572,3157727.0389272897
43,25,513,17.998,478978.1712021633,3157774.983361458,478975.8749051427,3157792.768433768
44,25,332,329.182,478978.1712021633,3157774.983361458,479307.84288003563,3157774.851320542
45,26,27,40.496,476103.9560011554,3157910.5487872353,476101.7295007171,3157950.834758652
46,26,28,10.386,476103.9560011554,3157910.5487872353,476096.7315775358,3157903.2073840443
47,27,342,143.027,476101.7295007171,3157950.834758652,476086.2580948797,3158091.8845711565
48,28,627,19.473,476096.7315775358,3157903.2073840443,476088.3910582111,3157885.820059558
49,28,628,12.517,476096.7315775358,3157903.2073840443,476086.91620581585,3157910.9158737236
50,29,30,238.029,480473.92771047045,3158932.7462038435,480710.7191289506,3158942.42454602
51,29,30,429.603,480473.92771047045,3158932.7462038435,480710.7191289506,3158942.42454602
52,29,31,37.535,480473.92771047045,3158932.7462038435,480445.59319908667,3158957.321194478
53,30,29,238.029,480710.7191289506,3158942.42454602,480473.92771047045,3158932.7462038435
54,30,29,429.603,480710.7191289506,3158942.42454602,480473.92771047045,3158932.7462038435
55,30,391,280.922,480710.7191289506,3158942.42454602,480485.7642667722,3159003.9833051558
56,31,390,4.393,480445.59319908667,3158957.321194478,480441.47272989084,3158955.788158789
57,31,29,37.535,480445.59319908667,3158957.321194478,480473.92771047045,3158932.7462038435
58,31,391,61.664,480445.59319908667,3158957.321194478,480485.7642667722,3159003.9833051558
59,32,33,85.341,477335.96474851196,3159147.1671183836,477337.07193370187,3159062.148495524
60,32,34,308.532,477335.96474851196,3159147.1671183836,477414.7119545375,3159380.3396610576
61,32,35,273.709,477335.96474851196,3159147.1671183836,477377.86461798014,3159379.0148246996
62,33,32,85.341,477337.07193370187,3159062.148495524,477335.96474851196,3159147.1671183836
63,33,241,176.258,477337.07193370187,3159062.148495524,477340.32226498256,3158886.5700238626
64,33,36,470.321,477337.07193370187,3159062.148495524,477499.44034273905,3159383.4337930726
65,34,36,84.659,477414.7119545375,3159380.3396610576,477499.44034273905,3159383.4337930726
66,34,35,36.817,477414.7119545375,3159380.3396610576,477377.86461798014,3159379.0148246996
67,34,32,308.532,477414.7119545375,3159380.3396610576,477335.96474851196,3159147.1671183836
68,35,272,32.989,477377.86461798014,3159379.0148246996,477377.19446924486,3159411.874989194
69,35,34,36.817,477377.86461798014,3159379.0148246996,477414.7119545375,3159380.3396610576
70,35,32,273.709,477377.86461798014,3159379.0148246996,477335.96474851196,3159147.1671183836
71,36,34,84.659,477499.44034273905,3159383.4337930726,477414.7119545375,3159380.3396610576
72,36,317,88.514,477499.44034273905,3159383.4337930726,477588.0505512286,3159385.922874687
73,36,33,470.321,477499.44034273905,3159383.4337930726,477337.07193370187,3159062.148495524
74,37,38,164.007,474751.29806619574,3159092.602965753,474915.5298595489,3159095.1640444496
75,38,37,164.007,474915.5298595489,3159095.1640444496,474751.29806619574,3159092.602965753
76,38,39,70.593,474915.5298595489,3159095.1640444496,474921.3528099165,3159165.212211385
77,38,40,260.802,474915.5298595489,3159095.1640444496,474714.5541674779,3159026.4657826987
78,39,217,170.577,474921.3528099165,3159165.212211385,474750.5747486376,3159160.947986009
79,39,218,95.106,474921.3528099165,3159165.212211385,474999.2676806947,3159118.5713493875
80,39,219,70.822,474921.3528099165,3159165.212211385,474906.07530308724,3159234.0425857925
81,39,38,70.593,474921.3528099165,3159165.212211385,474915.5298595489,3159095.1640444496
82,40,38,260.802,474714.5541674779,3159026.4657826987,474915.5298595489,3159095.1640444496
83,41,42,399.058,476524.3682900137,3159387.8941575754,476517.740765385,3159785.294065061
84,42,41,399.058,476517.740765385,3159785.294065061,476524.3682900137,3159387.8941575754
85,42,43,206.237,476517.740765385,3159785.294065061,476724.19218797487,3159791.451791604
86,42,44,462.889,476517.740765385,3159785.294065061,476054.2756614035,3159775.086851044
87,43,124,155.483,476724.19218797487,3159791.451791604,476879.84864765237,3159795.530780338
88,43,42,206.237,476724.19218797487,3159791.451791604,476517.740765385,3159785.294065061
89,43,125,322.759,476724.19218797487,3159791.451791604,476724.25252191967,3160112.363364082
90,44,42,462.889,476054.2756614035,3159775.086851044,476517.740765385,3159785.294065061
91,44,122,285.32,476054.2756614035,3159775.086851044,476054.3967898606,3160059.339580025
92,44,123,268.07,476054.2756614035,3159775.086851044,476058.48361385224,3159508.0746510364
93,45,46,327.813,477334.05207314616,3158076.7548450246,477577.4343336605,3158181.9868745166
94,45,47,477.717,477334.05207314616,3158076.7548450246,477688.65204193926,3157964.536603564
95,45,48,681.053,477334.05207314616,3158076.7548450246,477945.4486435735,3158311.217529862
96,45,49,371.879,477334.05207314616,3158076.7548450246,476967.2974962853,3158118.049966498
97,46,45,327.813,477577.4343336605,3158181.9868745166,477334.05207314616,3158076.7548450246
98,47,45,477.717,477688.65204193926,3157964.536603564,477334.05207314616,3158076.7548450246
99,48,411,311.087,477945.4486435735,3158311.217529862,477849.4375847,3158097.5836000456
100,48,345,70.417,477945.4486435735,3158311.217529862,478013.7031015159,3158293.9176927647
101,48,45,681.053,477945.4486435735,3158311.217529862,477334.05207314616,3158076.7548450246
102,49,308,48.631,476967.2974962853,3158118.049966498,476966.1405416595,3158166.487433649
103,49,189,57.22,476967.2974962853,3158118.049966498,476977.3116589942,3158061.9177125483
104,49,45,371.879,476967.2974962853,3158118.049966498,477334.05207314616,3158076.7548450246
105,49,190,292.63,476967.2974962853,3158118.049966498,476676.02103905065,3158094.430225814
106,50,51,294.961,477287.6509487435,3160038.0620336253,477583.0426049927,3160040.395817867
107,50,52,153.289,477287.6509487435,3160038.0620336253,477284.9541515553,3160190.762569019
108,50,53,153.786,477287.6509487435,3160038.0620336253,477290.16104192927,3159884.8633588427
109,51,54,152.22,477583.0426049927,3160040.395817867,477584.01418893336,3159888.7400952405
110,51,50,294.961,477583.0426049927,3160040.395817867,477287.6509487435,3160038.0620336253
111,51,55,155.731,477583.0426049927,3160040.395817867,477582.5472143841,3160195.5514738937
112,52,55,297.232,477284.9541515553,3160190.762569019,477582.5472143841,3160195.5514738937
113,52,77,62.638,477284.9541515553,3160190.762569019,477222.25088480726,3160189.7210408035
114,52,81,127.929,477284.9541515553,3160190.762569019,477282.85396063456,3160318.2029359653
115,52,50,153.289,477284.9541515553,3160190.762569019,477287.6509487435,3160038.0620336253
116,53,129,77.762,477290.16104192927,3159884.8633588427,477291.49758123705,3159807.399751099
117,53,54,293.441,477290.16104192927,3159884.8633588427,477584.01418893336,3159888.7400952405
118,53,50,153.786,477290.16104192927,3159884.8633588427,477287.6509487435,3160038.0620336253
119,54,51,152.22,477584.01418893336,3159888.7400952405,477583.0426049927,3160040.395817867
120,54,53,293.441,477584.01418893336,3159888.7400952405,477290.16104192927,3159884.8633588427
121,54,274,171.113,477584.01418893336,3159888.7400952405,477585.1747738146,3159718.261642073
122,55,52,297.232,477582.5472143841,3160195.5514738937,477284.9541515553,3160190.762569019
123,55,82,82.906,477582.5472143841,3160195.5514738937,477583.9766378933,3160278.1391379945
124,55,51,155.731,477582.5472143841,3160195.5514738937,477583.0426049927,3160040.395817867
125,56,57,14.301,480070.7859768376,3157783.8330852715,480070.6536700711,3157798.0802220353
126,56,58,149.352,480070.7859768376,3157783.8330852715,480220.33035404474,3157785.7402324392
127,57,542,10.241,480070.6536700711,3157798.0802220353,480060.4013926454,3157797.787450362
128,57,12,272.308,480070.6536700711,3157798.0802220353,480071.7016084027,3158069.379135574
129,58,608,13.177,480220.33035404474,3157785.7402324392,480220.9100607611,3157798.85616162
130,58,611,628.287,480220.33035404474,3157785.7402324392,480738.20658026595,3157472.74260267
131,59,56,152.642,480068.17990891926,3157631.81877013,480070.7859768376,3157783.8330852715
132,60,61,410.647,478228.79922504013,3160623.215770015,478235.02217570686,3160214.129786639
133,61,60,410.647,478235.02217570686,3160214.129786639,478228.79922504013,3160623.215770015
134,61,583,127.628,478235.02217570686,3160214.129786639,478108.3212726905,3160230.906039167
135,62,63,114.421,476534.7777226814,3158367.7749401038,476536.84837962687,3158253.7951438515
136,62,64,87.248,476534.7777226814,3158367.7749401038,476532.7996539496,3158454.678698676
137,62,65,226.113,476534.7777226814,3158367.7749401038,476690.5516132675,3158254.0646925503
138,63,212,41.663,476536.84837962687,3158253.7951438515,476538.08591965097,3158212.3036732934
139,63,62,114.421,476536.84837962687,3158253.7951438515,476534.7777226814,3158367.7749401038
140,63,65,153.475,476536.84837962687,3158253.7951438515,476690.5516132675,3158254.0646925503
141,64,62,87.248,476532.7996539496,3158454.678698676,476534.7777226814,3158367.7749401038
142,64,208,87.695,476532.7996539496,3158454.678698676,476530.33340620965,3158542.015506854
143,64,66,364.631,476532.7996539496,3158454.678698676,476777.0334871461,3158254.203303717
144,65,66,86.353,476690.5516132675,3158254.0646925503,476777.0334871461,3158254.203303717
145,65,63,153.475,476690.5516132675,3158254.0646925503,476536.84837962687,3158253.7951438515
146,65,62,226.113,476690.5516132675,3158254.0646925503,476534.7777226814,3158367.7749401038
147,66,251,87.652,476777.0334871461,3158254.203303717,476864.8163600463,3158254.3510643267
148,66,65,86.353,476777.0334871461,3158254.203303717,476690.5516132675,3158254.0646925503
149,66,64,364.631,476777.0334871461,3158254.203303717,476532.7996539496,3158454.678698676
150,67,68,88.414,476615.250392102,3158778.704360087,476670.5645199826,3158709.9184808303
151,67,69,114.131,476615.250392102,3158778.704360087,476666.7826370339,3158868.9801796474
152,67,70,204.008,476615.250392102,3158778.704360087,476437.8903075979,3158840.5119695724
153,67,71,214.591,476615.250392102,3158778.704360087,476407.46241978736,3158749.1643544347
154,68,255,88.19,476670.5645199826,3158709.9184808303,476724.49852139683,3158640.337961624
155,68,67,88.414,476670.5645199826,3158709.9184808303,476615.250392102,3158778.704360087
156,68,233,602.42,476670.5645199826,3158709.9184808303,476436.64496437553,3158955.7642520517
157,68,210,75.498,476670.5645199826,3158709.9184808303,476605.7350264232,3158671.848958121
158,69,67,114.131,476666.7826370339,3158868.9801796474,476615.250392102,3158778.704360087
159,70,233,115.686,476437.8903075979,3158840.5119695724,476436.64496437553,3158955.7642520517
160,70,194,87.398,476437.8903075979,3158840.5119695724,476350.36496499844,3158839.80191963
161,70,67,204.008,476437.8903075979,3158840.5119695724,476615.250392102,3158778.704360087
162,71,209,87.288,476407.46241978736,3158749.1643544347,476409.2339856679,3158662.2166334856
163,71,228,206.741,476407.46241978736,3158749.1643544347,476200.4157762085,3158748.053983746
164,71,67,214.591,476407.46241978736,3158749.1643544347,476615.250392102,3158778.704360087
165,72,73,221.81,477870.33632332296,3159157.1360354903,477862.8013857415,3159378.0003153565
166,73,74,89.207,477862.8013857415,3159378.0003153565,477952.0689181106,3159381.5876793996
167,73,75,80.932,477862.8013857415,3159378.0003153565,477784.7381842769,3159392.6497749756
168,73,72,221.81,477862.8013857415,3159378.0003153565,477870.33632332296,3159157.1360354903
169,74,412,224.471,477952.0689181106,3159381.5876793996,477958.03547889955,3159158.0232633227
170,74,73,89.207,477952.0689181106,3159381.5876793996,477862.8013857415,3159378.0003153565
171,74,90,89.712,477952.0689181106,3159381.5876793996,478041.82616112934,3159385.5625532153
172,75,264,54.083,477784.7381842769,3159392.6497749756,477730.6070373638,3159390.791596538
173,75,243,322.547,477784.7381842769,3159392.6497749756,477781.2831026083,3159076.597570405
174,75,73,80.932,477784.7381842769,3159392.6497749756,477862.8013857415,3159378.0003153565
175,75,88,226.354,477784.7381842769,3159392.6497749756,477889.1528696763,3159591.4556377754
176,76,77,45.521,477176.6642702662,3160189.300130082,477222.25088480726,3160189.7210408035
177,76,78,325.826,477176.6642702662,3160189.300130082,477179.00531835784,3159864.6837261976
178,76,79,461.365,477176.6642702662,3160189.300130082,476867.2205155359,3160339.821601518
179,77,76,45.521,477222.25088480726,3160189.7210408035,477176.6642702662,3160189.300130082
180,77,80,134.807,477222.25088480726,3160189.7210408035,477225.11340059835,3160323.987229641
181,77,52,62.638,477222.25088480726,3160189.7210408035,477284.9541515553,3160190.762569019
182,78,76,325.826,477179.00531835784,3159864.6837261976,477176.6642702662,3160189.300130082
183,79,76,461.365,476867.2205155359,3160339.821601518,477176.6642702662,3160189.300130082
184,79,659,105.815,476867.2205155359,3160339.821601518,476973.18576475506,3160338.5271834703
185,80,77,134.807,477225.11340059835,3160323.987229641,477222.25088480726,3160189.7210408035
186,80,81,57.946,477225.11340059835,3160323.987229641,477282.85396063456,3160318.2029359653
187,81,275,21.095,477282.85396063456,3160318.2029359653,477282.6306427873,3160339.219336643
188,81,52,127.929,477282.85396063456,3160318.2029359653,477284.9541515553,3160190.762569019
189,81,534,275.869,477282.85396063456,3160318.2029359653,477556.69687952235,3160281.7697203383
190,82,55,82.906,477583.9766378933,3160278.1391379945,477582.5472143841,3160195.5514738937
191,82,663,188.102,477583.9766378933,3160278.1391379945,477770.75132182386,3160253.6986116683
192,83,84,84.955,477727.7338103525,3159690.570535957,477728.0717843458,3159605.930043115
193,83,85,205.886,477727.7338103525,3159690.570535957,477930.693841727,3159675.684825808
194,83,86,291.619,477727.7338103525,3159690.570535957,477943.63399059576,3159774.591595789
195,84,83,84.955,477728.0717843458,3159605.930043115,477727.7338103525,3159690.570535957
196,84,264,215.95,477728.0717843458,3159605.930043115,477730.6070373638,3159390.791596538
197,84,88,163.775,477728.0717843458,3159605.930043115,477889.1528696763,3159591.4556377754
198,85,87,94.442,477930.693841727,3159675.684825808,478015.806610655,3159634.6451557963
199,85,88,94.169,477930.693841727,3159675.684825808,477889.1528696763,3159591.4556377754
200,85,83,205.886,477930.693841727,3159675.684825808,477727.7338103525,3159690.570535957
201,85,86,101.861,477930.693841727,3159675.684825808,477943.63399059576,3159774.591595789
202,86,89,127.374,477943.63399059576,3159774.591595789,477943.8141429232,3159901.4956527976
203,86,83,291.619,477943.63399059576,3159774.591595789,477727.7338103525,3159690.570535957
204,86,85,101.861,477943.63399059576,3159774.591595789,477930.693841727,3159675.684825808
205,87,85,94.442,478015.806610655,3159634.6451557963,477930.693841727,3159675.684825808
206,87,89,360.735,478015.806610655,3159634.6451557963,477943.8141429232,3159901.4956527976
207,87,90,261.266,478015.806610655,3159634.6451557963,478041.82616112934,3159385.5625532153
208,88,85,94.169,477889.1528696763,3159591.4556377754,477930.693841727,3159675.684825808
209,88,84,163.775,477889.1528696763,3159591.4556377754,477728.0717843458,3159605.930043115
210,88,75,226.354,477889.1528696763,3159591.4556377754,477784.7381842769,3159392.6497749756
211,89,281,117.301,477943.8141429232,3159901.4956527976,477942.2931710277,3160018.354716957
212,89,86,127.374,477943.8141429232,3159901.4956527976,477943.63399059576,3159774.591595789
213,89,87,360.735,477943.8141429232,3159901.4956527976,478015.806610655,3159634.6451557963
214,90,243,569.344,478041.82616112934,3159385.5625532153,477781.2831026083,3159076.597570405
215,90,87,261.266,478041.82616112934,3159385.5625532153,478015.806610655,3159634.6451557963
216,90,74,89.712,478041.82616112934,3159385.5625532153,477952.0689181106,3159381.5876793996
217,91,92,308.67,475751.8933882854,3158850.817854016,476061.00841224374,3158847.767477875
218,92,91,308.67,476061.00841224374,3158847.767477875,475751.8933882854,3158850.817854016
219,92,371,204.924,476061.00841224374,3158847.767477875,476060.5254421273,3159051.934467962
220,92,116,138.174,476061.00841224374,3158847.767477875,476061.6761289647,3158710.1044841893
221,93,94,167.512,476604.84603058436,3160818.458963122,476726.4617253997,3160865.090031974
222,93,95,100.201,476604.84603058436,3160818.458963122,476580.9470046199,3160912.7407893264
223,93,96,78.886,476604.84603058436,3160818.458963122,476571.47340960935,3160747.9221166065
224,94,93,167.512,476726.4617253997,3160865.090031974,476604.84603058436,3160818.458963122
225,95,247,373.141,476580.9470046199,3160912.7407893264,476817.01965222805,3160789.8976865183
226,95,468,484.981,476580.9470046199,3160912.7407893264,476134.7383537756,3161027.12993985
227,95,93,100.201,476580.9470046199,3160912.7407893264,476604.84603058436,3160818.458963122
228,96,415,178.609,476571.47340960935,3160747.9221166065,476491.2158316325,3160633.5640232633
229,96,93,78.886,476571.47340960935,3160747.9221166065,476604.84603058436,3160818.458963122
230,96,416,257.63,476571.47340960935,3160747.9221166065,476739.07103995624,3160630.310754545
231,97,98,59.913,480590.46696916287,3159189.8283319515,480575.75712345855,3159243.483653689
232,98,99,31.53,480575.75712345855,3159243.483653689,480580.6688415288,3159273.9967494155
233,98,97,59.913,480575.75712345855,3159243.483653689,480590.46696916287,3159189.8283319515
234,98,100,366.202,480575.75712345855,3159243.483653689,480940.2647778591,3159248.468865259
235,99,98,31.53,480580.6688415288,3159273.9967494155,480575.75712345855,3159243.483653689
236,100,98,366.202,480940.2647778591,3159248.468865259,480575.75712345855,3159243.483653689
237,100,101,206.138,480940.2647778591,3159248.468865259,480942.42769447126,3159453.8161771186
238,100,102,164.34,480940.2647778591,3159248.468865259,480941.1918639039,3159084.7384438263
239,101,482,192.029,480942.42769447126,3159453.8161771186,481132.3257193867,3159461.7181168883
240,101,483,389.872,480942.42769447126,3159453.8161771186,480951.47968132136,3159841.8588443594
241,101,100,206.138,480942.42769447126,3159453.8161771186,480940.2647778591,3159248.468865259
242,102,384,146.283,480941.1918639039,3159084.7384438263,480794.8991935788,3159081.23267061
243,102,461,15.466,480941.1918639039,3159084.7384438263,480956.6650485473,3159084.3698648964
244,102,100,164.34,480941.1918639039,3159084.7384438263,480940.2647778591,3159248.468865259
245,102,340,461.373,480941.1918639039,3159084.7384438263,480946.2548797547,3158625.1062642317
246,103,104,215.999,478299.8803506867,3159503.9986679805,478296.9826754132,3159719.1819234537
247,103,105,52.005,478299.8803506867,3159503.9986679805,478350.95498097915,3159514.140760933
248,103,106,71.456,478299.8803506867,3159503.9986679805,478229.4835525947,3159491.2005924536
249,104,103,215.999,478296.9826754132,3159719.1819234537,478299.8803506867,3159503.9986679805
250,105,103,52.005,478350.95498097915,3159514.140760933,478299.8803506867,3159503.9986679805
251,106,103,71.456,478229.4835525947,3159491.2005924536,478299.8803506867,3159503.9986679805
252,106,376,125.685,478229.4835525947,3159491.2005924536,478288.35092039977,3159383.7185104853
253,106,368,119.272,478229.4835525947,3159491.2005924536,478111.76522377937,3159472.2872476694
254,106,377,262.688,478229.4835525947,3159491.2005924536,478158.10052557377,3159741.785286594
255,107,108,259.731,480630.39876261045,3157665.397338033,480821.03506384615,3157759.948946962
256,107,109,59.645,480630.39876261045,3157665.397338033,480588.9779569942,3157622.5810808935
257,107,110,239.747,480630.39876261045,3157665.397338033,480816.0921009672,3157518.922927642
258,107,111,114.898,480630.39876261045,3157665.397338033,480556.2830483592,3157751.0678757704
259,108,110,395.191,480821.03506384615,3157759.948946962,480816.0921009672,3157518.922927642
260,108,110,242.58,480821.03506384615,3157759.948946962,480816.0921009672,3157518.922927642
261,108,107,259.731,480821.03506384615,3157759.948946962,480630.39876261045,3157665.397338033
262,109,107,59.645,480588.9779569942,3157622.5810808935,480630.39876261045,3157665.397338033
263,109,608,425.273,480588.9779569942,3157622.5810808935,480220.9100607611,3157798.85616162
264,110,107,239.747,480816.0921009672,3157518.922927642,480630.39876261045,3157665.397338033
265,110,108,395.191,480816.0921009672,3157518.922927642,480821.03506384615,3157759.948946962
266,110,108,242.58,480816.0921009672,3157518.922927642,480821.03506384615,3157759.948946962
267,111,107,114.898,480556.2830483592,3157751.0678757704,480630.39876261045,3157665.397338033
268,112,113,280.207,474746.3786259349,3159528.6757587004,475019.8574766558,3159541.0183658446
269,113,226,71.023,475019.8574766558,3159541.0183658446,475090.98456122575,3159541.465231868
270,113,224,145.979,475019.8574766558,3159541.0183658446,475016.9663263217,3159396.039747936
271,113,112,280.207,475019.8574766558,3159541.0183658446,474746.3786259349,3159528.6757587004
272,114,115,275.179,476062.31111725426,3158551.6029016175,476336.82215071237,3158560.8944771076
273,114,116,159.093,476062.31111725426,3158551.6029016175,476061.6761289647,3158710.1044841893
274,114,117,93.369,476062.31111725426,3158551.6029016175,476065.6916706264,3158458.6472918494
275,115,114,275.179,476336.82215071237,3158560.8944771076,476062.31111725426,3158551.6029016175
276,116,304,122.792,476061.6761289647,3158710.1044841893,475938.7018920228,3158709.5474793916
277,116,114,159.093,476061.6761289647,3158710.1044841893,476062.31111725426,3158551.6029016175
278,116,92,138.174,476061.6761289647,3158710.1044841893,476061.00841224374,3158847.767477875
279,117,459,298.854,476065.6916706264,3158458.6472918494,476362.5650699499,3158462.6980427955
280,117,114,93.369,476065.6916706264,3158458.6472918494,476062.31111725426,3158551.6029016175
281,117,181,201.851,476065.6916706264,3158458.6472918494,476076.0613582237,3158257.8059988357
282,118,119,48.167,479020.64596569486,3159322.2065452933,479057.165436831,3159353.559865667
283,118,120,208.67,479020.64596569486,3159322.2065452933,478830.1014386764,3159343.066511394
284,118,121,381.179,479020.64596569486,3159322.2065452933,478953.3974284887,3159074.622950995
285,119,118,48.167,479057.165436831,3159353.559865667,479020.64596569486,3159322.2065452933
286,120,458,74.162,478830.1014386764,3159343.066511394,478871.9126413239,3159282.0593186654
287,120,263,233.383,478830.1014386764,3159343.066511394,478631.8887299751,3159454.8205254264
288,120,118,208.67,478830.1014386764,3159343.066511394,479020.64596569486,3159322.2065452933
289,121,458,308.508,478953.3974284887,3159074.622950995,478871.9126413239,3159282.0593186654
290,121,458,234.332,478953.3974284887,3159074.622950995,478871.9126413239,3159282.0593186654
291,121,118,381.179,478953.3974284887,3159074.622950995,479020.64596569486,3159322.2065452933
292,122,44,285.32,476054.3967898606,3160059.339580025,476054.2756614035,3159775.086851044
293,122,289,212.56,476054.3967898606,3160059.339580025,476060.18796627555,3160270.5621880055
294,123,451,324.16,476058.48361385224,3159508.0746510364,475735.07748954673,3159525.7120171385
295,123,359,143.984,476058.48361385224,3159508.0746510364,476202.60368496197,3159512.6003118637
296,123,140,85.505,476058.48361385224,3159508.0746510364,476059.15077490266,3159422.890506596
297,123,44,268.07,476058.48361385224,3159508.0746510364,476054.2756614035,3159775.086851044
298,124,43,155.483,476879.84864765237,3159795.530780338,476724.19218797487,3159791.451791604
299,124,126,396.312,476879.84864765237,3159795.530780338,476890.6408636841,3159400.82612558
300,124,127,254.591,476879.84864765237,3159795.530780338,477134.7064722983,3159803.0848623663
301,125,43,322.759,476724.25252191967,3160112.363364082,476724.19218797487,3159791.451791604
302,126,580,255.279,476890.6408636841,3159400.82612558,477146.0616629238,3159411.8026755457
303,126,124,396.312,476890.6408636841,3159400.82612558,476879.84864765237,3159795.530780338
304,126,157,194.454,476890.6408636841,3159400.82612558,476896.0201158498,3159207.1630606856
305,127,128,156.143,477134.7064722983,3159803.0848623663,477124.4801892656,3159649.899959408
306,127,129,156.618,477134.7064722983,3159803.0848623663,477291.49758123705,3159807.399751099
307,127,124,254.591,477134.7064722983,3159803.0848623663,476879.84864765237,3159795.530780338
308,128,326,45.453,477124.4801892656,3159649.899959408,477078.9615146109,3159650.288010424
309,128,327,144.888,477124.4801892656,3159649.899959408,477135.1351511694,3159506.434514907
310,128,127,156.143,477124.4801892656,3159649.899959408,477134.7064722983,3159803.0848623663
311,129,53,77.762,477291.49758123705,3159807.399751099,477290.16104192927,3159884.8633588427
312,129,130,97.628,477291.49758123705,3159807.399751099,477293.33374273253,3159710.14894875
313,129,127,156.618,477291.49758123705,3159807.399751099,477134.7064722983,3159803.0848623663
314,130,274,291.52,477293.33374273253,3159710.14894875,477585.1747738146,3159718.261642073
315,130,129,97.628,477293.33374273253,3159710.14894875,477291.49758123705,3159807.399751099
316,130,273,201.547,477293.33374273253,3159710.14894875,477355.0487461457,3159522.3483875594
317,131,132,423.306,479095.55771964137,3159404.0868434566,479090.3632928156,3159825.799348179
318,132,131,423.306,479090.3632928156,3159825.799348179,479095.55771964137,3159404.0868434566
319,132,133,198.309,479090.3632928156,3159825.799348179,479288.9203395839,3159821.4806659515
320,132,134,199.062,479090.3632928156,3159825.799348179,478891.0084374621,3159826.954379152
321,133,331,234.371,479288.9203395839,3159821.4806659515,479284.8535348464,3160054.9452304244
322,133,328,1000.428,479288.9203395839,3159821.4806659515,479298.6915195148,3158824.8195860735
323,133,132,198.309,479288.9203395839,3159821.4806659515,479090.3632928156,3159825.799348179
324,134,167,148.293,478891.0084374621,3159826.954379152,478742.50346885395,3159828.5522254175
325,134,166,214.135,478891.0084374621,3159826.954379152,478892.3455912891,3159613.6131687104
326,134,132,199.062,478891.0084374621,3159826.954379152,479090.3632928156,3159825.799348179
327,134,168,281.656,478891.0084374621,3159826.954379152,478885.91945943807,3160107.515741673
328,135,136,12.395,475252.08231403254,3159725.7366784136,475239.6711493761,3159725.9733845694
329,135,137,216.307,475252.08231403254,3159725.7366784136,475245.0257146496,3159941.1183563364
330,136,135,12.395,475239.6711493761,3159725.9733845694,475252.08231403254,3159725.7366784136
331,136,464,84.553,475239.6711493761,3159725.9733845694,475241.88951935025,3159641.760748777
332,136,595,142.573,475239.6711493761,3159725.9733845694,475097.9916462048,3159718.285935709
333,137,602,67.716,475245.0257146496,3159941.1183563364,475227.95706395886,3160005.0886785714
334,137,282,241.263,475245.0257146496,3159941.1183563364,475235.24410681543,3160181.2442475525
335,138,139,44.78,476059.2234572983,3159362.700735549,476059.47467140766,3159318.0870081717
336,138,140,60.413,476059.2234572983,3159362.700735549,476059.15077490266,3159422.890506596
337,138,141,272.128,476059.2234572983,3159362.700735549,476330.4910478523,3159378.446328751
338,139,138,44.78,476059.47467140766,3159318.0870081717,476059.2234572983,3159362.700735549
339,139,142,302.418,476059.47467140766,3159318.0870081717,475756.6087260219,3159319.3963619843
340,139,406,92.77,476059.47467140766,3159318.0870081717,476059.5597687936,3159225.658720937
341,140,138,60.413,476059.15077490266,3159422.890506596,476059.2234572983,3159362.700735549
342,140,349,367.328,476059.15077490266,3159422.890506596,476424.68650495156,3159444.1293852353
343,140,123,85.505,476059.15077490266,3159422.890506596,476058.48361385224,3159508.0746510364
344,141,138,272.128,476330.4910478523,3159378.446328751,476059.2234572983,3159362.700735549
345,142,139,302.418,475756.6087260219,3159319.3963619843,476059.47467140766,3159318.0870081717
346,143,144,93.637,477636.7532450411,3158890.398991476,477638.01317488856,3158797.115590297
347,143,145,115.194,477636.7532450411,3158890.398991476,477529.5714301782,3158871.094687428
348,143,146,91.66,477636.7532450411,3158890.398991476,477636.3503502808,3158981.719874155
349,144,143,93.637,477638.01317488856,3158797.115590297,477636.7532450411,3158890.398991476
350,144,324,87.626,477638.01317488856,3158797.115590297,477638.74656184413,3158709.8155959304
351,144,240,212.514,477638.01317488856,3158797.115590297,477428.01805598225,3158772.8461782816
352,145,143,115.194,477529.5714301782,3158871.094687428,477636.7532450411,3158890.398991476
353,146,186,82.316,477636.3503502808,3158981.719874155,477553.9300627227,3158979.9718884546
354,146,243,204.557,477636.3503502808,3158981.719874155,477781.2831026083,3159076.597570405
355,146,143,91.66,477636.3503502808,3158981.719874155,477636.7532450411,3158890.398991476
356,147,22,13.197,480249.9775837281,3158997.8861718425,480246.3176770355,3158985.251785606
357,147,634,293.574,480249.9775837281,3158997.8861718425,479957.2432058607,3159008.3425573623
358,148,382,13.436,480399.0586294117,3158913.3176172525,480407.58566580573,3158923.6728246855
359,148,381,185.567,480399.0586294117,3158913.3176172525,480529.629345706,3158783.8363107974
360,149,150,18.661,479672.69252145,3160725.247140417,479691.3004734565,3160723.5198562928
361,149,151,252.832,479672.69252145,3160725.247140417,479673.93764480075,3160473.3528100187
362,150,489,18.025,479691.3004734565,3160723.5198562928,479691.16534792935,3160741.4783645156
363,150,152,311.073,479691.3004734565,3160723.5198562928,479999.32625137107,3160701.431163561
364,151,528,25.22,479673.93764480075,3160473.3528100187,479674.1092163968,3160448.226447536
365,151,527,33.532,479673.93764480075,3160473.3528100187,479692.70903861016,3160447.1971299527
366,152,153,22.362,479999.32625137107,3160701.431163561,480005.8075422233,3160722.7573170764
367,152,154,269.398,479999.32625137107,3160701.431163561,480260.5363334261,3160661.4821754433
368,153,152,22.362,480005.8075422233,3160722.7573170764,479999.32625137107,3160701.431163561
369,153,489,316.794,480005.8075422233,3160722.7573170764,479691.16534792935,3160741.4783645156
370,154,541,25.464,480260.5363334261,3160661.4821754433,480260.5790777349,3160686.851893242
371,154,155,427.137,480260.5363334261,3160661.4821754433,480664.36569024407,3160768.259198953
372,155,156,15.481,480664.36569024407,3160768.259198953,480679.8005413316,3160769.7182549704
373,156,485,26.142,480679.8005413316,3160769.7182549704,480677.975461595,3160795.700369826
374,156,477,176.296,480679.8005413316,3160769.7182549704,480855.5989060771,3160780.23120508
375,157,158,418.944,476896.0201158498,3159207.1630606856,476632.9814642624,3159037.451977909
376,157,126,194.454,476896.0201158498,3159207.1630606856,476890.6408636841,3159400.82612558
377,157,159,780.533,476896.0201158498,3159207.1630606856,477058.4979519789,3158574.538070744
378,158,157,418.944,476632.9814642624,3159037.451977909,476896.0201158498,3159207.1630606856
379,159,398,113.452,477058.4979519789,3158574.538070744,477058.4137347558,3158461.504267997
380,159,399,91.011,477058.4979519789,3158574.538070744,477149.6436974978,3158574.902933682
381,159,254,99.438,477058.4979519789,3158574.538070744,476958.9119381432,3158574.8219741234
382,159,157,780.533,477058.4979519789,3158574.538070744,476896.0201158498,3159207.1630606856
383,160,161,207.188,475032.67288269696,3158720.1606667424,475216.70200392243,3158803.3909038496
384,160,161,297.838,475032.67288269696,3158720.1606667424,475216.70200392243,3158803.3909038496
385,160,162,81.061,475032.67288269696,3158720.1606667424,475012.15060704044,3158797.8648404684
386,161,163,76.398,475216.70200392243,3158803.3909038496,475214.37836405856,3158879.4720364534
387,161,160,207.188,475216.70200392243,3158803.3909038496,475032.67288269696,3158720.1606667424
388,161,160,297.838,475216.70200392243,3158803.3909038496,475032.67288269696,3158720.1606667424
389,162,428,101.144,475012.15060704044,3158797.8648404684,474910.8876729133,3158795.3225495787
390,162,160,81.061,475012.15060704044,3158797.8648404684,475032.67288269696,3158720.1606667424
391,162,163,224.364,475012.15060704044,3158797.8648404684,475214.37836405856,3158879.4720364534
392,163,161,76.398,475214.37836405856,3158879.4720364534,475216.70200392243,3158803.3909038496
393,163,426,47.499,475214.37836405856,3158879.4720364534,475261.92308650544,3158878.2748425943
394,163,427,225.229,475214.37836405856,3158879.4720364534,475064.93213107536,3158917.8436754057
395,163,162,224.364,475214.37836405856,3158879.4720364534,475012.15060704044,3158797.8648404684
396,164,165,86.38,478895.31422226765,3159448.0395834236,478893.89445313124,3159534.0888744765
397,165,166,79.834,478893.89445313124,3159534.0888744765,478892.3455912891,3159613.6131687104
398,165,166,370.822,478893.89445313124,3159534.0888744765,478892.3455912891,3159613.6131687104
399,165,164,86.38,478893.89445313124,3159534.0888744765,478895.31422226765,3159448.0395834236
400,166,165,79.834,478892.3455912891,3159613.6131687104,478893.89445313124,3159534.0888744765
401,166,165,370.822,478892.3455912891,3159613.6131687104,478893.89445313124,3159534.0888744765
402,166,134,214.135,478892.3455912891,3159613.6131687104,478891.0084374621,3159826.954379152
403,167,134,148.293,478742.50346885395,3159828.5522254175,478891.0084374621,3159826.954379152
404,167,372,254.255,478742.50346885395,3159828.5522254175,478487.92520619667,3159833.702968311
405,167,635,195.854,478742.50346885395,3159828.5522254175,478747.29615675093,3159634.503467746
406,168,134,281.656,478885.91945943807,3160107.515741673,478891.0084374621,3159826.954379152
407,168,667,196.965,478885.91945943807,3160107.515741673,479081.46995073586,3160081.7398474975
408,169,170,431.346,481207.26071883284,3157804.291214796,481024.13227615214,3157516.8341256636
409,169,171,38.833,481207.26071883284,3157804.291214796,481197.15582605486,3157840.9881994943
410,169,172,509.097,481207.26071883284,3157804.291214796,481233.93071233464,3157580.363908194
411,170,169,431.346,481024.13227615214,3157516.8341256636,481207.26071883284,3157804.291214796
412,171,169,38.833,481197.15582605486,3157840.9881994943,481207.26071883284,3157804.291214796
413,172,169,509.097,481233.93071233464,3157580.363908194,481207.26071883284,3157804.291214796
414,173,174,161.214,478184.45765667467,3158910.538034615,478229.9403490333,3159026.1795039736
415,173,175,91.288,478184.45765667467,3158910.538034615,478168.6832349071,3158822.770290096
416,173,176,172.193,478184.45765667467,3158910.538034615,478331.68089735694,3158992.4120756043
417,174,173,161.214,478229.9403490333,3159026.1795039736,478184.45765667467,3158910.538034615
418,175,367,47.851,478168.6832349071,3158822.770290096,478120.76324006304,3158822.2613815353
419,175,369,249.255,478168.6832349071,3158822.770290096,478379.67443493014,3158778.59707931
420,175,173,91.288,478168.6832349071,3158822.770290096,478184.45765667467,3158910.538034615
421,176,173,172.193,478331.68089735694,3158992.4120756043,478184.45765667467,3158910.538034615
422,176,447,97.344,478331.68089735694,3158992.4120756043,478424.9098460298,3158989.1935412996
423,176,450,98.046,478331.68089735694,3158992.4120756043,478307.74036613427,3159084.41898663
424,177,178,38.902,475744.8517062458,3159224.7325292383,475705.9160833261,3159226.1093455437
425,177,179,247.74,475744.8517062458,3159224.7325292383,475992.9602498278,3159225.5733571392
426,177,179,420.89,475744.8517062458,3159224.7325292383,475992.9602498278,3159225.5733571392
427,178,177,38.902,475705.9160833261,3159226.1093455437,475744.8517062458,3159224.7325292383
428,179,177,247.74,475992.9602498278,3159225.5733571392,475744.8517062458,3159224.7325292383
429,179,177,420.89,475992.9602498278,3159225.5733571392,475744.8517062458,3159224.7325292383
430,179,406,66.523,475992.9602498278,3159225.5733571392,476059.5597687936,3159225.658720937
431,180,181,261.014,475822.13189407566,3158228.592088609,476076.0613582237,3158257.8059988357
432,181,182,154.536,476076.0613582237,3158257.8059988357,476230.8229059061,3158258.9868783923
433,181,180,261.014,476076.0613582237,3158257.8059988357,475822.13189407566,3158228.592088609
434,181,117,201.851,476076.0613582237,3158257.8059988357,476065.6916706264,3158458.6472918494
435,181,183,117.042,476076.0613582237,3158257.8059988357,476083.0136312639,3158141.401027733
436,182,181,154.536,476230.8229059061,3158258.9868783923,476076.0613582237,3158257.8059988357
437,183,593,250.662,476083.0136312639,3158141.401027733,475832.01000981656,3158137.6282506655
438,183,181,117.042,476083.0136312639,3158141.401027733,476076.0613582237,3158257.8059988357
439,183,342,49.806,476083.0136312639,3158141.401027733,476086.2580948797,3158091.8845711565
440,184,185,45.874,477428.93239130307,3158973.4096798124,477461.5693442084,3158941.241377191
441,185,184,45.874,477461.5693442084,3158941.241377191,477428.93239130307,3158973.4096798124
442,185,186,104.639,477461.5693442084,3158941.241377191,477553.9300627227,3158979.9718884546
443,185,187,65.244,477461.5693442084,3158941.241377191,477425.6297207855,3158888.820564978
444,186,146,82.316,477553.9300627227,3158979.9718884546,477636.3503502808,3158981.719874155
445,186,185,104.639,477553.9300627227,3158979.9718884546,477461.5693442084,3158941.241377191
446,186,242,183.493,477553.9300627227,3158979.9718884546,477595.128765497,3159153.9807373965
447,187,240,116.428,477425.6297207855,3158888.820564978,477428.01805598225,3158772.8461782816
448,187,185,65.244,477425.6297207855,3158888.820564978,477461.5693442084,3158941.241377191
449,187,241,85.21,477425.6297207855,3158888.820564978,477340.32226498256,3158886.5700238626
450,188,189,269.67,476730.5218287857,3157998.4486274817,476977.3116589942,3158061.9177125483
451,188,189,440.713,476730.5218287857,3157998.4486274817,476977.3116589942,3158061.9177125483
452,188,190,122.286,476730.5218287857,3157998.4486274817,476676.02103905065,3158094.430225814
453,189,49,57.22,476977.3116589942,3158061.9177125483,476967.2974962853,3158118.049966498
454,189,188,440.713,476977.3116589942,3158061.9177125483,476730.5218287857,3157998.4486274817
455,189,188,269.67,476977.3116589942,3158061.9177125483,476730.5218287857,3157998.4486274817
456,190,191,265.961,476676.02103905065,3158094.430225814,476409.6649143475,3158093.6114255637
457,190,192,73.611,476676.02103905065,3158094.430225814,476676.2451596316,3158167.7694537053
458,190,188,122.286,476676.02103905065,3158094.430225814,476730.5218287857,3157998.4486274817
459,190,49,292.63,476676.02103905065,3158094.430225814,476967.2974962853,3158118.049966498
460,191,190,265.961,476409.6649143475,3158093.6114255637,476676.02103905065,3158094.430225814
461,191,342,322.93,476409.6649143475,3158093.6114255637,476086.2580948797,3158091.8845711565
462,191,388,44.475,476409.6649143475,3158093.6114255637,476404.33441930095,3158050.2055005375
463,191,465,275.902,476409.6649143475,3158093.6114255637,476204.7585258695,3158159.887113842
464,192,423,110.651,476676.2451596316,3158167.7694537053,476565.43338161515,3158166.8603660706
465,192,190,73.611,476676.2451596316,3158167.7694537053,476676.02103905065,3158094.430225814
466,192,424,66.054,476676.2451596316,3158167.7694537053,476741.2069389577,3158162.7548109805
467,193,194,256.526,476212.12607710704,3158961.0922204587,476350.36496499844,3158839.80191963
468,193,195,65.53,476212.12607710704,3158961.0922204587,476200.0456159584,3158898.1796881235
469,193,196,306.021,476212.12607710704,3158961.0922204587,476434.7726756453,3159055.928873629
470,194,70,87.398,476350.36496499844,3158839.80191963,476437.8903075979,3158840.5119695724
471,194,193,256.526,476350.36496499844,3158839.80191963,476212.12607710704,3158961.0922204587
472,194,195,173.316,476350.36496499844,3158839.80191963,476200.0456159584,3158898.1796881235
473,195,194,173.316,476200.0456159584,3158898.1796881235,476350.36496499844,3158839.80191963
474,195,235,221.055,476200.0456159584,3158898.1796881235,476124.6593040479,3159051.1500428016
475,195,228,150.687,476200.0456159584,3158898.1796881235,476200.4157762085,3158748.053983746
476,195,193,65.53,476200.0456159584,3158898.1796881235,476212.12607710704,3158961.0922204587
477,196,233,100.553,476434.7726756453,3159055.928873629,476436.64496437553,3158955.7642520517
478,196,193,306.021,476434.7726756453,3159055.928873629,476212.12607710704,3158961.0922204587
479,196,234,459.723,476434.7726756453,3159055.928873629,476124.6455739846,3159058.8164057583
480,197,198,30.116,476932.0241652518,3160762.2734498098,476931.58447152184,3160792.2749951654
481,197,16,342.304,476932.0241652518,3160762.2734498098,477274.83703555446,3160763.3649455593
482,197,17,160.62,476932.0241652518,3160762.2734498098,476935.1322045962,3160602.326505031
483,198,197,30.116,476931.58447152184,3160792.2749951654,476932.0241652518,3160762.2734498098
484,198,246,201.209,476931.58447152184,3160792.2749951654,476927.70546346315,3160992.7044873494
485,198,247,114.419,476931.58447152184,3160792.2749951654,476817.01965222805,3160789.8976865183
486,199,16,288.167,477563.43110189476,3160764.6920463066,477274.83703555446,3160763.3649455593
487,199,201,225.678,477563.43110189476,3160764.6920463066,477565.31884255295,3160989.516198045
488,199,202,178.811,477563.43110189476,3160764.6920463066,477563.8064865703,3160587.911209149
489,200,16,281.989,477271.147443335,3161044.2905565114,477274.83703555446,3160763.3649455593
490,201,199,225.678,477565.31884255295,3160989.516198045,477563.43110189476,3160764.6920463066
491,202,413,96.043,477563.8064865703,3160587.911209149,477659.991019385,3160587.372900315
492,202,15,285.911,477563.8064865703,3160587.911209149,477277.633006484,3160586.335640334
493,202,199,178.811,477563.8064865703,3160587.911209149,477563.43110189476,3160764.6920463066
494,203,204,187.168,476045.8436958094,3160688.352185489,476043.78003388934,3160874.819394992
495,203,205,112.927,476045.8436958094,3160688.352185489,476046.99264365545,3160575.847235185
496,203,206,205.43,476045.8436958094,3160688.352185489,476251.467047599,3160694.1264754464
497,204,203,187.168,476043.78003388934,3160874.819394992,476045.8436958094,3160688.352185489
498,204,442,352.163,476043.78003388934,3160874.819394992,476389.412133395,3160839.8739239913
499,204,443,122.734,476043.78003388934,3160874.819394992,476042.6902794731,3160997.095549305
500,205,203,112.927,476046.99264365545,3160575.847235185,476045.8436958094,3160688.352185489
501,205,310,130.221,476046.99264365545,3160575.847235185,475916.59056045505,3160577.676632722
502,205,305,94.082,476046.99264365545,3160575.847235185,476048.83529416774,3160482.1300883996
503,206,203,205.43,476251.467047599,3160694.1264754464,476045.8436958094,3160688.352185489
504,207,208,119.841,476528.52803578606,3158661.401130597,476530.33340620965,3158542.015506854
505,207,209,119.119,476528.52803578606,3158661.401130597,476409.2339856679,3158662.2166334856
506,207,210,78.01,476528.52803578606,3158661.401130597,476605.7350264232,3158671.848958121
507,208,64,87.695,476530.33340620965,3158542.015506854,476532.7996539496,3158454.678698676
508,208,207,119.841,476530.33340620965,3158542.015506854,476528.52803578606,3158661.401130597
509,208,211,352.684,476530.33340620965,3158542.015506854,476866.0488198324,3158457.605914783
510,209,71,87.288,476409.2339856679,3158662.2166334856,476407.46241978736,3158749.1643544347
511,209,207,119.119,476409.2339856679,3158662.2166334856,476528.52803578606,3158661.401130597
512,209,228,447.998,476409.2339856679,3158662.2166334856,476200.4157762085,3158748.053983746
513,210,358,62.026,476605.7350264232,3158671.848958121,476625.1223549385,3158613.1385092814
514,210,68,75.498,476605.7350264232,3158671.848958121,476670.5645199826,3158709.9184808303
515,210,207,78.01,476605.7350264232,3158671.848958121,476528.52803578606,3158661.401130597
516,211,253,116.956,476866.0488198324,3158457.605914783,476866.75801552803,3158574.1282276656
517,211,251,204.011,476866.0488198324,3158457.605914783,476864.8163600463,3158254.3510643267
518,211,208,352.684,476866.0488198324,3158457.605914783,476530.33340620965,3158542.015506854
519,212,63,41.663,476538.08591965097,3158212.3036732934,476536.84837962687,3158253.7951438515
520,213,214,33.402,476857.59568255703,3160507.5806738012,476854.68805467075,3160540.733392207
521,213,215,321.314,476857.59568255703,3160507.5806738012,476535.82587556227,3160503.6784482836
522,213,216,146.71,476857.59568255703,3160507.5806738012,476858.90115137113,3160361.419008879
523,214,213,33.402,476854.68805467075,3160540.733392207,476857.59568255703,3160507.5806738012
524,215,598,82.725,476535.82587556227,3160503.6784482836,476537.8516054423,3160421.2833186756
525,215,213,321.314,476535.82587556227,3160503.6784482836,476857.59568255703,3160507.5806738012
526,215,305,488.132,476535.82587556227,3160503.6784482836,476048.83529416774,3160482.1300883996
527,216,213,146.71,476858.90115137113,3160361.419008879,476857.59568255703,3160507.5806738012
528,216,658,276.774,476858.90115137113,3160361.419008879,476582.1256992862,3160347.7329844674
529,217,39,170.577,474750.5747486376,3159160.947986009,474921.3528099165,3159165.212211385
530,218,302,368.945,474999.2676806947,3159118.5713493875,475188.3536708738,3159112.220444301
531,218,302,193.853,474999.2676806947,3159118.5713493875,475188.3536708738,3159112.220444301
532,218,39,95.106,474999.2676806947,3159118.5713493875,474921.3528099165,3159165.212211385
533,219,220,212.19,474906.07530308724,3159234.0425857925,474815.4491450547,3159373.0952843293
534,219,221,147.759,474906.07530308724,3159234.0425857925,474887.2946670092,3159379.6879667505
535,219,39,70.822,474906.07530308724,3159234.0425857925,474921.3528099165,3159165.212211385
536,220,219,212.19,474815.4491450547,3159373.0952843293,474906.07530308724,3159234.0425857925
537,221,222,50.861,474887.2946670092,3159379.6879667505,474887.540164106,3159430.3606582126
538,221,219,147.759,474887.2946670092,3159379.6879667505,474906.07530308724,3159234.0425857925
539,221,223,249.239,474887.2946670092,3159379.6879667505,475127.61624585604,3159321.4010116206
540,222,221,50.861,474887.540164106,3159430.3606582126,474887.2946670092,3159379.6879667505
541,222,224,134.297,474887.540164106,3159430.3606582126,475016.9663263217,3159396.039747936
542,222,225,429.895,474887.540164106,3159430.3606582126,474463.82647680264,3159378.985407216
543,223,362,10.518,475127.61624585604,3159321.4010116206,475138.1321173556,3159322.0101790214
544,223,221,249.239,475127.61624585604,3159321.4010116206,474887.2946670092,3159379.6879667505
545,224,113,145.979,475016.9663263217,3159396.039747936,475019.8574766558,3159541.0183658446
546,224,227,115.049,475016.9663263217,3159396.039747936,475129.4586588851,3159373.79855708
547,224,222,134.297,475016.9663263217,3159396.039747936,474887.540164106,3159430.3606582126
548,225,222,429.895,474463.82647680264,3159378.985407216,474887.540164106,3159430.3606582126
549,226,113,71.023,475090.98456122575,3159541.465231868,475019.8574766558,3159541.0183658446
550,226,226,335.225,475090.98456122575,3159541.465231868,475090.98456122575,3159541.465231868
551,226,226,335.225,475090.98456122575,3159541.465231868,475090.98456122575,3159541.465231868
552,227,363,13.073,475129.4586588851,3159373.79855708,475142.53440496,3159373.13934418
553,227,224,115.049,475129.4586588851,3159373.79855708,475016.9663263217,3159396.039747936
554,227,223,52.624,475129.4586588851,3159373.79855708,475127.61624585604,3159321.4010116206
555,228,71,206.741,476200.4157762085,3158748.053983746,476407.46241978736,3158749.1643544347
556,228,209,447.998,476200.4157762085,3158748.053983746,476409.2339856679,3158662.2166334856
557,228,195,150.687,476200.4157762085,3158748.053983746,476200.0456159584,3158898.1796881235
558,229,230,56.845,474908.14269907924,3158531.9143705303,474851.276176143,3158529.2554930113
559,229,231,105.564,474908.14269907924,3158531.9143705303,474874.6357370584,3158433.8304255605
560,229,232,55.761,474908.14269907924,3158531.9143705303,474909.3765517421,3158587.4040466924
561,230,229,56.845,474851.276176143,3158529.2554930113,474908.14269907924,3158531.9143705303
562,231,229,105.564,474874.6357370584,3158433.8304255605,474908.14269907924,3158531.9143705303
563,232,430,14.533,474909.3765517421,3158587.4040466924,474909.39775544207,3158601.883630201
564,232,229,55.761,474909.3765517421,3158587.4040466924,474908.14269907924,3158531.9143705303
565,232,638,357.161,474909.3765517421,3158587.4040466924,475266.5911237162,3158605.8109138873
566,233,196,100.553,476436.64496437553,3158955.7642520517,476434.7726756453,3159055.928873629
567,233,70,115.686,476436.64496437553,3158955.7642520517,476437.8903075979,3158840.5119695724
568,233,68,602.42,476436.64496437553,3158955.7642520517,476670.5645199826,3158709.9184808303
569,234,235,7.695,476124.6455739846,3159058.8164057583,476124.6593040479,3159051.1500428016
570,234,371,65.593,476124.6455739846,3159058.8164057583,476060.5254421273,3159051.934467962
571,234,196,459.723,476124.6455739846,3159058.8164057583,476434.7726756453,3159055.928873629
572,235,234,7.695,476124.6593040479,3159051.1500428016,476124.6455739846,3159058.8164057583
573,235,195,221.055,476124.6593040479,3159051.1500428016,476200.0456159584,3158898.1796881235
574,236,237,347.225,475692.5157563761,3160588.741541427,475689.6248055765,3160934.6751905065
575,236,238,55.127,475692.5157563761,3160588.741541427,475637.30737296026,3160588.4463055907
576,236,239,99.877,475692.5157563761,3160588.741541427,475792.532424695,3160587.39337471
577,237,236,347.225,475689.6248055765,3160934.6751905065,475692.5157563761,3160588.741541427
578,238,236,55.127,475637.30737296026,3160588.4463055907,475692.5157563761,3160588.741541427
579,239,310,124.834,475792.532424695,3160587.39337471,475916.59056045505,3160577.676632722
580,239,236,99.877,475792.532424695,3160587.39337471,475692.5157563761,3160588.741541427
581,239,311,400.422,475792.532424695,3160587.39337471,475789.3568707593,3160986.3273418685
582,239,312,326.267,475792.532424695,3160587.39337471,475798.22785067913,3160262.381507273
583,240,187,116.428,477428.01805598225,3158772.8461782816,477425.6297207855,3158888.820564978
584,240,256,55.087,477428.01805598225,3158772.8461782816,477429.06662625395,3158717.972331643
585,240,144,212.514,477428.01805598225,3158772.8461782816,477638.01317488856,3158797.115590297
586,241,33,176.258,477340.32226498256,3158886.5700238626,477337.07193370187,3159062.148495524
587,241,187,85.21,477340.32226498256,3158886.5700238626,477425.6297207855,3158888.820564978
588,241,244,265.088,477340.32226498256,3158886.5700238626,477343.1669155929,3158622.4751396244
589,242,408,317.541,477595.128765497,3159153.9807373965,477679.2155750206,3159389.4823760823
590,242,317,232.908,477595.128765497,3159153.9807373965,477588.0505512286,3159385.922874687
591,242,186,183.493,477595.128765497,3159153.9807373965,477553.9300627227,3158979.9718884546
592,243,90,569.344,477781.2831026083,3159076.597570405,478041.82616112934,3159385.5625532153
593,243,75,322.547,477781.2831026083,3159076.597570405,477784.7381842769,3159392.6497749756
594,243,146,204.557,477781.2831026083,3159076.597570405,477636.3503502808,3158981.719874155
595,244,269,171.046,477343.1669155929,3158622.4751396244,477486.08562506514,3158571.659716353
596,244,268,41.907,477343.1669155929,3158622.4751396244,477301.2027978411,3158621.8583596977
597,244,241,265.088,477343.1669155929,3158622.4751396244,477340.32226498256,3158886.5700238626
598,245,216,149.28,477008.38652898074,3160359.5072679124,476858.90115137113,3160361.419008879
599,245,17,256.089,477008.38652898074,3160359.5072679124,476935.1322045962,3160602.326505031
600,246,198,201.209,476927.70546346315,3160992.7044873494,476931.58447152184,3160792.2749951654
601,247,417,44.14,476817.01965222805,3160789.8976865183,476772.83215384017,3160788.622550487
602,247,416,214.758,476817.01965222805,3160789.8976865183,476739.07103995624,3160630.310754545
603,247,95,373.141,476817.01965222805,3160789.8976865183,476580.9470046199,3160912.7407893264
604,247,198,114.419,476817.01965222805,3160789.8976865183,476931.58447152184,3160792.2749951654
605,248,249,70.426,478439.0246412516,3160876.6138629983,478368.51032119273,3160875.070997072
606,249,248,70.426,478368.51032119273,3160875.070997072,478439.0246412516,3160876.6138629983
607,249,439,462.303,478368.51032119273,3160875.070997072,478149.35754185513,3160665.3623526497
608,249,439,417.017,478368.51032119273,3160875.070997072,478149.35754185513,3160665.3623526497
609,250,251,40.898,476864.5696795078,3158213.604826079,476864.8163600463,3158254.3510643267
610,251,250,40.898,476864.8163600463,3158254.3510643267,476864.5696795078,3158213.604826079
611,251,66,87.652,476864.8163600463,3158254.3510643267,476777.0334871461,3158254.203303717
612,251,211,204.011,476864.8163600463,3158254.3510643267,476866.0488198324,3158457.605914783
613,251,252,197.694,476864.8163600463,3158254.3510643267,477062.8029890301,3158255.081055114
614,252,425,85.914,477062.8029890301,3158255.081055114,477148.84427749657,3158255.034935518
615,252,251,197.694,477062.8029890301,3158255.081055114,476864.8163600463,3158254.3510643267
616,252,687,111.185,477062.8029890301,3158255.081055114,477055.79835480725,3158364.6500458145
617,253,254,92.019,476866.75801552803,3158574.1282276656,476958.9119381432,3158574.8219741234
618,253,211,116.956,476866.75801552803,3158574.1282276656,476866.0488198324,3158457.605914783
619,253,255,171.046,476866.75801552803,3158574.1282276656,476724.49852139683,3158640.337961624
620,254,348,113.71,476958.9119381432,3158574.8219741234,476959.40337852144,3158461.532227058
621,254,159,99.438,476958.9119381432,3158574.8219741234,477058.4979519789,3158574.538070744
622,254,253,92.019,476958.9119381432,3158574.8219741234,476866.75801552803,3158574.1282276656
623,255,301,48.84,476724.49852139683,3158640.337961624,476763.15563318523,3158670.1510982555
624,255,68,88.19,476724.49852139683,3158640.337961624,476670.5645199826,3158709.9184808303
625,255,253,171.046,476724.49852139683,3158640.337961624,476866.75801552803,3158574.1282276656
626,256,240,55.087,477429.06662625395,3158717.972331643,477428.01805598225,3158772.8461782816
627,257,258,19.395,479732.40418015915,3159190.527158422,479751.8185770102,3159189.9286043886
628,257,259,186.88,479732.40418015915,3159190.527158422,479735.3101146832,3159004.3591670175
629,258,257,19.395,479751.8185770102,3159189.9286043886,479732.40418015915,3159190.527158422
630,258,405,199.919,479751.8185770102,3159189.9286043886,479748.4458422116,3159389.0814391654
631,259,378,14.311,479735.3101146832,3159004.3591670175,479735.4028428567,3158990.100990353
632,260,261,182.964,478543.34692872915,3159692.272817934,478643.4904654736,3159783.1441710773
633,260,262,54.613,478543.34692872915,3159692.272817934,478489.09624590166,3159688.395078282
634,260,263,350.256,478543.34692872915,3159692.272817934,478631.8887299751,3159454.8205254264
635,261,260,182.964,478643.4904654736,3159783.1441710773,478543.34692872915,3159692.272817934
636,262,372,145.851,478489.09624590166,3159688.395078282,478487.92520619667,3159833.702968311
637,262,330,190.319,478489.09624590166,3159688.395078282,478491.4184297515,3159498.79323445
638,262,260,54.613,478489.09624590166,3159688.395078282,478543.34692872915,3159692.272817934
639,263,260,350.256,478631.8887299751,3159454.8205254264,478543.34692872915,3159692.272817934
640,263,120,233.383,478631.8887299751,3159454.8205254264,478830.1014386764,3159343.066511394
641,263,365,95.873,478631.8887299751,3159454.8205254264,478549.1452793863,3159499.019800095
642,264,84,215.95,477730.6070373638,3159390.791596538,477728.0717843458,3159605.930043115
643,264,75,54.083,477730.6070373638,3159390.791596538,477784.7381842769,3159392.6497749756
644,264,408,51.332,477730.6070373638,3159390.791596538,477679.2155750206,3159389.4823760823
645,265,266,428.379,475552.733442276,3160214.898886548,475609.7036079524,3159806.159398134
646,265,267,137.998,475552.733442276,3160214.898886548,475690.11833750905,3160229.846054038
647,266,265,428.379,475609.7036079524,3159806.159398134,475552.733442276,3160214.898886548
648,267,284,432.808,475690.11833750905,3160229.846054038,475697.019045463,3159798.6883320785
649,267,285,62.076,475690.11833750905,3160229.846054038,475751.9044456917,3160236.664278676
650,268,244,41.907,477301.2027978411,3158621.8583596977,477343.1669155929,3158622.4751396244
651,269,244,171.046,477486.08562506514,3158571.659716353,477343.1669155929,3158622.4751396244
652,269,270,144.887,477486.08562506514,3158571.659716353,477620.2934489991,3158625.0891948356
653,269,271,63.304,477486.08562506514,3158571.659716353,477442.13035970455,3158527.6074535595
654,270,420,290.666,477620.2934489991,3158625.0891948356,477540.46886951156,3158437.583128866
655,270,324,89.972,477620.2934489991,3158625.0891948356,477638.74656184413,3158709.8155959304
656,270,269,144.887,477620.2934489991,3158625.0891948356,477486.08562506514,3158571.659716353
657,271,394,97.154,477442.13035970455,3158527.6074535595,477344.833675886,3158528.3046546374
658,271,421,92.475,477442.13035970455,3158527.6074535595,477434.4910993804,3158436.2245314126
659,271,269,63.304,477442.13035970455,3158527.6074535595,477486.08562506514,3158571.659716353
660,272,35,32.989,477377.19446924486,3159411.874989194,477377.86461798014,3159379.0148246996
661,273,130,201.547,477355.0487461457,3159522.3483875594,477293.33374273253,3159710.14894875
662,274,130,291.52,477585.1747738146,3159718.261642073,477293.33374273253,3159710.14894875
663,274,54,171.113,477585.1747738146,3159718.261642073,477584.01418893336,3159888.7400952405
664,274,317,333.593,477585.1747738146,3159718.261642073,477588.0505512286,3159385.922874687
665,275,81,21.095,477282.6306427873,3160339.219336643,477282.85396063456,3160318.2029359653
666,275,15,248.081,477282.6306427873,3160339.219336643,477277.633006484,3160586.335640334
667,275,276,238.6,477282.6306427873,3160339.219336643,477044.4422435062,3160357.675088158
668,276,245,36.049,477044.4422435062,3160357.675088158,477008.38652898074,3160359.5072679124
669,276,660,40.561,477044.4422435062,3160357.675088158,477010.53522977594,3160338.0771738333
670,277,278,93.821,477951.72834343655,3158482.767282876,477950.8476937258,3158576.23821151
671,277,279,90.045,477951.72834343655,3158482.767282876,478033.5521082543,3158514.1098703267
672,277,280,125.534,477951.72834343655,3158482.767282876,477858.3605909185,3158533.7048929394
673,278,277,93.821,477950.8476937258,3158576.23821151,477951.72834343655,3158482.767282876
674,279,374,66.255,478033.5521082543,3158514.1098703267,478043.91558822297,3158579.3095642417
675,279,375,56.841,478033.5521082543,3158514.1098703267,478086.11727092095,3158492.4084465518
676,279,277,90.045,478033.5521082543,3158514.1098703267,477951.72834343655,3158482.767282876
677,280,277,125.534,477858.3605909185,3158533.7048929394,477951.72834343655,3158482.767282876
678,281,89,117.301,477942.2931710277,3160018.354716957,477943.8141429232,3159901.4956527976
679,281,538,213.66,477942.2931710277,3160018.354716957,477947.6511490183,3160230.5426009805
680,282,283,20.825,475235.24410681543,3160181.2442475525,475233.50779516186,3160201.9204788073
681,282,265,318.826,475235.24410681543,3160181.2442475525,475552.733442276,3160214.898886548
682,283,521,14.812,475233.50779516186,3160201.9204788073,475218.69866060256,3160201.0655046874
683,283,522,692.413,475233.50779516186,3160201.9204788073,475051.4638118351,3160852.318403594
684,284,267,432.808,475697.019045463,3159798.6883320785,475690.11833750905,3160229.846054038
685,285,286,37.463,475751.9044456917,3160236.664278676,475789.19519212557,3160240.7748582587
686,285,312,56.761,475751.9044456917,3160236.664278676,475798.22785067913,3160262.381507273
687,286,287,444.641,475789.19519212557,3160240.7748582587,475796.8772184987,3159797.839127567
688,286,288,256.058,475789.19519212557,3160240.7748582587,476044.07643727725,3160268.833628541
689,287,286,444.641,475796.8772184987,3159797.839127567,475789.19519212557,3160240.7748582587
690,288,289,16.181,476044.07643727725,3160268.833628541,476060.18796627555,3160270.5621880055
691,288,122,211.038,476044.07643727725,3160268.833628541,476054.3967898606,3160059.339580025
692,289,290,20.841,476060.18796627555,3160270.5621880055,476059.8685172934,3160291.3240197836
693,289,291,242.31,476060.18796627555,3160270.5621880055,476301.44003024994,3160296.627027318
694,290,460,16.184,476059.8685172934,3160291.3240197836,476043.7569488065,3160289.562225432
695,290,305,192.869,476059.8685172934,3160291.3240197836,476048.83529416774,3160482.1300883996
696,291,654,43.115,476301.44003024994,3160296.627027318,476334.5765853636,3160321.486760544
697,291,655,229.333,476301.44003024994,3160296.627027318,476529.70138521545,3160321.9251842555
698,292,293,21.222,480106.36714932375,3159947.3232955076,480103.7816231316,3159968.3103664443
699,292,294,920.678,480106.36714932375,3159947.3232955076,480077.3225750079,3159045.860126404
700,292,295,170.2,480106.36714932375,3159947.3232955076,480275.3553416669,3159925.1354531525
701,293,292,21.222,480103.7816231316,3159968.3103664443,480106.36714932375,3159947.3232955076
702,293,503,407.647,480103.7816231316,3159968.3103664443,479699.0623106372,3160021.649537424
703,294,292,920.678,480077.3225750079,3159045.860126404,480106.36714932375,3159947.3232955076
704,295,670,28.707,480275.3553416669,3159925.1354531525,480303.85909067653,3159921.3983722674
705,295,606,36.823,480275.3553416669,3159925.1354531525,480306.2999841039,3159942.1664568298
706,296,297,20.937,480522.0330454745,3159892.739238208,480524.87438967417,3159913.4069926706
707,296,298,418.822,480522.0330454745,3159892.739238208,480938.26751197356,3159842.666899611
708,296,299,123.142,480522.0330454745,3159892.739238208,480464.9428218364,3159786.192650992
709,297,296,20.937,480524.87438967417,3159913.4069926706,480522.0330454745,3159892.739238208
710,297,599,191.251,480524.87438967417,3159913.4069926706,480334.98943592736,3159938.3737467746
711,298,483,13.217,480938.26751197356,3159842.666899611,480951.47968132136,3159841.8588443594
712,298,101,390.318,480938.26751197356,3159842.666899611,480942.42769447126,3159453.8161771186
713,300,298,21.112,480939.1917178113,3159863.681299685,480938.26751197356,3159842.666899611
714,300,297,416.756,480939.1917178113,3159863.681299685,480524.87438967417,3159913.4069926706
715,301,255,48.84,476763.15563318523,3158670.1510982555,476724.49852139683,3158640.337961624
716,302,218,368.945,475188.3536708738,3159112.220444301,474999.2676806947,3159118.5713493875
717,302,218,193.853,475188.3536708738,3159112.220444301,474999.2676806947,3159118.5713493875
718,302,303,203.945,475188.3536708738,3159112.220444301,475171.4290909784,3159304.690331002
719,303,683,20.306,475171.4290909784,3159304.690331002,475189.37782892445,3159314.2020200477
720,303,362,40.89,475171.4290909784,3159304.690331002,475138.1321173556,3159322.0101790214
721,303,302,203.945,475171.4290909784,3159304.690331002,475188.3536708738,3159112.220444301
722,304,116,122.792,475938.7018920228,3158709.5474793916,476061.6761289647,3158710.1044841893
723,305,215,488.132,476048.83529416774,3160482.1300883996,476535.82587556227,3160503.6784482836
724,305,205,94.082,476048.83529416774,3160482.1300883996,476046.99264365545,3160575.847235185
725,305,306,106.344,476048.83529416774,3160482.1300883996,476042.6555101027,3160377.483757609
726,306,310,325.272,476042.6555101027,3160377.483757609,475916.59056045505,3160577.676632722
727,306,460,88.254,476042.6555101027,3160377.483757609,476043.7569488065,3160289.562225432
728,307,308,135.448,476832.321821133,3158160.713261658,476966.1405416595,3158166.487433649
729,308,49,48.631,476966.1405416595,3158166.487433649,476967.2974962853,3158118.049966498
730,308,307,135.448,476966.1405416595,3158166.487433649,476832.321821133,3158160.713261658
731,308,309,175.961,476966.1405416595,3158166.487433649,477140.804560307,3158160.1965061896
732,309,308,175.961,477140.804560307,3158160.1965061896,476966.1405416595,3158166.487433649
733,310,205,130.221,475916.59056045505,3160577.676632722,476046.99264365545,3160575.847235185
734,310,239,124.834,475916.59056045505,3160577.676632722,475792.532424695,3160587.39337471
735,310,306,325.272,475916.59056045505,3160577.676632722,476042.6555101027,3160377.483757609
736,311,239,400.422,475789.3568707593,3160986.3273418685,475792.532424695,3160587.39337471
737,312,535,199.895,475798.22785067913,3160262.381507273,475599.1854423174,3160241.0582056404
738,312,239,326.267,475798.22785067913,3160262.381507273,475792.532424695,3160587.39337471
739,313,314,349.913,478731.0997553997,3161035.6328807636,478726.1945965734,3160687.875818582
740,314,313,349.913,478726.1945965734,3160687.875818582,478731.0997553997,3161035.6328807636
741,315,316,988.504,478880.1030194037,3161042.265212904,478793.0858334124,3160140.5644049454
742,316,315,988.504,478793.0858334124,3160140.5644049454,478880.1030194037,3161042.265212904
743,316,536,302.897,478793.0858334124,3160140.5644049454,478492.34597188566,3160180.0645903614
744,317,36,88.514,477588.0505512286,3159385.922874687,477499.44034273905,3159383.4337930726
745,317,242,232.908,477588.0505512286,3159385.922874687,477595.128765497,3159153.9807373965
746,317,408,91.099,477588.0505512286,3159385.922874687,477679.2155750206,3159389.4823760823
747,317,274,333.593,477588.0505512286,3159385.922874687,477585.1747738146,3159718.261642073
748,318,319,306.262,474891.6261116874,3160095.7400889113,474897.1734142413,3159790.6805367065
749,319,336,193.262,474897.1734142413,3159790.6805367065,474903.4610468838,3159598.2328523286
750,319,337,98.837,474897.1734142413,3159790.6805367065,474996.15481256257,3159791.4216975966
751,319,318,306.262,474897.1734142413,3159790.6805367065,474891.6261116874,3160095.7400889113
752,319,414,111.066,474897.1734142413,3159790.6805367065,474786.03971158614,3159787.7284846646
753,320,321,279.569,479605.6533799155,3159545.912502466,479600.2011663805,3159824.3911898383
754,321,320,279.569,479600.2011663805,3159824.3911898383,479605.6533799155,3159545.912502466
755,321,322,102.127,479600.2011663805,3159824.3911898383,479702.4775165795,3159825.077730392
756,321,323,98.52,479600.2011663805,3159824.3911898383,479501.5345445006,3159824.1202106075
757,322,321,102.127,479702.4775165795,3159825.077730392,479600.2011663805,3159824.3911898383
758,322,403,79.007,479702.4775165795,3159825.077730392,479712.13262794324,3159746.968654489
759,323,321,98.52,479501.5345445006,3159824.1202106075,479600.2011663805,3159824.3911898383
760,324,144,87.626,477638.74656184413,3158709.8155959304,477638.01317488856,3158797.115590297
761,324,325,111.627,477638.74656184413,3158709.8155959304,477530.8182184796,3158684.6300106673
762,324,270,89.972,477638.74656184413,3158709.8155959304,477620.2934489991,3158625.0891948356
763,325,324,111.627,477530.8182184796,3158684.6300106673,477638.74656184413,3158709.8155959304
764,326,128,45.453,477078.9615146109,3159650.288010424,477124.4801892656,3159649.899959408
765,327,128,144.888,477135.1351511694,3159506.434514907,477124.4801892656,3159649.899959408
766,328,133,1000.428,479298.6915195148,3158824.8195860735,479288.9203395839,3159821.4806659515
767,328,329,779.01,479298.6915195148,3158824.8195860735,479313.0744105039,3158051.0174415517
768,328,330,1469.482,479298.6915195148,3158824.8195860735,478491.4184297515,3159498.79323445
769,329,328,779.01,479313.0744105039,3158051.0174415517,479298.6915195148,3158824.8195860735
770,330,365,57.643,478491.4184297515,3159498.79323445,478549.1452793863,3159499.019800095
771,330,262,190.319,478491.4184297515,3159498.79323445,478489.09624590166,3159688.395078282
772,330,328,1469.482,478491.4184297515,3159498.79323445,479298.6915195148,3158824.8195860735
773,331,669,21.263,479284.8535348464,3160054.9452304244,479284.1378757483,3160076.117525903
774,331,133,234.371,479284.8535348464,3160054.9452304244,479288.9203395839,3159821.4806659515
775,331,500,397.292,479284.8535348464,3160054.9452304244,479679.28320119926,3160002.8946738285
776,332,333,18.627,479307.84288003563,3157774.851320542,479309.19613876543,3157793.3610648275
777,332,334,112.649,479307.84288003563,3157774.851320542,479420.653895106,3157776.004409428
778,333,332,18.627,479309.19613876543,3157793.3610648275,479307.84288003563,3157774.851320542
779,333,513,332.826,479309.19613876543,3157793.3610648275,478975.8749051427,3157792.768433768
780,334,400,16.746,479420.653895106,3157776.004409428,479420.80055633147,3157792.6883342033
781,334,401,530.322,479420.653895106,3157776.004409428,479765.23673380277,3157494.1779051223
782,334,402,80.833,479420.653895106,3157776.004409428,479501.58561725065,3157777.790337162
783,335,336,94.896,474808.8495386078,3159597.272573795,474903.4610468838,3159598.2328523286
784,336,319,193.262,474903.4610468838,3159598.2328523286,474897.1734142413,3159790.6805367065
785,336,337,283.19,474903.4610468838,3159598.2328523286,474996.15481256257,3159791.4216975966
786,336,335,94.896,474903.4610468838,3159598.2328523286,474808.8495386078,3159597.272573795
787,337,319,98.837,474996.15481256257,3159791.4216975966,474897.1734142413,3159790.6805367065
788,337,336,283.19,474996.15481256257,3159791.4216975966,474903.4610468838,3159598.2328523286
789,337,440,386.826,474996.15481256257,3159791.4216975966,474986.35544570367,3160176.698917316
790,338,339,433.684,480949.99689362233,3157887.850132255,480956.1038030128,3157455.81344003
791,338,340,740.102,480949.99689362233,3157887.850132255,480946.2548797547,3158625.1062642317
792,338,341,50.75,480949.99689362233,3157887.850132255,480901.3130059501,3157889.0039222646
793,339,338,433.684,480956.1038030128,3157455.81344003,480949.99689362233,3157887.850132255
794,340,381,483.823,480946.2548797547,3158625.1062642317,480529.629345706,3158783.8363107974
795,340,102,461.373,480946.2548797547,3158625.1062642317,480941.1918639039,3159084.7384438263
796,340,338,740.102,480946.2548797547,3158625.1062642317,480949.99689362233,3157887.850132255
797,341,578,54.47,480901.3130059501,3157889.0039222646,480846.81059010315,3157891.286340334
798,341,338,53.467,480901.3130059501,3157889.0039222646,480949.99689362233,3157887.850132255
799,342,191,322.93,476086.2580948797,3158091.8845711565,476409.6649143475,3158093.6114255637
800,342,343,138.073,476086.2580948797,3158091.8845711565,476085.0209092294,3157955.2891410855
801,342,183,49.806,476086.2580948797,3158091.8845711565,476083.0136312639,3158141.401027733
802,343,629,51.905,476085.0209092294,3157955.2891410855,476054.0156655944,3157918.9816822647
803,343,628,44.578,476085.0209092294,3157955.2891410855,476086.91620581585,3157910.9158737236
804,344,345,13.554,478026.7253608,3158290.104439462,478013.7031015159,3158293.9176927647
805,344,346,60.271,478026.7253608,3158290.104439462,478086.1655432212,3158282.703560809
806,344,347,211.562,478026.7253608,3158290.104439462,478099.51843630656,3158487.3205364645
807,345,344,13.554,478013.7031015159,3158293.9176927647,478026.7253608,3158290.104439462
808,345,433,231.175,478013.7031015159,3158293.9176927647,478050.85473218956,3158069.309252058
809,345,48,70.417,478013.7031015159,3158293.9176927647,477945.4486435735,3158311.217529862
810,346,592,21.249,478086.1655432212,3158282.703560809,478096.12764292257,3158263.995533278
811,346,431,350.314,478086.1655432212,3158282.703560809,478240.28522432817,3158138.7285528616
812,346,344,60.271,478086.1655432212,3158282.703560809,478026.7253608,3158290.104439462
813,347,375,14.322,478099.51843630656,3158487.3205364645,478086.11727092095,3158492.4084465518
814,347,357,151.083,478099.51843630656,3158487.3205364645,478123.162805751,3158635.2186248736
815,348,254,113.71,476959.40337852144,3158461.532227058,476958.9119381432,3158574.8219741234
816,349,140,367.328,476424.68650495156,3159444.1293852353,476059.15077490266,3159422.890506596
817,350,351,205.456,479485.7665754125,3160253.329160526,479492.0103114457,3160048.8311198973
818,350,352,682.674,479485.7665754125,3160253.329160526,479582.7049258156,3160846.5693640034
819,350,353,187.511,479485.7665754125,3160253.329160526,479673.48919815564,3160248.6703192377
820,351,350,205.456,479492.0103114457,3160048.8311198973,479485.7665754125,3160253.329160526
821,351,669,209.362,479492.0103114457,3160048.8311198973,479284.1378757483,3160076.117525903
822,352,409,40.875,479582.7049258156,3160846.5693640034,479582.73678344,3160887.293942434
823,352,410,88.737,479582.7049258156,3160846.5693640034,479671.5735090569,3160846.8690378508
824,352,350,682.674,479582.7049258156,3160846.5693640034,479485.7665754125,3160253.329160526
825,353,350,187.511,479673.48919815564,3160248.6703192377,479485.7665754125,3160253.329160526
826,353,499,225.179,479673.48919815564,3160248.6703192377,479678.43043863203,3160024.377374172
827,354,355,62.706,478285.88347226393,3158558.4745263117,478342.85883445357,3158583.5838020863
828,354,356,164.86,478285.88347226393,3158558.4745263117,478341.2624128763,3158413.0333549906
829,354,357,198.632,478285.88347226393,3158558.4745263117,478123.162805751,3158635.2186248736
830,355,354,62.706,478342.85883445357,3158583.5838020863,478285.88347226393,3158558.4745263117
831,356,354,164.86,478341.2624128763,3158413.0333549906,478285.88347226393,3158558.4745263117
832,357,354,198.632,478123.162805751,3158635.2186248736,478285.88347226393,3158558.4745263117
833,357,367,187.751,478123.162805751,3158635.2186248736,478120.76324006304,3158822.2613815353
834,358,210,62.026,476625.1223549385,3158613.1385092814,476605.7350264232,3158671.848958121
835,359,360,140.082,476202.60368496197,3159512.6003118637,476342.77469432284,3159518.3765084776
836,359,361,117.868,476202.60368496197,3159512.6003118637,476129.0480073377,3159577.969167717
837,359,123,143.984,476202.60368496197,3159512.6003118637,476058.48361385224,3159508.0746510364
838,360,359,140.082,476342.77469432284,3159518.3765084776,476202.60368496197,3159512.6003118637
839,360,360,526.136,476342.77469432284,3159518.3765084776,476342.77469432284,3159518.3765084776
840,360,360,526.136,476342.77469432284,3159518.3765084776,476342.77469432284,3159518.3765084776
841,361,359,117.868,476129.0480073377,3159577.969167717,476202.60368496197,3159512.6003118637
842,362,363,51.506,475138.1321173556,3159322.0101790214,475142.53440496,3159373.13934418
843,362,223,10.518,475138.1321173556,3159322.0101790214,475127.61624585604,3159321.4010116206
844,362,303,40.89,475138.1321173556,3159322.0101790214,475171.4290909784,3159304.690331002
845,363,227,13.073,475142.53440496,3159373.13934418,475129.4586588851,3159373.79855708
846,363,364,106.621,475142.53440496,3159373.13934418,475249.3114558036,3159372.337308536
847,364,467,12.862,475249.3114558036,3159372.337308536,475262.19282983325,3159372.2658017585
848,364,363,106.621,475249.3114558036,3159372.337308536,475142.53440496,3159373.13934418
849,364,637,185.788,475249.3114558036,3159372.337308536,475254.0362596367,3159187.2937320396
850,365,366,136.166,478549.1452793863,3159499.019800095,478556.69468924834,3159364.6015648576
851,365,263,95.873,478549.1452793863,3159499.019800095,478631.8887299751,3159454.8205254264
852,365,330,57.643,478549.1452793863,3159499.019800095,478491.4184297515,3159498.79323445
853,366,365,136.166,478556.69468924834,3159364.6015648576,478549.1452793863,3159499.019800095
854,367,175,47.851,478120.76324006304,3158822.2613815353,478168.6832349071,3158822.770290096
855,367,368,652.519,478120.76324006304,3158822.2613815353,478111.76522377937,3159472.2872476694
856,368,418,14.696,478111.76522377937,3159472.2872476694,478097.0822708286,3159471.2732963003
857,368,419,357.308,478111.76522377937,3159472.2872476694,478110.6206354293,3159828.2751959153
858,368,106,119.272,478111.76522377937,3159472.2872476694,478229.4835525947,3159491.2005924536
859,369,445,66.966,478379.67443493014,3158778.59707931,478437.7433065673,3158808.6236492367
860,369,175,249.255,478379.67443493014,3158778.59707931,478168.6832349071,3158822.770290096
861,369,446,180.71,478379.67443493014,3158778.59707931,478280.0651210488,3158675.5628378317
862,370,370,722.188,475986.4348224205,3159043.4226003024,475986.4348224205,3159043.4226003024
863,370,370,722.188,475986.4348224205,3159043.4226003024,475986.4348224205,3159043.4226003024
864,370,371,74.686,475986.4348224205,3159043.4226003024,476060.5254421273,3159051.934467962
865,371,370,74.686,476060.5254421273,3159051.934467962,475986.4348224205,3159043.4226003024
866,371,235,64.065,476060.5254421273,3159051.934467962,476124.6593040479,3159051.1500428016
867,371,92,204.924,476060.5254421273,3159051.934467962,476061.00841224374,3158847.767477875
868,371,406,174.377,476060.5254421273,3159051.934467962,476059.5597687936,3159225.658720937
869,372,262,145.851,478487.92520619667,3159833.702968311,478489.09624590166,3159688.395078282
870,372,373,327.538,478487.92520619667,3159833.702968311,478488.91507814685,3160159.830438794
871,372,167,254.255,478487.92520619667,3159833.702968311,478742.50346885395,3159828.5522254175
872,373,536,20.596,478488.91507814685,3160159.830438794,478492.34597188566,3160180.0645903614
873,373,537,269.734,478488.91507814685,3160159.830438794,478756.71323998616,3160124.5442847176
874,373,372,327.538,478488.91507814685,3160159.830438794,478487.92520619667,3159833.702968311
875,374,279,66.255,478043.91558822297,3158579.3095642417,478033.5521082543,3158514.1098703267
876,375,347,14.322,478086.11727092095,3158492.4084465518,478099.51843630656,3158487.3205364645
877,375,279,56.841,478086.11727092095,3158492.4084465518,478033.5521082543,3158514.1098703267
878,375,345,212.716,478086.11727092095,3158492.4084465518,478013.7031015159,3158293.9176927647
879,376,106,125.685,478288.35092039977,3159383.7185104853,478229.4835525947,3159491.2005924536
880,377,106,262.688,478158.10052557377,3159741.785286594,478229.4835525947,3159491.2005924536
881,378,379,18.998,479735.4028428567,3158990.100990353,479754.4277965473,3158990.356160201
882,378,380,253.433,479735.4028428567,3158990.100990353,479763.2983409135,3158740.421241373
883,379,518,13.822,479754.4277965473,3158990.356160201,479754.3831094184,3159004.126800029
884,379,21,123.111,479754.4277965473,3158990.356160201,479877.6771015853,3158993.666920145
885,380,604,12.205,479763.2983409135,3158740.421241373,479767.2203892427,3158728.9039257444
886,381,382,188.657,480529.629345706,3158783.8363107974,480407.58566580573,3158923.6728246855
887,381,340,483.823,480529.629345706,3158783.8363107974,480946.2548797547,3158625.1062642317
888,382,148,13.436,480407.58566580573,3158923.6728246855,480399.0586294117,3158913.3176172525
889,382,147,175.203,480407.58566580573,3158923.6728246855,480249.9775837281,3158997.8861718425
890,382,390,47.844,480407.58566580573,3158923.6728246855,480441.47272989084,3158955.788158789
891,383,384,147.614,480647.0915539615,3159078.462403297,480794.8991935788,3159081.23267061
892,383,384,299.368,480647.0915539615,3159078.462403297,480794.8991935788,3159081.23267061
893,383,385,61.786,480647.0915539615,3159078.462403297,480587.29028800735,3159084.820624367
894,384,383,147.614,480794.8991935788,3159081.23267061,480647.0915539615,3159078.462403297
895,384,383,299.368,480794.8991935788,3159081.23267061,480647.0915539615,3159078.462403297
896,384,102,146.283,480794.8991935788,3159081.23267061,480941.1918639039,3159084.7384438263
897,385,383,61.786,480587.29028800735,3159084.820624367,480647.0915539615,3159078.462403297
898,386,387,225.13,476379.37209988246,3158041.2267728765,476253.03709766635,3157959.2572671724
899,386,387,194.942,476379.37209988246,3158041.2267728765,476253.03709766635,3157959.2572671724
900,386,388,26.96,476379.37209988246,3158041.2267728765,476404.33441930095,3158050.2055005375
901,387,389,141.557,476253.03709766635,3157959.2572671724,476170.0597525872,3158038.481773667
902,387,386,225.13,476253.03709766635,3157959.2572671724,476379.37209988246,3158041.2267728765
903,387,386,194.942,476253.03709766635,3157959.2572671724,476379.37209988246,3158041.2267728765
904,388,386,26.96,476404.33441930095,3158050.2055005375,476379.37209988246,3158041.2267728765
905,388,191,44.475,476404.33441930095,3158050.2055005375,476409.6649143475,3158093.6114255637
906,388,462,64.912,476404.33441930095,3158050.2055005375,476466.34137809963,3158034.8479663543
907,389,387,141.557,476170.0597525872,3158038.481773667,476253.03709766635,3157959.2572671724
908,390,31,4.393,480441.47272989084,3158955.788158789,480445.59319908667,3158957.321194478
909,390,382,51.176,480441.47272989084,3158955.788158789,480407.58566580573,3158923.6728246855
910,391,392,55.486,480485.7642667722,3159003.9833051558,480525.72203758755,3159040.1988970535
911,391,31,61.664,480485.7642667722,3159003.9833051558,480445.59319908667,3158957.321194478
912,391,30,280.922,480485.7642667722,3159003.9833051558,480710.7191289506,3158942.42454602
913,392,391,55.486,480525.72203758755,3159040.1988970535,480485.7642667722,3159003.9833051558
914,393,394,274.663,477344.02128712524,3158254.65622117,477344.833675886,3158528.3046546374
915,393,395,94.723,477344.02128712524,3158254.65622117,477249.15668212675,3158254.6626312686
916,393,396,96.802,477344.02128712524,3158254.65622117,477440.7510629581,3158258.092402461
917,394,393,274.663,477344.833675886,3158528.3046546374,477344.02128712524,3158254.65622117
918,394,271,97.154,477344.833675886,3158528.3046546374,477442.13035970455,3158527.6074535595
919,394,397,93.973,477344.833675886,3158528.3046546374,477250.7231575425,3158527.63382523
920,395,397,273.987,477249.15668212675,3158254.6626312686,477250.7231575425,3158527.63382523
921,395,393,94.723,477249.15668212675,3158254.6626312686,477344.02128712524,3158254.65622117
922,395,425,100.164,477249.15668212675,3158254.6626312686,477148.84427749657,3158255.034935518
923,396,444,93.367,477440.7510629581,3158258.092402461,477433.6300233662,3158349.6698814784
924,396,444,485.926,477440.7510629581,3158258.092402461,477433.6300233662,3158349.6698814784
925,396,457,39.459,477440.7510629581,3158258.092402461,477446.09647526493,3158219.7505243556
926,396,393,96.802,477440.7510629581,3158258.092402461,477344.02128712524,3158254.65622117
927,397,395,273.987,477250.7231575425,3158527.63382523,477249.15668212675,3158254.6626312686
928,397,394,93.973,477250.7231575425,3158527.63382523,477344.833675886,3158528.3046546374
929,397,399,114.323,477250.7231575425,3158527.63382523,477149.6436974978,3158574.902933682
930,398,159,113.452,477058.4137347558,3158461.504267997,477058.4979519789,3158574.538070744
931,399,425,321.054,477149.6436974978,3158574.902933682,477148.84427749657,3158255.034935518
932,399,159,91.011,477149.6436974978,3158574.902933682,477058.4979519789,3158574.538070744
933,399,397,114.323,477149.6436974978,3158574.902933682,477250.7231575425,3158527.63382523
934,400,334,16.746,479420.80055633147,3157792.6883342033,479420.653895106,3157776.004409428
935,400,333,111.44,479420.80055633147,3157792.6883342033,479309.19613876543,3157793.3610648275
936,401,334,530.322,479765.23673380277,3157494.1779051223,479420.653895106,3157776.004409428
937,402,512,78.333,479501.58561725065,3157777.790337162,479576.4083961657,3157793.67927721
938,402,607,316.686,479501.58561725065,3157777.790337162,479818.73654953024,3157778.0933704777
939,403,613,24.462,479712.13262794324,3159746.968654489,479732.23952743696,3159734.4816305065
940,403,612,105.68,479712.13262794324,3159746.968654489,479722.1231053332,3159642.148752842
941,404,405,19.713,479728.8698401822,3159386.5339881657,479748.4458422116,3159389.0814391654
942,404,257,196.764,479728.8698401822,3159386.5339881657,479732.40418015915,3159190.527158422
943,405,404,19.713,479748.4458422116,3159389.0814391654,479728.8698401822,3159386.5339881657
944,405,519,260.588,479748.4458422116,3159389.0814391654,479739.95458867494,3159648.5434449837
945,406,407,351.559,476059.5597687936,3159225.658720937,476411.4634207472,3159235.469896642
946,406,179,66.523,476059.5597687936,3159225.658720937,475992.9602498278,3159225.5733571392
947,406,371,174.377,476059.5597687936,3159225.658720937,476060.5254421273,3159051.934467962
948,406,139,92.77,476059.5597687936,3159225.658720937,476059.47467140766,3159318.0870081717
949,407,406,351.559,476411.4634207472,3159235.469896642,476059.5597687936,3159225.658720937
950,408,264,51.332,477679.2155750206,3159389.4823760823,477730.6070373638,3159390.791596538
951,408,242,317.541,477679.2155750206,3159389.4823760823,477595.128765497,3159153.9807373965
952,408,317,91.099,477679.2155750206,3159389.4823760823,477588.0505512286,3159385.922874687
953,409,352,40.875,479582.73678344,3160887.293942434,479582.7049258156,3160846.5693640034
954,410,352,88.737,479671.5735090569,3160846.8690378508,479582.7049258156,3160846.5693640034
955,410,484,106.298,479671.5735090569,3160846.8690378508,479672.5339821167,3160740.9678295064
956,411,48,311.087,477849.4375847,3158097.5836000456,477945.4486435735,3158311.217529862
957,412,74,224.471,477958.03547889955,3159158.0232633227,477952.0689181106,3159381.5876793996
958,413,202,96.043,477659.991019385,3160587.372900315,477563.8064865703,3160587.911209149
959,414,319,111.066,474786.03971158614,3159787.7284846646,474897.1734142413,3159790.6805367065
960,415,96,178.609,476491.2158316325,3160633.5640232633,476571.47340960935,3160747.9221166065
961,416,466,155.159,476739.07103995624,3160630.310754545,476654.8264246198,3160713.4565676567
962,416,96,257.63,476739.07103995624,3160630.310754545,476571.47340960935,3160747.9221166065
963,416,247,214.758,476739.07103995624,3160630.310754545,476817.01965222805,3160789.8976865183
964,417,247,44.14,476772.83215384017,3160788.622550487,476817.01965222805,3160789.8976865183
965,418,368,14.696,478097.0822708286,3159471.2732963003,478111.76522377937,3159472.2872476694
966,418,375,985.208,478097.0822708286,3159471.2732963003,478086.11727092095,3158492.4084465518
967,419,582,382.56,478110.6206354293,3159828.2751959153,478109.2883773152,3160209.356511128
968,420,421,105.829,477540.46886951156,3158437.583128866,477434.4910993804,3158436.2245314126
969,420,422,61.587,477540.46886951156,3158437.583128866,477545.92541810876,3158498.0169663313
970,420,270,290.666,477540.46886951156,3158437.583128866,477620.2934489991,3158625.0891948356
971,421,420,105.829,477434.4910993804,3158436.2245314126,477540.46886951156,3158437.583128866
972,421,444,86.879,477434.4910993804,3158436.2245314126,477433.6300233662,3158349.6698814784
973,421,271,92.475,477434.4910993804,3158436.2245314126,477442.13035970455,3158527.6074535595
974,422,420,61.587,477545.92541810876,3158498.0169663313,477540.46886951156,3158437.583128866
975,423,192,110.651,476565.43338161515,3158166.8603660706,476676.2451596316,3158167.7694537053
976,424,192,66.054,476741.2069389577,3158162.7548109805,476676.2451596316,3158167.7694537053
977,425,399,321.054,477148.84427749657,3158255.034935518,477149.6436974978,3158574.902933682
978,425,395,100.164,477148.84427749657,3158255.034935518,477249.15668212675,3158254.6626312686
979,425,252,85.914,477148.84427749657,3158255.034935518,477062.8029890301,3158255.081055114
980,426,20,14.036,475261.92308650544,3158878.2748425943,475275.97841245896,3158878.0347010912
981,426,163,47.499,475261.92308650544,3158878.2748425943,475214.37836405856,3158879.4720364534
982,426,19,258.407,475261.92308650544,3158878.2748425943,475266.21203507355,3158620.8563432163
983,427,429,242.392,475064.93213107536,3158917.8436754057,474905.9133043093,3158870.4899161845
984,427,429,174.349,475064.93213107536,3158917.8436754057,474905.9133043093,3158870.4899161845
985,427,163,225.229,475064.93213107536,3158917.8436754057,475214.37836405856,3158879.4720364534
986,428,429,75.609,474910.8876729133,3158795.3225495787,474905.9133043093,3158870.4899161845
987,428,162,101.144,474910.8876729133,3158795.3225495787,475012.15060704044,3158797.8648404684
988,428,430,194.205,474910.8876729133,3158795.3225495787,474909.39775544207,3158601.883630201
989,429,428,75.609,474905.9133043093,3158870.4899161845,474910.8876729133,3158795.3225495787
990,429,427,242.392,474905.9133043093,3158870.4899161845,475064.93213107536,3158917.8436754057
991,429,427,174.349,474905.9133043093,3158870.4899161845,475064.93213107536,3158917.8436754057
992,430,232,14.533,474909.39775544207,3158601.883630201,474909.3765517421,3158587.4040466924
993,430,428,194.205,474909.39775544207,3158601.883630201,474910.8876729133,3158795.3225495787
994,430,441,206.9,474909.39775544207,3158601.883630201,474702.7200837536,3158587.3163283286
995,431,346,350.314,478240.28522432817,3158138.7285528616,478086.1655432212,3158282.703560809
996,432,433,10.125,478060.32071287435,3158072.9252832825,478050.85473218956,3158069.309252058
997,432,344,222.962,478060.32071287435,3158072.9252832825,478026.7253608,3158290.104439462
998,433,671,24.748,478050.85473218956,3158069.309252058,478059.86012660066,3158046.337772699
999,434,435,20.262,478167.9515902047,3157794.056187542,478160.8261794525,3157812.9582683896
1000,434,436,64.705,478167.9515902047,3157794.056187542,478231.84979289793,3157794.347321668
1001,435,624,255.104,478160.8261794525,3157812.9582683896,478069.80635266536,3158050.440366623
1002,436,473,676.979,478231.84979289793,3157794.347321668,478896.495780435,3157925.3542132517
1003,437,438,10.79,478124.2542663297,3160660.988866363,478124.5579460901,3160671.7344699576
1004,437,439,25.447,478124.2542663297,3160660.988866363,478149.35754185513,3160665.3623526497
1005,438,589,30.518,478124.5579460901,3160671.7344699576,478094.0042463426,3160670.9606692535
1006,438,437,10.79,478124.5579460901,3160671.7344699576,478124.2542663297,3160660.988866363
1007,439,438,25.575,478149.35754185513,3160665.3623526497,478124.5579460901,3160671.7344699576
1008,439,249,462.303,478149.35754185513,3160665.3623526497,478368.51032119273,3160875.070997072
1009,439,249,417.017,478149.35754185513,3160665.3623526497,478368.51032119273,3160875.070997072
1010,440,533,233.955,474986.35544570367,3160176.698917316,475220.6009292922,3160180.255977561
1011,440,337,386.826,474986.35544570367,3160176.698917316,474996.15481256257,3159791.4216975966
1012,442,204,352.163,476389.412133395,3160839.8739239913,476043.78003388934,3160874.819394992
1013,443,204,122.734,476042.6902794731,3160997.095549305,476043.78003388934,3160874.819394992
1014,444,421,86.879,477433.6300233662,3158349.6698814784,477434.4910993804,3158436.2245314126
1015,444,396,93.367,477433.6300233662,3158349.6698814784,477440.7510629581,3158258.092402461
1016,444,396,485.926,477433.6300233662,3158349.6698814784,477440.7510629581,3158258.092402461
1017,445,447,192.111,478437.7433065673,3158808.6236492367,478424.9098460298,3158989.1935412996
1018,445,369,66.966,478437.7433065673,3158808.6236492367,478379.67443493014,3158778.59707931
1019,445,448,146.116,478437.7433065673,3158808.6236492367,478452.64031894354,3158675.532451339
1020,446,369,180.71,478280.0651210488,3158675.5628378317,478379.67443493014,3158778.59707931
1021,447,176,97.344,478424.9098460298,3158989.1935412996,478331.68089735694,3158992.4120756043
1022,447,445,192.111,478424.9098460298,3158989.1935412996,478437.7433065673,3158808.6236492367
1023,447,449,119.289,478424.9098460298,3158989.1935412996,478443.85887461953,3159102.39203232
1024,448,445,146.116,478452.64031894354,3158675.532451339,478437.7433065673,3158808.6236492367
1025,449,447,119.289,478443.85887461953,3159102.39203232,478424.9098460298,3158989.1935412996
1026,450,176,98.046,478307.74036613427,3159084.41898663,478331.68089735694,3158992.4120756043
1027,451,123,324.16,475735.07748954673,3159525.7120171385,476058.48361385224,3159508.0746510364
1028,452,453,1868.349,481275.25224088645,3158658.997051624,479571.8810326228,3158047.439633919
1029,453,498,785.364,479571.8810326228,3158047.439633919,478793.05458483147,3157938.8792956662
1030,454,455,296.336,474905.8923541432,3157859.685876045,475202.6677240407,3157860.749650483
1031,455,469,534.398,475202.6677240407,3157860.749650483,475737.7504262089,3157853.7478261953
1032,456,471,232.249,477368.4168972291,3157833.7371392404,477600.9996364226,3157834.043977857
1033,457,396,39.459,477446.09647526493,3158219.7505243556,477440.7510629581,3158258.092402461
1034,458,121,308.508,478871.9126413239,3159282.0593186654,478953.3974284887,3159074.622950995
1035,458,121,234.332,478871.9126413239,3159282.0593186654,478953.3974284887,3159074.622950995
1036,458,120,74.162,478871.9126413239,3159282.0593186654,478830.1014386764,3159343.066511394
1037,459,117,298.854,476362.5650699499,3158462.6980427955,476065.6916706264,3158458.6472918494
1038,460,288,20.808,476043.7569488065,3160289.562225432,476044.07643727725,3160268.833628541
1039,460,312,246.679,476043.7569488065,3160289.562225432,475798.22785067913,3160262.381507273
1040,461,481,37.388,480956.6650485473,3159084.3698648964,480991.6932761328,3159085.5538048893
1041,461,102,15.466,480956.6650485473,3159084.3698648964,480941.1918639039,3159084.7384438263
1042,462,388,64.912,476466.34137809963,3158034.8479663543,476404.33441930095,3158050.2055005375
1043,463,464,13.282,475255.1910735068,3159641.644029821,475241.88951935025,3159641.760748777
1044,463,135,84.461,475255.1910735068,3159641.644029821,475252.08231403254,3159725.7366784136
1045,464,463,13.282,475241.88951935025,3159641.760748777,475255.1910735068,3159641.644029821
1046,464,364,270.522,475241.88951935025,3159641.760748777,475249.3114558036,3159372.337308536
1047,464,594,128.399,475241.88951935025,3159641.760748777,475113.3046381067,3159642.919359949
1048,465,191,275.902,476204.7585258695,3158159.887113842,476409.6649143475,3158093.6114255637
1049,466,416,155.159,476654.8264246198,3160713.4565676567,476739.07103995624,3160630.310754545
1050,467,364,12.862,475262.19282983325,3159372.2658017585,475249.3114558036,3159372.337308536
1051,467,463,270.473,475262.19282983325,3159372.2658017585,475255.1910735068,3159641.644029821
1052,468,95,484.981,476134.7383537756,3161027.12993985,476580.9470046199,3160912.7407893264
1053,469,470,330.528,475737.7504262089,3157853.7478261953,476062.27209700353,3157794.508940046
1054,469,7,749.211,475737.7504262089,3157853.7478261953,476487.76014258363,3157832.8218070655
1055,470,618,46.752,476062.27209700353,3157794.508940046,476092.2557388795,3157761.400615873
1056,470,620,30.214,476062.27209700353,3157794.508940046,476091.4756585368,3157801.018922955
1057,471,472,506.95,477600.9996364226,3157834.043977857,478105.5830270743,3157779.980911731
1058,471,473,1298.656,477600.9996364226,3157834.043977857,478896.495780435,3157925.3542132517
1059,472,615,61.993,478105.5830270743,3157779.980911731,478164.94105501776,3157763.8175319727
1060,472,619,51.066,478105.5830270743,3157779.980911731,478152.7795363903,3157794.1730673653
1061,473,1,673.297,478896.495780435,3157925.3542132517,479563.80261721165,3158020.256048067
1062,474,475,754.96,481136.1661001176,3159854.5441082525,481290.7942493542,3159865.7403172026
1063,474,476,183.957,481136.1661001176,3159854.5441082525,480952.1396825853,3159862.8072037366
1064,476,300,12.958,480952.1396825853,3159862.8072037366,480939.1917178113,3159863.681299685
1065,476,566,188.884,480952.1396825853,3159862.8072037366,480950.7535485304,3160050.9887817907
1066,477,478,26.086,480855.5989060771,3160780.23120508,480858.86834952666,3160806.016630593
1067,477,479,497.232,480855.5989060771,3160780.23120508,481115.60597039433,3160393.7455071383
1068,478,477,26.086,480858.86834952666,3160806.016630593,480855.5989060771,3160780.23120508
1069,478,485,181.345,480858.86834952666,3160806.016630593,480677.975461595,3160795.700369826
1070,479,547,13.554,481115.60597039433,3160393.7455071383,481123.4611746047,3160382.7318982747
1071,479,570,244.605,481115.60597039433,3160393.7455071383,480943.42277970165,3160228.156966606
1072,480,481,276.208,481201.09525142645,3159004.5869527296,480991.6932761328,3159085.5538048893
1073,481,480,276.208,480991.6932761328,3159085.5538048893,481201.09525142645,3159004.5869527296
1074,481,461,36.342,480991.6932761328,3159085.5538048893,480956.6650485473,3159084.3698648964
1075,482,101,192.029,481132.3257193867,3159461.7181168883,480942.42769447126,3159453.8161771186
1076,483,476,21.036,480951.47968132136,3159841.8588443594,480952.1396825853,3159862.8072037366
1077,483,530,126.222,480951.47968132136,3159841.8588443594,481077.69613934454,3159835.0848285886
1078,484,149,15.78,479672.5339821167,3160740.9678295064,479672.69252145,3160725.247140417
1079,485,486,16.753,480677.975461595,3160795.700369826,480661.2595401595,3160794.2655880577
1080,485,486,420.196,480677.975461595,3160795.700369826,480661.2595401595,3160794.2655880577
1081,486,155,26.286,480661.2595401595,3160794.2655880577,480664.36569024407,3160768.259198953
1082,486,541,425.174,480661.2595401595,3160794.2655880577,480260.5790777349,3160686.851893242
1083,487,488,361.745,481316.78857793397,3160085.1859582663,481144.9809732695,3160397.154692364
1084,488,549,14.644,481144.9809732695,3160397.154692364,481136.2369004242,3160408.8676635
1085,489,484,18.611,479691.16534792935,3160741.4783645156,479672.5339821167,3160740.9678295064
1086,489,524,291.783,479691.16534792935,3160741.4783645156,479688.44203973113,3161032.1723199985
1087,490,491,715.942,478161.9030022605,3157865.9114187905,477444.955194475,3157860.299936079
1088,491,546,713.879,477444.955194475,3157860.299936079,476730.0603688898,3157859.547346141
1089,491,546,716.568,477444.955194475,3157860.299936079,476730.0603688898,3157859.547346141
1090,492,493,485.673,475749.897140111,3157880.7764123078,475263.58328950155,3157889.3697428913
1091,493,494,453.381,475263.58328950155,3157889.3697428913,474863.45500720793,3158054.9801610555
1092,493,495,555.803,475263.58328950155,3157889.3697428913,474706.9673811314,3157885.3278878494
1093,496,497,332.966,476464.4345659032,3157859.71179295,476137.1905005916,3157917.549202305
1094,496,492,714.039,476464.4345659032,3157859.71179295,475749.897140111,3157880.7764123078
1095,497,27,51.927,476137.1905005916,3157917.549202305,476101.7295007171,3157950.834758652
1096,497,26,34.114,476137.1905005916,3157917.549202305,476103.9560011554,3157910.5487872353
1097,498,432,776.349,478793.05458483147,3157938.8792956662,478060.32071287435,3158072.9252832825
1098,498,490,634.623,478793.05458483147,3157938.8792956662,478161.9030022605,3157865.9114187905
1099,499,500,21.579,479678.43043863203,3160024.377374172,479679.28320119926,3160002.8946738285
1100,499,351,187.753,479678.43043863203,3160024.377374172,479492.0103114457,3160048.8311198973
1101,500,501,20.319,479679.28320119926,3160002.8946738285,479699.45554907434,3160000.234106007
1102,500,502,152.543,479679.28320119926,3160002.8946738285,479697.10605600866,3159852.185051755
1103,501,503,21.498,479699.45554907434,3160000.234106007,479699.0623106372,3160021.649537424
1104,501,292,409.761,479699.45554907434,3160000.234106007,480106.36714932375,3159947.3232955076
1105,502,322,27.731,479697.10605600866,3159852.185051755,479702.4775165795,3159825.077730392
1106,502,520,34.174,479697.10605600866,3159852.185051755,479720.76464094623,3159829.289138801
1107,503,499,20.782,479699.0623106372,3160021.649537424,479678.43043863203,3160024.377374172
1108,503,504,227.727,479699.0623106372,3160021.649537424,479692.22762272897,3160248.427337242
1109,504,525,163.228,479692.22762272897,3160248.427337242,479855.58585770015,3160242.5728724864
1110,504,526,173.571,479692.22762272897,3160248.427337242,479692.4784034168,3160421.3402842847
1111,505,13,20.027,480017.68184067897,3158268.2299869666,480036.77660502866,3158274.334940332
1112,505,2,218.053,480017.68184067897,3158268.2299869666,480051.36930914514,3158054.7679618755
1113,506,453,438.299,479962.9287008929,3158242.8872330748,479571.8810326228,3158047.439633919
1114,507,508,203.032,480051.5692627135,3157999.796237478,480050.9904219431,3157797.51541357
1115,507,542,204.826,480051.5692627135,3157999.796237478,480060.4013926454,3157797.787450362
1116,508,509,14.992,480050.9904219431,3157797.51541357,480050.671554567,3157782.582178705
1117,508,510,232.612,480050.9904219431,3157797.51541357,479818.0460832115,3157797.5151188974
1118,509,514,9.572,480050.671554567,3157782.582178705,480060.2395989324,3157783.1752238986
1119,509,515,253.146,480050.671554567,3157782.582178705,480028.3433995965,3157532.568078127
1120,510,607,19.506,479818.0460832115,3157797.5151188974,479818.73654953024,3157778.0933704777
1121,510,512,241.309,479818.0460832115,3157797.5151188974,479576.4083961657,3157793.67927721
1122,511,434,71.998,478193.6619140572,3157727.0389272897,478167.9515902047,3157794.056187542
1123,511,436,83.513,478193.6619140572,3157727.0389272897,478231.84979289793,3157794.347321668
1124,512,400,155.38,479576.4083961657,3157793.67927721,479420.80055633147,3157792.6883342033
1125,513,25,17.998,478975.8749051427,3157792.768433768,478978.1712021633,3157774.983361458
1126,513,559,110.416,478975.8749051427,3157792.768433768,478989.8598586459,3157899.9387286543
1127,513,24,782.258,478975.8749051427,3157792.768433768,478264.716969642,3157540.323265609
1128,514,56,10.551,480060.2395989324,3157783.1752238986,480070.7859768376,3157783.8330852715
1129,516,517,11.13,479785.35538651125,3158734.6777705196,479781.63689806213,3158745.1311943806
1130,517,380,18.912,479781.63689806213,3158745.1311943806,479763.2983409135,3158740.421241373
1131,517,379,248.815,479781.63689806213,3158745.1311943806,479754.4277965473,3158990.356160201
1132,518,259,19.046,479754.3831094184,3159004.126800029,479735.3101146832,3159004.3591670175
1133,518,258,186.509,479754.3831094184,3159004.126800029,479751.8185770102,3159189.9286043886
1134,519,612,18.927,479739.95458867494,3159648.5434449837,479722.1231053332,3159642.148752842
1135,519,613,86.6,479739.95458867494,3159648.5434449837,479732.23952743696,3159734.4816305065
1136,520,501,173.149,479720.76464094623,3159829.289138801,479699.45554907434,3160000.234106007
1137,521,533,20.973,475218.69866060256,3160201.0655046874,475220.6009292922,3160180.255977561
1138,521,636,343.422,475218.69866060256,3160201.0655046874,474874.82763407065,3160198.0421495778
1139,522,539,14.863,475051.4638118351,3160852.318403594,475036.5791108279,3160852.3390331715
1140,522,539,647.874,475051.4638118351,3160852.318403594,475036.5791108279,3160852.3390331715
1141,523,440,544.998,474440.83227968216,3160186.628161345,474986.35544570367,3160176.698917316
1142,525,639,56.218,479855.58585770015,3160242.5728724864,479857.1882527013,3160298.560895867
1143,525,504,163.228,479855.58585770015,3160242.5728724864,479692.22762272897,3160248.427337242
1144,525,558,736.56,479855.58585770015,3160242.5728724864,480422.9726617863,3160417.415979892
1145,526,527,25.954,479692.4784034168,3160421.3402842847,479692.70903861016,3160447.1971299527
1146,526,528,33.244,479692.4784034168,3160421.3402842847,479674.1092163968,3160448.226447536
1147,527,150,277.359,479692.70903861016,3160447.1971299527,479691.3004734565,3160723.5198562928
1148,528,556,72.628,479674.1092163968,3160448.226447536,479601.387275455,3160449.560386487
1149,528,557,168.586,479674.1092163968,3160448.226447536,479672.5757931145,3160280.278889777
1150,529,474,209.09,481345.5654339191,3159853.6993141635,481136.1661001176,3159854.5441082525
1151,530,531,651.38,481077.69613934454,3159835.0848285886,481293.7562217557,3159264.218033795
1152,530,532,290.608,481077.69613934454,3159835.0848285886,481368.7209856775,3159832.292069778
1153,533,282,14.655,475220.6009292922,3160180.255977561,475235.24410681543,3160181.2442475525
1154,533,602,175.97,475220.6009292922,3160180.255977561,475227.95706395886,3160005.0886785714
1155,534,82,27.482,477556.69687952235,3160281.7697203383,477583.9766378933,3160278.1391379945
1156,534,661,37.53,477556.69687952235,3160281.7697203383,477587.99811781076,3160299.5462343646
1157,535,265,56.88,475599.1854423174,3160241.0582056404,475552.733442276,3160214.898886548
1158,535,283,367.261,475599.1854423174,3160241.0582056404,475233.50779516186,3160201.9204788073
1159,536,373,20.596,478492.34597188566,3160180.0645903614,478488.91507814685,3160159.830438794
1160,536,596,84.524,478492.34597188566,3160180.0645903614,478493.9087518622,3160264.2030588915
1161,536,597,113.553,478492.34597188566,3160180.0645903614,478379.6169036311,3160194.984311124
1162,537,316,40.762,478756.71323998616,3160124.5442847176,478793.0858334124,3160140.5644049454
1163,537,168,130.141,478756.71323998616,3160124.5442847176,478885.91945943807,3160107.515741673
1164,538,584,146.076,477947.6511490183,3160230.5426009805,478092.6954335247,3160211.5589108886
1165,539,522,14.863,475036.5791108279,3160852.3390331715,475051.4638118351,3160852.318403594
1166,539,521,694.398,475036.5791108279,3160852.3390331715,475218.69866060256,3160201.0655046874
1167,540,410,287.119,479669.801062739,3161132.919491594,479671.5735090569,3160846.8690378508
1168,541,154,25.464,480260.5790777349,3160686.851893242,480260.5363334261,3160661.4821754433
1169,541,153,260.834,480260.5790777349,3160686.851893242,480005.8075422233,3160722.7573170764
1170,541,545,164.086,480260.5790777349,3160686.851893242,480291.9234165995,3160843.825952865
1171,542,514,14.667,480060.4013926454,3157797.787450362,480060.2395989324,3157783.1752238986
1172,542,508,9.401,480060.4013926454,3157797.787450362,480050.9904219431,3157797.51541357
1173,543,544,11.558,479886.8448966327,3158504.9348974633,479892.84372011526,3158495.08691743
1174,544,6,19.687,479892.84372011526,3158495.08691743,479911.3231934001,3158501.9239009796
1175,544,605,179.17,479892.84372011526,3158495.08691743,479983.7166374661,3158341.173220114
1176,545,609,79.543,480291.9234165995,3160843.825952865,480275.6639742746,3160852.1178880883
1177,546,496,265.23,476730.0603688898,3157859.547346141,476464.4345659032,3157859.71179295
1178,547,488,25.909,481123.4611746047,3160382.7318982747,481144.9809732695,3160397.154692364
1179,547,548,344.632,481123.4611746047,3160382.7318982747,481289.8751118164,3160086.414297636
1180,549,479,25.588,481136.2369004242,3160408.8676635,481115.60597039433,3160393.7455071383
1181,549,478,518.243,481136.2369004242,3160408.8676635,480858.86834952666,3160806.016630593
1182,550,551,408.439,476560.9182278424,3159954.49860548,476561.84469970874,3160324.785577098
1183,551,550,408.439,476561.84469970874,3160324.785577098,476560.9182278424,3159954.49860548
1184,551,657,265.734,476561.84469970874,3160324.785577098,476827.48296050285,3160339.3905080375
1185,552,553,13.363,475283.8037259772,3158205.2862490793,475270.4217961704,3158205.170441005
1186,552,554,403.402,475283.8037259772,3158205.2862490793,475281.6576866341,3158607.1861129925
1187,553,552,13.363,475270.4217961704,3158205.170441005,475283.8037259772,3158205.2862490793
1188,553,575,57.597,475270.4217961704,3158205.170441005,475212.74568454263,3158204.3062242973
1189,553,601,242.395,475270.4217961704,3158205.170441005,475277.8363538706,3157963.8094295757
1190,554,18,13.688,475281.6576866341,3158607.1861129925,475281.7842527877,3158620.8235036656
1191,555,467,303.396,475270.95492414804,3159070.113682397,475262.19282983325,3159372.2658017585
1192,556,528,72.628,479601.387275455,3160449.560386487,479674.1092163968,3160448.226447536
1193,557,353,31.739,479672.5757931145,3160280.278889777,479673.48919815564,3160248.6703192377
1194,557,504,38.612,479672.5757931145,3160280.278889777,479692.22762272897,3160248.427337242
1195,558,525,736.56,480422.9726617863,3160417.415979892,479855.58585770015,3160242.5728724864
1196,559,684,22.448,478989.8598586459,3157899.9387286543,478967.4172408097,3157898.627380525
1197,559,685,91.0,478989.8598586459,3157899.9387286543,478981.5984511706,3157989.788923916
1198,560,561,74.009,478967.9752256102,3158029.7623494556,478966.94339684077,3158103.4914955217
1199,560,562,352.112,478967.9752256102,3158029.7623494556,478965.0530519275,3158238.475125718
1200,560,563,27.292,478967.9752256102,3158029.7623494556,478969.2961138076,3158002.662016333
1201,561,562,135.497,478966.94339684077,3158103.4914955217,478965.0530519275,3158238.475125718
1202,561,560,74.009,478966.94339684077,3158103.4914955217,478967.9752256102,3158029.7623494556
1203,561,564,243.969,478966.94339684077,3158103.4914955217,478896.0965280495,3158257.9420568803
1204,562,561,135.497,478965.0530519275,3158238.475125718,478966.94339684077,3158103.4914955217
1205,562,564,72.194,478965.0530519275,3158238.475125718,478896.0965280495,3158257.9420568803
1206,562,560,352.112,478965.0530519275,3158238.475125718,478967.9752256102,3158029.7623494556
1207,563,560,27.292,478969.2961138076,3158002.662016333,478967.9752256102,3158029.7623494556
1208,563,579,20.804,478969.2961138076,3158002.662016333,478965.9729075959,3157982.350042827
1209,564,565,226.684,478896.0965280495,3158257.9420568803,478712.22286055994,3158390.4075326086
1210,564,562,72.194,478896.0965280495,3158257.9420568803,478965.0530519275,3158238.475125718
1211,564,561,243.969,478896.0965280495,3158257.9420568803,478966.94339684077,3158103.4914955217
1212,565,564,226.684,478712.22286055994,3158390.4075326086,478896.0965280495,3158257.9420568803
1213,565,565,348.055,478712.22286055994,3158390.4075326086,478712.22286055994,3158390.4075326086
1214,565,565,348.055,478712.22286055994,3158390.4075326086,478712.22286055994,3158390.4075326086
1215,566,567,10.386,480950.7535485304,3160050.9887817907,480950.7997096786,3160061.336022945
1216,566,676,18.894,480950.7535485304,3160050.9887817907,480969.0006468565,3160055.146805957
1217,567,568,14.665,480950.7997096786,3160061.336022945,480936.6606891696,3160057.38183493
1218,567,569,111.63,480950.7997096786,3160061.336022945,480950.6577376404,3160172.542215553
1219,568,566,15.466,480936.6606891696,3160057.38183493,480950.7535485304,3160050.9887817907
1220,568,300,194.445,480936.6606891696,3160057.38183493,480939.1917178113,3159863.681299685
1221,569,571,18.838,480950.6577376404,3160172.542215553,480950.41440042946,3160191.3095881892
1222,569,631,14.786,480950.6577376404,3160172.542215553,480957.18219733,3160185.2164919814
1223,570,571,38.417,480943.42277970165,3160228.156966606,480950.41440042946,3160191.3095881892
1224,570,568,172.035,480943.42277970165,3160228.156966606,480936.6606891696,3160057.38183493
1225,571,630,16.047,480950.41440042946,3160191.3095881892,480953.35445340583,3160207.025199176
1226,571,631,9.17,480950.41440042946,3160191.3095881892,480957.18219733,3160185.2164919814
1227,572,573,93.841,475198.8623982463,3157957.871913927,475204.12691506324,3158051.2193957474
1228,573,572,93.841,475204.12691506324,3158051.2193957474,475198.8623982463,3157957.871913927
1229,573,576,77.081,475204.12691506324,3158051.2193957474,475208.446388081,3158127.8957264167
1230,573,574,110.679,475204.12691506324,3158051.2193957474,475093.39327076427,3158046.291462682
1231,574,573,110.679,475093.39327076427,3158046.291462682,475204.12691506324,3158051.2193957474
1232,574,575,571.357,475093.39327076427,3158046.291462682,475212.74568454263,3158204.3062242973
1233,574,576,189.845,475093.39327076427,3158046.291462682,475208.446388081,3158127.8957264167
1234,575,576,76.814,475212.74568454263,3158204.3062242973,475208.446388081,3158127.8957264167
1235,575,577,55.787,475212.74568454263,3158204.3062242973,475212.8631690619,3158259.886883016
1236,575,574,571.357,475212.74568454263,3158204.3062242973,475093.39327076427,3158046.291462682
1237,575,553,57.597,475212.74568454263,3158204.3062242973,475270.4217961704,3158205.170441005
1238,576,573,77.081,475208.446388081,3158127.8957264167,475204.12691506324,3158051.2193957474
1239,576,575,76.814,475208.446388081,3158127.8957264167,475212.74568454263,3158204.3062242973
1240,576,574,189.845,475208.446388081,3158127.8957264167,475093.39327076427,3158046.291462682
1241,577,575,55.787,475212.8631690619,3158259.886883016,475212.74568454263,3158204.3062242973
1242,578,341,54.47,480846.81059010315,3157891.286340334,480901.3130059501,3157889.0039222646
1243,578,578,663.037,480846.81059010315,3157891.286340334,480846.81059010315,3157891.286340334
1244,578,578,663.037,480846.81059010315,3157891.286340334,480846.81059010315,3157891.286340334
1245,579,684,84.046,478965.9729075959,3157982.350042827,478967.4172408097,3157898.627380525
1246,580,126,255.279,477146.0616629238,3159411.8026755457,476890.6408636841,3159400.82612558
1247,581,419,81.373,478097.83515995473,3159905.54956704,478110.6206354293,3159828.2751959153
1248,581,418,435.897,478097.83515995473,3159905.54956704,478097.0822708286,3159471.2732963003
1249,582,583,21.651,478109.2883773152,3160209.356511128,478108.3212726905,3160230.906039167
1250,582,373,382.316,478109.2883773152,3160209.356511128,478488.91507814685,3160159.830438794
1251,583,585,16.618,478108.3212726905,3160230.906039167,478091.81623627886,3160233.0307266125
1252,583,586,430.469,478108.3212726905,3160230.906039167,478094.15869895025,3160659.416555716
1253,584,582,16.715,478092.6954335247,3160211.5589108886,478109.2883773152,3160209.356511128
1254,584,581,307.198,478092.6954335247,3160211.5589108886,478097.83515995473,3159905.54956704
1255,585,584,21.569,478091.81623627886,3160233.0307266125,478092.6954335247,3160211.5589108886
1256,585,587,144.137,478091.81623627886,3160233.0307266125,477948.71830579,3160251.9221391766
1257,586,437,30.092,478094.15869895025,3160659.416555716,478124.2542663297,3160660.988866363
1258,586,589,11.588,478094.15869895025,3160659.416555716,478094.0042463426,3160670.9606692535
1259,587,640,349.595,477948.71830579,3160251.9221391766,477944.7380886357,3160600.205197255
1260,587,665,144.905,477948.71830579,3160251.9221391766,477804.85815955425,3160270.91645396
1261,588,586,13.594,478080.5633510923,3160658.699722306,478094.15869895025,3160659.416555716
1262,588,585,427.532,478080.5633510923,3160658.699722306,478091.81623627886,3160233.0307266125
1263,589,590,13.588,478094.0042463426,3160670.9606692535,478080.3998367686,3160670.6205229866
1264,589,591,1159.797,478094.0042463426,3160670.9606692535,478078.8367983659,3161826.3805699833
1265,590,588,11.966,478080.3998367686,3160670.6205229866,478080.5633510923,3160658.699722306
1266,592,346,21.249,478096.12764292257,3158263.995533278,478086.1655432212,3158282.703560809
1267,593,183,250.662,475832.01000981656,3158137.6282506655,476083.0136312639,3158141.401027733
1268,594,464,128.399,475113.3046381067,3159642.919359949,475241.88951935025,3159641.760748777
1269,594,594,82.145,475113.3046381067,3159642.919359949,475113.3046381067,3159642.919359949
1270,594,594,82.145,475113.3046381067,3159642.919359949,475113.3046381067,3159642.919359949
1271,595,595,83.015,475097.9916462048,3159718.285935709,475097.9916462048,3159718.285935709
1272,595,595,83.015,475097.9916462048,3159718.285935709,475097.9916462048,3159718.285935709
1273,595,136,142.573,475097.9916462048,3159718.285935709,475239.6711493761,3159725.9733845694
1274,596,641,119.982,478493.9087518622,3160264.2030588915,478502.5260047802,3160381.9740544274
1275,596,536,84.524,478493.9087518622,3160264.2030588915,478492.34597188566,3160180.0645903614
1276,597,61,145.652,478379.6169036311,3160194.984311124,478235.02217570686,3160214.129786639
1277,597,651,197.034,478379.6169036311,3160194.984311124,478376.89834417053,3160391.2674478698
1278,598,215,82.725,476537.8516054423,3160421.2833186756,476535.82587556227,3160503.6784482836
1279,599,606,28.899,480334.98943592736,3159938.3737467746,480306.2999841039,3159942.1664568298
1280,599,670,37.245,480334.98943592736,3159938.3737467746,480303.85909067653,3159921.3983722674
1281,600,601,591.311,475282.8555150052,3157374.7103963676,475277.8363538706,3157963.8094295757
1282,601,600,591.311,475277.8363538706,3157963.8094295757,475282.8555150052,3157374.7103963676
1283,601,552,242.631,475277.8363538706,3157963.8094295757,475283.8037259772,3158205.2862490793
1284,602,136,280.392,475227.95706395886,3160005.0886785714,475239.6711493761,3159725.9733845694
1285,603,543,19.18,479903.48028580763,3158514.4892600286,479886.8448966327,3158504.9348974633
1286,603,516,250.998,479903.48028580763,3158514.4892600286,479785.35538651125,3158734.6777705196
1287,604,516,19.013,479767.2203892427,3158728.9039257444,479785.35538651125,3158734.6777705196
1288,604,543,255.105,479767.2203892427,3158728.9039257444,479886.8448966327,3158504.9348974633
1289,605,506,108.747,479983.7166374661,3158341.173220114,479962.9287008929,3158242.8872330748
1290,605,5,74.414,479983.7166374661,3158341.173220114,480015.5791078959,3158274.182712518
1291,606,293,203.914,480306.2999841039,3159942.1664568298,480103.7816231316,3159968.3103664443
1292,607,510,19.506,479818.73654953024,3157778.0933704777,479818.0460832115,3157797.5151188974
1293,607,509,231.651,479818.73654953024,3157778.0933704777,480050.671554567,3157782.582178705
1294,608,58,13.177,480220.9100607611,3157798.85616162,480220.33035404474,3157785.7402324392
1295,608,57,150.038,480220.9100607611,3157798.85616162,480070.6536700711,3157798.0802220353
1296,609,545,19.362,480275.6639742746,3160852.1178880883,480291.9234165995,3160843.825952865
1297,609,541,170.354,480275.6639742746,3160852.1178880883,480260.5790777349,3160686.851893242
1298,610,454,492.711,474412.4474514155,3157859.699591856,474905.8923541432,3157859.685876045
1299,612,519,18.927,479722.1231053332,3159642.148752842,479739.95458867494,3159648.5434449837
1300,612,404,256.662,479722.1231053332,3159642.148752842,479728.8698401822,3159386.5339881657
1301,613,614,69.036,479732.23952743696,3159734.4816305065,479724.99303296255,3159802.8706741678
1302,614,520,26.85,479724.99303296255,3159802.8706741678,479720.76464094623,3159829.289138801
1303,614,322,32.587,479724.99303296255,3159802.8706741678,479702.4775165795,3159825.077730392
1304,615,616,266.381,478164.94105501776,3157763.8175319727,478255.0228208992,3157514.085237734
1305,617,9,75.848,476108.5032160914,3157727.334357408,476108.30498598376,3157802.9012088925
1306,617,11,84.165,476108.5032160914,3157727.334357408,476141.0486744077,3157794.492442708
1307,618,617,292.162,476092.2557388795,3157761.400615873,476108.5032160914,3157727.334357408
1308,619,621,6.771,478152.7795363903,3157794.1730673653,478156.00894532487,3157800.105119557
1309,619,615,32.799,478152.7795363903,3157794.1730673653,478164.94105501776,3157763.8175319727
1310,620,618,39.773,476091.4756585368,3157801.018922955,476092.2557388795,3157761.400615873
1311,620,622,10.75,476091.4756585368,3157801.018922955,476099.9214573865,3157807.637730989
1312,621,434,13.381,478156.00894532487,3157800.105119557,478167.9515902047,3157794.056187542
1313,621,435,13.768,478156.00894532487,3157800.105119557,478160.8261794525,3157812.9582683896
1314,622,9,9.627,476099.9214573865,3157807.637730989,476108.30498598376,3157802.9012088925
1315,622,10,15.706,476099.9214573865,3157807.637730989,476107.5109834245,3157821.304215826
1316,623,621,14.134,478146.5494680779,3157810.5808303836,478156.00894532487,3157800.105119557
1317,623,619,17.604,478146.5494680779,3157810.5808303836,478152.7795363903,3157794.1730673653
1318,624,432,24.475,478069.80635266536,3158050.440366623,478060.32071287435,3158072.9252832825
1319,624,490,541.539,478069.80635266536,3158050.440366623,478161.9030022605,3157865.9114187905
1320,625,620,18.509,476091.04369164334,3157819.4544286826,476091.4756585368,3157801.018922955
1321,625,622,14.89,476091.04369164334,3157819.4544286826,476099.9214573865,3157807.637730989
1322,626,26,21.845,476104.7823024873,3157888.800004432,476103.9560011554,3157910.5487872353
1323,626,28,16.545,476104.7823024873,3157888.800004432,476096.7315775358,3157903.2073840443
1324,627,625,66.664,476088.3910582111,3157885.820059558,476091.04369164334,3157819.4544286826
1325,628,627,25.232,476086.91620581585,3157910.9158737236,476088.3910582111,3157885.820059558
1326,628,629,33.863,476086.91620581585,3157910.9158737236,476054.0156655944,3157918.9816822647
1327,629,492,307.345,476054.0156655944,3157918.9816822647,475749.897140111,3157880.7764123078
1328,630,547,253.232,480953.35445340583,3160207.025199176,481123.4611746047,3160382.7318982747
1329,631,672,37.463,480957.18219733,3160185.2164919814,480994.6995974426,3160185.4768590517
1330,632,633,23.183,480516.81489022326,3159124.709306544,480495.11446197896,3159132.9213160966
1331,633,632,23.183,480495.11446197896,3159132.9213160966,480516.81489022326,3159124.709306544
1332,634,518,202.604,479957.2432058607,3159008.3425573623,479754.3831094184,3159004.126800029
1333,634,21,83.101,479957.2432058607,3159008.3425573623,479877.6771015853,3158993.666920145
1334,635,167,195.854,478747.29615675093,3159634.503467746,478742.50346885395,3159828.5522254175
1335,637,426,310.263,475254.0362596367,3159187.2937320396,475261.92308650544,3158878.2748425943
1336,637,555,120.678,475254.0362596367,3159187.2937320396,475270.95492414804,3159070.113682397
1337,638,554,15.107,475266.5911237162,3158605.8109138873,475281.6576866341,3158607.1861129925
1338,638,553,402.142,475266.5911237162,3158605.8109138873,475270.4217961704,3158205.170441005
1339,640,587,349.595,477944.7380886357,3160600.205197255,477948.71830579,3160251.9221391766
1340,641,646,8.786,478502.5260047802,3160381.9740544274,478504.3214823205,3160390.4236706635
1341,642,643,23.309,478545.8914967607,3160286.142938055,478545.5721480003,3160309.364095974
1342,643,644,83.424,478545.5721480003,3160309.364095974,478544.7756599381,3160392.476600456
1343,643,642,23.309,478545.5721480003,3160309.364095974,478545.8914967607,3160286.142938055
1344,643,645,157.104,478545.5721480003,3160309.364095974,478617.8941825442,3160393.927168603
1345,644,643,83.424,478544.7756599381,3160392.476600456,478545.5721480003,3160309.364095974
1346,644,653,171.934,478544.7756599381,3160392.476600456,478542.09663760377,3160563.7554323324
1347,644,645,73.024,478544.7756599381,3160392.476600456,478617.8941825442,3160393.927168603
1348,644,646,40.799,478544.7756599381,3160392.476600456,478504.3214823205,3160390.4236706635
1349,645,653,238.587,478617.8941825442,3160393.927168603,478542.09663760377,3160563.7554323324
1350,645,643,157.104,478617.8941825442,3160393.927168603,478545.5721480003,3160309.364095974
1351,645,644,73.024,478617.8941825442,3160393.927168603,478544.7756599381,3160392.476600456
1352,646,648,27.22,478504.3214823205,3160390.4236706635,478483.510799099,3160391.1487358585
1353,646,644,40.799,478504.3214823205,3160390.4236706635,478544.7756599381,3160392.476600456
1354,647,641,21.923,478484.19958316843,3160382.7721102713,478502.5260047802,3160381.9740544274
1355,647,596,120.703,478484.19958316843,3160382.7721102713,478493.9087518622,3160264.2030588915
1356,648,647,8.614,478483.510799099,3160391.1487358585,478484.19958316843,3160382.7721102713
1357,648,649,41.643,478483.510799099,3160391.1487358585,478441.8095684482,3160391.7128425445
1358,649,650,20.968,478441.8095684482,3160391.7128425445,478420.8122738589,3160392.0063002114
1359,649,650,357.957,478441.8095684482,3160391.7128425445,478420.8122738589,3160392.0063002114
1360,649,648,41.643,478441.8095684482,3160391.7128425445,478483.510799099,3160391.1487358585
1361,650,651,43.855,478420.8122738589,3160392.0063002114,478376.89834417053,3160391.2674478698
1362,650,649,20.968,478420.8122738589,3160392.0063002114,478441.8095684482,3160391.7128425445
1363,650,649,357.957,478420.8122738589,3160392.0063002114,478441.8095684482,3160391.7128425445
1364,650,652,169.959,478420.8122738589,3160392.0063002114,478418.5519871871,3160561.3235050584
1365,651,650,43.855,478376.89834417053,3160391.2674478698,478420.8122738589,3160392.0063002114
1366,651,652,276.755,478376.89834417053,3160391.2674478698,478418.5519871871,3160561.3235050584
1367,651,597,197.034,478376.89834417053,3160391.2674478698,478379.6169036311,3160194.984311124
1368,652,653,123.385,478418.5519871871,3160561.3235050584,478542.09663760377,3160563.7554323324
1369,652,650,169.959,478418.5519871871,3160561.3235050584,478420.8122738589,3160392.0063002114
1370,652,651,276.755,478418.5519871871,3160561.3235050584,478376.89834417053,3160391.2674478698
1371,653,652,123.385,478542.09663760377,3160563.7554323324,478418.5519871871,3160561.3235050584
1372,653,644,171.934,478542.09663760377,3160563.7554323324,478544.7756599381,3160392.476600456
1373,653,645,238.587,478542.09663760377,3160563.7554323324,478617.8941825442,3160393.927168603
1374,654,290,275.966,476334.5765853636,3160321.486760544,476059.8685172934,3160291.3240197836
1375,655,551,32.224,476529.70138521545,3160321.9251842555,476561.84469970874,3160324.785577098
1376,655,656,32.041,476529.70138521545,3160321.9251842555,476550.9994280887,3160344.7929513706
1377,656,654,217.364,476550.9994280887,3160344.7929513706,476334.5765853636,3160321.486760544
1378,657,79,39.681,476827.48296050285,3160339.3905080375,476867.2205155359,3160339.821601518
1379,657,216,39.94,476827.48296050285,3160339.3905080375,476858.90115137113,3160361.419008879
1380,658,656,31.22,476582.1256992862,3160347.7329844674,476550.9994280887,3160344.7929513706
1381,658,551,31.3,476582.1256992862,3160347.7329844674,476561.84469970874,3160324.785577098
1382,659,660,37.297,476973.18576475506,3160338.5271834703,477010.53522977594,3160338.0771738333
1383,659,245,42.528,476973.18576475506,3160338.5271834703,477008.38652898074,3160359.5072679124
1384,660,80,214.771,477010.53522977594,3160338.0771738333,477225.11340059835,3160323.987229641
1385,661,275,307.514,477587.99811781076,3160299.5462343646,477282.6306427873,3160339.219336643
1386,662,661,31.575,477619.3454268105,3160295.4094211007,477587.99811781076,3160299.5462343646
1387,662,82,40.963,477619.3454268105,3160295.4094211007,477583.9766378933,3160278.1391379945
1388,663,664,165.465,477770.75132182386,3160253.6986116683,477935.04755652,3160232.1948698545
1389,664,538,12.694,477935.04755652,3160232.1948698545,477947.6511490183,3160230.5426009805
1390,664,281,215.244,477935.04755652,3160232.1948698545,477942.2931710277,3160018.354716957
1391,665,663,40.285,477804.85815955425,3160270.91645396,477770.75132182386,3160253.6986116683
1392,665,662,186.86,477804.85815955425,3160270.91645396,477619.3454268105,3160295.4094211007
1393,666,316,119.229,478911.4678187451,3160125.0291784215,478793.0858334124,3160140.5644049454
1394,666,168,32.171,478911.4678187451,3160125.0291784215,478885.91945943807,3160107.515741673
1395,667,331,204.853,479081.46995073586,3160081.7398474975,479284.8535348464,3160054.9452304244
1396,668,667,35.486,479110.6068043643,3160098.892798298,479081.46995073586,3160081.7398474975
1397,668,666,200.565,479110.6068043643,3160098.892798298,478911.4678187451,3160125.0291784215
1398,669,331,21.263,479284.1378757483,3160076.117525903,479284.8535348464,3160054.9452304244
1399,669,668,174.774,479284.1378757483,3160076.117525903,479110.6068043643,3160098.892798298
1400,670,296,219.74,480303.85909067653,3159921.3983722674,480522.0330454745,3159892.739238208
1401,671,623,251.964,478059.86012660066,3158046.337772699,478146.5494680779,3157810.5808303836
1402,671,624,10.751,478059.86012660066,3158046.337772699,478069.80635266536,3158050.440366623
1403,672,675,8.157,480994.6995974426,3160185.4768590517,480995.03551473585,3160193.5968537536
1404,672,674,20.998,480994.6995974426,3160185.4768590517,481015.72704450606,3160185.4427735778
1405,673,674,7.785,481015.57334487163,3160193.197971553,481015.72704450606,3160185.4427735778
1406,673,675,21.673,481015.57334487163,3160193.197971553,480995.03551473585,3160193.5968537536
1407,674,673,7.785,481015.72704450606,3160185.4427735778,481015.57334487163,3160193.197971553
1408,674,678,31.473,481015.72704450606,3160185.4427735778,481046.5405767189,3160189.0266404664
1409,675,672,8.157,480995.03551473585,3160193.5968537536,480994.6995974426,3160185.4768590517
1410,675,630,49.919,480995.03551473585,3160193.5968537536,480953.35445340583,3160207.025199176
1411,676,679,6.576,480969.0006468565,3160055.146805957,480966.2033228187,3160061.0783450245
1412,676,677,15.813,480969.0006468565,3160055.146805957,480977.5883459125,3160067.540779108
1413,677,678,154.081,480977.5883459125,3160067.540779108,481046.5405767189,3160189.0266404664
1414,677,679,13.097,480977.5883459125,3160067.540779108,480966.2033228187,3160061.0783450245
1415,678,677,154.081,481046.5405767189,3160189.0266404664,480977.5883459125,3160067.540779108
1416,678,673,31.351,481046.5405767189,3160189.0266404664,481015.57334487163,3160193.197971553
1417,678,680,79.437,481046.5405767189,3160189.0266404664,481123.6147472131,3160180.58227664
1418,679,676,6.576,480966.2033228187,3160061.0783450245,480969.0006468565,3160055.146805957
1419,679,567,15.384,480966.2033228187,3160061.0783450245,480950.7997096786,3160061.336022945
1420,680,678,79.437,481123.6147472131,3160180.58227664,481046.5405767189,3160189.0266404664
1421,681,454,752.503,474744.44463828113,3157840.6561080455,474905.8923541432,3157859.685876045
1422,682,455,401.515,475050.943372303,3157606.841814427,475202.6677240407,3157860.749650483
1423,683,303,20.306,475189.37782892445,3159314.2020200477,475171.4290909784,3159304.690331002
1424,684,559,22.448,478967.4172408097,3157898.627380525,478989.8598586459,3157899.9387286543
1425,684,513,107.955,478967.4172408097,3157898.627380525,478975.8749051427,3157792.768433768
1426,685,563,17.833,478981.5984511706,3157989.788923916,478969.2961138076,3158002.662016333
1427,685,579,20.292,478981.5984511706,3157989.788923916,478965.9729075959,3157982.350042827
1428,686,590,1477.507,478064.6922831394,3162142.5555320336,478080.3998367686,3160670.6205229866
1429,687,252,111.185,477055.79835480725,3158364.6500458145,477062.8029890301,3158255.081055114
1430,688,296,125.038,480474.6071047025,3159780.969652792,480522.0330454745,3159892.739238208
1431,689,232,63.813,474845.5543851193,3158584.195081199,474909.3765517421,3158587.4040466924
